nominal_head_form,nominal_head_upos,nominal_head_deprel,head_is_plural,modifier_is_plural,nominal_head_ī,nominal_head_consonant_ending,modifier_consonant_ending,head_frequency,modifier_frequency,modifier_form,modifier_upos,modifier_deprel,distance,position,np_depth,num_dependents_head,num_dependents_modifier,has_anchor_dependent,modifier_is_propn,ezafe_label,relative_position_in_sent,head_feats,modifier_feats,source_file,nmod_count,amod_count,ezafe_like_lemma_between
mardōmān,NOUN,nmod,1,1,0,1,1,2713,2716,mardōmān,NOUN,nmod,0,2,1,1,1,0,0,0,0.0,False,False,AOD-K20-01_mptf.conllu,1,0,0
kār,NOUN,nmod,0,0,0,1,1,1414,1416,kār,NOUN,nmod,0,2,1,1,1,0,0,0,0.0,True,True,AOD-K20-01_mptf.conllu,1,0,0
anāgīh,NOUN,nmod,0,0,0,1,1,365,366,anāgīh,NOUN,nmod,0,2,1,1,1,0,0,0,0.0,False,False,AOD-K20-01_mptf.conllu,1,0,0
xwēš,PRON,nmod,0,0,0,1,1,2327,2375,xwēš,PRON,nmod,0,2,1,1,1,0,0,0,0.0,False,False,AOD-K20-01_mptf.conllu,1,0,0
xēšm,NOUN,nmod,0,0,0,1,1,128,128,xēšm,NOUN,nmod,0,2,1,1,1,0,0,0,0.0,False,False,AOD-K20-01_mptf.conllu,1,0,0
rāh,NOUN,nmod,0,0,0,1,1,587,587,rāh,NOUN,nmod,0,2,1,1,1,0,0,0,0.0,False,False,AOD-K20-01_mptf.conllu,1,0,0
wahišt,PROPN,nmod,0,0,0,1,1,170,170,wahišt,PROPN,nmod,0,2,1,1,1,0,1,0,0.0,False,False,AOD-K20-01_mptf.conllu,1,0,0
tis,NOUN,nmod,1,1,0,1,1,1502,1505,tis,NOUN,nmod,0,2,1,1,1,0,0,0,0.0,False,False,AOD-K20-01_mptf.conllu,1,0,0
kasān,PRON,nmod,1,1,0,1,1,1086,1092,kasān,PRON,nmod,0,2,1,1,1,0,0,0,0.0,False,False,AOD-K20-01_mptf.conllu,1,0,0
pādixšāyān,NOUN,nmod,1,1,0,1,1,17,910,pādixšāyān,NOUN,nmod,0,2,1,1,1,0,0,0,0.0,False,False,AOD-K20-01_mptf.conllu,1,0,0
murdagān,NOUN,nmod,0,0,0,1,1,12,43,murdagān,NOUN,nmod,0,2,1,1,1,0,0,0,0.0,True,True,AOD-K20-01_mptf.conllu,1,0,0
gāh,NOUN,nmod,0,0,0,1,1,744,746,gāh,NOUN,nmod,0,2,1,1,1,0,0,0,0.0,False,False,AOD-K20-01_mptf.conllu,1,0,0
uzwān,NOUN,nmod,0,0,0,1,1,98,98,uzwān,NOUN,nmod,0,2,1,1,1,0,0,0,0.0,False,False,AOD-K20-01_mptf.conllu,1,0,0
xēšm,NOUN,nmod,0,0,0,1,1,128,128,xēšm,NOUN,nmod,0,2,1,1,1,0,0,0,0.0,False,False,AOD-K20-01_mptf.conllu,1,0,0
wehīh,NOUN,nmod,0,0,0,1,1,339,1864,wehīh,NOUN,nmod,0,2,1,1,1,0,0,0,0.0,False,False,AOD-K20-01_mptf.conllu,1,0,0
wattarīh,NOUN,nmod,0,0,0,1,1,210,211,wattarīh,NOUN,nmod,0,2,1,1,1,0,0,0,0.0,False,False,AOD-K20-01_mptf.conllu,1,0,0
xrad,NOUN,nmod,0,0,0,1,1,654,654,xrad,NOUN,nmod,0,2,1,1,1,0,0,0,0.0,False,False,AOD-K20-01_mptf.conllu,1,0,0
xrad,NOUN,nmod,0,0,0,1,1,654,654,xrad,NOUN,nmod,0,2,1,1,1,0,0,0,0.0,False,False,AOD-K20-01_mptf.conllu,1,0,0
āz,NOUN,nmod,0,0,0,1,1,143,149,āz,NOUN,nmod,0,2,1,1,1,0,0,0,0.0,False,False,AOD-K20-01_mptf.conllu,1,0,0
paymān,NOUN,nmod,0,0,0,1,1,276,276,paymān,NOUN,nmod,0,2,1,1,1,0,0,0,0.0,False,False,AOD-K20-01_mptf.conllu,1,0,0
mēnōy,NOUN,nmod,0,0,0,0,0,1405,1550,mēnōy,NOUN,nmod,0,2,1,1,1,0,0,0,0.0,False,False,AOD-K20-01_mptf.conllu,1,0,0
farrahsrōš,PROPN,nsubj,0,0,0,1,1,2,3,wahrāmān,PROPN,nmod,0,1,2,1,1,0,1,1,0.5,False,False,Col_RFS_TD2-TD2-01_mptf.conllu,1,0,0
sāl,NOUN,obl,0,0,0,1,1,909,14,pārsīg,ADJ,amod,1,1,2,3,1,0,0,1,0.75,False,False,Col_RFS_TD2-TD2-01_mptf.conllu,0,1,0
sāl,NOUN,obl,0,0,0,1,1,909,20,yazdgerd,PROPN,nmod,3,1,6,4,2,0,1,0,1.0,False,False,Col_RFS_TD2-TD2-01_mptf.conllu,1,0,0
yazdgerd,PROPN,nmod,0,0,0,1,0,19,38,bay,NOUN,nmod,0,2,5,2,1,0,0,0,0.0,False,False,Col_RFS_TD2-TD2-01_mptf.conllu,1,0,0
yazdgerd,PROPN,nmod,0,0,0,1,1,19,155,šāh,NOUN,appos,1,1,5,2,3,0,0,1,0.0,False,False,Col_RFS_TD2-TD2-01_mptf.conllu,1,0,0
šāh,NOUN,appos,0,1,0,1,1,152,155,šāhān,NOUN,nmod,0,2,4,3,0,0,0,0,0.0,False,False,Col_RFS_TD2-TD2-01_mptf.conllu,1,0,0
nāfag,NOUN,conj:appos,0,0,0,1,0,27,51,husraw,PROPN,nmod,1,1,3,1,4,0,1,1,0.0,False,False,Col_RFS_TD2-TD2-01_mptf.conllu,1,0,0
husraw,PROPN,nmod,0,0,0,0,1,36,155,šāh,NOUN,appos,1,1,2,4,2,1,0,1,0.0,False,False,Col_RFS_TD2-TD2-01_mptf.conllu,1,0,0
husraw,PROPN,nmod,0,0,0,0,1,36,16,ohrmazdān,PROPN,nmod,2,1,2,4,1,1,1,1,0.0,False,False,Col_RFS_TD2-TD2-01_mptf.conllu,1,0,0
šāh,NOUN,appos,0,1,0,1,1,152,155,šāhān,NOUN,nmod,0,2,1,2,0,0,0,0,0.0,False,False,Col_RFS_TD2-TD2-01_mptf.conllu,1,0,0
ēn,PRON,obj,0,0,0,1,1,696,11,azabarnibišt,ADJ,amod,1,1,3,3,1,0,0,0,0.2,False,True,Col_RFS_TD2-TD2-01_mptf.conllu,0,1,0
spandyād,PROPN,nsubj,0,0,0,1,1,24,176,hērbed,NOUN,nmod,0,2,2,2,0,0,0,0,0.4,False,False,Col_RFS_TD2-TD2-01_mptf.conllu,2,0,0
spandyād,PROPN,nsubj,0,0,0,1,1,24,1,farroxburzēn,PROPN,nmod,0,1,2,2,1,0,1,1,0.4,False,False,Col_RFS_TD2-TD2-01_mptf.conllu,2,0,0
pursišnīhā,NOUN,root,1,0,0,0,1,369,337,dar,NOUN,nmod,1,1,4,3,1,0,0,0,0.0,False,False,DD-K35-01_mptf.conllu,1,0,0
mihrxwaršēd,PROPN,nsubj,0,0,0,1,1,2,2,ādurmahān,PROPN,nmod,0,1,2,1,1,0,1,1,0.25,False,False,DD-K35-01_mptf.conllu,1,0,0
mānuščihr,PROPN,obl,0,0,0,1,1,109,36,anōšagruwān,ADJ,amod,0,2,1,3,0,0,0,0,0.5,False,False,DD-K35-01_mptf.conllu,1,1,0
mānuščihr,PROPN,obl,0,0,0,1,1,109,6,ǰuwānǰamān,PROPN,nmod,0,1,1,3,0,0,1,0,0.5,False,False,DD-K35-01_mptf.conllu,1,1,0
passox,NOUN,obj,0,0,0,1,1,558,18258,=iš,PRON,nmod,0,2,1,2,0,0,0,0,1.0,False,False,DD-K35-01_mptf.conllu,1,0,0
nām,NOUN,root,0,0,0,1,1,528,1006,dādār,NOUN,nmod,3,1,6,4,5,0,0,0,0.0,False,True,DD-K35-01_mptf.conllu,1,0,0
dādār,NOUN,nmod,0,0,0,1,1,998,3242,ohrmazd,PROPN,appos,0,1,5,5,0,0,1,0,0.0,True,False,DD-K35-01_mptf.conllu,1,0,0
dādār,NOUN,nmod,0,1,0,1,1,998,153,wispān,PRON,nmod,1,1,5,5,0,0,0,0,0.0,True,False,DD-K35-01_mptf.conllu,1,0,0
yazadān,NOUN,conj:nmod,1,1,0,1,1,1403,1550,mēnōyān,ADJ,nmod,0,1,3,3,1,0,0,1,0.0,False,False,DD-K35-01_mptf.conllu,1,0,0
yazadān,NOUN,conj:nmod,1,1,0,1,1,1403,1135,gētīyān,ADJ,nmod,0,1,2,2,1,0,0,1,0.0,False,False,DD-K35-01_mptf.conllu,1,0,0
dahišn,NOUN,obl,0,0,0,1,1,636,2375,xwēš,PRON,nmod,0,1,1,2,0,0,0,0,1.0,True,False,DD-K35-01_mptf.conllu,1,0,0
hudēnān,NOUN,iobj,1,1,0,1,1,94,5,pursīdārān,NOUN,nmod,1,1,5,2,3,0,0,1,0.25,False,True,DD-K35-01_mptf.conllu,1,0,1
pursīdārān,NOUN,nmod,1,0,0,1,1,5,1907,ēd,PRON,nmod,0,2,4,3,0,0,0,0,0.0,True,False,DD-K35-01_mptf.conllu,2,0,0
pursīdārān,NOUN,nmod,1,0,0,1,1,5,344,nērōg,NOUN,nmod,2,1,4,3,6,0,0,0,0.0,True,False,DD-K35-01_mptf.conllu,2,0,0
nērōg,NOUN,nmod,0,0,0,1,1,339,15,stāyišnīg,ADJ,amod,0,2,3,6,0,0,0,0,0.0,False,False,DD-K35-01_mptf.conllu,1,1,0
nērōg,NOUN,nmod,0,0,0,1,1,339,177,čihr,NOUN,nmod,0,1,3,6,1,0,0,1,0.0,False,False,DD-K35-01_mptf.conllu,1,1,0
zōr,NOUN,conj:nmod,0,1,0,1,1,283,153,ǰawāhir,NOUN,nmod,0,1,2,2,1,0,0,1,0.0,False,False,DD-K35-01_mptf.conllu,1,0,0
daxšag,NOUN,conj:nmod,0,0,0,1,1,216,654,xrad,NOUN,nmod,0,1,2,2,1,0,0,1,0.0,False,False,DD-K35-01_mptf.conllu,1,0,0
nišān,NOUN,conj:nmod,0,0,0,1,1,91,177,hunar,NOUN,nmod,0,1,2,2,1,0,0,1,0.0,False,False,DD-K35-01_mptf.conllu,1,0,0
pursišn,NOUN,obl,0,1,0,1,0,369,1,kirbaguskārišnīhā,NOUN,nmod,2,2,3,1,2,0,0,0,0.75,True,False,DD-K35-01_mptf.conllu,1,0,0
mānuščihr,PROPN,obl,0,0,0,1,1,109,6,ǰuwānǰamān,PROPN,nmod,0,1,2,2,1,0,1,1,1.0,False,False,DD-K35-01_mptf.conllu,1,0,0
nāmag,NOUN,obl,0,0,0,1,1,79,14,pursišnīg,ADJ,amod,0,2,1,3,0,1,0,0,0.42857142857142855,False,False,DD-K35-01_mptf.conllu,0,1,0
ayāsišn,NOUN,obl,0,0,0,1,1,5,9,hamwēnišnīh,NOUN,nmod,1,1,3,2,6,0,0,1,1.0,True,True,DD-K35-01_mptf.conllu,1,0,0
hamwēnišnīh,NOUN,nmod,0,0,0,1,1,8,2910,man,PRON,nmod,2,1,2,6,1,0,0,1,0.0,True,False,DD-K35-01_mptf.conllu,1,0,0
dēndōstīh,NOUN,conj:nmod,0,0,0,1,1,4,770,xwad,PRON,nmod,0,1,1,2,0,0,0,0,0.0,False,False,DD-K35-01_mptf.conllu,1,0,0
bandag,NOUN,acl:relcl,0,1,0,1,1,68,1407,yazadān,NOUN,nmod,0,2,6,7,0,0,0,0,0.0,True,False,DD-K35-01_mptf.conllu,1,0,0
kōxšišn,NOUN,obl,0,0,0,1,1,184,915,druz,NOUN,nmod,0,1,2,2,1,0,0,1,0.14285714285714285,True,False,DD-K35-01_mptf.conllu,1,0,0
āstawānīh,NOUN,obl,0,0,0,1,1,68,735,wehdēn,NOUN,nmod,1,1,3,2,3,0,0,1,0.2857142857142857,False,False,DD-K35-01_mptf.conllu,1,0,0
wehdēn,NOUN,nmod,0,0,0,1,1,71,595,mazdēsn,ADJ,amod,0,1,2,3,1,0,0,1,0.0,False,False,DD-K35-01_mptf.conllu,0,1,0
rāh,NOUN,obl,0,0,0,1,1,587,1488,ahlāyīh,NOUN,nmod,0,2,2,4,1,1,0,1,0.42857142857142855,False,False,DD-K35-01_mptf.conllu,1,0,0
gāh,NOUN,obl,0,0,0,1,1,744,320,axwān,NOUN,nmod,3,1,3,2,4,0,0,1,0.5714285714285714,False,False,DD-K35-01_mptf.conllu,1,0,0
axwān,NOUN,nmod,0,0,0,1,1,320,55,pāšom,ADJ,amod,0,2,2,4,1,1,0,1,0.0,False,False,DD-K35-01_mptf.conllu,0,1,0
hāzišn,NOUN,obl,0,0,0,1,1,54,243,frašegird,NOUN,nmod,4,1,4,2,3,0,0,1,0.7142857142857143,True,False,DD-K35-01_mptf.conllu,1,0,0
axwān,NOUN,nmod,0,0,0,1,1,320,55,pāšom,ADJ,amod,0,2,2,2,1,1,0,1,0.0,False,False,DD-K35-01_mptf.conllu,0,1,0
frašegird,NOUN,nmod,0,0,0,1,1,243,320,axwān,NOUN,nmod,0,2,3,3,2,0,0,0,0.0,False,False,DD-K35-01_mptf.conllu,1,0,0
hamwēnišnīh,NOUN,nsubj,0,1,0,1,1,8,610,=imān,PRON,nmod,1,2,2,4,0,1,0,0,0.8571428571428571,True,False,DD-K35-01_mptf.conllu,1,0,0
kirbag,NOUN,ccomp,0,0,0,1,1,1055,8,waxšišnīgtar,ADJ,amod,1,1,4,5,2,0,0,1,0.0,False,False,DD-K35-01_mptf.conllu,0,1,0
sāmān,NOUN,nmod,0,0,0,1,1,114,125,pāyag,NOUN,nmod,1,1,2,2,1,0,0,0,0.0,False,False,DD-K35-01_mptf.conllu,1,0,0
pāyag,NOUN,nmod,0,0,0,1,1,120,460,meh,ADJ,amod,0,2,1,1,0,0,0,0,0.0,False,False,DD-K35-01_mptf.conllu,0,1,0
čim,NOUN,root,0,0,0,1,1,374,172,mādayān,ADJ,amod,0,1,7,7,0,0,0,0,0.0,False,False,DD-K35-01_mptf.conllu,1,1,0
čim,NOUN,root,0,0,0,1,1,374,34,nigerišn,NOUN,nmod,2,1,7,7,2,0,0,0,0.0,False,True,DD-K35-01_mptf.conllu,1,1,0
nigerišn,NOUN,nmod,0,0,0,1,1,32,2,purrdōstīh,NOUN,nmod,0,2,2,2,0,0,0,0,0.0,True,False,DD-K35-01_mptf.conllu,2,0,0
nigerišn,NOUN,nmod,0,0,0,1,1,32,35,hučašmīh,NOUN,nmod,1,1,2,2,2,0,0,1,0.0,True,False,DD-K35-01_mptf.conllu,2,0,0
rāh,NOUN,conj,0,0,0,1,1,587,42,spāsdārīh,NOUN,nmod,1,1,2,4,2,0,0,1,0.0,False,False,DD-K35-01_mptf.conllu,1,0,0
rāh,NOUN,nsubj,0,0,0,1,1,587,723,dānistan,NOUN,nmod,2,2,3,1,2,0,0,0,0.5,False,True,DD-K35-01_mptf.conllu,1,0,0
dōšāramīh,NOUN,obl,0,1,0,1,1,9,787,ašmāh,PRON,nmod,0,2,1,2,0,0,0,0,0.8333333333333334,False,False,DD-K35-01_mptf.conllu,1,0,0
mādagwarīh,NOUN,conj,0,0,0,1,1,3,199,rāstīh,NOUN,nmod,0,1,2,2,1,0,0,1,0.0,False,False,DD-K35-01_mptf.conllu,1,0,0
mēnōymardān,NOUN,obl,1,0,0,1,1,5,177,hunar,NOUN,nmod,1,1,3,4,3,0,0,0,1.0,False,False,DD-K35-01_mptf.conllu,1,0,0
hunar,NOUN,nmod,0,1,0,1,1,134,4718,=šān,PRON,nmod,0,1,2,3,0,0,0,0,0.0,False,False,DD-K35-01_mptf.conllu,1,0,0
kōxšīdārīh,NOUN,obl,0,0,0,1,1,12,174,škeft,ADJ,amod,0,2,4,6,0,0,0,0,0.16666666666666666,False,False,DD-K35-01_mptf.conllu,1,1,0
kōxšīdārīh,NOUN,obl,0,0,0,1,1,12,915,druz,NOUN,nmod,0,1,4,6,1,0,0,1,0.16666666666666666,False,False,DD-K35-01_mptf.conllu,1,1,0
wišōbišn,NOUN,conj,0,0,0,1,1,67,184,garān,ADJ,amod,0,2,1,1,0,0,0,0,0.0,True,False,DD-K35-01_mptf.conllu,0,1,0
xwābarīh,NOUN,obl,0,1,0,1,1,41,1407,yazadān,NOUN,nmod,0,2,1,2,0,0,0,0,0.5,False,False,DD-K35-01_mptf.conllu,1,0,0
dēnīgbedān,NOUN,conj,1,0,0,1,1,2,154,kustag,NOUN,nmod,0,1,2,2,2,0,0,1,0.0,False,True,DD-K35-01_mptf.conllu,1,0,0
mēnōymardān,NOUN,conj,1,0,0,1,1,5,2,ōšmurdmānsr,ADJ,amod,0,1,3,1,5,0,0,0,0.0,False,False,DD-K35-01_mptf.conllu,0,1,0
dādestān,NOUN,obl,0,0,0,1,1,587,211,šnāxtan,NOUN,nmod,0,1,2,4,2,0,0,0,1.0,False,True,DD-K35-01_mptf.conllu,1,0,0
xwašmenišnīh,NOUN,obl,0,0,0,1,1,2,16587,ān,PRON,nmod,1,1,3,1,2,0,0,0,0.75,True,False,DD-K35-01_mptf.conllu,1,0,0
ān,PRON,nmod,0,0,0,1,1,1928,2910,man,PRON,nmod,0,1,2,2,1,0,0,1,0.0,False,False,DD-K35-01_mptf.conllu,1,0,0
nišān,NOUN,root,0,0,0,1,1,91,113,dōstīh,NOUN,nmod,0,1,7,4,2,0,0,1,0.0,False,False,DD-K35-01_mptf.conllu,1,0,0
paymān,NOUN,nsubj,0,0,0,1,1,276,113,dōstīh,NOUN,nmod,0,1,3,2,1,0,0,0,1.0,False,False,DD-K35-01_mptf.conllu,1,0,0
dastwarīh,NOUN,obl,0,0,0,1,1,139,282,kišwar,NOUN,nmod,0,2,3,4,0,0,0,0,0.5,False,False,DD-K35-01_mptf.conllu,1,0,0
ēkīh,NOUN,conj,0,0,0,1,1,4,2,dudīgarīh,NOUN,nmod,1,1,2,2,2,0,0,1,0.0,False,False,DD-K35-01_mptf.conllu,1,0,0
wurrōyišnīh,NOUN,obl,0,0,0,1,1,6,56,dagr,ADJ,amod,0,2,2,3,1,1,0,1,0.4,True,False,DD-K35-01_mptf.conllu,0,1,0
stāyišn,NOUN,nsubj,0,0,0,1,1,160,233,sālār,NOUN,nmod,0,1,3,2,3,1,0,1,0.8,True,True,DD-K35-01_mptf.conllu,1,0,0
sālār,NOUN,nmod,0,1,0,1,1,233,610,=imān,PRON,nmod,0,1,2,3,0,0,0,0,0.0,True,False,DD-K35-01_mptf.conllu,1,1,0
sālār,NOUN,nmod,0,0,0,1,1,233,1,hāzag,ADJ,amod,2,1,2,3,1,0,0,0,0.0,True,False,DD-K35-01_mptf.conllu,1,1,0
wimand,NOUN,acl:relcl,0,0,0,1,1,91,125,pāyag,NOUN,nmod,2,2,3,3,2,0,0,0,0.0,False,False,DD-K35-01_mptf.conllu,1,0,0
ērīh,NOUN,nsubj,0,0,0,1,1,2,2375,xwēš,PRON,nmod,1,1,3,3,2,0,0,1,1.0,False,False,DD-K35-01_mptf.conllu,1,0,0
hāwandmehīh,NOUN,conj,0,0,0,1,1,2,10,abarīg,ADJ,nmod,0,2,2,3,0,0,0,0,0.0,False,False,DD-K35-01_mptf.conllu,2,0,0
hāwandmehīh,NOUN,conj,0,1,0,1,1,2,154,kehān,NOUN,nmod,1,1,2,3,1,0,0,0,0.0,False,False,DD-K35-01_mptf.conllu,2,0,0
wistāxīh,NOUN,nsubj,0,1,0,1,1,5,787,ašmāh,PRON,nmod,2,2,2,3,0,1,0,0,0.5,False,False,DD-K35-01_mptf.conllu,2,0,0
wistāxīh,NOUN,nsubj,0,0,0,1,1,5,2,hučihrpursišnīh,NOUN,nmod,0,2,2,3,1,1,0,0,0.5,False,True,DD-K35-01_mptf.conllu,2,0,0
kām,NOUN,nsubj,0,0,0,1,1,335,2,gugānīgpassoxīh,NOUN,nmod,2,2,3,1,2,0,0,0,1.0,False,False,DD-K35-01_mptf.conllu,1,0,0
kōxšišnīh,NOUN,orphan,0,0,0,1,1,9,174,škeft,ADJ,amod,0,2,2,4,1,1,0,1,0.0,True,False,DD-K35-01_mptf.conllu,1,1,0
kōxšišnīh,NOUN,orphan,0,0,0,1,1,9,915,druz,NOUN,nmod,0,1,2,4,2,1,0,1,0.0,True,False,DD-K35-01_mptf.conllu,1,1,0
awištāb,NOUN,conj,0,0,0,1,1,14,2,wizōyišnīgmenišnīh,NOUN,nmod,0,1,3,3,0,0,0,0,0.0,False,True,DD-K35-01_mptf.conllu,1,0,0
kār,NOUN,obl,0,0,0,1,1,1414,31,awizīrišnīg,ADJ,amod,1,2,2,3,2,1,0,1,0.5,True,False,DD-K35-01_mptf.conllu,0,1,0
pardazišnīh,NOUN,nsubj,0,0,0,1,1,7,173,kam,ADJ,amod,0,2,1,1,0,0,0,0,1.0,True,False,DD-K35-01_mptf.conllu,0,1,0
pāyišn,NOUN,obl,0,0,0,1,1,18,2,čimpaydāgīh,NOUN,nmod,0,1,3,2,1,0,0,0,0.3333333333333333,False,False,DD-K35-01_mptf.conllu,1,0,0
čimpaydāgīh,NOUN,nmod,0,0,0,1,1,2,2158,dēn,NOUN,nmod,1,1,2,1,2,0,0,1,0.0,False,False,DD-K35-01_mptf.conllu,1,0,0
nimāyišn,NOUN,obl,0,0,0,1,1,63,253,dānāgīh,NOUN,nmod,1,1,2,2,2,0,0,1,1.0,True,False,DD-K35-01_mptf.conllu,1,0,0
ēwēnag,NOUN,root,0,0,0,1,1,782,4,abarxwāyišnīh,NOUN,nmod,0,1,4,6,1,0,0,0,0.0,False,True,DD-K35-01_mptf.conllu,1,0,0
abarxwāyišnīh,NOUN,nmod,0,0,0,1,1,4,24,abēbīm,ADJ,amod,0,1,1,1,0,0,0,0,0.0,True,False,DD-K35-01_mptf.conllu,0,1,0
māh,NOUN,obl,0,0,0,1,1,689,88,tīr,PROPN,nmod,0,1,1,2,0,0,1,0,0.25,False,False,DD-K35-01_mptf.conllu,1,0,0
xwāstārīh,NOUN,nsubj,0,0,0,1,1,12,16,šāhīgān,NOUN,nmod,1,1,4,2,2,0,0,1,0.5,False,False,DD-K35-01_mptf.conllu,2,0,0
xwāstārīh,NOUN,nsubj,0,0,0,1,1,12,8,sesālag,ADJ,nmod,3,1,4,2,3,0,0,0,0.5,False,False,DD-K35-01_mptf.conllu,2,0,0
bahr,NOUN,conj:nmod,0,0,0,1,1,410,24,sālag,ADJ,amod,0,1,2,2,1,0,0,1,0.0,False,False,DD-K35-01_mptf.conllu,0,1,0
ādūgīh,NOUN,nsubj,0,0,0,1,1,6,2910,=m,PRON,nmod,1,2,1,2,0,0,0,0,0.875,False,False,DD-K35-01_mptf.conllu,1,0,0
čār,NOUN,obl,0,0,0,1,1,98,8,bōxtārīh,NOUN,nmod,1,1,3,3,4,0,0,1,0.1,True,False,DD-K35-01_mptf.conllu,1,0,0
bōxtārīh,NOUN,nmod,0,1,0,1,1,8,116,hāwištān,NOUN,nmod,2,1,2,4,1,0,0,1,0.0,False,False,DD-K35-01_mptf.conllu,1,0,0
nigerīd,NOUN,obl,0,0,0,1,1,2,369,pursišn,NOUN,nmod,1,1,2,3,2,0,0,1,0.3,True,True,DD-K35-01_mptf.conllu,1,0,0
māh,NOUN,obl,0,0,0,1,1,689,108,šahrewar,PROPN,nmod,0,1,1,2,0,0,1,0,0.4,False,False,DD-K35-01_mptf.conllu,1,0,0
pursišn,NOUN,obj,0,0,0,1,1,369,46,paččēn,NOUN,nmod,2,1,2,2,2,0,0,0,0.42857142857142855,True,False,DD-K35-01_mptf.conllu,1,0,0
ayādīh,NOUN,orphan,0,0,0,1,1,6,143,ōš,NOUN,nmod,0,2,1,2,0,0,0,0,0.0,False,False,DD-K35-01_mptf.conllu,1,0,0
dastwarīh,NOUN,conj,0,1,0,1,1,139,60,pēšēnīgān,NOUN,nmod,0,2,1,3,0,0,0,0,0.0,False,False,DD-K35-01_mptf.conllu,1,0,0
sahišn,NOUN,obl,0,0,0,1,1,52,654,xrad,NOUN,nmod,0,2,1,2,0,0,0,0,0.5,True,False,DD-K35-01_mptf.conllu,1,0,0
āgāhīhā,NOUN,nsubj,0,1,0,0,1,6,610,amāh,PRON,nmod,0,2,2,2,1,1,0,1,1.0,False,False,DD-K35-01_mptf.conllu,1,0,0
dastwarān,NOUN,advcl,1,1,0,1,1,480,60,pēšēnīgān,NOUN,nmod,0,2,5,6,0,1,0,0,0.0,False,False,DD-K35-01_mptf.conllu,1,0,0
dastwar,NOUN,conj,0,1,0,1,1,480,610,amāh,PRON,nmod,0,1,2,2,1,0,0,1,0.0,False,False,DD-K35-01_mptf.conllu,1,0,0
dastwarān,NOUN,conj,1,1,0,1,1,480,610,=mān,PRON,nmod,0,1,2,1,1,0,0,1,0.0,False,False,DD-K35-01_mptf.conllu,1,0,0
gōwišn,NOUN,dislocated:topic,0,0,0,1,1,888,481,dastwar,NOUN,nmod,1,1,3,5,2,0,0,1,0.0,True,False,DD-K35-01_mptf.conllu,1,0,0
sahišn,NOUN,obl,0,0,0,1,1,52,97,šnāyišn,NOUN,nmod,1,1,3,2,2,0,0,0,0.6666666666666666,True,True,DD-K35-01_mptf.conllu,1,0,0
šnāyišn,NOUN,nmod,0,0,0,1,1,97,132,drust,ADJ,amod,0,1,2,2,1,0,0,1,0.0,True,False,DD-K35-01_mptf.conllu,0,1,0
mard,NOUN,obl,0,0,0,1,1,2067,19,dēnāgāh,ADJ,amod,0,1,2,4,1,0,0,1,0.8333333333333334,False,False,DD-K35-01_mptf.conllu,0,1,0
mādayān,NOUN,dislocated:topic,0,0,0,1,1,140,60,pēšēnīg,ADJ,amod,2,1,2,3,0,0,0,0,0.0,False,False,DD-K35-01_mptf.conllu,0,1,0
gōwišn,NOUN,conj,0,1,0,1,1,888,481,dastwarān,NOUN,nmod,0,2,1,2,0,0,0,0,0.0,True,False,DD-K35-01_mptf.conllu,1,0,0
abowandagīh,NOUN,obl,0,0,0,1,1,3,331,wizīr,NOUN,nmod,1,1,2,2,2,0,0,1,0.42857142857142855,False,False,DD-K35-01_mptf.conllu,1,0,0
wizīr,NOUN,nmod,0,0,0,1,1,331,2158,dēn,NOUN,nmod,0,2,1,2,0,0,0,0,0.0,False,False,DD-K35-01_mptf.conllu,1,0,0
madārīh,NOUN,obl,0,0,0,1,1,5,4,abowandag,ADJ,amod,0,2,4,5,0,0,0,0,0.5714285714285714,False,True,DD-K35-01_mptf.conllu,2,1,0
madārīh,NOUN,obl,0,1,0,1,1,5,610,amāh,PRON,nmod,0,1,4,5,1,0,0,1,0.5714285714285714,False,False,DD-K35-01_mptf.conllu,2,1,0
madārīh,NOUN,obl,0,0,0,1,1,5,97,šnāyišn,NOUN,nmod,2,1,4,5,2,0,0,0,0.5714285714285714,False,True,DD-K35-01_mptf.conllu,2,1,0
šnāyišn,NOUN,nmod,0,0,0,1,1,97,1,nigēzag,NOUN,nmod,2,1,3,2,2,0,0,1,0.0,True,False,DD-K35-01_mptf.conllu,1,0,0
nigēzag,NOUN,nmod,0,0,0,1,1,1,2158,dēn,NOUN,nmod,0,2,2,2,1,0,0,0,0.0,False,False,DD-K35-01_mptf.conllu,1,0,0
ōšīh,NOUN,obl,0,0,0,1,0,5,51,āgāhīhā,NOUN,nmod,4,1,4,2,2,0,0,1,0.7142857142857143,False,False,DD-K35-01_mptf.conllu,1,0,0
menišnīh,NOUN,obl,0,0,0,1,1,14,2,awištāftag,ADJ,amod,0,2,2,3,0,0,0,0,1.0,True,True,DD-K35-01_mptf.conllu,1,1,0
menišnīh,NOUN,obl,0,0,0,1,1,14,179,āwām,NOUN,nmod,1,1,2,3,3,0,0,1,1.0,True,False,DD-K35-01_mptf.conllu,1,1,0
āwām,NOUN,nmod,0,0,0,1,1,176,2,sezdēnīh,NOUN,nmod,0,1,1,3,0,0,0,0,0.0,False,False,DD-K35-01_mptf.conllu,1,0,0
dānišn,NOUN,obl,0,0,0,1,1,274,33,čihrag,ADJ,amod,0,2,4,4,0,0,0,0,0.25,True,False,DD-K35-01_mptf.conllu,0,1,0
baxšišnīh,NOUN,conj,0,0,0,1,1,5,520,menišn,NOUN,nmod,1,1,3,1,3,0,0,1,0.0,True,True,DD-K35-01_mptf.conllu,1,0,0
menišn,NOUN,nmod,0,0,0,1,1,518,1864,weh,ADJ,amod,0,2,2,3,0,0,0,0,0.0,True,False,DD-K35-01_mptf.conllu,1,1,0
menišn,NOUN,nmod,0,0,0,1,1,518,93,mānsr,NOUN,nmod,0,1,2,3,1,0,0,0,0.0,True,False,DD-K35-01_mptf.conllu,1,1,0
mānsr,NOUN,nmod,0,0,0,1,1,93,4,wizārišnīg,ADJ,amod,0,1,1,1,0,0,0,0,0.0,False,False,DD-K35-01_mptf.conllu,0,1,0
nigēzišn,NOUN,conj,0,0,0,1,1,15,2158,dēn,NOUN,nmod,0,1,2,2,1,0,0,1,0.0,True,False,DD-K35-01_mptf.conllu,1,0,0
nimāyišn,NOUN,nsubj,0,0,0,1,1,63,444,rōšntar,ADJ,amod,0,2,2,2,0,0,0,0,0.5,True,False,DD-K35-01_mptf.conllu,1,1,0
nimāyišn,NOUN,nsubj,0,0,0,1,1,63,33,warzišn,NOUN,nmod,2,1,2,2,3,0,0,1,0.5,True,True,DD-K35-01_mptf.conllu,1,1,0
warzišn,NOUN,nmod,0,0,0,1,1,30,140,dēnīg,ADJ,amod,0,2,1,3,0,0,0,0,0.0,True,False,DD-K35-01_mptf.conllu,0,1,0
nimūdārīh,NOUN,nmod,0,0,0,1,1,31,172,mādayān,ADJ,amod,0,2,2,4,0,0,0,0,0.0,False,False,DD-K35-01_mptf.conllu,1,1,0
nimūdārīh,NOUN,nmod,0,0,0,1,1,31,140,āsnxrad,NOUN,nmod,0,1,2,4,1,0,0,1,0.0,False,False,DD-K35-01_mptf.conllu,1,1,0
tag,NOUN,root,0,1,0,1,1,9,60,pēšēnīgān,NOUN,nmod,2,1,3,4,5,0,0,1,0.0,True,False,DD-K35-01_mptf.conllu,1,0,0
pēšēnīgān,NOUN,nmod,1,0,0,1,1,43,23,hufraward,ADJ,amod,1,2,2,5,0,0,0,0,0.0,False,False,DD-K35-01_mptf.conllu,1,2,0
pēšēnīgān,NOUN,nmod,1,0,0,1,1,43,60,pēšēnīg,ADJ,amod,0,2,2,5,0,0,0,0,0.0,False,False,DD-K35-01_mptf.conllu,1,2,0
pēšēnīgān,NOUN,nmod,1,1,0,1,1,43,55,pēšōbāyān,NOUN,nmod,0,1,2,5,1,0,0,1,0.0,False,False,DD-K35-01_mptf.conllu,1,2,0
pēšēnīgān,NOUN,nmod,1,1,0,1,1,43,117,pōryōtkēšān,NOUN,appos,2,1,2,5,2,0,0,1,0.0,False,False,DD-K35-01_mptf.conllu,1,2,0
pōryōtkēšān,NOUN,appos,1,0,0,1,1,101,460,meh,ADJ,amod,0,2,1,2,0,0,0,0,0.0,False,False,DD-K35-01_mptf.conllu,0,1,0
nibēgān,NOUN,nsubj,1,1,0,1,1,54,4718,awēšān,PRON,nmod,0,2,2,3,1,1,0,1,0.25,False,False,DD-K35-01_mptf.conllu,2,0,0
nibēgān,NOUN,nsubj,1,0,0,1,1,54,2,čimnimāyišnīh,NOUN,nmod,1,1,2,3,2,1,0,1,0.25,False,True,DD-K35-01_mptf.conllu,2,0,0
zofrīh,NOUN,obl,0,0,0,1,1,8,2,bārīksaxwanīh,NOUN,nmod,0,1,1,2,0,0,0,0,0.375,False,False,DD-K35-01_mptf.conllu,1,0,0
padēxīh,NOUN,obl,0,0,0,1,1,30,310,saxwan,NOUN,nmod,0,1,2,4,1,0,0,1,0.625,False,False,DD-K35-01_mptf.conllu,1,0,0
gumān,NOUN,nsubj,0,0,0,1,1,33,174,škeft,ADJ,amod,0,2,2,2,0,0,0,0,0.75,False,False,DD-K35-01_mptf.conllu,1,1,0
gumān,NOUN,nsubj,0,0,0,1,1,33,1,kamāgāhdān,ADJ,nmod,0,1,2,2,1,0,0,1,0.75,False,False,DD-K35-01_mptf.conllu,1,1,0
čim,NOUN,obl,0,0,0,1,0,374,3,pursišnīhā,NOUN,nmod,1,1,2,2,2,0,0,1,0.875,False,False,DD-K35-01_mptf.conllu,1,0,0
rāh,NOUN,nsubj,0,0,0,1,1,587,96,nazdīktar,ADJ,amod,0,2,2,2,0,0,0,0,0.5,False,False,DD-K35-01_mptf.conllu,1,1,0
rāh,NOUN,nsubj,0,0,0,1,1,587,6,wēzišn,NOUN,nmod,2,1,2,2,2,0,0,0,0.5,False,True,DD-K35-01_mptf.conllu,1,1,0
wēzišn,NOUN,nmod,0,0,0,1,1,6,465,rāst,ADJ,amod,0,2,1,2,0,0,0,0,0.0,True,False,DD-K35-01_mptf.conllu,0,1,0
wizīr,NOUN,obl,0,0,0,1,0,331,55,pēšōbāy,NOUN,nmod,1,1,3,2,3,0,0,1,1.0,False,False,DD-K35-01_mptf.conllu,1,0,0
pēšōbāy,NOUN,nmod,0,0,0,0,1,53,97,frazānag,ADJ,amod,0,2,2,3,0,0,0,0,0.0,False,False,DD-K35-01_mptf.conllu,1,1,0
pēšōbāy,NOUN,nmod,0,0,0,0,1,53,2158,dēn,NOUN,nmod,0,1,2,3,1,0,0,1,0.0,False,False,DD-K35-01_mptf.conllu,1,1,0
dānišn,NOUN,obj,0,0,0,1,1,274,2910,=um,PRON,nmod,0,2,2,3,0,0,0,0,0.6666666666666666,True,False,DD-K35-01_mptf.conllu,1,0,0
ēwēnag,NOUN,obj,0,1,0,1,1,782,153,ǰawāhirān,NOUN,nmod,0,2,1,1,0,0,0,0,0.5,False,False,DD-K35-01_mptf.conllu,1,0,0
sūd,NOUN,nsubj,0,0,0,1,1,327,230,wuzurg,ADJ,amod,0,2,1,2,0,0,0,0,1.0,False,False,DD-K35-01_mptf.conllu,0,2,0
sūd,NOUN,nsubj,0,0,0,1,1,327,2375,xwēš,PRON,amod,0,1,1,2,0,0,0,0,1.0,False,False,DD-K35-01_mptf.conllu,0,2,0
paymōgīh,NOUN,root,0,1,0,1,1,4,34,xwēšīgān,NOUN,nmod,5,2,3,7,0,0,0,0,0.0,False,False,DD-K35-01_mptf.conllu,2,0,0
paymōgīh,NOUN,root,0,0,0,1,1,4,62,druyistīh,NOUN,nmod,4,2,3,7,2,0,0,0,0.0,False,False,DD-K35-01_mptf.conllu,2,0,0
wišōyēnīdārīh,NOUN,conj,0,0,0,1,1,1,915,druz,NOUN,nmod,0,2,1,2,0,0,0,0,0.0,False,False,DD-K35-01_mptf.conllu,1,0,0
kām,NOUN,advcl,0,1,0,1,1,335,787,ašmāh,PRON,nmod,0,2,2,2,0,0,0,0,0.0,False,False,DD-K35-01_mptf.conllu,1,0,0
kunišn,NOUN,conj,0,0,0,1,1,980,2910,man,PRON,nmod,0,1,1,2,0,0,0,0,0.0,True,False,DD-K35-01_mptf.conllu,1,0,0
āfrīn,NOUN,advcl,0,0,0,1,1,115,186,nōg,ADJ,amod,2,2,4,3,1,0,0,0,0.0,False,False,DD-K35-01_mptf.conllu,0,1,0
āfrīn,NOUN,advcl,0,0,0,1,1,115,16587,ān,PRON,appos,0,1,4,3,1,0,0,0,0.0,False,False,DD-K35-01_mptf.conllu,0,1,0
ān,PRON,appos,0,0,0,1,1,1928,770,xwad,PRON,nmod,1,1,3,1,3,0,0,1,0.0,False,False,DD-K35-01_mptf.conllu,1,0,0
xwad,PRON,nmod,0,1,0,1,1,737,787,=tān,PRON,nmod,0,2,2,3,0,0,0,0,0.0,False,False,DD-K35-01_mptf.conllu,1,0,0
paččēn,NOUN,nsubj:outer,0,0,0,1,1,46,369,pursišn,NOUN,nmod,0,1,3,2,2,0,0,1,0.0,False,True,DD-K35-01_mptf.conllu,1,0,0
mard,NOUN,obj,0,0,0,1,0,2067,2060,ahlaw,ADJ,amod,0,1,2,1,1,0,0,1,0.2,False,False,DD-K35-01_mptf.conllu,0,1,0
ātaxš,NOUN,conj,0,0,0,1,1,1442,3242,ohrmazd,PROPN,nmod,0,1,2,1,1,0,1,1,0.0,False,False,DD-K35-01_mptf.conllu,1,0,0
dahišn,NOUN,obl,0,0,0,1,1,636,127,mēnōyīg,ADJ,amod,0,1,3,3,0,0,0,0,1.0,True,False,DD-K35-01_mptf.conllu,0,1,0
ān,PRON,conj,0,0,0,1,1,1928,168,gētīyīg,ADJ,amod,0,1,2,3,1,0,0,1,0.0,False,False,DD-K35-01_mptf.conllu,0,1,0
wizēngarīh,NOUN,conj,0,0,0,1,1,2,465,rāst,ADJ,amod,0,2,1,2,0,0,0,0,0.0,False,False,DD-K35-01_mptf.conllu,0,1,0
mehīh,NOUN,nsubj,0,1,0,1,1,75,1175,dāmān,NOUN,nmod,0,2,2,2,0,0,0,0,0.6666666666666666,False,False,DD-K35-01_mptf.conllu,1,0,0
hunar,NOUN,nsubj,0,0,0,1,1,134,199,rāstīh,NOUN,nmod,0,1,1,2,0,0,0,0,0.5,False,False,DD-K35-01_mptf.conllu,1,0,0
abzār,NOUN,root,0,0,0,1,1,315,1864,weh,ADJ,amod,0,2,4,7,0,0,0,0,0.0,True,False,DD-K35-01_mptf.conllu,0,1,0
spās,NOUN,nsubj,0,0,0,1,1,83,22,kāmišngarīh,NOUN,nmod,1,1,2,2,1,0,0,0,1.0,False,False,DD-K35-01_mptf.conllu,1,0,0
kāmišngarīh,NOUN,nmod,0,0,0,1,1,20,1407,yazad,NOUN,nmod,0,2,1,1,0,0,0,0,0.0,False,False,DD-K35-01_mptf.conllu,1,0,0
paydāgīh,NOUN,nsubj,0,0,0,1,1,358,199,rāstīh,NOUN,nmod,0,2,1,1,0,0,0,0,0.3333333333333333,False,False,DD-K35-01_mptf.conllu,1,0,0
sūd,NOUN,nsubj,0,0,0,1,1,327,18258,=š,PRON,nmod,0,2,1,1,0,0,0,0,0.6666666666666666,False,False,DD-K35-01_mptf.conllu,1,0,0
kāmišngarīh,NOUN,conj,0,0,0,1,1,20,1006,dādār,NOUN,nmod,0,1,2,3,1,0,0,1,0.0,False,True,DD-K35-01_mptf.conllu,1,0,0
kāmišngarīh,NOUN,root,0,0,0,1,1,20,24,abāyišn,NOUN,nmod,1,1,4,4,3,0,0,1,0.0,False,True,DD-K35-01_mptf.conllu,1,0,0
abāyišn,NOUN,nmod,0,0,0,1,1,6,1006,dādār,NOUN,nmod,0,1,2,3,1,0,0,1,0.0,True,True,DD-K35-01_mptf.conllu,1,0,0
zēn,NOUN,nsubj,0,0,0,1,1,32,18258,=š,PRON,nmod,0,2,1,1,0,0,0,0,0.3333333333333333,False,False,DD-K35-01_mptf.conllu,1,0,0
kām,NOUN,nmod,0,0,0,1,1,335,1006,dādār,NOUN,nmod,0,1,2,1,1,0,0,1,0.0,False,True,DD-K35-01_mptf.conllu,1,0,0
rawāgīh,NOUN,nsubj,0,0,0,1,1,137,335,kām,NOUN,nmod,1,2,3,2,1,0,0,0,0.6666666666666666,False,False,DD-K35-01_mptf.conllu,1,0,0
mehmānīh,NOUN,nsubj,0,1,0,1,1,95,4718,=š,PRON,nmod,0,2,1,1,0,0,0,0,1.0,False,False,DD-K35-01_mptf.conllu,1,0,0
mardān,NOUN,nsubj,1,1,0,1,1,2067,50,ašōwān,ADJ,amod,0,1,2,1,1,0,0,1,0.2,False,False,DD-K35-01_mptf.conllu,0,1,0
frawahr,NOUN,obl,0,0,0,1,1,313,244,abēzag,ADJ,amod,0,2,2,3,1,1,0,1,0.4,False,False,DD-K35-01_mptf.conllu,0,1,0
spāh,NOUN,obj,0,1,0,1,1,89,1407,yazadān,NOUN,nmod,0,2,3,3,1,1,0,1,0.8,False,False,DD-K35-01_mptf.conllu,1,0,0
xwadāyīh,NOUN,conj,0,0,0,1,0,638,1550,mēnōy,NOUN,nmod,0,2,2,2,0,0,0,0,0.0,False,False,DD-K35-01_mptf.conllu,2,0,0
xwadāyīh,NOUN,conj,0,0,0,1,1,638,3242,ohrmazd,PROPN,nmod,0,1,2,2,1,0,1,1,0.0,False,False,DD-K35-01_mptf.conllu,2,0,0
paymōgīh,NOUN,obl,0,0,0,1,0,4,168,gētīyī,ADJ,amod,0,2,4,3,0,0,0,0,1.0,False,False,DD-K35-01_mptf.conllu,0,1,0
hambandīh,NOUN,conj,0,0,0,1,1,7,2253,tan,NOUN,nmod,0,1,3,2,2,0,0,1,0.0,False,False,DD-K35-01_mptf.conllu,1,0,0
abzārōmandīh,NOUN,nsubj,0,1,0,1,1,3,4718,=šān,PRON,nmod,0,2,1,2,0,0,0,0,0.3333333333333333,False,False,DD-K35-01_mptf.conllu,1,1,0
abzārōmandīh,NOUN,nsubj,0,0,0,1,1,3,172,mādayān,ADJ,amod,0,1,1,2,0,0,0,0,0.3333333333333333,False,False,DD-K35-01_mptf.conllu,1,1,0
abargīrišnīh,NOUN,obl,0,0,0,1,1,8,16,xradīg,ADJ,amod,0,2,2,4,1,1,0,1,1.0,True,False,DD-K35-01_mptf.conllu,1,1,0
abargīrišnīh,NOUN,obl,0,0,0,1,1,8,113,humat,NOUN,nmod,0,1,2,4,3,1,0,1,1.0,True,False,DD-K35-01_mptf.conllu,1,1,0
arawāgīh,NOUN,conj,0,0,0,1,1,4,43,dušmat,NOUN,nmod,0,1,2,1,3,0,0,1,0.0,False,False,DD-K35-01_mptf.conllu,1,0,0
handāxtār,NOUN,nsubj,0,1,0,1,1,5,4718,=šān,PRON,nmod,0,2,1,1,0,0,0,0,0.16666666666666666,True,False,DD-K35-01_mptf.conllu,1,0,0
xwadāy,NOUN,obj,0,0,0,0,1,494,168,gētīyīg,ADJ,amod,0,2,2,2,0,0,0,0,0.3333333333333333,False,False,DD-K35-01_mptf.conllu,1,1,0
xwadāy,NOUN,obj,0,0,0,0,1,494,3242,ohrmazd,PROPN,nmod,0,1,2,2,1,0,1,1,0.3333333333333333,False,False,DD-K35-01_mptf.conllu,1,1,0
dēn,NOUN,obj,0,0,0,1,1,2149,244,abēzag,ADJ,amod,0,2,2,2,1,1,0,1,0.5,False,False,DD-K35-01_mptf.conllu,0,1,0
dādār,NOUN,obj,0,0,0,1,1,998,1864,weh,ADJ,amod,0,1,2,2,1,0,0,1,0.6666666666666666,True,False,DD-K35-01_mptf.conllu,0,2,0
dādār,NOUN,obj,0,0,0,1,1,998,244,abēzag,ADJ,amod,1,1,2,2,1,0,0,1,0.6666666666666666,True,False,DD-K35-01_mptf.conllu,0,2,0
rawāgdahišnīh,NOUN,nmod,0,0,0,1,1,12,93,mānsr,NOUN,nmod,4,1,4,2,3,0,0,1,0.0,True,False,DD-K35-01_mptf.conllu,1,0,0
mānsr,NOUN,nmod,0,0,0,1,1,93,1864,weh,ADJ,amod,2,2,3,3,1,1,0,0,0.0,False,False,DD-K35-01_mptf.conllu,0,1,0
rasišn,NOUN,nmod,0,0,0,1,1,166,2,ristāxēzēnišnīh,NOUN,nmod,2,1,3,1,4,0,0,1,0.0,True,True,DD-K35-01_mptf.conllu,1,0,0
ristāxēzēnišnīh,NOUN,nmod,0,0,0,1,1,2,1864,weh,ADJ,amod,0,2,2,4,0,1,0,0,0.0,True,False,DD-K35-01_mptf.conllu,0,1,0
hamayārīh,NOUN,conj,0,0,0,1,1,28,167,rasišn,NOUN,nmod,5,2,5,4,1,0,0,0,0.0,False,True,DD-K35-01_mptf.conllu,2,0,0
spās,NOUN,conj,0,0,0,1,1,83,34,xwēšīg,ADJ,amod,0,2,1,2,0,0,0,0,0.0,False,False,DD-K35-01_mptf.conllu,0,1,0
dām,NOUN,obl,0,0,0,1,0,1172,1135,gētī,NOUN,amod,0,2,1,3,0,0,0,0,1.0,False,False,DD-K35-01_mptf.conllu,0,1,0
mardān,NOUN,conj,1,1,0,1,1,2067,55,pāšomān,NOUN,nmod,0,2,5,4,1,0,0,0,0.0,False,False,DD-K35-01_mptf.conllu,1,1,0
mardān,NOUN,conj,1,1,0,1,1,2067,50,ašōwān,ADJ,amod,0,1,5,4,1,0,0,1,0.0,False,False,DD-K35-01_mptf.conllu,1,1,0
bun,NOUN,acl:relcl,0,0,0,1,1,959,640,dahišn,NOUN,nmod,2,1,2,5,1,0,0,1,0.0,False,True,DD-K35-01_mptf.conllu,1,0,0
mard,NOUN,root,0,0,0,1,1,2067,244,abēzag,ADJ,amod,0,2,2,5,0,0,0,0,0.0,False,False,DD-K35-01_mptf.conllu,0,1,0
mard,NOUN,root,0,0,0,1,1,2067,245,gayōmard,PROPN,appos,0,1,2,5,0,0,1,0,0.0,False,False,DD-K35-01_mptf.conllu,0,1,0
dahišn,NOUN,obj,0,1,0,1,1,636,1407,yazadān,NOUN,nmod,1,2,2,3,1,1,0,1,0.25,True,False,DD-K35-01_mptf.conllu,1,0,0
frazāmišn,NOUN,obl,0,0,0,1,1,15,180,abdom,ADJ,amod,0,2,2,4,0,0,0,0,0.75,True,False,DD-K35-01_mptf.conllu,1,1,0
frazāmišn,NOUN,obl,0,0,0,1,1,15,1175,dām,NOUN,nmod,1,1,2,4,2,0,0,1,0.75,True,False,DD-K35-01_mptf.conllu,1,1,0
dām,NOUN,nmod,0,0,0,1,1,1172,168,gētīyīg,ADJ,amod,0,2,1,2,0,0,0,0,0.0,False,False,DD-K35-01_mptf.conllu,0,1,0
wehīhwarzišn,NOUN,obl,0,0,0,1,1,1,38,āwādag,NOUN,nmod,3,1,7,2,3,0,0,1,1.0,False,True,DD-K35-01_mptf.conllu,1,0,0
zahag,NOUN,nmod,0,0,0,1,0,96,18258,ōy,PRON,nmod,0,2,2,2,1,1,0,1,0.0,False,False,DD-K35-01_mptf.conllu,1,0,0
āwādag,NOUN,nmod,0,0,0,1,1,38,102,zahag,NOUN,nmod,0,2,6,3,2,0,0,0,0.0,True,False,DD-K35-01_mptf.conllu,2,0,0
āwādag,NOUN,nmod,0,0,0,1,1,38,51,hōšang,PROPN,nmod,4,1,6,3,7,0,1,1,0.0,True,False,DD-K35-01_mptf.conllu,2,0,0
frēstagān,NOUN,conj:nmod,1,0,0,1,1,16,2158,dēn,NOUN,nmod,0,1,3,3,1,0,0,1,0.0,True,False,DD-K35-01_mptf.conllu,2,0,0
frēstagān,NOUN,conj:nmod,1,0,0,1,1,16,1747,zardušt,PROPN,nmod,2,1,3,3,3,0,1,0,0.0,True,False,DD-K35-01_mptf.conllu,2,0,0
frašegirdkirdārān,NOUN,conj:nmod,1,0,0,1,1,18,235,sōšāns,PROPN,nmod,1,1,4,2,4,0,1,1,0.0,True,False,DD-K35-01_mptf.conllu,1,0,0
sōšāns,PROPN,nmod,0,0,0,1,1,234,8,rōšnčašm,PROPN,amod,0,1,3,4,1,0,1,0,0.0,False,False,DD-K35-01_mptf.conllu,0,1,0
nērōg,NOUN,nmod,0,0,0,1,0,339,1550,mēnōy,NOUN,nmod,0,2,2,3,1,1,0,1,0.0,False,False,DD-K35-01_mptf.conllu,1,0,0
yaštār,NOUN,conj,0,1,0,1,1,29,1407,yazadān,NOUN,nmod,6,2,4,3,0,0,0,0,0.0,True,False,DD-K35-01_mptf.conllu,1,1,0
yaštār,NOUN,conj,0,0,0,1,1,29,6,wirāst,ADJ,amod,0,2,4,3,2,0,0,0,0.0,True,True,DD-K35-01_mptf.conllu,1,1,0
kirbīhā,NOUN,nmod,1,0,0,0,0,204,1135,gētī,NOUN,nmod,0,2,2,1,1,0,0,1,0.0,False,False,DD-K35-01_mptf.conllu,1,0,0
gētīyīgkārīh,NOUN,nmod,0,1,0,1,0,3,204,kirbīhā,NOUN,nmod,0,2,3,3,1,1,0,0,0.0,False,False,DD-K35-01_mptf.conllu,1,0,0
agārēnīdār,NOUN,conj,0,0,0,1,1,4,915,druz,NOUN,nmod,5,2,4,3,0,0,0,0,0.0,True,False,DD-K35-01_mptf.conllu,2,0,0
agārēnīdār,NOUN,conj,0,0,0,1,1,4,3,gētīyīgkārīh,NOUN,nmod,0,2,4,3,3,0,0,0,0.0,True,False,DD-K35-01_mptf.conllu,2,0,0
dēn,NOUN,nmod,0,0,0,1,1,2149,244,abēzag,ADJ,amod,0,1,5,2,1,0,0,1,0.0,False,False,DD-K35-01_mptf.conllu,0,1,0
spurrwehīh,NOUN,nsubj,0,0,0,1,0,4,126,spennāgmēnōy,PROPN,nmod,0,1,3,5,1,0,1,1,1.0,False,False,DD-K35-01_mptf.conllu,1,0,0
awehīh,NOUN,conj,0,0,0,1,0,4,569,gannāmēnōy,PROPN,nmod,0,1,2,2,1,0,1,1,0.0,False,False,DD-K35-01_mptf.conllu,1,0,0
ōšpaydāgīh,NOUN,conj,0,0,0,1,1,1,915,druz,NOUN,nmod,2,1,2,2,1,0,0,1,0.0,False,False,DD-K35-01_mptf.conllu,1,0,0
pērōzīhfrazāmīh,NOUN,conj,0,0,0,1,1,2,1006,dādār,NOUN,nmod,0,1,2,2,1,0,0,1,0.0,False,True,DD-K35-01_mptf.conllu,1,0,0
akanāragrawišnīh,NOUN,conj,0,0,0,1,0,2,2,dāmānīhā,NOUN,nmod,0,1,2,2,1,0,0,1,0.0,True,False,DD-K35-01_mptf.conllu,1,0,0
burdār,NOUN,conj,0,0,0,1,1,16,147,mahist,ADJ,amod,0,2,6,3,0,0,0,0,0.0,True,False,DD-K35-01_mptf.conllu,1,1,0
wehīh,NOUN,obl,0,0,0,1,1,396,245,gayōmard,PROPN,nmod,0,2,4,6,1,1,1,1,0.5,False,False,DD-K35-01_mptf.conllu,1,0,0
zāyišn,NOUN,nsubj,0,0,0,1,1,145,1747,zardušt,PROPN,nmod,0,2,2,2,1,1,1,1,1.0,True,False,DD-K35-01_mptf.conllu,1,0,0
wehīh,NOUN,conj,0,0,0,1,1,396,235,sōšāns,PROPN,nmod,0,2,2,4,1,1,1,1,0.0,False,False,DD-K35-01_mptf.conllu,1,0,0
zardušt,PROPN,nmod,0,0,0,1,1,1746,1747,zardušt,PROPN,nmod,0,2,1,1,1,0,1,0,0.0,False,False,DD-K35-01_mptf.conllu,1,0,0
humat,NOUN,nmod,0,0,0,1,1,109,113,humat,NOUN,nmod,0,2,2,3,3,0,0,0,0.0,False,False,DD-K35-01_mptf.conllu,1,0,0
dām,NOUN,nmod,0,0,0,1,1,1172,1175,dām,NOUN,nmod,0,2,1,2,2,0,0,0,0.0,False,False,DD-K35-01_mptf.conllu,1,0,0
dēn,NOUN,nmod,0,0,0,1,1,2149,2158,dēn,NOUN,nmod,0,2,1,2,2,0,0,0,0.0,False,False,DD-K35-01_mptf.conllu,1,0,0
tankirdār,NOUN,root,0,0,0,1,1,5,2,frašegar,NOUN,appos,0,1,8,3,1,0,0,0,0.0,True,False,DD-K35-01_mptf.conllu,0,0,0
frašegar,NOUN,appos,0,0,0,1,1,2,235,sōšāns,PROPN,appos,0,1,7,1,1,0,1,0,0.0,False,False,DD-K35-01_mptf.conllu,0,0,0
stāyišnīh,NOUN,nmod,0,1,0,1,1,12,1338,dēwān,NOUN,nmod,0,2,2,4,1,1,0,1,0.0,True,False,DD-K35-01_mptf.conllu,1,0,0
kōxšišnīh,NOUN,conj:nmod,0,1,0,1,1,9,1407,yazadān,NOUN,nmod,0,2,1,2,0,0,0,0,0.0,True,False,DD-K35-01_mptf.conllu,1,0,0
agdēnīh,NOUN,conj,0,0,0,1,1,46,269,sardag,NOUN,nmod,0,1,2,2,2,0,0,1,0.0,False,True,DD-K35-01_mptf.conllu,1,0,0
ānāftār,NOUN,acl:relcl,0,0,0,1,1,3,1249,gēhān,NOUN,nmod,0,2,5,6,1,0,0,0,0.0,True,False,DD-K35-01_mptf.conllu,2,0,0
bowandagrawāgīh,NOUN,nmod,0,0,0,1,1,10,2,yazadānstāyišnīh,NOUN,nmod,0,1,3,3,1,0,0,1,0.0,False,True,DD-K35-01_mptf.conllu,1,0,0
spurrrawāgīh,NOUN,conj:nmod,0,0,0,1,1,2,2158,dēn,NOUN,nmod,2,1,2,2,3,0,0,1,0.0,False,False,DD-K35-01_mptf.conllu,1,0,0
dēn,NOUN,nmod,0,0,0,1,1,2149,244,abēzag,ADJ,amod,0,2,1,3,0,1,0,0,0.0,False,False,DD-K35-01_mptf.conllu,0,1,0
frašegirdfrazāmēnīdār,NOUN,conj,0,0,0,1,1,2,10,bowandagrawāgīh,NOUN,nmod,6,2,4,2,3,0,0,0,0.0,True,False,DD-K35-01_mptf.conllu,1,0,0
kunišn,NOUN,obl,0,0,0,1,1,980,55,pāšom,ADJ,amod,0,2,3,4,1,1,0,1,0.5,True,False,DD-K35-01_mptf.conllu,1,1,0
kunišn,NOUN,obl,0,0,0,1,1,980,6,anāhōgēnīd,NOUN,nmod,0,1,3,4,2,1,0,1,0.5,True,True,DD-K35-01_mptf.conllu,1,1,0
anāhōgēnīd,NOUN,nmod,0,0,0,1,1,1,63,brādarōd,NOUN,nmod,0,1,2,2,1,0,0,1,0.0,True,False,DD-K35-01_mptf.conllu,1,0,0
xwaršēd,NOUN,nsubj,0,0,0,1,1,420,36,arwandasp,ADJ,amod,0,1,5,5,1,0,0,1,1.0,False,False,DD-K35-01_mptf.conllu,0,1,0
spōzišn,NOUN,conj,0,0,0,1,1,3,10,frāšm,NOUN,nmod,0,1,4,2,1,0,0,0,0.0,True,False,DD-K35-01_mptf.conllu,1,0,0
frāšm,NOUN,nmod,0,0,0,1,1,2,2,rōšnēnišn,NOUN,nmod,0,1,3,1,2,0,0,1,0.0,False,True,DD-K35-01_mptf.conllu,1,0,0
rōšnēnišn,NOUN,nmod,0,0,0,1,1,2,1249,gēhān,NOUN,nmod,0,1,2,2,1,0,0,1,0.0,True,False,DD-K35-01_mptf.conllu,1,0,0
tazišn,NOUN,xcomp,0,1,0,1,1,33,986,rōzān,NOUN,nmod,0,1,2,1,2,0,0,1,0.0,True,False,DD-K35-01_mptf.conllu,1,0,0
frazāmišn,NOUN,obl,0,0,0,1,1,15,243,frašegird,NOUN,nmod,0,1,2,3,1,0,0,1,0.25,True,False,DD-K35-01_mptf.conllu,1,0,0
dēn,NOUN,obl,0,1,0,1,1,2149,595,mazdēsnān,NOUN,nmod,0,1,2,2,1,0,0,1,0.5,False,False,DD-K35-01_mptf.conllu,1,0,0
rōšnīh,NOUN,obl,0,0,0,1,1,368,460,meh,ADJ,amod,0,2,1,2,0,1,0,0,0.75,False,False,DD-K35-01_mptf.conllu,0,1,0
mardān,NOUN,nsubj,1,1,0,1,1,2067,50,ašōwān,ADJ,amod,0,1,2,2,1,0,0,1,1.0,False,False,DD-K35-01_mptf.conllu,0,1,0
mard,NOUN,nsubj:pass,0,0,0,1,0,2067,50,ašō,ADJ,amod,0,1,2,1,1,0,0,1,0.0,False,False,DD-K35-01_mptf.conllu,0,1,0
rawāggarīh,NOUN,obl,0,0,0,1,1,5,335,kām,NOUN,nmod,1,1,2,2,2,0,0,1,1.0,False,False,DD-K35-01_mptf.conllu,1,0,0
kām,NOUN,nmod,0,0,0,1,1,335,18258,=š,PRON,nmod,0,2,1,2,0,0,0,0,0.0,False,False,DD-K35-01_mptf.conllu,1,0,0
kām,NOUN,acl:relcl,0,0,0,1,1,335,18258,=š,PRON,nmod,0,2,4,3,0,0,0,0,0.0,False,False,DD-K35-01_mptf.conllu,1,0,0
kām,NOUN,acl:relcl,0,1,0,1,1,335,610,=mān,PRON,nmod,0,2,1,2,0,0,0,0,0.0,False,False,DD-K35-01_mptf.conllu,1,0,0
ōy,PRON,nsubj,0,0,0,0,1,18107,1006,dādār,NOUN,appos,1,1,2,1,1,0,0,0,0.2,False,True,DD-K35-01_mptf.conllu,0,0,0
dādār,NOUN,appos,0,0,0,1,1,998,46,xwābar,ADJ,amod,0,2,1,1,0,0,0,0,0.0,True,False,DD-K35-01_mptf.conllu,0,1,0
kām,NOUN,acl:relcl,0,1,0,1,1,335,610,=mān,PRON,nmod,0,2,1,2,0,0,0,0,0.0,False,False,DD-K35-01_mptf.conllu,1,0,0
kām,NOUN,advcl,0,0,0,1,1,335,18258,=iš,PRON,nmod,0,2,6,4,0,0,0,0,0.0,False,False,DD-K35-01_mptf.conllu,1,1,0
kām,NOUN,advcl,0,0,0,1,1,335,147,arzānīg,ADJ,amod,0,1,6,4,0,0,0,0,0.0,False,False,DD-K35-01_mptf.conllu,1,1,0
dāmag,NOUN,acl:relcl,0,1,0,1,1,2,610,=mān,PRON,nmod,0,2,1,2,0,0,0,0,0.0,False,False,DD-K35-01_mptf.conllu,1,0,0
āfurrišn,NOUN,nsubj,0,0,0,1,1,30,18258,=š,PRON,nmod,0,2,1,1,0,0,0,0,0.75,True,False,DD-K35-01_mptf.conllu,1,0,0
kām,NOUN,nsubj,0,0,0,1,1,335,18258,=š,PRON,nmod,0,2,1,1,0,0,0,0,1.0,False,False,DD-K35-01_mptf.conllu,1,0,0
čimīgāfurrišnīh,NOUN,nsubj,0,0,0,1,1,2,1175,dām,NOUN,nmod,1,1,3,2,2,0,0,1,0.125,True,False,DD-K35-01_mptf.conllu,1,0,0
dām,NOUN,nmod,0,0,0,1,1,1172,18258,=š,PRON,nmod,0,2,1,2,0,0,0,0,0.0,False,False,DD-K35-01_mptf.conllu,1,0,0
wehīh,NOUN,conj,0,0,0,1,1,396,335,kām,NOUN,nmod,2,1,2,3,2,0,0,1,0.0,False,False,DD-K35-01_mptf.conllu,1,0,0
kām,NOUN,nmod,0,0,0,1,1,335,18258,=š,PRON,nmod,0,2,1,2,0,0,0,0,0.0,False,False,DD-K35-01_mptf.conllu,1,0,0
spurrtuwānīgīh,NOUN,obl,0,0,0,1,1,2,1006,dādār,NOUN,nmod,0,1,2,3,2,0,0,1,0.25,False,True,DD-K35-01_mptf.conllu,1,0,0
bowandagrawāgīh,NOUN,obl,0,0,0,1,1,10,335,kām,NOUN,nmod,1,1,2,3,2,0,0,1,0.875,False,False,DD-K35-01_mptf.conllu,2,0,0
bowandagrawāgīh,NOUN,obl,0,0,0,1,1,10,2,spurrēnīd,NOUN,nmod,3,1,2,3,1,0,0,0,0.875,False,True,DD-K35-01_mptf.conllu,2,0,0
kām,NOUN,nmod,0,0,0,1,1,335,18258,=š,PRON,nmod,0,2,1,2,0,0,0,0,0.0,False,False,DD-K35-01_mptf.conllu,1,0,0
ānābišn,NOUN,root,0,0,0,1,1,20,211,wattarīh,NOUN,nmod,0,1,2,6,1,0,0,1,0.0,True,False,DD-K35-01_mptf.conllu,1,0,0
kāmagrawāgīh,NOUN,obl,0,0,0,1,1,5,2375,xwēš,PRON,amod,0,2,4,3,0,0,0,0,0.5,False,False,DD-K35-01_mptf.conllu,0,1,0
guft,NOUN,obl,0,1,0,1,1,15,6,pēšēnagān,NOUN,nmod,0,2,4,4,1,1,0,1,0.75,True,False,DD-K35-01_mptf.conllu,1,0,0
kāmišngarīh,NOUN,obl,0,0,0,1,1,20,1006,dādār,NOUN,nmod,0,1,2,2,1,0,0,1,1.0,False,True,DD-K35-01_mptf.conllu,1,0,0
kāmišngarīh,NOUN,nsubj,0,0,0,1,1,20,1006,dādār,NOUN,nmod,0,2,2,2,1,1,0,1,1.0,False,True,DD-K35-01_mptf.conllu,1,0,0
ān,PRON,advcl,0,0,0,1,1,1928,1006,dādār,NOUN,nmod,0,1,5,3,3,0,0,1,0.0,False,True,DD-K35-01_mptf.conllu,1,0,0
dādār,NOUN,nmod,0,0,0,1,1,998,46,xwābar,ADJ,amod,0,1,4,3,1,0,0,1,0.0,True,False,DD-K35-01_mptf.conllu,0,1,0
dōst,NOUN,acl:relcl,0,0,0,1,1,180,2375,xwēš,PRON,nmod,1,1,3,2,2,0,0,0,0.0,False,False,DD-K35-01_mptf.conllu,1,0,0
ān,PRON,root,0,0,0,1,1,1928,915,druz,NOUN,nmod,1,1,6,4,4,0,0,1,0.0,False,False,DD-K35-01_mptf.conllu,1,0,0
druz,NOUN,nmod,0,0,0,1,1,911,9,kōxšīdār,ADJ,amod,0,1,4,4,0,0,0,0,0.0,False,True,DD-K35-01_mptf.conllu,0,1,0
dušmen,NOUN,acl:relcl,0,0,0,1,1,122,640,dahišn,NOUN,nmod,1,1,3,2,2,0,0,0,0.0,False,True,DD-K35-01_mptf.conllu,1,0,0
dahišn,NOUN,nmod,0,0,0,1,1,636,1006,dādār,NOUN,nmod,0,1,2,2,1,0,0,1,0.0,True,True,DD-K35-01_mptf.conllu,1,0,0
paristišn,NOUN,nsubj,0,0,0,1,1,49,230,wuzurg,ADJ,amod,0,2,3,4,0,1,0,0,1.0,False,False,DD-K35-01_mptf.conllu,0,1,0
paristišn,NOUN,nsubj,0,0,0,1,1,49,276,paymān,NOUN,appos,4,1,3,4,3,1,0,1,1.0,False,False,DD-K35-01_mptf.conllu,0,1,0
paymān,NOUN,appos,0,0,0,1,1,276,6263,abartom,ADV,amod,0,2,2,3,0,0,0,0,0.0,False,False,DD-K35-01_mptf.conllu,1,1,0
paymān,NOUN,appos,0,0,0,1,1,276,62,xwēštan,PRON,nmod,0,1,2,3,1,0,0,1,0.0,False,False,DD-K35-01_mptf.conllu,1,1,0
paymān,NOUN,nsubj,0,0,0,1,1,276,27,āzādīh,NOUN,nmod,1,1,4,1,4,0,0,1,0.5,False,False,DD-K35-01_mptf.conllu,1,0,0
āzādīh,NOUN,nmod,0,0,0,1,1,27,191,dōst,NOUN,nmod,1,1,3,4,3,0,0,1,0.0,False,False,DD-K35-01_mptf.conllu,1,0,0
dōst,NOUN,nmod,0,0,0,1,1,180,7,āfurrāg,NOUN,appos,0,1,1,3,0,0,0,0,0.0,False,False,DD-K35-01_mptf.conllu,0,0,0
must,NOUN,conj:nmod,0,0,0,1,1,50,125,dušmen,NOUN,nmod,1,1,2,1,3,0,0,1,0.0,False,False,DD-K35-01_mptf.conllu,1,0,0
dušmen,NOUN,nmod,0,0,0,1,1,122,9,kōxšīdār,ADJ,amod,0,1,1,3,0,0,0,0,0.0,False,True,DD-K35-01_mptf.conllu,0,1,0
abarestišnayāftārān,NOUN,obl,1,1,0,1,1,2,15,margōmandān,ADJ,amod,0,2,1,2,0,0,0,0,1.0,True,False,DD-K35-01_mptf.conllu,0,1,0
tuxšišn,NOUN,root,0,0,0,1,1,30,460,meh,ADJ,amod,0,2,5,5,0,0,0,0,0.0,True,False,DD-K35-01_mptf.conllu,0,1,0
dahišn,NOUN,obj,0,0,0,1,0,636,499,xwadāy,NOUN,nmod,0,1,2,2,1,0,0,1,0.4,True,False,DD-K35-01_mptf.conllu,1,0,0
stī,NOUN,orphan,0,0,0,0,1,129,2,aǰumbišn,ADJ,amod,0,2,1,1,0,0,0,0,0.0,False,False,DD-K35-01_mptf.conllu,0,1,0
abarrasānīh,NOUN,orphan,0,0,0,1,0,2,569,gannāmēnōy,PROPN,nmod,1,1,2,2,2,0,1,1,0.0,False,False,DD-K35-01_mptf.conllu,1,0,0
mēnōy,NOUN,orphan,0,0,0,0,1,1405,13,awēnišnīg,ADJ,amod,0,2,1,1,0,0,0,0,0.0,False,False,DD-K35-01_mptf.conllu,0,1,0
stī,NOUN,nmod,0,0,0,0,1,129,26,wēnābdāg,ADJ,amod,0,2,1,3,0,0,0,0,0.0,False,False,DD-K35-01_mptf.conllu,0,1,0
nimūnag,NOUN,advcl,0,0,0,1,1,9,31,wēnišnīg,ADJ,amod,0,2,1,1,0,0,0,0,0.0,False,False,DD-K35-01_mptf.conllu,0,1,0
mēnōy,NOUN,nmod,0,0,0,0,1,1405,2,waxšag,ADJ,amod,0,1,2,1,1,0,0,1,0.0,False,False,DD-K35-01_mptf.conllu,0,1,0
tan,NOUN,nmod,0,0,0,1,1,2253,3,rawišnīg,ADJ,amod,0,2,3,1,1,0,0,0,0.0,False,False,DD-K35-01_mptf.conllu,0,1,0
xwadāy,NOUN,xcomp,0,0,0,0,1,494,2253,tan,NOUN,nmod,1,2,4,2,1,0,0,0,0.0,False,False,DD-K35-01_mptf.conllu,1,1,0
xwadāy,NOUN,xcomp,0,0,0,0,1,494,410,nēk,ADJ,amod,0,2,4,2,0,0,0,0,0.0,False,False,DD-K35-01_mptf.conllu,1,1,0
gyān,NOUN,obj,0,0,0,1,1,423,9,zīyēnāg,ADJ,amod,0,1,3,16,0,0,0,0,0.4,False,False,DD-K35-01_mptf.conllu,0,1,0
frawahr,NOUN,conj,0,0,0,1,1,313,5,dārāg,ADJ,amod,0,1,2,2,1,0,0,1,0.0,False,False,DD-K35-01_mptf.conllu,0,1,0
wīr,NOUN,conj,0,0,0,1,1,37,10,ayābāg,ADJ,amod,0,1,2,2,1,0,0,1,0.0,False,False,DD-K35-01_mptf.conllu,0,1,0
ōš,NOUN,conj,0,0,0,1,1,143,4,pāyāg,ADJ,amod,0,1,2,2,1,0,0,1,0.0,False,False,DD-K35-01_mptf.conllu,0,1,0
xrad,NOUN,conj,0,0,0,1,1,654,2,wizīnāg,ADJ,amod,0,1,2,2,1,0,0,1,0.0,False,False,DD-K35-01_mptf.conllu,0,1,0
čihr,NOUN,conj,0,0,0,1,1,173,2,xwadbizešk,ADJ,amod,0,1,2,2,1,0,0,1,0.0,False,False,DD-K35-01_mptf.conllu,0,1,0
zōr,NOUN,conj,0,0,0,1,1,283,23,rāyēnāg,ADJ,amod,0,1,2,2,1,0,0,1,0.0,False,False,DD-K35-01_mptf.conllu,0,1,0
čašm,NOUN,conj,0,0,0,1,1,201,17,dīd,NOUN,nmod,1,1,2,2,1,0,0,0,0.0,False,True,DD-K35-01_mptf.conllu,1,0,0
gōš,NOUN,conj,0,0,0,1,1,96,3,āšnūd,NOUN,nmod,1,1,2,2,1,0,0,0,0.0,False,True,DD-K35-01_mptf.conllu,1,0,0
wēnīg,NOUN,conj,0,0,1,1,1,57,2,hambōyīd,NOUN,nmod,1,1,2,2,1,0,0,0,0.0,False,True,DD-K35-01_mptf.conllu,1,0,0
dahān,NOUN,conj,0,0,0,1,1,104,723,dānistan,NOUN,nmod,2,1,2,2,2,0,0,0,0.0,False,True,DD-K35-01_mptf.conllu,1,0,0
dānistan,NOUN,nmod,0,0,0,1,1,35,50,mizag,NOUN,nmod,0,2,1,2,0,0,0,0,0.0,True,False,DD-K35-01_mptf.conllu,1,0,0
kirb,NOUN,conj,0,0,0,1,1,204,5,ōšmārdan,NOUN,nmod,2,1,2,2,2,0,0,0,0.0,False,True,DD-K35-01_mptf.conllu,1,0,0
ōšmārdan,NOUN,nmod,0,0,0,1,1,3,2,pahrmāyišn,NOUN,nmod,0,2,1,2,0,0,0,0,0.0,True,True,DD-K35-01_mptf.conllu,1,0,0
dil,NOUN,conj,0,0,0,1,1,95,2,menīd,NOUN,nmod,1,1,2,2,1,0,0,0,0.0,False,True,DD-K35-01_mptf.conllu,1,0,0
uzwān,NOUN,conj,0,0,0,1,1,98,6528,guftan,NOUN,nmod,1,1,2,1,1,0,0,0,0.0,False,True,DD-K35-01_mptf.conllu,1,0,0
dast,NOUN,conj,0,0,0,1,1,477,349,warzīdan,NOUN,nmod,1,1,2,2,1,0,0,0,0.0,False,True,DD-K35-01_mptf.conllu,1,0,0
pāy,NOUN,conj,0,0,0,0,1,235,599,raftan,NOUN,nmod,1,1,2,1,1,0,0,0,0.0,False,True,DD-K35-01_mptf.conllu,1,0,0
ēd,PRON,conj,0,0,0,1,1,1764,2,pōyādan,NOUN,nmod,1,1,2,1,1,0,0,0,0.0,False,True,DD-K35-01_mptf.conllu,1,0,0
pōyādan,NOUN,nmod,0,1,0,1,1,2,66,waxšišnān,NOUN,nmod,0,2,1,1,0,0,0,0,0.0,True,True,DD-K35-01_mptf.conllu,1,0,0
dārišn,NOUN,obl,0,0,0,1,1,399,107,rawāg,ADJ,amod,0,1,1,1,0,0,0,0,1.0,True,False,DD-K35-01_mptf.conllu,0,1,0
mardōmān,NOUN,obl,1,0,0,1,1,2713,2,windādār,ADJ,amod,0,2,1,2,0,0,0,0,0.3333333333333333,False,True,DD-K35-01_mptf.conllu,0,1,0
bowandagīh,NOUN,obj,0,0,0,1,1,59,465,rāst,ADJ,amod,0,2,2,3,0,0,0,0,0.5,False,False,DD-K35-01_mptf.conllu,0,2,0
bowandagīh,NOUN,obj,0,0,0,1,1,59,2375,xwēš,PRON,amod,0,1,2,3,1,0,0,1,0.5,False,False,DD-K35-01_mptf.conllu,0,2,0
wimand,NOUN,conj,0,0,0,1,1,91,132,druyist,ADJ,amod,0,2,1,2,0,0,0,0,0.0,False,False,DD-K35-01_mptf.conllu,0,1,0
xwadāyīh,NOUN,obj,0,0,0,1,1,638,6263,abartom,ADV,amod,0,2,2,2,0,0,0,0,0.6666666666666666,False,False,DD-K35-01_mptf.conllu,1,1,0
xwadāyīh,NOUN,obj,0,0,0,1,1,638,1006,dādār,NOUN,nmod,0,1,2,2,1,0,0,1,0.6666666666666666,False,True,DD-K35-01_mptf.conllu,1,1,0
rawāggarīh,NOUN,obl,0,0,0,1,1,5,335,kām,NOUN,nmod,1,1,2,2,2,0,0,1,0.8333333333333334,False,False,DD-K35-01_mptf.conllu,1,0,0
kām,NOUN,nmod,0,0,0,1,1,335,18258,=š,PRON,nmod,0,2,1,2,0,0,0,0,0.0,False,False,DD-K35-01_mptf.conllu,1,0,0
dōst,NOUN,conj,0,0,0,1,1,180,8,wispweh,ADJ,amod,0,2,3,8,0,0,0,0,0.0,False,False,DD-K35-01_mptf.conllu,0,1,0
stāyīdār,NOUN,conj,0,0,0,1,1,21,244,abēzag,ADJ,amod,0,2,1,1,0,0,0,0,0.0,True,False,DD-K35-01_mptf.conllu,0,1,0
dōstīh,NOUN,conj,0,0,0,1,1,113,244,abēzag,ADJ,amod,0,1,5,2,1,0,0,1,0.0,False,False,DD-K35-01_mptf.conllu,0,1,0
stāyīdārīh,NOUN,conj,0,0,0,1,1,18,244,abēzag,ADJ,amod,0,1,5,2,0,0,0,0,0.0,False,False,DD-K35-01_mptf.conllu,0,1,0
spāsdārīh,NOUN,nsubj,0,0,0,1,1,42,244,abēzag,ADJ,amod,0,1,2,1,1,0,0,1,0.5294117647058824,False,False,DD-K35-01_mptf.conllu,0,1,0
wizīr,NOUN,nsubj,0,0,0,1,1,331,41,wābarīgān,ADJ,amod,0,2,2,5,0,0,0,0,0.8235294117647058,False,False,DD-K35-01_mptf.conllu,0,1,0
dōstīh,NOUN,conj,0,0,0,1,1,113,244,abēzag,ADJ,amod,0,2,1,3,0,0,0,0,0.0,False,False,DD-K35-01_mptf.conllu,0,1,0
spāsdārīh,NOUN,conj,0,0,0,1,1,42,74,čimīg,ADJ,amod,0,2,1,2,0,0,0,0,0.0,False,False,DD-K35-01_mptf.conllu,0,1,0
wehīh,NOUN,nsubj,0,0,0,1,1,396,24,ōšmurd,ADJ,amod,0,1,2,3,1,1,0,1,0.25,False,True,DD-K35-01_mptf.conllu,0,1,0
grift,NOUN,acl:relcl,0,0,0,1,1,10,52,dānišnīg,ADJ,amod,0,2,3,5,0,0,0,0,0.0,True,False,DD-K35-01_mptf.conllu,0,1,0
hištan,NOUN,conj,0,0,0,1,1,67,52,dānišnīg,ADJ,amod,0,2,1,2,0,0,0,0,0.0,True,False,DD-K35-01_mptf.conllu,0,1,0
abzār,NOUN,nsubj,0,0,0,1,1,315,18258,=š,PRON,nmod,0,2,1,1,0,0,0,0,1.0,True,False,DD-K35-01_mptf.conllu,1,0,0
tuxšāgīh,NOUN,conj,0,0,0,1,1,106,249,frārōn,ADJ,amod,0,2,1,2,0,0,0,0,0.0,False,False,DD-K35-01_mptf.conllu,0,1,0
dastwar,NOUN,nsubj,0,0,0,1,1,480,18258,=š,PRON,nmod,0,2,1,1,0,0,0,0,1.0,False,False,DD-K35-01_mptf.conllu,1,0,0
rāyēnīdārīh,NOUN,nmod,0,0,0,1,1,74,16587,ān,DET,nmod,0,1,3,3,0,0,0,0,0.0,False,False,DD-K35-01_mptf.conllu,2,0,0
rāyēnīdārīh,NOUN,nmod,0,0,0,1,1,74,2158,dēn,NOUN,nmod,2,1,3,3,2,0,0,0,0.0,False,False,DD-K35-01_mptf.conllu,2,0,0
dēn,NOUN,nmod,0,1,0,1,1,2149,1407,yazadān,NOUN,nmod,0,1,2,2,1,0,0,1,0.0,False,False,DD-K35-01_mptf.conllu,1,0,0
dāštan,NOUN,root,0,0,0,1,1,28,74,rāyēnīdārīh,NOUN,nmod,5,2,4,6,3,1,0,1,0.0,True,False,DD-K35-01_mptf.conllu,1,0,0
bun,NOUN,nsubj,0,0,0,1,1,959,18258,=š,PRON,nmod,0,2,1,1,0,0,0,0,1.0,False,False,DD-K35-01_mptf.conllu,1,0,0
abēzagmenišnīh,NOUN,root,0,0,0,1,1,3,396,wehīh,NOUN,nmod,3,1,2,5,2,0,0,0,0.0,True,False,DD-K35-01_mptf.conllu,1,0,0
pēšēnīgān,NOUN,nsubj,1,1,0,1,1,43,140,dēnīgān,NOUN,nmod,0,1,1,1,0,0,0,0,0.14285714285714285,False,False,DD-K35-01_mptf.conllu,1,0,0
wehīh,NOUN,obj,0,0,0,1,1,396,21,wahmanīg,ADJ,amod,0,2,2,2,1,1,0,1,0.42857142857142855,False,False,DD-K35-01_mptf.conllu,0,1,0
mēnōy,NOUN,nsubj,0,0,0,0,1,1405,1864,weh,ADJ,amod,0,2,2,2,1,1,0,1,0.8571428571428571,False,False,DD-K35-01_mptf.conllu,0,1,0
rāh,NOUN,obj,0,0,0,1,1,587,465,rāst,ADJ,amod,0,1,2,1,1,0,0,1,1.0,False,False,DD-K35-01_mptf.conllu,0,1,0
rāh,NOUN,obl,0,0,0,1,1,587,465,rāst,ADJ,amod,0,1,2,2,1,0,0,1,0.5,False,False,DD-K35-01_mptf.conllu,0,1,0
kām,NOUN,obj,0,0,0,1,1,335,1006,dādār,NOUN,nmod,0,1,2,1,1,0,0,1,1.0,False,True,DD-K35-01_mptf.conllu,1,0,0
kāmišngarīh,NOUN,obl,0,0,0,1,1,20,1006,dādār,NOUN,nmod,0,1,2,2,1,0,0,1,0.5,False,True,DD-K35-01_mptf.conllu,1,0,0
nēkīh,NOUN,ccomp,0,0,0,1,1,529,7,frašgirdīg,ADJ,nmod,0,1,2,2,1,0,0,1,0.0,False,False,DD-K35-01_mptf.conllu,1,0,0
mard,NOUN,nsubj,0,0,0,1,0,2067,50,ašō,ADJ,amod,0,1,2,1,1,0,0,1,0.25,False,False,DD-K35-01_mptf.conllu,0,1,0
nēfrēbīhist,NOUN,obl,0,0,0,1,1,1,18258,=š,PRON,nmod,3,2,2,3,0,0,0,0,1.0,True,False,DD-K35-01_mptf.conllu,2,0,0
nēfrēbīhist,NOUN,obl,0,0,0,1,1,1,915,druz,NOUN,nmod,1,1,2,3,2,0,0,1,1.0,True,False,DD-K35-01_mptf.conllu,2,0,0
druz,NOUN,nmod,0,0,0,1,1,911,2,hāzāngar,ADJ,amod,0,2,1,2,0,0,0,0,0.0,False,False,DD-K35-01_mptf.conllu,0,1,0
wizīdārīh,NOUN,obl,0,0,0,1,1,14,654,xrad,NOUN,nmod,1,1,3,3,1,0,0,0,0.5,False,False,DD-K35-01_mptf.conllu,2,0,0
wizīdārīh,NOUN,obl,0,0,0,1,1,14,335,kām,NOUN,nmod,4,1,3,3,2,0,0,0,0.5,False,False,DD-K35-01_mptf.conllu,2,0,0
kām,NOUN,nmod,0,0,0,1,1,335,1006,dādār,NOUN,nmod,0,2,2,2,1,1,0,1,0.0,False,True,DD-K35-01_mptf.conllu,1,0,0
pursišn,NOUN,advcl,0,0,0,1,1,369,334,sidīgar,ADJ,amod,0,2,1,1,0,0,0,0,0.0,True,False,DD-K35-01_mptf.conllu,0,1,0
mard,NOUN,obl,0,0,0,1,0,2067,50,ašō,ADJ,amod,0,1,2,1,1,0,0,1,0.3333333333333333,False,False,DD-K35-01_mptf.conllu,0,1,0
kāmišngarīh,NOUN,root,0,0,0,1,1,20,595,mazdēsn,ADJ,nmod,0,2,2,7,0,0,0,0,0.0,False,False,DD-K35-01_mptf.conllu,2,0,0
kāmišngarīh,NOUN,root,0,0,0,1,1,20,1006,dādār,NOUN,nmod,0,1,2,7,1,0,0,1,0.0,False,True,DD-K35-01_mptf.conllu,2,0,0
rāh,NOUN,nsubj,0,0,0,1,1,587,22,kāmišngarīh,NOUN,nmod,1,1,3,1,3,0,0,1,1.0,False,False,DD-K35-01_mptf.conllu,1,0,0
kāmišngarīh,NOUN,nmod,0,0,0,1,1,20,1006,dādār,NOUN,nmod,0,1,2,3,1,0,0,1,0.0,False,True,DD-K35-01_mptf.conllu,1,0,0
šnāyišn,NOUN,csubj,0,0,0,1,1,97,335,kām,NOUN,nmod,1,1,4,3,2,0,0,1,0.0,True,False,DD-K35-01_mptf.conllu,1,0,0
kām,NOUN,nmod,0,0,0,1,1,335,18258,=š,PRON,nmod,0,2,1,2,0,0,0,0,0.0,False,False,DD-K35-01_mptf.conllu,1,0,0
xrad,NOUN,obl,0,0,0,1,1,654,132,druyist,ADJ,amod,0,1,2,2,1,0,0,1,1.0,False,False,DD-K35-01_mptf.conllu,0,1,0
kām,NOUN,obj,0,1,0,1,1,335,1407,yazadān,NOUN,nmod,1,1,2,1,2,0,0,1,1.0,False,False,DD-K35-01_mptf.conllu,1,0,0
yazadān,NOUN,nmod,1,1,0,1,1,1403,1550,mēnōyān,ADJ,amod,0,2,1,2,0,0,0,0,0.0,False,False,DD-K35-01_mptf.conllu,0,1,0
dēn,NOUN,conj,0,0,0,1,1,2149,465,rāst,ADJ,amod,0,1,4,4,1,0,0,1,0.0,False,False,DD-K35-01_mptf.conllu,0,2,0
dēn,NOUN,conj,0,0,0,1,1,2149,244,abēzag,ADJ,amod,1,1,4,4,1,0,0,1,0.0,False,False,DD-K35-01_mptf.conllu,0,2,0
dānišn,NOUN,acl:relcl,0,1,0,1,1,274,1550,mēnōyān,NOUN,nmod,0,2,3,6,0,0,0,0,0.0,True,False,DD-K35-01_mptf.conllu,1,0,0
frahang,NOUN,conj,0,1,0,1,1,77,81,frahangān,NOUN,nmod,0,2,1,1,0,0,0,0,0.0,False,False,DD-K35-01_mptf.conllu,1,0,0
awestādīh,NOUN,conj,0,1,0,1,1,6,6,awestādīhān,NOUN,nmod,0,2,1,2,0,0,0,0,0.0,False,False,DD-K35-01_mptf.conllu,1,0,0
tōhmag,NOUN,conj,0,1,0,1,1,223,2,wispdānišnān,NOUN,nmod,0,1,2,2,1,0,0,1,0.0,False,False,DD-K35-01_mptf.conllu,1,0,0
dēn,NOUN,nmod,0,0,0,1,1,2149,244,abēzag,ADJ,amod,0,2,2,3,0,0,0,0,0.0,False,False,DD-K35-01_mptf.conllu,1,1,0
dēn,NOUN,nmod,0,1,0,1,1,2149,595,mazdēsnān,NOUN,nmod,0,1,2,3,1,0,0,1,0.0,False,False,DD-K35-01_mptf.conllu,1,1,0
rawāgīh,NOUN,nsubj,0,0,0,1,1,137,2158,dēn,NOUN,nmod,1,2,3,3,3,1,0,1,0.16666666666666666,False,False,DD-K35-01_mptf.conllu,1,0,0
mard,NOUN,root,0,0,0,1,0,2067,50,ašō,ADJ,amod,0,1,5,6,1,0,0,1,0.0,False,False,DD-K35-01_mptf.conllu,0,1,0
zardušt,PROPN,vocative,0,0,0,1,1,1746,359,spitāmān,PROPN,nmod,0,2,1,1,0,0,1,0,0.8333333333333334,False,False,DD-K35-01_mptf.conllu,1,0,0
mard,NOUN,obj,0,0,0,1,0,2067,50,ašō,ADJ,amod,0,1,2,2,1,0,0,1,1.0,False,False,DD-K35-01_mptf.conllu,0,2,0
mard,NOUN,obj,0,0,0,1,1,2067,3,kirdxrad,ADJ,amod,1,1,2,2,1,0,0,1,1.0,False,False,DD-K35-01_mptf.conllu,0,2,0
dēn,NOUN,obj,0,0,0,1,1,2149,2,hamōšmur,ADJ,amod,0,2,2,2,0,0,0,0,0.4,False,False,DD-K35-01_mptf.conllu,0,1,0
frašegird,NOUN,acl:relcl,0,0,0,1,1,243,16,hutāšīd,ADJ,amod,0,2,1,2,0,0,0,0,0.0,False,False,DD-K35-01_mptf.conllu,0,1,0
gēhān,NOUN,nsubj:pass,0,0,0,1,1,1249,1488,ahlāyīh,NOUN,nmod,0,2,2,2,1,1,0,1,0.0,False,False,DD-K35-01_mptf.conllu,1,0,0
xrad,NOUN,nsubj,0,0,0,1,1,654,662,pahlom,ADJ,amod,0,2,1,1,0,0,0,0,0.6666666666666666,False,False,DD-K35-01_mptf.conllu,0,1,0
dēn,NOUN,conj,0,0,0,1,1,2149,244,abēzag,ADJ,amod,0,1,3,4,1,0,0,1,0.0,False,False,DD-K35-01_mptf.conllu,0,1,0
rawāgīh,NOUN,nsubj,0,0,0,1,1,137,18258,=š,PRON,nmod,0,2,1,1,0,0,0,0,0.7777777777777778,False,False,DD-K35-01_mptf.conllu,1,0,0
mehīh,NOUN,nsubj,0,1,0,1,1,75,2069,mardān,NOUN,nmod,1,1,6,1,3,0,0,0,0.8888888888888888,False,False,DD-K35-01_mptf.conllu,1,0,0
mardān,NOUN,nmod,1,1,0,1,1,2067,55,pāšomān,ADJ,amod,0,2,5,3,0,0,0,0,0.0,False,False,DD-K35-01_mptf.conllu,0,2,0
mardān,NOUN,nmod,1,1,0,1,1,2067,50,ašōwān,ADJ,amod,0,1,5,3,1,0,0,1,0.0,False,False,DD-K35-01_mptf.conllu,0,2,0
pursišn,NOUN,advcl,0,0,0,1,1,369,157,čahārom,ADJ,amod,0,2,1,1,0,0,0,0,0.0,True,False,DD-K35-01_mptf.conllu,0,1,0
āhōg,NOUN,conj,0,1,0,1,1,145,3,kārān,NOUN,nmod,1,1,2,2,2,0,0,1,0.0,False,False,DD-K35-01_mptf.conllu,1,0,0
kārān,NOUN,nmod,1,0,0,1,1,3,735,wehdēn,NOUN,amod,0,2,1,2,0,0,0,0,0.0,False,False,DD-K35-01_mptf.conllu,0,1,0
dādestān,NOUN,nsubj,0,0,0,1,1,587,18258,=š,PRON,nmod,0,2,1,1,0,0,0,0,1.0,False,False,DD-K35-01_mptf.conllu,1,0,0
dēn,NOUN,obl,0,1,0,1,1,2149,595,mazdēsnān,NOUN,nmod,0,1,2,2,1,0,0,1,0.16666666666666666,False,False,DD-K35-01_mptf.conllu,1,0,0
bēš,NOUN,acl:relcl,0,0,0,1,1,176,18258,=š,PRON,nmod,2,2,5,4,0,0,0,0,0.0,False,False,DD-K35-01_mptf.conllu,1,0,0
wizārišn,NOUN,nsubj:outer,0,0,0,1,1,117,18258,=iš,PRON,nmod,1,2,1,2,0,1,0,0,0.0,True,False,DD-K35-01_mptf.conllu,1,0,0
pāddāšn,NOUN,obl,0,0,0,1,1,123,18258,=š,PRON,nmod,2,2,1,3,0,1,0,0,0.3,False,False,DD-K35-01_mptf.conllu,1,0,0
dēn,NOUN,obj,0,0,0,1,1,2149,1864,weh,ADJ,amod,0,1,1,1,0,0,0,0,1.0,False,False,DD-K35-01_mptf.conllu,0,1,0
dāšt,NOUN,obl,0,0,0,1,1,5,735,wehdēn,NOUN,nmod,0,2,2,2,1,0,0,0,0.6,True,False,DD-K35-01_mptf.conllu,1,0,0
hamēstārān,NOUN,obl,1,0,0,1,1,106,2158,dēn,NOUN,nmod,0,1,2,2,1,0,0,1,0.8,True,False,DD-K35-01_mptf.conllu,1,0,0
mihr,NOUN,obl,0,0,0,1,1,289,2158,dēn,NOUN,nmod,0,1,2,2,1,0,0,1,1.0,False,False,DD-K35-01_mptf.conllu,1,0,0
šnāyišn,NOUN,conj,0,0,0,1,1,97,30,urwāhm,ADJ,amod,0,1,2,6,1,0,0,1,0.0,True,False,DD-K35-01_mptf.conllu,0,1,0
nēkīh,NOUN,nsubj,0,1,0,1,1,529,1864,wehān,NOUN,nmod,0,1,2,2,1,0,0,1,1.0,False,False,DD-K35-01_mptf.conllu,1,0,0
čim,NOUN,nsubj,0,0,0,1,1,374,18258,=š,PRON,nmod,0,2,1,1,0,0,0,0,1.0,False,False,DD-K35-01_mptf.conllu,1,0,0
wihān,NOUN,conj,0,0,0,1,1,110,167,rasišn,NOUN,nmod,0,1,2,2,1,0,0,1,0.0,False,True,DD-K35-01_mptf.conllu,1,0,0
rasišn,NOUN,nsubj,0,0,0,1,1,166,366,anāgīh,NOUN,nmod,0,1,2,1,1,0,0,1,0.25,True,False,DD-K35-01_mptf.conllu,1,0,0
dēwān,NOUN,obl,1,1,0,1,1,1336,2,anāgīhbaxtārān,NOUN,appos,0,1,1,2,0,0,0,0,0.75,False,True,DD-K35-01_mptf.conllu,0,0,0
wattarān,NOUN,obl,1,1,0,1,1,148,4,anāgīhkirdārān,NOUN,appos,0,1,1,2,0,0,0,0,1.0,False,True,DD-K35-01_mptf.conllu,0,0,0
anāgīh,NOUN,conj,0,1,0,1,1,365,444,wattarān,NOUN,nmod,1,1,2,2,2,0,0,1,0.0,False,False,DD-K35-01_mptf.conllu,1,0,0
ān,PRON,nsubj,0,1,0,1,1,1928,1864,wehān,NOUN,nmod,1,1,2,1,2,0,0,1,0.75,False,False,DD-K35-01_mptf.conllu,1,0,0
rasišn,NOUN,nmod,0,0,0,1,1,166,18258,=š,PRON,nmod,3,2,1,1,0,0,0,0,0.0,True,False,DD-K35-01_mptf.conllu,1,0,0
ēwēnag,NOUN,nsubj,0,0,0,1,1,782,167,rasišn,NOUN,nmod,0,2,2,1,1,0,0,0,1.0,False,True,DD-K35-01_mptf.conllu,1,0,0
pādifrāh,NOUN,conj,0,0,0,1,0,215,1550,mēnōy,NOUN,nmod,1,1,2,1,2,0,0,1,0.0,False,False,DD-K35-01_mptf.conllu,1,0,0
tars,NOUN,obl,0,0,0,1,1,40,132,dard,NOUN,nmod,1,1,4,2,3,0,0,1,0.25,False,False,DD-K35-01_mptf.conllu,1,0,0
pādifrāh,NOUN,conj:nmod,0,0,0,1,1,215,371,dušox,PROPN,nmod,1,1,2,2,2,0,1,1,0.0,False,False,DD-K35-01_mptf.conllu,1,0,0
āsānīh,NOUN,obj,0,0,0,1,0,94,1135,gētī,NOUN,nmod,3,1,2,2,2,0,0,1,0.375,False,False,DD-K35-01_mptf.conllu,1,0,0
ēmēd,NOUN,obl,0,0,0,1,1,68,94,āsānīh,NOUN,nmod,2,1,3,2,5,0,0,1,0.625,False,False,DD-K35-01_mptf.conllu,1,0,0
āsānīh,NOUN,nmod,0,0,0,1,1,94,170,wahišt,PROPN,nmod,3,1,2,5,2,1,1,1,0.0,False,False,DD-K35-01_mptf.conllu,1,0,0
frārōnīhwarzīdārīh,NOUN,obl,0,0,0,1,1,1,520,menišn,NOUN,nmod,1,1,2,2,4,0,0,1,0.875,False,True,DD-K35-01_mptf.conllu,1,0,0
ruzdīh,NOUN,obl,0,0,0,1,1,6,366,rāmišn,NOUN,nmod,1,1,4,2,4,0,0,1,0.4,False,False,DD-K35-01_mptf.conllu,1,0,0
rāmišn,NOUN,nmod,0,0,0,1,1,359,27,zamānīg,ADJ,amod,0,1,3,4,1,0,0,1,0.0,False,False,DD-K35-01_mptf.conllu,0,1,0
rāmišn,NOUN,nmod,0,0,0,1,1,359,366,rāmišn,NOUN,appos,4,1,3,4,4,0,0,0,0.0,False,False,DD-K35-01_mptf.conllu,0,1,0
rāmišn,NOUN,appos,0,0,0,1,0,359,5,abārōnīhā,ADV,amod,0,1,2,4,1,1,0,1,0.0,False,False,DD-K35-01_mptf.conllu,0,1,0
rāh,NOUN,xcomp,0,0,0,1,1,587,170,wahišt,PROPN,nmod,1,1,2,3,2,0,1,1,0.0,False,False,DD-K35-01_mptf.conllu,1,0,0
pursišn,NOUN,advcl,0,0,0,1,1,369,389,šašom,ADJ,amod,0,2,1,1,0,0,0,0,0.0,True,False,DD-K35-01_mptf.conllu,0,1,0
amāh,PRON,obj,1,0,0,1,1,610,2716,mardōm,NOUN,appos,0,1,1,1,0,0,0,0,0.3333333333333333,False,False,DD-K35-01_mptf.conllu,0,0,0
pāyišn,NOUN,obl,0,0,0,1,1,18,369,pursišn,NOUN,nmod,1,1,2,3,2,0,0,1,0.2,True,True,DD-K35-01_mptf.conllu,1,0,0
kāmišngarīh,NOUN,conj,0,0,0,1,1,20,1006,dādār,NOUN,nmod,0,1,2,2,1,0,0,1,0.0,False,True,DD-K35-01_mptf.conllu,1,0,0
winnārdan,NOUN,conj,0,0,0,1,1,9,32,nēkrawišnīh,NOUN,nmod,3,1,6,3,5,0,0,1,0.0,True,True,DD-K35-01_mptf.conllu,1,0,0
nēkrawišnīh,NOUN,nmod,0,0,0,1,1,32,51,akanārag,ADJ,amod,1,2,5,5,1,1,0,1,0.0,True,False,DD-K35-01_mptf.conllu,1,1,0
nēkrawišnīh,NOUN,nmod,0,1,0,1,1,32,1175,dāmān,NOUN,nmod,0,1,5,5,2,1,0,1,0.0,True,False,DD-K35-01_mptf.conllu,1,1,0
bīm,NOUN,nsubj,0,1,0,1,1,301,18258,=š,PRON,nmod,0,2,2,3,0,0,0,0,0.8,False,False,DD-K35-01_mptf.conllu,1,0,0
spurrpādixšā,NOUN,obl,0,0,0,0,1,3,1006,dādār,NOUN,appos,0,1,2,2,1,0,0,1,1.0,False,True,DD-K35-01_mptf.conllu,0,0,0
druz,NOUN,root,0,0,0,1,0,911,17,apādixšā,ADJ,amod,0,2,5,4,0,0,0,0,0.0,False,False,DD-K35-01_mptf.conllu,0,1,0
nēkrawišnīh,NOUN,obl,0,0,0,1,1,32,54,dāmdahišnīh,NOUN,nmod,0,1,2,3,1,0,0,1,0.2,True,True,DD-K35-01_mptf.conllu,1,0,0
kāmišngarīh,NOUN,obl,0,0,0,1,1,20,6,mehēnišn,NOUN,nmod,2,1,3,2,4,0,0,1,1.0,False,True,DD-K35-01_mptf.conllu,1,0,0
mehēnišn,NOUN,nmod,0,0,0,1,1,6,639,xwadāyīh,NOUN,nmod,1,1,2,4,2,0,0,1,0.0,True,False,DD-K35-01_mptf.conllu,1,0,0
xwadāyīh,NOUN,nmod,0,0,0,1,1,638,18258,=š,PRON,nmod,0,2,1,2,0,0,0,0,0.0,False,False,DD-K35-01_mptf.conllu,1,0,0
bowandagīh,NOUN,obj,0,0,0,1,1,59,465,rāst,ADJ,amod,0,2,3,3,0,0,0,0,1.0,False,False,DD-K35-01_mptf.conllu,0,2,0
bowandagīh,NOUN,obj,0,0,0,1,1,59,2375,xwēš,PRON,amod,0,1,3,3,0,0,0,0,1.0,False,False,DD-K35-01_mptf.conllu,0,2,0
xwadāyīh,NOUN,conj,0,0,0,1,1,638,6263,abartom,ADV,amod,0,2,2,2,0,0,0,0,0.0,False,False,DD-K35-01_mptf.conllu,1,1,0
xwadāyīh,NOUN,conj,0,0,0,1,1,638,1006,dādār,NOUN,nmod,0,1,2,2,1,0,0,1,0.0,False,True,DD-K35-01_mptf.conllu,1,1,0
rāh,NOUN,nsubj,0,0,0,1,1,587,59,bowandagīh,NOUN,nmod,3,1,2,1,4,0,0,1,0.25,False,False,DD-K35-01_mptf.conllu,1,0,0
bowandagīh,NOUN,nmod,0,0,0,1,1,59,465,rāst,ADJ,amod,0,2,1,4,0,1,0,0,0.0,False,False,DD-K35-01_mptf.conllu,0,1,0
widarg,NOUN,nsubj,0,0,0,1,1,84,18258,=š,PRON,nmod,1,1,2,1,2,0,0,1,0.5,False,False,DD-K35-01_mptf.conllu,1,0,0
mēnōy,NOUN,obj,0,0,0,0,1,1405,1864,weh,ADJ,amod,0,2,1,2,0,0,0,0,0.75,False,False,DD-K35-01_mptf.conllu,0,1,0
axw,NOUN,obl,0,0,0,0,0,366,1925,tō,PRON,nmod,0,1,2,2,1,0,0,1,0.8333333333333334,False,False,DD-K35-01_mptf.conllu,1,0,0
abāgenā,NOUN,ccomp,0,0,0,0,1,2,244,abēzag,ADJ,amod,0,2,3,5,0,0,0,0,0.0,False,False,DD-K35-01_mptf.conllu,0,1,0
axw,NOUN,obl,0,0,0,0,0,366,1925,tō,PRON,nmod,0,1,2,2,1,0,0,1,0.5,False,False,DD-K35-01_mptf.conllu,1,0,0
pursišn,NOUN,advcl,0,0,0,1,1,369,95,haftom,ADJ,amod,0,2,1,1,0,0,0,0,0.0,True,False,DD-K35-01_mptf.conllu,0,1,0
widerānbūdan,NOUN,obl,0,0,0,1,0,2,18258,ōy,PRON,nmod,0,1,2,3,1,0,0,1,0.2,True,False,DD-K35-01_mptf.conllu,1,0,0
šab,NOUN,obl,0,0,0,1,1,434,334,sidīgar,ADV,amod,0,1,2,2,1,0,0,1,0.7,False,False,DD-K35-01_mptf.conllu,0,1,0
dast,NOUN,obl,0,0,0,1,1,477,2375,xwēš,PRON,amod,0,1,2,2,1,0,0,1,1.0,False,False,DD-K35-01_mptf.conllu,0,1,0
ōy,PRON,nsubj,0,0,0,0,1,18107,4,bēwidardag,ADJ,appos,0,1,2,1,1,0,0,1,0.4166666666666667,False,True,DD-K35-01_mptf.conllu,0,0,0
padīrišn,NOUN,obl,0,0,0,1,1,34,1092,kas,PRON,nmod,1,1,2,2,2,0,0,1,0.75,True,False,DD-K35-01_mptf.conllu,1,0,0
abzōn,NOUN,obl,0,0,0,1,1,107,746,gāh,NOUN,nmod,0,1,2,3,1,0,0,1,1.0,False,False,DD-K35-01_mptf.conllu,1,0,0
āmār,NOUN,obl,0,0,0,1,1,199,55,sidōš,PROPN,nmod,0,1,3,5,1,0,1,1,0.6,True,False,DD-K35-01_mptf.conllu,1,0,0
rāmišn,NOUN,obl,0,0,0,1,1,359,1226,ruwān,NOUN,nmod,0,1,2,3,1,0,0,1,1.0,False,False,DD-K35-01_mptf.conllu,1,0,0
ōy,PRON,nsubj,0,0,0,0,1,18107,33,widordag,NOUN,appos,0,1,2,1,1,0,0,1,0.2857142857142857,False,True,DD-K35-01_mptf.conllu,0,0,0
zīndagīh,NOUN,obl,0,0,0,1,1,156,2375,xwēš,PRON,amod,0,1,2,2,1,0,0,1,0.42857142857142855,False,False,DD-K35-01_mptf.conllu,0,1,0
bunkirdār,NOUN,conj,0,0,0,1,1,4,2,ruwānwarzīdārīh,NOUN,nmod,2,1,2,4,1,0,0,1,0.0,True,False,DD-K35-01_mptf.conllu,1,0,0
rāmēnīdārīh,NOUN,obl,0,0,0,1,1,34,1226,ruwān,NOUN,nmod,1,1,2,3,2,0,0,1,1.0,False,False,DD-K35-01_mptf.conllu,1,0,0
ruwān,NOUN,nmod,0,0,0,1,1,1224,18258,=š,PRON,nmod,0,2,1,2,0,0,0,0,0.0,False,False,DD-K35-01_mptf.conllu,1,0,0
bun,NOUN,nsubj,0,0,0,1,1,959,85,spās,NOUN,nmod,0,1,3,2,0,0,0,0,1.0,False,False,DD-K35-01_mptf.conllu,1,0,0
framūdār,NOUN,conj,0,0,0,1,1,6,2,xwēšīgkirbagīh,NOUN,nmod,1,1,2,2,1,0,0,0,0.0,True,False,DD-K35-01_mptf.conllu,1,0,0
ōy,PRON,obl,0,0,0,0,1,18107,71,kirdār,NOUN,nmod,0,1,2,2,1,0,0,1,1.0,False,True,DD-K35-01_mptf.conllu,1,0,0
āmār,NOUN,obl,0,0,0,1,1,199,1226,ruwān,NOUN,nmod,0,1,2,2,1,0,0,1,0.5,True,False,DD-K35-01_mptf.conllu,1,0,0
dast,NOUN,obl,0,0,0,1,1,477,2375,xwēš,PRON,amod,0,1,2,2,1,0,0,1,0.6666666666666666,False,False,DD-K35-01_mptf.conllu,0,1,0
hangōšīdag,NOUN,nsubj,0,0,0,1,1,95,18258,=š,PRON,nmod,0,2,1,1,0,0,0,0,0.125,True,False,DD-K35-01_mptf.conllu,1,0,0
dast,NOUN,obj,0,0,0,1,1,477,219,wastarg,NOUN,nmod,1,2,3,3,1,0,0,0,0.375,False,False,DD-K35-01_mptf.conllu,1,2,1
dast,NOUN,obj,0,0,0,1,1,477,48,hučihr,ADJ,amod,0,1,3,3,2,0,0,1,0.375,False,False,DD-K35-01_mptf.conllu,1,2,0
dast,NOUN,obj,0,0,0,1,1,477,2375,xwēš,PRON,amod,3,1,3,3,0,0,0,0,0.375,False,False,DD-K35-01_mptf.conllu,1,2,0
dast,NOUN,obj,0,0,0,1,1,477,219,wastarg,NOUN,nmod,1,2,3,2,1,0,0,0,0.75,False,False,DD-K35-01_mptf.conllu,1,1,1
dast,NOUN,obj,0,0,0,1,1,477,2375,xwēš,PRON,amod,2,1,3,2,2,0,0,1,0.75,False,False,DD-K35-01_mptf.conllu,1,1,0
pursišn,NOUN,advcl,0,0,0,1,1,369,56,haštom,ADJ,amod,0,2,1,1,0,0,0,0,0.0,True,False,DD-K35-01_mptf.conllu,0,1,0
ranǰkird,NOUN,obl,0,0,0,1,1,1,1100,xwāstag,NOUN,nmod,0,2,2,3,1,0,0,0,0.9,False,True,DD-K35-01_mptf.conllu,1,1,0
ranǰkird,NOUN,obl,0,0,0,1,1,1,2375,xwēš,PRON,amod,0,1,2,3,1,0,0,1,0.9,False,False,DD-K35-01_mptf.conllu,1,1,0
xwāstag,NOUN,obl,0,0,0,1,1,1099,2375,xwēš,PRON,amod,0,1,2,2,1,0,0,1,0.3333333333333333,True,False,DD-K35-01_mptf.conllu,0,1,0
framāyišn,NOUN,obl,0,0,0,1,0,19,18258,ōy,PRON,nmod,0,1,2,2,1,0,0,1,0.8333333333333334,True,False,DD-K35-01_mptf.conllu,1,0,0
ēkānag,NOUN,obl,0,0,0,1,1,1,1057,kirbag,NOUN,nmod,0,1,2,2,1,0,0,1,0.125,False,False,DD-K35-01_mptf.conllu,1,0,0
ranǰ,NOUN,obl,0,0,0,1,1,54,2375,xwēš,PRON,amod,0,2,1,3,0,0,0,0,0.375,False,False,DD-K35-01_mptf.conllu,0,1,0
framāyišn,NOUN,obl,0,0,0,1,1,19,2375,xwēš,PRON,amod,0,2,1,2,0,0,0,0,0.625,True,False,DD-K35-01_mptf.conllu,0,1,0
zīndagīh,NOUN,obl,0,0,0,1,1,156,18258,=uš,PRON,nmod,0,2,1,2,0,0,0,0,0.6,False,False,DD-K35-01_mptf.conllu,1,0,0
gāh,NOUN,obj,0,0,0,1,1,744,18258,=iš,PRON,nmod,0,2,1,1,0,0,0,0,0.8,False,False,DD-K35-01_mptf.conllu,1,0,0
pursišn,NOUN,advcl,0,0,0,1,1,369,54,nohom,ADJ,amod,0,2,1,1,0,0,0,0,0.0,True,False,DD-K35-01_mptf.conllu,0,1,0
wēš,NOUN,nsubj,0,0,0,1,1,3,1057,kirbag,NOUN,nmod,0,1,2,1,1,0,0,1,0.4,False,False,DD-K35-01_mptf.conllu,1,0,0
waxš,NOUN,nsubj,0,0,0,1,1,108,112,waxš,NOUN,nmod,0,1,2,1,1,0,0,1,0.6,False,False,DD-K35-01_mptf.conllu,1,0,0
aškamb,NOUN,obl,0,1,0,1,1,45,210,mādarān,NOUN,nmod,0,1,2,2,1,0,0,1,1.0,False,False,DD-K35-01_mptf.conllu,1,0,0
kirbag,NOUN,nmod,0,0,0,1,1,1055,1057,kirbag,NOUN,nmod,0,2,1,1,1,0,0,0,0.0,False,False,DD-K35-01_mptf.conllu,1,0,0
mardōmān,NOUN,nmod,1,1,0,1,1,2713,2716,mardōmān,NOUN,nmod,0,2,1,1,1,0,0,0,0.0,False,False,DD-K35-01_mptf.conllu,1,0,0
tan,NOUN,nmod,0,0,0,1,1,2253,2253,tan,NOUN,nmod,0,2,1,1,1,0,0,0,0.0,False,False,DD-K35-01_mptf.conllu,1,0,0
=š,PRON,nmod,0,0,0,1,1,18107,18258,=š,PRON,nmod,0,2,1,1,1,0,0,0,0.0,False,False,DD-K35-01_mptf.conllu,1,0,0
gyān,NOUN,nmod,0,0,0,1,1,423,423,gyān,NOUN,nmod,0,2,1,1,1,0,0,0,0.0,False,False,DD-K35-01_mptf.conllu,1,0,0
kirb,NOUN,nmod,0,0,0,1,1,204,204,kirb,NOUN,nmod,0,2,1,1,1,0,0,0,0.0,False,False,DD-K35-01_mptf.conllu,1,0,0
gurg,NOUN,nmod,0,0,0,1,1,159,159,gurg,NOUN,nmod,0,2,1,1,1,0,0,0,0.0,False,False,DD-K35-01_mptf.conllu,1,0,0
tan,NOUN,nmod,0,0,0,1,1,2253,2253,tan,NOUN,nmod,0,2,1,1,1,0,0,0,0.0,False,False,DD-K35-01_mptf.conllu,1,0,0
tan,NOUN,nmod,0,0,0,1,1,2253,2253,tan,NOUN,nmod,0,2,1,1,1,0,0,0,0.0,False,False,DD-K35-01_mptf.conllu,1,0,0
widordān,NOUN,nmod,1,1,0,1,1,41,55,widordān,NOUN,nmod,0,2,1,1,1,0,0,0,0.0,False,False,DD-K35-01_mptf.conllu,1,0,0
tan,NOUN,nmod,0,0,0,1,1,2253,2253,tan,NOUN,nmod,0,2,1,1,1,0,0,0,0.0,False,False,DD-K35-01_mptf.conllu,1,0,0
widord,NOUN,nmod,0,0,0,1,1,41,55,widord,NOUN,nmod,0,2,1,1,1,0,0,0,0.0,False,False,DD-K35-01_mptf.conllu,1,0,0
sāmān,PROPN,nmod,0,0,0,1,1,11,11,sāmān,PROPN,nmod,0,2,1,1,1,0,1,0,0.0,False,False,DD-K35-01_mptf.conllu,1,0,0
girsāsp,PROPN,nmod,0,0,0,1,1,26,27,girsāsp,PROPN,nmod,0,2,1,1,1,0,1,0,0.0,False,False,DD-K35-01_mptf.conllu,1,0,0
widordān,NOUN,nmod,1,1,0,1,1,41,55,widordān,NOUN,nmod,0,2,1,1,1,0,0,0,0.0,False,False,DD-K35-01_mptf.conllu,1,0,0
mardōm,NOUN,nmod,0,0,0,1,1,2713,2716,mardōm,NOUN,nmod,0,2,1,1,1,0,0,0,0.0,False,False,DD-K35-01_mptf.conllu,1,0,0
wardēnīdan,NOUN,nmod,0,0,0,1,1,12,131,wardēnīdan,NOUN,nmod,0,2,1,1,1,0,0,0,0.0,True,True,DD-K35-01_mptf.conllu,1,0,0
nasuš,PROPN,nmod,0,0,0,1,1,251,253,nasuš,PROPN,nmod,0,2,1,1,1,0,1,0,0.0,False,False,DD-K35-01_mptf.conllu,1,0,0
tan,NOUN,nmod,0,0,0,1,1,2253,2253,tan,NOUN,nmod,0,2,1,1,1,0,0,0,0.0,False,False,DD-K35-01_mptf.conllu,1,0,0
ātaxš,NOUN,nmod,0,0,0,1,1,1442,1446,ātaxš,NOUN,nmod,0,2,1,1,1,0,0,0,0.0,False,False,DD-K35-01_mptf.conllu,1,0,0
nēburdan,NOUN,obl,0,0,0,1,1,2,2067,āb,NOUN,nmod,1,1,3,2,4,0,0,1,0.14285714285714285,True,False,DD-K35-01_mptf.conllu,1,0,0
māništ,NOUN,conj:nmod,0,1,0,1,1,24,2716,mardōmān,NOUN,nmod,0,2,1,2,0,0,0,0,0.0,False,False,DD-K35-01_mptf.conllu,1,0,0
sagān,NOUN,nsubj,1,1,0,1,1,564,37,kirbxwārān,ADJ,amod,0,2,5,3,0,0,0,0,0.2857142857142857,False,True,DD-K35-01_mptf.conllu,0,1,0
wayān,NOUN,conj,1,1,0,1,1,80,37,kirbxwārān,ADJ,amod,0,2,1,2,0,0,0,0,0.0,False,True,DD-K35-01_mptf.conllu,0,1,0
zīstan,NOUN,nmod,0,0,0,1,1,2,20,zīstan,NOUN,nmod,0,2,1,1,1,0,0,0,0.0,True,True,DD-K35-01_mptf.conllu,1,0,0
ohrmazd,PROPN,nmod,0,0,0,1,1,3237,3242,ohrmazd,PROPN,nmod,0,2,1,1,1,0,1,0,0.0,False,False,DD-K35-01_mptf.conllu,1,0,0
dāmān,NOUN,nmod,1,1,0,1,1,1172,1175,dāmān,NOUN,nmod,0,2,1,1,1,0,0,0,0.0,False,False,DD-K35-01_mptf.conllu,1,0,0
nasāyīh,NOUN,nmod,0,0,0,1,1,14,14,nasāyīh,NOUN,nmod,0,2,1,1,1,0,0,0,0.0,False,False,DD-K35-01_mptf.conllu,1,0,0
murwān,NOUN,appos,1,1,0,1,1,185,185,murwān,NOUN,appos,0,2,1,1,1,0,0,0,0.0,False,False,DD-K35-01_mptf.conllu,0,0,0
yazadān,NOUN,nmod,1,1,0,1,1,1403,1407,yazadān,NOUN,nmod,0,2,1,1,1,0,0,0,0.0,False,False,DD-K35-01_mptf.conllu,1,0,0
mad,NOUN,obl,0,0,0,1,1,68,371,rōšnīh,NOUN,nmod,1,2,1,3,0,0,0,0,0.9375,True,False,DD-K35-01_mptf.conllu,1,0,0
sēg,NOUN,nmod,0,0,0,1,1,14,14,sēg,NOUN,nmod,0,2,1,1,1,0,0,0,0.0,False,False,DD-K35-01_mptf.conllu,1,0,0
=š,PRON,nmod,0,0,0,1,1,18107,18258,=š,PRON,nmod,0,2,1,1,1,0,0,0,0.0,False,False,DD-K35-01_mptf.conllu,1,0,0
=š,PRON,nmod,0,0,0,1,1,18107,18258,=š,PRON,nmod,0,2,1,1,1,0,0,0,0.0,False,False,DD-K35-01_mptf.conllu,1,0,0
ohrmazd,PROPN,dislocated:topic,0,0,0,1,0,3237,1550,mēnōy,NOUN,nmod,2,1,2,1,2,0,0,0,0.0,False,False,DD-K35-01_mptf.conllu,1,0,0
mēnōy,NOUN,nmod,0,1,0,0,1,1405,1550,mēnōyān,NOUN,nmod,0,2,1,2,0,0,0,0,0.0,False,False,DD-K35-01_mptf.conllu,1,0,0
šnāyišn,NOUN,obl,0,0,0,1,1,97,168,gētīyīg,ADJ,amod,4,2,3,4,2,1,0,1,0.5,True,False,DD-K35-01_mptf.conllu,0,1,0
xrad,NOUN,nmod,0,0,0,1,1,654,654,xrad,NOUN,nmod,0,2,1,1,1,0,0,0,0.0,False,False,DD-K35-01_mptf.conllu,1,0,0
spitāmān,PROPN,nmod,0,0,0,1,1,356,359,spitāmān,PROPN,nmod,0,2,1,1,1,0,1,0,0.0,False,False,DD-K35-01_mptf.conllu,1,0,0
mard,NOUN,nmod,0,0,0,1,1,2067,2069,mard,NOUN,nmod,0,2,1,1,1,0,0,0,0.0,False,False,DD-K35-01_mptf.conllu,1,0,0
tō,PRON,nmod,0,0,0,0,0,1925,1925,tō,PRON,nmod,0,2,1,1,1,0,0,0,0.0,False,False,DD-K35-01_mptf.conllu,1,0,0
xwēš,PRON,nmod,0,0,0,1,1,2327,2375,xwēš,PRON,nmod,0,2,1,1,1,0,0,0,0.0,False,False,DD-K35-01_mptf.conllu,1,0,0
man,PRON,nmod,0,0,0,1,1,2907,2910,man,PRON,nmod,0,2,1,1,1,0,0,0,0.0,False,False,DD-K35-01_mptf.conllu,1,0,0
xrad,NOUN,nmod,0,0,0,1,1,654,654,xrad,NOUN,nmod,0,2,1,1,1,0,0,0,0.0,False,False,DD-K35-01_mptf.conllu,1,0,0
ahlawān,NOUN,nmod,1,1,0,1,1,378,2060,ahlawān,NOUN,nmod,0,2,1,1,1,0,0,0,0.0,False,False,DD-K35-01_mptf.conllu,1,0,0
ahreman,PROPN,nmod,0,0,0,1,1,322,323,ahreman,PROPN,nmod,0,2,1,1,1,0,1,0,0.0,False,False,DD-K35-01_mptf.conllu,1,0,0
ahlawān,NOUN,nmod,1,1,0,1,1,378,2060,ahlawān,NOUN,nmod,0,2,1,1,1,0,0,0,0.0,False,False,DD-K35-01_mptf.conllu,1,0,0
ahreman,PROPN,nmod,0,0,0,1,1,322,323,ahreman,PROPN,nmod,0,2,1,1,1,0,1,0,0.0,False,False,DD-K35-01_mptf.conllu,1,0,0
axwān,NOUN,nmod,0,0,0,1,1,320,320,axwān,NOUN,nmod,0,2,1,1,1,0,0,0,0.0,False,False,DD-K35-01_mptf.conllu,1,0,0
ohrmazd,PROPN,nmod,0,0,0,1,1,3237,3242,ohrmazd,PROPN,nmod,0,2,1,1,1,0,1,0,0.0,False,False,DD-K35-01_mptf.conllu,1,0,0
druwand,NOUN,nmod,0,0,0,1,1,234,657,druwand,NOUN,nmod,0,2,1,1,1,0,0,0,0.0,False,False,DD-K35-01_mptf.conllu,1,0,0
ahreman,PROPN,nmod,0,0,0,1,1,322,323,ahreman,PROPN,nmod,0,2,1,1,1,0,1,0,0.0,False,False,DD-K35-01_mptf.conllu,1,0,0
windādan,NOUN,nmod,0,0,0,1,1,1,135,windādan,NOUN,nmod,0,2,1,1,1,0,0,0,0.0,True,True,DD-K35-01_mptf.conllu,1,0,0
pand,NOUN,nmod,0,0,0,1,1,2,10,pand,NOUN,nmod,0,2,1,1,1,0,0,0,0.0,False,False,DD-K35-01_mptf.conllu,1,0,0
xwābarān,NOUN,nmod,1,1,0,1,1,2,3,xwābarān,NOUN,nmod,0,2,1,1,1,0,0,0,0.0,False,False,DD-K35-01_mptf.conllu,1,0,0
xwābartom,NOUN,nmod,0,0,0,1,1,4,46,xwābartom,NOUN,nmod,0,2,1,1,1,0,0,0,0.0,False,False,DD-K35-01_mptf.conllu,1,0,0
ristāxēz,NOUN,nmod,0,0,0,1,1,69,74,ristāxēz,NOUN,nmod,0,2,1,1,1,0,0,0,0.0,False,False,DD-K35-01_mptf.conllu,1,0,0
dār,NOUN,nsubj,0,0,0,1,1,127,159,puhl,NOUN,nmod,0,2,1,2,0,1,0,0,0.05,True,False,DD-K35-01_mptf.conllu,1,0,0
pušt,NOUN,nsubj,0,0,0,1,1,88,18258,=š,PRON,nmod,0,2,2,3,0,0,0,0,0.1,False,False,DD-K35-01_mptf.conllu,1,0,0
frāxsōgīhā,NOUN,nsubj,0,0,0,0,1,2,18258,=š,PRON,nmod,0,2,1,1,0,0,0,0,0.15,False,False,DD-K35-01_mptf.conllu,1,0,0
pahnāy,NOUN,nsubj,0,0,0,0,1,58,18258,=š,PRON,nmod,2,2,1,1,0,0,0,0,0.2,False,False,DD-K35-01_mptf.conllu,1,0,0
tēzsōgīhā,NOUN,nsubj,0,0,0,0,1,2,18258,=š,PRON,nmod,0,2,1,1,0,0,0,0,0.25,False,False,DD-K35-01_mptf.conllu,1,0,0
tēx,NOUN,obl,0,0,0,1,1,98,6,awestarag,NOUN,nmod,0,2,1,2,0,0,0,0,0.35,False,False,DD-K35-01_mptf.conllu,1,0,0
ruwān,NOUN,nsubj,0,1,0,1,1,1224,2060,ahlawān,NOUN,nmod,2,2,3,1,1,0,0,0,0.4,False,False,DD-K35-01_mptf.conllu,1,0,0
xwarrah,NOUN,obl,0,0,0,1,1,554,230,wuzurg,ADJ,amod,0,2,4,4,0,0,0,0,0.55,False,False,DD-K35-01_mptf.conllu,1,1,0
xwarrah,NOUN,obl,0,0,0,1,1,554,1006,dādār,NOUN,nmod,0,1,4,4,0,0,0,0,0.55,False,True,DD-K35-01_mptf.conllu,1,1,0
framān,NOUN,conj,0,0,0,1,1,244,5,puhlbān,NOUN,nmod,2,1,3,2,3,0,0,1,0.0,False,False,DD-K35-01_mptf.conllu,1,0,0
puhlbān,NOUN,nmod,0,0,0,1,1,2,2,rāstāmār,ADJ,amod,0,2,2,3,1,1,0,1,0.0,False,True,DD-K35-01_mptf.conllu,0,1,0
hangōšīdag,NOUN,advcl,0,0,0,1,1,95,98,tēx,NOUN,nmod,2,1,3,3,3,0,0,1,0.0,True,False,DD-K35-01_mptf.conllu,1,0,0
tēx,NOUN,nmod,0,0,0,1,1,98,6,awestarag,NOUN,nmod,0,2,2,3,1,1,0,1,0.0,False,False,DD-K35-01_mptf.conllu,1,0,0
xwēš,PRON,amod,0,0,0,1,1,2327,2375,xwēš,PRON,amod,0,2,1,1,1,0,0,0,0.0,False,False,DD-K35-01_mptf.conllu,0,1,0
tan,NOUN,nmod,0,0,0,1,1,2253,2253,tan,NOUN,nmod,0,2,1,1,1,0,0,0,0.0,False,False,DD-K35-01_mptf.conllu,1,0,0
xwēš,PRON,nmod,0,0,0,1,1,2327,2375,xwēš,PRON,nmod,0,2,1,1,1,0,0,0,0.0,False,False,DD-K35-01_mptf.conllu,1,0,0
gāh,NOUN,nmod,0,0,0,1,1,744,746,gāh,NOUN,nmod,0,2,1,1,1,0,0,0,0.0,False,False,DD-K35-01_mptf.conllu,1,0,0
āmār,NOUN,nmod,0,0,0,1,1,199,199,āmār,NOUN,nmod,0,2,1,1,1,0,0,0,0.0,True,True,DD-K35-01_mptf.conllu,1,0,0
puhl,NOUN,nmod,0,0,0,1,1,11,11,puhl,NOUN,nmod,0,2,1,1,1,0,0,0,0.0,False,False,DD-K35-01_mptf.conllu,1,0,0
dušox,PROPN,nmod,0,0,0,1,1,371,371,dušox,PROPN,nmod,0,2,1,1,1,0,1,0,0.0,False,False,DD-K35-01_mptf.conllu,1,0,0
bīm,NOUN,nmod,0,0,0,1,1,301,302,bīm,NOUN,nmod,0,2,1,1,1,0,0,0,0.0,False,False,DD-K35-01_mptf.conllu,1,0,0
tan,NOUN,nmod,0,0,0,1,1,2253,2253,tan,NOUN,nmod,0,2,1,1,1,0,0,0,0.0,False,False,DD-K35-01_mptf.conllu,1,0,0
xwēš,PRON,nmod,0,0,0,1,1,2327,2375,xwēš,PRON,nmod,0,2,1,1,1,0,0,0,0.0,False,False,DD-K35-01_mptf.conllu,1,0,0
xwēš,PRON,nmod,0,0,0,1,1,2327,2375,xwēš,PRON,nmod,0,2,1,1,1,0,0,0,0.0,False,False,DD-K35-01_mptf.conllu,1,0,0
xwēš,PRON,nmod,0,0,0,1,1,2327,2375,xwēš,PRON,nmod,0,2,1,1,1,0,0,0,0.0,False,False,DD-K35-01_mptf.conllu,1,0,0
=š,PRON,nmod,0,0,0,1,1,18107,18258,=š,PRON,nmod,0,2,1,1,1,0,0,0,0.0,False,False,DD-K35-01_mptf.conllu,1,0,0
wināh,NOUN,nmod,0,0,0,1,1,1238,1238,wināh,NOUN,nmod,0,2,1,1,1,0,0,0,0.0,False,False,DD-K35-01_mptf.conllu,1,0,0
čarātīg,NOUN,nmod,0,0,1,1,1,14,14,čarātīg,NOUN,nmod,0,2,1,1,1,0,0,0,0.0,False,False,DD-K35-01_mptf.conllu,1,0,0
=š,PRON,nmod,0,0,0,1,1,18107,18258,=š,PRON,nmod,0,2,1,1,1,0,0,0,0.0,False,False,DD-K35-01_mptf.conllu,1,0,0
wināh,NOUN,nmod,0,0,0,1,1,1238,1238,wināh,NOUN,nmod,0,2,1,1,1,0,0,0,0.0,False,False,DD-K35-01_mptf.conllu,1,0,0
zūrgō,NOUN,nmod,0,0,0,0,0,2,2,zūrgō,NOUN,nmod,0,2,1,1,1,0,0,0,0.0,False,False,DD-K35-01_mptf.conllu,1,0,0
wehdēnwār,NOUN,nmod,0,0,0,1,1,2,2,wehdēnwār,NOUN,nmod,0,2,1,1,1,0,0,0,0.0,True,True,DD-K35-01_mptf.conllu,1,0,0
yazadān,NOUN,nmod,1,1,0,1,1,1403,1407,yazadān,NOUN,nmod,0,2,1,1,1,0,0,0,0.0,False,False,DD-K35-01_mptf.conllu,1,0,0
rāmišn,NOUN,appos,0,0,0,1,1,359,366,rāmišn,NOUN,appos,0,2,1,1,1,0,0,0,0.0,False,False,DD-K35-01_mptf.conllu,0,0,0
gētī,NOUN,nmod,0,0,0,0,0,1041,1135,gētī,NOUN,nmod,0,2,1,1,1,0,0,0,0.0,False,False,DD-K35-01_mptf.conllu,1,0,0
=š,PRON,nmod,0,0,0,1,1,18107,18258,=š,PRON,nmod,0,2,1,1,1,0,0,0,0.0,False,False,DD-K35-01_mptf.conllu,1,0,0
yazadān,NOUN,nmod,1,1,0,1,1,1403,1407,yazadān,NOUN,nmod,0,2,1,1,1,0,0,0,0.0,False,False,DD-K35-01_mptf.conllu,1,0,0
gāh,NOUN,nmod,0,0,0,1,1,744,746,gāh,NOUN,nmod,0,2,1,1,1,0,0,0,0.0,False,False,DD-K35-01_mptf.conllu,1,0,0
gumēzag,NOUN,nsubj,0,0,0,1,1,33,366,anāgīh,NOUN,nmod,0,1,3,1,1,0,0,0,0.2,False,False,DD-K35-01_mptf.conllu,1,0,0
anāgīh,NOUN,nmod,0,0,0,1,0,365,1135,gētī,NOUN,nmod,0,1,2,1,1,0,0,1,0.0,False,False,DD-K35-01_mptf.conllu,1,0,0
damišn,NOUN,nsubj,0,0,0,1,1,8,18258,=š,PRON,nmod,0,2,1,1,0,0,0,0,1.0,True,False,DD-K35-01_mptf.conllu,1,0,0
bunkadag,NOUN,conj,0,0,0,1,1,17,366,anāgīh,NOUN,nmod,0,1,2,4,1,0,0,1,0.0,True,False,DD-K35-01_mptf.conllu,1,0,0
pādifrāh,NOUN,nsubj,0,0,0,1,1,215,1226,ruwān,NOUN,nmod,1,1,2,1,2,0,0,1,1.0,False,False,DD-K35-01_mptf.conllu,1,0,0
māništ,NOUN,nmod,0,1,0,1,1,24,1338,dēwān,NOUN,nmod,1,1,2,2,1,0,0,0,0.0,False,False,DD-K35-01_mptf.conllu,1,0,0
widār,NOUN,root,0,0,0,1,1,8,26,māništ,NOUN,nmod,2,2,5,8,2,1,0,1,0.0,True,False,DD-K35-01_mptf.conllu,3,0,0
widār,NOUN,root,0,0,0,1,1,8,7,mānāgīh,NOUN,nmod,0,1,5,8,1,1,0,0,0.0,True,False,DD-K35-01_mptf.conllu,3,0,0
widār,NOUN,root,0,0,0,1,1,8,371,dušox,PROPN,nmod,4,1,5,8,2,1,1,0,0.0,True,False,DD-K35-01_mptf.conllu,3,0,0
mānāgīh,NOUN,nmod,0,0,0,1,1,3,366,anāgīh,NOUN,nmod,1,1,2,1,2,0,0,1,0.0,False,False,DD-K35-01_mptf.conllu,1,0,0
dušox,PROPN,nmod,0,0,0,1,1,371,6,kamālag,NOUN,nmod,1,1,4,2,3,0,0,1,0.0,False,False,DD-K35-01_mptf.conllu,1,0,0
kamālag,NOUN,nmod,0,1,0,1,1,6,4718,=šān,PRON,nmod,0,2,3,3,0,0,0,0,0.0,False,False,DD-K35-01_mptf.conllu,1,0,0
kamālag,NOUN,nmod,0,0,0,1,1,6,323,ahreman,PROPN,appos,0,1,3,3,1,0,1,0,0.0,False,False,DD-K35-01_mptf.conllu,1,0,0
ahreman,PROPN,appos,0,0,0,1,1,322,37,purrmarg,ADJ,amod,0,1,2,1,1,0,0,1,0.0,False,False,DD-K35-01_mptf.conllu,0,1,0
āgāhdārīh,NOUN,obl,0,0,0,1,1,6,6528,guftan,NOUN,nmod,3,1,4,2,4,0,0,1,0.5,False,True,DD-K35-01_mptf.conllu,1,0,0
nimūnag,NOUN,nmod,0,0,0,1,0,9,1135,gētī,NOUN,nmod,4,1,2,1,2,0,0,1,0.0,False,False,DD-K35-01_mptf.conllu,1,0,0
guftan,NOUN,nmod,0,1,0,1,1,16,1135,gētīyān,NOUN,nmod,1,2,3,4,1,0,0,0,0.0,True,False,DD-K35-01_mptf.conllu,2,0,0
guftan,NOUN,nmod,0,0,0,1,1,16,9,nimūnag,NOUN,nmod,0,2,3,4,1,0,0,0,0.0,True,False,DD-K35-01_mptf.conllu,2,0,0
frašegird,NOUN,nmod,0,0,0,1,1,243,243,frašegird,NOUN,nmod,0,2,1,1,1,0,0,0,0.0,False,False,DD-K35-01_mptf.conllu,1,0,0
kār,NOUN,nmod,0,0,0,1,1,1414,1416,kār,NOUN,nmod,0,2,1,1,1,0,0,0,0.0,True,True,DD-K35-01_mptf.conllu,1,0,0
spitāmān,PROPN,nmod,0,0,0,1,1,356,359,spitāmān,PROPN,nmod,0,2,1,1,1,0,1,0,0.0,False,False,DD-K35-01_mptf.conllu,1,0,0
ašō’ān,NOUN,nmod,1,1,0,1,1,14,50,ašō’ān,NOUN,nmod,0,2,1,1,1,0,0,0,0.0,False,False,DD-K35-01_mptf.conllu,1,0,0
rad,NOUN,appos,0,0,0,1,1,756,756,rad,NOUN,appos,0,2,1,1,1,0,0,0,0.0,False,False,DD-K35-01_mptf.conllu,0,0,0
frašegird,NOUN,nmod,0,0,0,1,1,243,243,frašegird,NOUN,nmod,0,2,1,1,1,0,0,0,0.0,False,False,DD-K35-01_mptf.conllu,1,0,0
frazāmēnīdan,NOUN,nmod,0,0,0,1,1,1,13,frazāmēnīdan,NOUN,nmod,0,2,1,1,1,0,0,0,0.0,True,True,DD-K35-01_mptf.conllu,1,0,0
frašegird,NOUN,nmod,0,0,0,1,1,243,243,frašegird,NOUN,nmod,0,2,1,1,1,0,0,0,0.0,False,False,DD-K35-01_mptf.conllu,1,0,0
rōšnīh,NOUN,nmod,0,0,0,1,1,368,371,rōšnīh,NOUN,nmod,0,2,1,1,1,0,0,0,0.0,False,False,DD-K35-01_mptf.conllu,1,0,0
star,NOUN,appos,0,0,0,1,1,123,125,star,NOUN,appos,0,2,1,1,1,0,0,0,0.0,False,False,DD-K35-01_mptf.conllu,0,0,0
zofāy,NOUN,conj,0,0,0,0,1,2,4,purrtār,ADJ,amod,0,1,2,2,1,0,0,1,0.0,False,True,DD-K35-01_mptf.conllu,0,1,0
sāmān,NOUN,obl,0,0,0,1,1,114,60,tār,NOUN,nmod,0,2,1,2,0,0,0,0,0.75,False,True,DD-K35-01_mptf.conllu,1,0,0
wimand,NOUN,obj,0,1,0,1,1,91,444,rōšnān,NOUN,nmod,0,2,1,1,0,0,0,0,1.0,False,False,DD-K35-01_mptf.conllu,1,0,0
rōšnān,NOUN,nmod,1,1,0,1,1,301,444,rōšnān,NOUN,nmod,0,2,1,1,1,0,0,0,0.0,False,False,DD-K35-01_mptf.conllu,1,0,0
druz,NOUN,nmod,0,0,0,1,1,911,915,druz,NOUN,nmod,0,2,1,1,1,0,0,0,0.0,False,False,DD-K35-01_mptf.conllu,1,0,0
handēmānīh,NOUN,nmod,0,0,0,1,1,11,15,handēmānīh,NOUN,nmod,0,2,1,1,1,0,0,0,0.0,False,False,DD-K35-01_mptf.conllu,1,0,0
wimandīgān,NOUN,nmod,1,1,0,1,1,2,7,wimandīgān,NOUN,nmod,0,2,1,1,1,0,0,0,0.0,False,False,DD-K35-01_mptf.conllu,1,0,0
andarnēhilišnīh,NOUN,nmod,0,0,0,1,1,6,6,andarnēhilišnīh,NOUN,nmod,0,2,1,1,1,0,0,0,0.0,True,True,DD-K35-01_mptf.conllu,1,0,0
pursišn,NOUN,nmod,0,0,0,1,1,369,369,pursišn,NOUN,nmod,0,2,1,1,1,0,0,0,0.0,True,True,DD-TD4a-01_mptf.conllu,1,0,0
gētīdahišnān,NOUN,nmod,1,1,0,1,1,25,26,gētīdahišnān,NOUN,nmod,0,2,1,1,1,0,0,0,0.0,True,True,Dk3-B-01_mptf.conllu,1,0,0
mardōmān,NOUN,nmod,1,1,0,1,1,2713,2716,mardōmān,NOUN,nmod,0,2,1,1,1,0,0,0,0.0,False,False,Dk3-B-01_mptf.conllu,1,0,0
dahībed,NOUN,nmod,0,0,0,1,1,244,244,dahībed,NOUN,nmod,0,2,1,1,1,0,0,0,0.0,False,False,Dk3-B-01_mptf.conllu,1,0,0
pērōzgarīh,NOUN,root,0,0,0,1,1,77,7,dādārohrmazd,PROPN,nmod,0,1,4,2,3,0,1,1,0.0,False,False,Dk5-B-01_mptf.conllu,1,0,0
dādārohrmazd,PROPN,nmod,0,0,0,1,1,7,554,xwarrah,NOUN,nmod,0,1,3,3,1,0,0,0,0.0,False,False,Dk5-B-01_mptf.conllu,1,0,0
xwarrah,NOUN,nmod,0,0,0,1,1,554,1,wispdānāgīh,NOUN,nmod,0,1,2,1,2,0,0,1,0.0,False,False,Dk5-B-01_mptf.conllu,1,0,0
wispdānāgīh,NOUN,nmod,0,0,0,1,1,1,2,axwīg,ADJ,amod,0,1,1,2,0,0,0,0,0.0,False,False,Dk5-B-01_mptf.conllu,0,1,0
dēn,NOUN,conj:nmod,0,0,0,1,1,2149,595,mazdēsn,ADJ,amod,0,1,1,1,0,0,0,0,0.0,False,False,Dk5-B-01_mptf.conllu,0,1,0
gōwišn,NOUN,nmod,0,0,0,1,0,888,67,ādurfarnbay,PROPN,nmod,1,1,3,2,2,0,1,0,0.0,True,False,Dk5-B-01_mptf.conllu,1,0,0
ādurfarnbay,PROPN,nmod,0,0,0,0,1,66,23,hufraward,ADJ,amod,0,2,2,2,0,0,0,0,0.0,False,False,Dk5-B-01_mptf.conllu,1,1,0
ādurfarnbay,PROPN,nmod,0,0,0,0,1,66,6,farroxzādān,PROPN,nmod,0,1,2,2,1,0,1,1,0.0,False,False,Dk5-B-01_mptf.conllu,1,1,0
pēšōbāy,NOUN,root,0,1,0,0,1,53,106,hudēnān,NOUN,nmod,0,2,4,4,0,0,0,0,0.0,False,False,Dk5-B-01_mptf.conllu,1,0,0
nibēg,NOUN,obl,0,0,0,1,0,54,3,simrā,PROPN,nmod,0,1,2,3,1,0,1,1,1.0,False,False,Dk5-B-01_mptf.conllu,1,0,0
passox,NOUN,root,0,0,0,1,1,558,85,hangirdīg,ADJ,amod,0,2,11,4,0,0,0,0,0.0,False,False,Dk5-B-01_mptf.conllu,2,1,0
passox,NOUN,root,0,0,0,1,0,558,67,ādurfarnbay,PROPN,nmod,0,1,11,4,3,0,1,1,0.0,False,False,Dk5-B-01_mptf.conllu,2,1,0
passox,NOUN,root,0,0,0,1,1,558,34,ēčand,PRON,nmod,7,1,11,4,2,0,0,0,0.0,False,False,Dk5-B-01_mptf.conllu,2,1,0
ādurfarnbay,PROPN,nmod,0,0,0,0,1,66,6,farroxzādān,PROPN,nmod,0,1,2,3,1,0,1,1,0.0,False,False,Dk5-B-01_mptf.conllu,1,0,0
ādurfarnbay,PROPN,nmod,0,0,0,0,0,66,55,pēšōbāy,NOUN,appos,2,1,2,3,1,0,0,0,0.0,False,False,Dk5-B-01_mptf.conllu,1,0,0
pēšōbāy,NOUN,appos,0,1,0,0,1,53,106,hudēnān,NOUN,nmod,0,2,1,1,0,0,0,0,0.0,False,False,Dk5-B-01_mptf.conllu,1,0,0
pursišn,NOUN,nmod,0,0,0,1,1,369,1,nišānagīg,ADJ,amod,0,2,9,2,0,0,0,0,0.0,True,False,Dk5-B-01_mptf.conllu,1,1,0
pursišn,NOUN,nmod,0,0,0,1,1,369,2,yākūb,PROPN,nmod,1,1,9,2,3,0,1,1,0.0,True,False,Dk5-B-01_mptf.conllu,1,1,0
ēčand,PRON,nmod,0,0,0,1,1,29,369,pursišn,NOUN,nmod,0,2,10,2,2,0,0,0,0.0,False,True,Dk5-B-01_mptf.conllu,1,0,0
yākūb,PROPN,nmod,0,0,0,1,1,2,1,xālidān,PROPN,nmod,0,1,8,3,1,0,1,1,0.0,False,False,Dk5-B-01_mptf.conllu,1,0,0
nāf,NOUN,xcomp,0,0,0,1,1,25,4,ōstīg,ADJ,amod,0,2,6,2,0,0,0,0,0.0,False,False,Dk5-B-01_mptf.conllu,0,1,0
pursag,NOUN,nsubj,0,1,0,1,1,1,4718,=šān,PRON,nmod,1,2,1,2,0,0,0,0,0.6666666666666666,False,False,Dk5-B-01_mptf.conllu,1,0,0
sālār,NOUN,root,0,0,0,1,1,233,1,ērtōhmag,NOUN,amod,0,1,9,4,0,0,0,0,0.0,True,False,Dk5-B-01_mptf.conllu,0,1,0
spāhsālārīh,NOUN,obl,0,0,0,1,1,1,34,ram,NOUN,nmod,3,1,2,3,2,0,0,1,0.25,False,False,Dk5-B-01_mptf.conllu,1,0,0
spāhbedīh,NOUN,obl,0,0,0,1,1,1,2,bōxtnarseh,PROPN,nmod,0,1,7,2,2,0,1,1,0.375,False,False,Dk5-B-01_mptf.conllu,1,0,0
agārēnīdan,NOUN,obl,0,0,0,1,1,15,3,abārōndādīh,NOUN,nmod,0,1,4,2,4,0,0,1,0.5,True,False,Dk5-B-01_mptf.conllu,1,0,0
wadkunišnīh,NOUN,conj:nmod,0,0,0,1,1,4,1,banīsrāyēl,PROPN,nmod,0,1,2,1,1,0,1,1,0.0,True,False,Dk5-B-01_mptf.conllu,1,0,0
dēwēzagīh,NOUN,conj:nmod,0,0,0,1,1,51,184,garān,ADJ,amod,0,2,1,2,0,0,0,0,0.0,False,False,Dk5-B-01_mptf.conllu,0,1,0
zyān,NOUN,conj:nmod,0,1,0,1,1,198,4718,=išān,PRON,nmod,1,1,2,2,2,0,0,1,0.0,False,False,Dk5-B-01_mptf.conllu,1,0,0
frēstīd,NOUN,acl:relcl,0,0,0,1,1,1,244,dahībed,NOUN,nmod,0,1,5,4,2,0,0,1,0.0,True,False,Dk5-B-01_mptf.conllu,1,0,0
dahībed,NOUN,nmod,0,0,0,1,0,244,141,kay,PROPN,appos,0,1,2,2,1,0,1,0,0.0,False,False,Dk5-B-01_mptf.conllu,0,0,0
kay,PROPN,appos,0,0,0,0,1,137,8,luhrāsp,PROPN,flat,0,1,1,1,0,0,1,0,0.0,False,False,Dk5-B-01_mptf.conllu,0,0,0
makdis,PROPN,obl,0,0,0,1,1,1,29,hrōm,PROPN,nmod,0,2,1,2,0,0,1,0,0.875,False,False,Dk5-B-01_mptf.conllu,1,0,0
hudēnwurrawišn,NOUN,nsubj,0,0,0,1,1,1,172,mādayān,NOUN,nmod,2,1,3,1,3,0,0,0,0.5,False,False,Dk5-B-01_mptf.conllu,1,0,0
mādayān,NOUN,nmod,0,0,0,1,1,140,5,društag,ADJ,amod,0,2,2,3,0,0,0,0,0.0,False,True,Dk5-B-01_mptf.conllu,1,1,0
mādayān,NOUN,nmod,0,0,0,1,1,140,25,ristag,NOUN,nmod,1,1,2,3,1,0,0,0,0.0,False,True,Dk5-B-01_mptf.conllu,1,1,0
ristag,NOUN,nmod,0,0,0,1,1,25,140,dēnīg,ADJ,amod,0,2,1,1,0,0,0,0,0.0,True,False,Dk5-B-01_mptf.conllu,0,1,0
hamuskāragīh,NOUN,obl,0,1,0,1,1,1,4,ramīgān,NOUN,nmod,0,2,1,2,0,0,0,0,1.0,False,False,Dk5-B-01_mptf.conllu,1,0,0
dēnāgāhīh,NOUN,root,0,0,0,1,1,22,5,društag,ADJ,amod,0,1,4,6,0,0,0,0,0.0,False,True,Dk5-B-01_mptf.conllu,0,1,0
čim,NOUN,nmod,0,0,0,1,1,374,8,pahikārišnīg,ADJ,amod,1,2,2,4,2,1,0,1,0.0,False,False,Dk5-B-01_mptf.conllu,0,1,0
pursišn,NOUN,nmod,0,0,0,1,1,369,1,wizōyišnīg,ADJ,amod,0,2,4,2,1,0,0,0,0.0,True,False,Dk5-B-01_mptf.conllu,0,1,0
warm,NOUN,nsubj,0,0,0,1,1,47,369,pursišn,NOUN,nmod,2,2,5,2,2,0,0,0,0.5,False,True,Dk5-B-01_mptf.conllu,1,1,0
xwāyišnīhā,NOUN,advcl,1,0,0,0,1,1,3,wisānīg,ADJ,amod,0,2,1,1,0,0,0,0,0.0,False,False,Dk5-B-01_mptf.conllu,0,1,0
paygāmbarān,NOUN,nsubj,1,0,0,1,1,19,1747,zarduxšt,PROPN,nmod,2,1,3,1,2,0,1,1,0.3333333333333333,False,False,Dk5-B-01_mptf.conllu,1,0,0
āmad,NOUN,nsubj,0,0,0,1,1,6,1747,zarduxšt,PROPN,nmod,2,1,3,1,4,0,1,1,1.0,True,False,Dk5-B-01_mptf.conllu,1,0,0
zarduxšt,PROPN,nmod,0,0,0,1,1,1746,244,abēzag,ADJ,amod,1,2,2,4,0,0,0,0,0.0,False,False,Dk5-B-01_mptf.conllu,1,1,0
zarduxšt,PROPN,nmod,0,0,0,1,1,1746,359,spitāmān,PROPN,nmod,0,1,2,4,1,0,1,1,0.0,False,False,Dk5-B-01_mptf.conllu,1,1,0
āwurdārān,NOUN,advcl,1,0,0,1,1,12,735,wehdēn,NOUN,nmod,2,1,2,1,3,0,0,1,0.0,True,False,Dk5-B-01_mptf.conllu,1,0,0
wehdēn,NOUN,nmod,0,0,0,1,1,71,244,abēzag,ADJ,amod,0,2,1,3,0,0,0,0,0.0,False,False,Dk5-B-01_mptf.conllu,0,1,0
pēšōbāyīh,NOUN,conj,0,0,0,1,1,23,179,zamānag,NOUN,nmod,1,1,2,4,2,0,0,1,0.0,False,False,Dk5-B-01_mptf.conllu,1,0,0
petyārag,NOUN,obj,0,1,0,1,1,323,1175,dāmān,NOUN,nmod,0,2,1,1,0,0,0,0,0.4,False,False,Dk5-B-01_mptf.conllu,1,0,0
rōšnīh,NOUN,obl,0,0,0,1,1,368,244,abēzag,ADJ,amod,0,2,2,3,1,1,0,1,0.6666666666666666,False,False,Dk5-B-01_mptf.conllu,0,1,0
padīruftārīh,NOUN,obl,0,0,0,1,1,22,2158,dēn,NOUN,nmod,2,1,2,4,0,0,0,0,1.0,False,False,Dk5-B-01_mptf.conllu,2,0,0
padīruftārīh,NOUN,obl,0,0,0,1,1,22,1249,gēhān,NOUN,nmod,4,1,2,4,1,0,0,0,1.0,False,False,Dk5-B-01_mptf.conllu,2,0,0
stī,NOUN,conj,0,0,0,0,1,129,1,gētīyīgpaydāgīh,NOUN,nmod,0,1,1,2,0,0,0,0,0.0,False,False,Dk5-B-01_mptf.conllu,1,0,0
xwarrah,NOUN,nsubj,0,0,0,1,1,554,230,wuzurg,ADJ,amod,0,2,2,2,0,0,0,0,0.25,False,False,Dk5-B-01_mptf.conllu,0,1,0
tōhmag,NOUN,obl,0,0,0,1,1,223,190,ǰam,PROPN,nmod,0,2,1,2,0,0,1,0,0.375,False,False,Dk5-B-01_mptf.conllu,1,0,0
pōrušāsp,PROPN,obl,0,0,0,1,1,76,547,pid,NOUN,appos,0,1,1,2,0,0,0,0,0.5,False,False,Dk5-B-01_mptf.conllu,0,0,0
dugdōw,PROPN,obl,0,0,0,0,1,15,210,mādar,NOUN,appos,1,1,2,2,2,0,0,1,0.625,False,False,Dk5-B-01_mptf.conllu,0,0,0
mādar,NOUN,appos,0,0,0,1,1,210,18258,=š,PRON,nmod,0,2,1,2,0,0,0,0,0.0,False,False,Dk5-B-01_mptf.conllu,1,0,0
dranā,NOUN,obl:lmod,0,0,0,0,1,118,413,mān,NOUN,nmod,2,1,2,1,2,0,0,0,0.0,False,False,Dk5-B-01_mptf.conllu,1,0,0
brāh,NOUN,nmod,0,0,0,1,1,66,1446,ātaxš,NOUN,nmod,0,1,1,1,0,0,0,0,0.0,False,False,Dk5-B-01_mptf.conllu,1,0,0
zamīg,NOUN,obl,0,0,1,1,1,1266,119,dūr,ADJ,amod,0,2,1,2,0,0,0,0,0.875,False,False,Dk5-B-01_mptf.conllu,0,1,0
zāyišn,NOUN,obl,0,0,0,1,1,145,18258,=iš,PRON,nmod,0,2,2,3,0,0,0,0,0.5,True,False,Dk5-B-01_mptf.conllu,1,0,0
xwēšāwandān,NOUN,obl,1,0,0,1,1,27,76,pōrušāsp,PROPN,nmod,0,2,2,5,1,1,1,1,0.8,False,False,Dk5-B-01_mptf.conllu,2,1,0
xwēšāwandān,NOUN,obl,1,0,0,1,1,27,172,ǰādūg,NOUN,nmod,0,1,2,5,1,1,0,1,0.8,False,False,Dk5-B-01_mptf.conllu,2,1,0
xwēšāwandān,NOUN,obl,1,0,0,1,1,27,15,dēwēzag,ADJ,amod,1,1,2,5,0,1,0,0,0.8,False,False,Dk5-B-01_mptf.conllu,2,1,0
mehmānīh,NOUN,obl,0,0,0,1,1,95,599,wahman,PROPN,nmod,2,2,2,3,0,0,1,0,0.5,False,False,Dk5-B-01_mptf.conllu,2,0,0
mehmānīh,NOUN,obl,0,0,0,1,1,95,18258,=iš,PRON,nmod,0,2,2,3,1,0,0,0,0.5,False,False,Dk5-B-01_mptf.conllu,2,0,0
hampursagīh,NOUN,obl,0,0,0,1,1,107,3242,ohrmazd,PROPN,nmod,0,1,2,2,0,0,1,0,0.16666666666666666,False,False,Dk5-B-01_mptf.conllu,1,0,0
frāzgōwišnīh,NOUN,obl,0,0,0,1,0,161,18258,ōy,PRON,nmod,1,2,2,5,1,1,0,1,0.375,True,False,Dk5-B-01_mptf.conllu,1,2,0
frāzgōwišnīh,NOUN,obl,0,0,0,1,1,161,244,abēzag,ADJ,amod,0,2,2,5,1,1,0,1,0.375,True,False,Dk5-B-01_mptf.conllu,1,2,0
frāzgōwišnīh,NOUN,obl,0,0,0,1,1,161,2,abestāgēwāzīg,ADJ,amod,0,1,2,5,1,1,0,1,0.375,True,False,Dk5-B-01_mptf.conllu,1,2,0
kām,NOUN,nsubj,0,0,0,1,1,335,3242,ohrmazd,PROPN,nmod,0,2,1,1,0,0,1,0,0.5,False,False,Dk5-B-01_mptf.conllu,1,0,0
zyān,NOUN,nsubj,0,0,0,1,1,198,181,ēbgat,NOUN,nmod,0,2,1,1,0,0,0,0,0.625,False,False,Dk5-B-01_mptf.conllu,1,0,0
frazām,NOUN,nsubj,0,1,0,1,1,191,1407,yazadān,NOUN,nmod,0,1,2,1,1,0,0,1,0.75,False,False,Dk5-B-01_mptf.conllu,1,0,0
zruftagīh,NOUN,obl,0,0,0,1,1,2,14,nihānīg,ADJ,amod,0,2,1,2,0,0,0,0,0.4,False,False,Dk5-B-01_mptf.conllu,0,1,0
paristagān,NOUN,nsubj,1,1,0,1,1,16,1,wiyābānān,NOUN,nmod,0,2,1,1,0,0,0,0,0.6,True,False,Dk5-B-01_mptf.conllu,1,0,0
frēftārīh,NOUN,nsubj,0,1,0,1,1,14,2,škeftpahikārān,NOUN,nmod,0,1,1,1,0,0,0,0,0.8,False,True,Dk5-B-01_mptf.conllu,1,0,0
rāmšā,PROPN,obl,0,0,0,0,0,2,141,kay,PROPN,flat,0,1,1,3,0,0,1,0,0.75,False,False,Dk5-B-01_mptf.conllu,0,0,0
rāmšā,PROPN,obl,0,0,0,0,1,2,235,wištāsp,PROPN,flat,1,1,1,3,0,0,1,0,0.75,False,False,Dk5-B-01_mptf.conllu,0,0,0
hāxtan,NOUN,obl,0,1,0,1,1,1,33,gēhānīgān,NOUN,nmod,0,2,1,1,0,0,0,0,1.0,True,False,Dk5-B-01_mptf.conllu,1,0,0
wānišnīh,NOUN,conj,0,0,0,1,0,1,1338,dēw,NOUN,nmod,2,2,3,2,1,0,0,0,0.0,True,False,Dk5-B-01_mptf.conllu,1,0,0
menišn,NOUN,obl:lmod,0,0,0,1,1,518,235,wištāsp,PROPN,nmod,0,1,3,1,3,0,1,1,0.0,True,False,Dk5-B-01_mptf.conllu,1,0,0
wištāsp,PROPN,nmod,0,0,0,1,1,233,155,šāh,NOUN,flat,0,1,2,3,0,0,0,0,0.0,False,False,Dk5-B-01_mptf.conllu,0,0,0
was,PRON,conj:nmod,0,1,0,1,1,39,39,wasān,NOUN,nmod,0,2,1,2,0,0,0,0,0.0,False,False,Dk5-B-01_mptf.conllu,1,0,0
xīr,NOUN,obj,0,0,0,1,1,221,28,nihuftag,ADJ,amod,0,2,2,2,1,1,0,1,1.0,False,True,Dk5-B-01_mptf.conllu,0,1,0
tan,NOUN,dislocated,0,0,0,1,1,2253,18,ǰānōmand,ADJ,amod,0,2,1,1,0,0,0,0,0.0,False,False,Dk5-B-01_mptf.conllu,0,1,0
bahr,NOUN,obl,0,0,0,1,1,410,18258,=iš,PRON,nmod,1,1,2,3,1,0,0,0,0.25,False,False,Dk5-B-01_mptf.conllu,1,0,0
nām,NOUN,nsubj,0,1,0,1,1,528,4718,=šān,PRON,nmod,0,2,1,1,0,0,0,0,0.25,False,False,Dk5-B-01_mptf.conllu,1,0,0
frazānagān,NOUN,conj,1,1,0,1,1,33,2,bābēlāyīgān,ADJ,amod,0,1,2,2,1,0,0,1,0.0,False,False,Dk5-B-01_mptf.conllu,0,1,0
sarxwadāyān,NOUN,obl,1,0,0,1,1,4,94,xwaniras,PROPN,nmod,0,2,1,2,0,0,1,0,0.75,False,False,Dk5-B-01_mptf.conllu,1,0,0
ēwēnag,NOUN,obl,0,0,0,1,1,782,1,warzkārīh,NOUN,nmod,4,1,5,3,2,1,0,0,0.25,False,False,Dk5-B-01_mptf.conllu,1,0,0
warzkārīh,NOUN,nmod,0,0,0,1,1,1,1,widimāsīg,ADJ,amod,0,2,4,2,1,0,0,0,0.0,False,False,Dk5-B-01_mptf.conllu,0,1,0
gōwišn,NOUN,conj,0,0,0,1,1,888,2158,dēn,NOUN,nmod,1,1,3,6,2,0,0,1,0.0,True,False,Dk5-B-01_mptf.conllu,1,0,0
dēn,NOUN,nmod,0,0,0,1,1,2149,3242,ohrmazd,PROPN,nmod,0,2,1,2,0,0,1,0,0.0,False,False,Dk5-B-01_mptf.conllu,1,0,0
ēwēnag,NOUN,nsubj,0,1,0,1,1,782,20,paygāmbarān,NOUN,nmod,0,1,3,4,1,0,0,1,1.0,False,False,Dk5-B-01_mptf.conllu,1,0,0
daxšag,NOUN,conj,0,1,0,1,1,216,15,waxšwarān,NOUN,nmod,0,2,2,2,0,0,0,0,0.0,False,False,Dk5-B-01_mptf.conllu,1,0,0
ān,PRON,conj,0,0,0,1,0,1928,66,gugāy,NOUN,nmod,3,1,2,2,3,0,0,0,0.0,False,False,Dk5-B-01_mptf.conllu,1,0,0
gugāy,NOUN,nmod,0,0,0,0,1,61,11,ēwarīg,ADJ,amod,0,2,1,3,0,0,0,0,0.0,False,False,Dk5-B-01_mptf.conllu,0,1,0
rāmšā,PROPN,obl,0,0,0,0,0,2,141,kay,PROPN,flat,0,1,1,2,0,0,1,0,0.5,False,False,Dk5-B-01_mptf.conllu,0,0,0
rāmšā,PROPN,obl,0,0,0,0,1,2,235,wištāsp,PROPN,flat,1,1,1,2,0,0,1,0,0.5,False,False,Dk5-B-01_mptf.conllu,0,0,0
bīm,NOUN,nsubj,0,0,0,1,1,301,333,petyārag,NOUN,nmod,1,1,3,1,3,0,0,1,1.0,False,False,Dk5-B-01_mptf.conllu,1,0,0
petyārag,NOUN,nmod,0,0,0,1,1,323,2158,dēn,NOUN,nmod,0,2,2,3,0,0,0,0,0.0,False,False,Dk5-B-01_mptf.conllu,1,0,0
wihān,NOUN,obl,0,0,0,1,1,110,633,X,NOUN,nmod,1,1,2,1,1,0,0,0,0.25,False,False,Dk5-B-01_mptf.conllu,1,0,0
rawāgēnīdārīh,NOUN,obj,0,0,0,1,1,6,2158,dēn,NOUN,nmod,0,2,1,1,0,0,0,0,0.5,False,False,Dk5-B-01_mptf.conllu,1,0,0
xwarrah,NOUN,nmod,0,0,0,1,1,554,230,wuzurg,ADJ,amod,0,2,1,1,0,0,0,0,0.0,False,False,Dk5-B-01_mptf.conllu,0,1,0
rāz,NOUN,obj,0,0,0,1,1,51,554,xwarrah,NOUN,nmod,0,2,2,1,1,0,0,0,1.0,False,False,Dk5-B-01_mptf.conllu,1,0,0
mardōm,NOUN,nsubj,0,0,0,1,1,2713,12,kišwarīg,ADJ,amod,5,2,5,2,2,0,0,0,0.5,False,False,Dk5-B-01_mptf.conllu,0,1,0
kām,NOUN,obj,0,0,0,1,1,335,3242,ohrmazd,PROPN,nmod,2,2,3,3,2,1,1,1,1.0,False,False,Dk5-B-01_mptf.conllu,1,0,0
abāyišnīgīh,NOUN,conj,0,1,0,1,1,26,1175,dāmān,NOUN,nmod,0,1,2,2,1,0,0,0,0.0,False,False,Dk5-B-01_mptf.conllu,1,0,0
rawāgdēnīh,NOUN,nmod,0,0,0,1,1,3,14,wizīrišnīg,ADJ,amod,0,2,1,1,0,0,0,0,0.0,False,False,Dk5-B-01_mptf.conllu,0,1,0
dagrēnišn,NOUN,obj,0,0,0,1,1,1,54,hāzišn,NOUN,nmod,0,2,1,1,0,0,0,0,0.6666666666666666,True,True,Dk5-B-01_mptf.conllu,1,0,0
ōšmār,NOUN,obl,0,0,0,1,1,8,53,hambadīg,NOUN,nmod,1,1,2,2,1,0,0,0,1.0,True,False,Dk5-B-01_mptf.conllu,1,0,0
hambadīg,NOUN,nmod,0,0,1,1,1,50,633,X,_,amod,0,2,1,1,0,0,0,0,0.0,False,False,Dk5-B-01_mptf.conllu,0,1,0
abēzagīhā,NOUN,nmod,0,0,0,0,0,1,25,abēzagīhā,NOUN,nmod,0,2,1,2,2,0,0,1,0.0,False,False,Dk5-B-01_mptf.conllu,1,0,0
āwurdārān,NOUN,nsubj,1,0,0,1,1,12,12,hamdēn,ADJ,amod,2,2,2,3,2,0,0,0,1.0,True,False,Dk5-B-01_mptf.conllu,0,1,0
āwurdārān,NOUN,nsubj,1,0,0,1,1,12,53,ušēdar,PROPN,appos,2,1,2,3,2,0,1,0,1.0,True,False,Dk5-B-01_mptf.conllu,0,1,0
rāyēnīdārān,NOUN,conj,1,0,0,1,1,33,29,spurr,ADJ,amod,0,2,1,1,0,0,0,0,0.0,True,False,Dk5-B-01_mptf.conllu,0,1,0
rawāgīh,NOUN,obl,0,0,0,1,1,137,249,bowandag,ADJ,amod,0,2,2,3,0,0,0,0,0.3333333333333333,False,True,Dk5-B-01_mptf.conllu,1,1,0
rawāgīh,NOUN,obl,0,0,0,1,1,137,2158,dēn,NOUN,nmod,2,1,2,3,2,0,0,0,0.3333333333333333,False,False,Dk5-B-01_mptf.conllu,1,1,0
dēn,NOUN,nmod,0,0,0,1,1,2149,3242,ohrmazd,PROPN,nmod,0,2,1,2,0,1,1,0,0.0,False,False,Dk5-B-01_mptf.conllu,1,0,0
harwisp,PRON,obl,0,0,0,1,1,236,1175,dām,NOUN,nmod,1,1,2,1,2,0,0,1,0.6666666666666666,False,False,Dk5-B-01_mptf.conllu,1,0,0
dām,NOUN,nmod,0,0,0,1,1,1172,1864,weh,ADJ,amod,0,2,1,2,0,0,0,0,0.0,False,False,Dk5-B-01_mptf.conllu,0,1,0
abzōnīgīh,NOUN,obl,0,0,0,1,1,46,1747,zarduxšt,PROPN,nmod,2,1,2,4,1,0,1,1,0.3333333333333333,False,False,Dk5-B-01_mptf.conllu,1,0,0
pērōzīh,NOUN,nmod,0,0,0,1,0,50,148,kay,PRON,nmod,0,1,3,4,3,0,0,1,0.0,False,False,Dk5-B-01_mptf.conllu,3,0,0
pērōzīh,NOUN,nmod,0,0,0,1,1,50,19,arǰāsp,PROPN,nmod,4,1,3,4,3,0,1,0,0.0,False,False,Dk5-B-01_mptf.conllu,3,0,0
kay,PRON,nmod,0,0,0,0,1,147,235,wištāsp,PROPN,flat,0,1,1,3,0,0,1,0,0.0,False,False,Dk5-B-01_mptf.conllu,0,0,0
ēwēnag,NOUN,nmod,0,0,0,1,1,782,5,anōšmār,ADJ,amod,0,2,1,1,0,0,0,0,0.0,False,True,Dk5-B-01_mptf.conllu,0,1,0
wizīdārīh,NOUN,nsubj,0,0,0,1,1,14,235,wištāsp,PROPN,nmod,0,1,2,2,1,0,1,0,1.0,False,False,Dk5-B-01_mptf.conllu,1,0,0
brādrōrēš,PROPN,nmod,0,0,0,1,1,11,56,tūr,PROPN,amod,0,2,1,2,0,0,1,0,0.0,False,False,Dk5-B-01_mptf.conllu,0,1,0
wirāstan,NOUN,conj,0,0,0,1,1,45,39,srid,PROPN,nmod,0,1,3,2,1,0,1,1,0.0,True,False,Dk5-B-01_mptf.conllu,2,0,0
wirāstan,NOUN,conj,0,0,0,1,1,45,57,rah,NOUN,nmod,3,1,3,2,1,0,0,0,0.0,True,False,Dk5-B-01_mptf.conllu,2,0,0
rah,NOUN,nmod,0,0,0,1,1,57,633,X,_,nmod,0,2,2,1,1,0,0,0,0.0,False,False,Dk5-B-01_mptf.conllu,1,0,0
wizendkarān,NOUN,advcl,1,0,0,1,1,1,14,aleksandar,PROPN,nmod,1,1,5,3,4,0,1,0,0.0,False,False,Dk5-B-01_mptf.conllu,1,0,0
zadār,NOUN,conj:nmod,0,0,0,1,1,42,19,aγrērat,PROPN,nmod,0,2,2,2,2,0,1,1,0.0,True,False,Dk5-B-01_mptf.conllu,1,0,0
zadār,NOUN,conj:nmod,0,0,0,1,1,42,8,malkūs,PROPN,appos,0,1,2,2,0,0,1,0,0.0,True,False,Dk5-B-01_mptf.conllu,1,0,0
wurrawišnwārān,NOUN,conj:nmod,1,1,0,1,1,1,2,wizendkarān,ADJ,amod,0,2,3,5,0,0,0,0,0.0,True,False,Dk5-B-01_mptf.conllu,0,1,0
wurrawišnwārān,NOUN,conj:nmod,1,0,0,1,1,1,3,mašīh,PROPN,appos,1,1,3,5,2,0,1,0,0.0,True,False,Dk5-B-01_mptf.conllu,0,1,0
āwāmīhā,NOUN,root,1,0,0,0,1,176,23,polābdēn,ADJ,nmod,1,1,4,4,3,0,0,0,0.0,False,False,Dk5-B-01_mptf.conllu,1,0,0
ārāstārān,NOUN,conj,1,0,0,1,1,40,2158,dēn,NOUN,nmod,0,2,3,5,0,0,0,0,0.0,True,False,Dk5-B-01_mptf.conllu,2,0,0
ārāstārān,NOUN,conj,1,0,0,1,1,40,14,arduxšahr,PROPN,nmod,3,1,3,5,8,0,1,0,0.0,True,False,Dk5-B-01_mptf.conllu,2,0,0
hammōg,NOUN,obl,0,0,0,1,1,57,1747,zarduxšt,PROPN,nmod,0,2,2,3,1,1,1,1,0.6666666666666666,False,False,Dk5-B-01_mptf.conllu,1,0,0
ganǰ,NOUN,obl,0,1,0,1,1,42,73,xwadāyān,NOUN,nmod,0,1,2,2,1,0,0,1,1.0,False,False,Dk5-B-01_mptf.conllu,1,0,0
wizīdagīh,NOUN,root,0,0,0,1,1,2,243,tōhmag,NOUN,nmod,2,1,5,5,2,0,0,1,0.0,False,False,Dk5-B-01_mptf.conllu,1,0,0
tōhmag,NOUN,nmod,0,0,0,1,1,223,152,ērān,ADJ,amod,0,1,2,2,1,0,0,1,0.0,False,False,Dk5-B-01_mptf.conllu,0,1,0
baxšišn,NOUN,obl,0,0,0,1,1,53,243,tōhmag,NOUN,nmod,0,1,2,2,1,0,0,1,0.42857142857142855,True,False,Dk5-B-01_mptf.conllu,1,0,0
frazendān,NOUN,nmod,1,0,0,1,1,387,20,siyāmak,PROPN,nmod,0,1,2,2,1,0,1,1,0.0,False,False,Dk5-B-01_mptf.conllu,1,0,0
bun,NOUN,obl,0,0,0,1,1,959,14,gumēzišnīg,ADJ,nmod,0,1,1,2,0,0,0,0,0.375,False,False,Dk5-B-01_mptf.conllu,1,0,0
abarmadan,NOUN,obl,0,0,0,1,1,3,5,āhōgōmandīh,NOUN,nmod,2,1,3,4,2,0,0,1,0.5,True,False,Dk5-B-01_mptf.conllu,2,0,0
abarmadan,NOUN,obl,0,1,0,1,1,3,1338,dēwān,NOUN,nmod,4,1,3,4,2,0,0,1,0.5,True,False,Dk5-B-01_mptf.conllu,2,0,0
āhōgōmandīh,NOUN,nmod,0,0,0,1,1,5,186,nōg,ADJ,amod,1,2,2,2,1,0,0,0,0.0,False,False,Dk5-B-01_mptf.conllu,0,1,0
frazendān,NOUN,root,1,0,0,1,1,387,27,frawāg,PROPN,nmod,0,1,4,10,1,0,1,1,0.0,False,False,Dk5-B-01_mptf.conllu,2,0,0
frazendān,NOUN,root,1,0,0,1,1,387,51,hōšyang,PROPN,nmod,2,1,4,10,2,0,1,0,0.0,False,False,Dk5-B-01_mptf.conllu,2,0,0
xwarrahīh,NOUN,obl,0,0,0,1,1,2,9,abardar,ADJ,amod,0,2,1,2,0,0,0,0,0.75,False,False,Dk5-B-01_mptf.conllu,0,1,0
xwadāy,NOUN,advcl,0,0,0,0,1,494,1249,gēhān,NOUN,nmod,0,2,3,5,0,0,0,0,0.0,False,False,Dk5-B-01_mptf.conllu,1,0,0
warzīdār,NOUN,conj,0,0,0,1,1,25,1249,gēhān,NOUN,nmod,0,2,2,6,0,0,0,0,0.0,True,False,Dk5-B-01_mptf.conllu,1,0,0
paywandān,NOUN,nmod,1,1,0,1,1,4,4718,=šān,PRON,nmod,0,2,1,1,0,0,0,0,0.0,False,False,Dk5-B-01_mptf.conllu,1,0,0
āwādagān,NOUN,nsubj,1,1,0,1,1,38,4,paywandān,NOUN,nmod,0,2,2,1,1,0,0,0,0.3333333333333333,True,False,Dk5-B-01_mptf.conllu,1,0,0
tōhmag,NOUN,obj,0,1,0,1,1,223,244,dahibedān,NOUN,nmod,0,2,1,2,0,1,0,0,0.6666666666666666,False,False,Dk5-B-01_mptf.conllu,1,0,0
huzahag,NOUN,obl,0,0,0,1,1,2,12,dahigān,NOUN,nmod,0,2,2,3,1,1,0,1,1.0,False,False,Dk5-B-01_mptf.conllu,1,0,0
kustagān,NOUN,nsubj,1,0,0,1,1,149,1,xadur,PROPN,nmod,0,2,1,1,0,0,1,0,1.0,True,False,Dk5-B-01_mptf.conllu,1,0,0
frēdōn,PROPN,conj,0,0,0,1,1,119,49,āspīyān,PROPN,nmod,0,2,1,2,0,0,1,0,0.0,False,False,Dk5-B-01_mptf.conllu,1,0,0
ēriǰ,PROPN,conj,0,0,0,1,1,43,20,niyāg,NOUN,nmod,1,1,2,1,2,0,0,1,0.0,False,False,Dk5-B-01_mptf.conllu,1,0,0
niyāg,NOUN,nmod,0,1,0,1,1,20,34,ērān,NOUN,nmod,0,2,1,2,0,0,0,0,0.0,False,False,Dk5-B-01_mptf.conllu,1,0,0
bay,NOUN,obl,0,0,0,0,1,32,244,dahībed,NOUN,appos,2,1,3,4,1,1,0,0,1.0,False,False,Dk5-B-01_mptf.conllu,0,0,0
xwarrah,NOUN,nmod,0,0,0,1,1,554,9,abardar,ADJ,amod,0,2,1,1,0,0,0,0,0.0,False,False,Dk5-B-01_mptf.conllu,0,1,0
dahībed,NOUN,appos,0,0,0,1,1,244,554,xwarrah,NOUN,nmod,0,2,2,1,1,0,0,0,0.0,False,False,Dk5-B-01_mptf.conllu,1,0,0
X,NOUN,advcl,0,1,0,1,1,305,141,kayān,NOUN,nmod,0,1,1,1,0,0,0,0,0.0,False,False,Dk5-B-01_mptf.conllu,1,0,0
dādār,NOUN,nsubj,0,0,0,1,1,998,3242,ohrmazd,PROPN,flat,0,1,1,1,0,0,1,0,0.16666666666666666,True,False,Dk5-B-01_mptf.conllu,0,0,0
nēryōsang,PROPN,obj,0,0,0,1,1,48,23,aštag,NOUN,appos,1,1,2,1,2,0,0,1,0.3333333333333333,False,True,Dk5-B-01_mptf.conllu,0,0,0
aštag,NOUN,appos,0,0,0,1,1,22,2375,xwēš,DET,amod,0,2,1,2,0,0,0,0,0.0,True,False,Dk5-B-01_mptf.conllu,0,1,0
handāzag,NOUN,obl,0,0,0,1,1,97,1,zarduxštrōtomīh,NOUN,nmod,0,1,3,2,2,0,0,0,0.5,False,False,Dk5-B-01_mptf.conllu,1,0,0
ērmardōm,NOUN,dislocated:topic,0,0,0,1,1,1,5,hutōhmagtom,ADJ,amod,0,2,1,2,0,0,0,0,0.0,False,False,Dk5-B-01_mptf.conllu,0,1,0
ēwēnag,NOUN,nsubj,0,0,0,1,1,782,554,xwarrah,NOUN,nmod,1,1,4,2,3,1,0,0,0.5,False,False,Dk5-B-01_mptf.conllu,1,0,0
xwarrah,NOUN,nmod,0,0,0,1,1,554,230,wuzurg,ADJ,amod,0,2,3,3,0,0,0,0,0.0,False,False,Dk5-B-01_mptf.conllu,0,1,0
abāyistan,NOUN,root,0,1,0,1,1,7,4718,awēšān,PRON,nmod,0,1,5,5,2,0,0,1,0.0,True,False,Dk5-B-01_mptf.conllu,1,0,0
ram,NOUN,obj,0,1,0,1,1,34,4718,=išān,PRON,nmod,0,1,1,1,0,0,0,0,0.5,False,False,Dk5-B-01_mptf.conllu,1,0,0
dēn,NOUN,nmod,0,1,0,1,1,2149,610,amāh,PRON,nmod,0,2,1,1,0,0,0,0,0.0,False,False,Dk5-B-01_mptf.conllu,1,0,0
āgāhīh,NOUN,obl,0,0,0,1,1,221,2158,dēn,NOUN,nmod,0,2,2,2,1,0,0,0,0.6666666666666666,False,False,Dk5-B-01_mptf.conllu,1,0,0
ōšmurišn,NOUN,nsubj,0,0,0,1,1,95,18258,=š,PRON,nmod,0,2,1,1,0,0,0,0,0.8333333333333334,True,False,Dk5-B-01_mptf.conllu,1,0,0
pahrēzišnān,NOUN,conj,1,0,0,1,1,5,232,dād,NOUN,appos,1,1,2,1,2,0,0,0,0.0,False,False,Dk5-B-01_mptf.conllu,0,0,0
tan,NOUN,nsubj,0,0,0,1,1,2253,2,wīrōmand,ADJ,amod,0,1,3,1,3,0,0,1,1.0,False,False,Dk5-B-01_mptf.conllu,0,1,0
andarz,NOUN,root,0,0,0,1,1,142,1747,zarduxšt,PROPN,nmod,1,1,3,4,2,0,1,1,0.0,False,False,Dk5-B-01_mptf.conllu,1,0,0
zarduxšt,PROPN,nmod,0,0,0,1,0,1746,2060,ahlaw,ADJ,amod,0,2,1,2,0,0,0,0,0.0,False,False,Dk5-B-01_mptf.conllu,0,1,0
kām,NOUN,acl,0,0,0,1,1,335,1006,dādār,NOUN,nmod,2,1,2,4,2,0,0,1,0.0,False,True,Dk5-B-01_mptf.conllu,1,0,0
dādār,NOUN,nmod,0,0,0,1,1,998,3242,ohrmazd,PROPN,flat,0,1,1,2,0,0,1,0,0.0,True,False,Dk5-B-01_mptf.conllu,0,0,0
zanišn,NOUN,nsubj,0,1,0,1,1,245,1338,dēwān,NOUN,nmod,0,1,5,8,1,0,0,1,1.0,True,False,Dk5-B-01_mptf.conllu,1,0,0
ānāftan,NOUN,conj,0,0,0,1,1,23,28,ālūdagīh,NOUN,nmod,1,1,4,1,3,0,0,1,0.0,True,False,Dk5-B-01_mptf.conllu,1,0,0
ālūdagīh,NOUN,nmod,0,0,0,1,1,28,181,ēbgad,NOUN,nmod,0,2,3,3,0,0,0,0,0.0,False,False,Dk5-B-01_mptf.conllu,1,0,0
āhōg,NOUN,conj:nmod,0,0,0,1,1,145,18258,=iš,PRON,nmod,1,1,2,1,2,0,0,1,0.0,False,False,Dk5-B-01_mptf.conllu,1,0,0
mehēnišn,NOUN,conj,0,0,0,1,1,6,330,sūd,NOUN,nmod,1,1,4,2,3,0,0,1,0.0,True,False,Dk5-B-01_mptf.conllu,1,0,0
nēkīh,NOUN,conj:nmod,0,1,0,1,1,529,21,wehdahišnān,NOUN,nmod,1,1,2,3,0,0,0,0,0.0,False,False,Dk5-B-01_mptf.conllu,2,0,0
nēkīh,NOUN,conj:nmod,0,0,0,1,1,529,18258,=iš,PRON,nmod,3,1,2,3,1,0,0,0,0.0,False,False,Dk5-B-01_mptf.conllu,2,0,0
parwardārīh,NOUN,conj,0,0,0,1,1,32,254,bar,NOUN,nmod,0,1,2,4,0,0,0,0,0.0,False,False,Dk5-B-01_mptf.conllu,2,0,0
parwardārīh,NOUN,conj,0,1,0,1,1,32,2716,mardōmān,NOUN,nmod,3,1,2,4,1,0,0,0,0.0,False,False,Dk5-B-01_mptf.conllu,2,0,0
frāyēnīdārīh,NOUN,conj,0,0,0,1,0,1,1135,gētī,NOUN,nmod,0,1,2,2,0,0,0,0,0.0,False,False,Dk5-B-01_mptf.conllu,2,0,0
frāyēnīdārīh,NOUN,conj,0,0,0,1,1,1,790,ēwēnag,NOUN,nmod,3,1,2,2,3,0,0,0,0.0,False,False,Dk5-B-01_mptf.conllu,2,0,0
bōxtišn,NOUN,conj,0,0,0,1,1,20,1226,ruwān,NOUN,nmod,0,1,2,2,1,0,0,1,0.0,True,False,Dk5-B-01_mptf.conllu,2,0,0
bōxtišn,NOUN,conj,0,0,0,1,1,20,790,ēwēnag,NOUN,nmod,3,1,2,2,3,0,0,0,0.0,True,False,Dk5-B-01_mptf.conllu,2,0,0
ēwēnag,NOUN,nmod,0,0,0,1,1,782,366,anāgīh,NOUN,nmod,0,1,1,3,0,0,0,0,0.0,False,False,Dk5-B-01_mptf.conllu,1,0,0
rasišn,NOUN,conj,0,0,0,1,1,166,2253,tan,NOUN,nmod,2,1,3,2,3,0,0,0,0.0,True,False,Dk5-B-01_mptf.conllu,1,0,0
tan,NOUN,nmod,0,0,0,1,1,2253,190,pasēn,ADJ,amod,0,1,2,3,1,0,0,1,0.0,False,False,Dk5-B-01_mptf.conllu,0,1,0
mizd,NOUN,nsubj,0,0,0,1,1,349,249,bowandag,ADJ,amod,0,2,2,2,0,0,0,0,0.5,False,True,Dk5-B-01_mptf.conllu,1,1,0
mizd,NOUN,nsubj,0,0,0,1,1,349,600,dādestān,NOUN,nmod,2,1,2,2,2,0,0,0,0.5,False,False,Dk5-B-01_mptf.conllu,1,1,0
dādestān,NOUN,nmod,0,0,0,1,1,587,18258,=iš,PRON,nmod,0,2,1,2,0,0,0,0,0.0,False,False,Dk5-B-01_mptf.conllu,1,0,0
baxšišn,NOUN,acl:relcl,0,0,0,1,1,53,411,bahr,NOUN,nmod,2,1,6,5,4,0,0,1,0.0,True,False,Dk5-B-01_mptf.conllu,1,0,0
baxšišn,NOUN,conj,0,0,0,1,1,53,983,kunišn,NOUN,nmod,2,1,5,2,4,0,0,0,0.0,True,True,Dk5-B-01_mptf.conllu,1,0,0
baxšišn,NOUN,conj,0,1,0,1,1,53,208,pēšagān,NOUN,nmod,1,1,2,2,1,0,0,0,0.0,True,False,Dk5-B-01_mptf.conllu,1,0,0
parwandišnīh,NOUN,obl,0,0,0,1,1,3,34,spurrīg,ADJ,amod,0,2,2,3,0,0,0,0,1.0,True,False,Dk5-B-01_mptf.conllu,1,1,0
parwandišnīh,NOUN,obl,0,0,0,1,1,3,222,xīr,NOUN,nmod,1,1,2,3,2,0,0,1,1.0,True,False,Dk5-B-01_mptf.conllu,1,1,0
gugān,NOUN,nmod,0,0,0,1,1,47,18258,=š,PRON,nmod,0,2,1,1,0,0,0,0,0.0,False,False,Dk5-B-01_mptf.conllu,1,0,0
hušnūdīh,NOUN,root,0,0,0,1,1,11,1006,dādār,NOUN,nmod,0,1,5,5,0,0,0,0,0.0,False,True,Dk5-B-01_mptf.conllu,1,0,0
kām,NOUN,nmod,0,0,0,1,1,335,18258,=š,PRON,nmod,1,2,2,3,0,0,0,0,0.0,False,False,Dk5-B-01_mptf.conllu,1,0,0
rāyēnīdārān,NOUN,acl,1,0,0,1,1,33,335,kām,NOUN,nmod,2,2,3,2,3,0,0,0,0.0,True,False,Dk5-B-01_mptf.conllu,1,0,0
kām,NOUN,nmod,0,0,0,1,1,335,18258,=š,PRON,nmod,1,2,2,3,0,0,0,0,0.0,False,False,Dk5-B-01_mptf.conllu,1,0,0
framān,NOUN,nmod,0,0,0,1,1,244,18258,=š,PRON,nmod,1,2,1,1,0,0,0,0,0.0,False,False,Dk5-B-01_mptf.conllu,1,0,0
pād,NOUN,root,0,0,0,1,1,4,12,pās,NOUN,nmod,0,1,2,3,1,0,0,1,0.0,True,False,Dk5-B-01_mptf.conllu,1,0,0
frēftārīh,NOUN,obj,0,0,0,1,1,14,323,ahreman,PROPN,nmod,2,1,6,3,2,0,1,1,0.3333333333333333,False,False,Dk5-B-01_mptf.conllu,2,0,0
frēftārīh,NOUN,obj,0,0,0,1,1,14,3,gumēxtagīh,NOUN,nmod,6,1,6,3,6,0,0,0,0.3333333333333333,False,False,Dk5-B-01_mptf.conllu,2,0,0
nihuftārīh,NOUN,conj:nmod,0,1,0,1,1,2,4718,=šān,PRON,nmod,0,1,4,2,0,0,0,0,0.0,False,False,Dk5-B-01_mptf.conllu,2,0,0
nihuftārīh,NOUN,conj:nmod,0,0,0,1,1,2,587,rāh,NOUN,nmod,1,1,4,2,2,0,0,1,0.0,False,False,Dk5-B-01_mptf.conllu,2,0,0
rāh,NOUN,nmod,0,0,0,1,1,587,7,rastag,ADJ,amod,0,1,3,2,2,0,0,1,0.0,False,True,Dk5-B-01_mptf.conllu,0,1,0
zūrnimūdārīh,NOUN,conj:nmod,0,1,0,1,1,1,4718,=šān,PRON,nmod,0,1,2,4,0,0,0,0,0.0,False,False,Dk5-B-01_mptf.conllu,3,0,0
zūrnimūdārīh,NOUN,conj:nmod,0,0,0,1,1,1,96,ast,ADJ,nmod,1,1,2,4,1,0,0,1,0.0,False,False,Dk5-B-01_mptf.conllu,3,0,0
zūrnimūdārīh,NOUN,conj:nmod,0,0,0,1,1,1,5,nēst,ADJ,nmod,3,1,2,4,1,0,0,0,0.0,False,False,Dk5-B-01_mptf.conllu,3,0,0
rāhdārīh,NOUN,conj:nmod,0,1,0,1,1,18,4718,=šān,PRON,nmod,0,1,3,2,0,0,0,0,0.0,False,False,Dk5-B-01_mptf.conllu,2,0,0
rāhdārīh,NOUN,conj:nmod,0,0,0,1,1,18,520,menišn,NOUN,nmod,3,1,3,2,5,0,0,1,0.0,False,True,Dk5-B-01_mptf.conllu,2,0,0
menišn,NOUN,nmod,0,0,0,1,0,518,369,axw,NOUN,nmod,0,2,2,5,1,0,0,0,0.0,True,False,Dk5-B-01_mptf.conllu,2,0,0
menišn,NOUN,nmod,0,1,0,1,1,518,363,astōmandān,NOUN,nmod,2,1,2,5,1,0,0,1,0.0,True,False,Dk5-B-01_mptf.conllu,2,0,0
asūdagīh,NOUN,conj:nmod,0,1,0,1,1,2,4718,=šān,PRON,nmod,0,1,2,2,0,0,0,0,0.0,False,False,Dk5-B-01_mptf.conllu,2,0,0
asūdagīh,NOUN,conj:nmod,0,0,0,1,1,2,1,wināhišnkārīh,NOUN,nmod,2,1,2,2,2,0,0,1,0.0,False,False,Dk5-B-01_mptf.conllu,2,0,0
niyāzōmandīh,NOUN,obj,0,1,0,1,1,10,610,=mān,PRON,nmod,0,1,3,2,0,0,0,0,1.0,False,False,Dk5-B-01_mptf.conllu,2,0,0
niyāzōmandīh,NOUN,obj,0,0,0,1,1,10,1,rāstāwurdārīh,NOUN,nmod,3,1,3,2,5,0,0,1,1.0,False,False,Dk5-B-01_mptf.conllu,2,0,0
rāstāwurdārīh,NOUN,nmod,0,1,0,1,1,1,15,waxšwarān,NOUN,nmod,0,2,2,5,0,0,0,0,0.0,False,False,Dk5-B-01_mptf.conllu,3,0,0
rāstāwurdārīh,NOUN,nmod,0,0,0,1,1,1,51,rāz,NOUN,nmod,1,1,2,5,1,0,0,0,0.0,False,False,Dk5-B-01_mptf.conllu,3,0,0
rāstāwurdārīh,NOUN,nmod,0,0,0,1,1,1,1,paydāgēnīdārīh,NOUN,nmod,3,1,2,5,1,0,0,0,0.0,False,False,Dk5-B-01_mptf.conllu,3,0,0
rāz,NOUN,nmod,0,0,0,1,1,51,127,mēnōyīg,ADJ,amod,0,2,1,1,0,0,0,0,0.0,False,False,Dk5-B-01_mptf.conllu,0,1,0
paydāgēnīdārīh,NOUN,nmod,0,0,0,1,1,1,168,gētīyīg,ADJ,amod,0,2,1,1,0,0,0,0,0.0,False,False,Dk5-B-01_mptf.conllu,0,1,0
grift,NOUN,conj,0,0,0,1,1,10,85,widarg,NOUN,nmod,1,1,2,1,2,0,0,1,0.0,True,False,Dk5-B-01_mptf.conllu,1,0,0
pād,NOUN,conj,0,0,0,1,1,4,12,pās,NOUN,nmod,1,1,2,3,2,0,0,1,0.0,True,False,Dk5-B-01_mptf.conllu,1,0,0
sūd,NOUN,obj,0,1,0,1,1,327,1338,dēwān,NOUN,nmod,0,1,2,1,1,0,0,1,0.5,False,False,Dk5-B-01_mptf.conllu,1,0,0
ān,PRON,conj,0,1,0,1,1,1928,4718,=išān,PRON,nmod,0,1,3,3,0,0,0,0,0.0,False,False,Dk5-B-01_mptf.conllu,1,0,0
kōšišnīh,NOUN,obl,0,0,0,1,1,3,29,hāmwār,ADJ,amod,0,2,2,4,0,0,0,0,0.5,True,True,Dk5-B-01_mptf.conllu,1,1,0
kōšišnīh,NOUN,obl,0,1,0,1,1,3,915,druzān,NOUN,nmod,1,1,2,4,1,0,0,0,0.5,True,False,Dk5-B-01_mptf.conllu,1,1,0
dēw,NOUN,obj,0,1,0,0,1,1336,1338,dēwān,NOUN,nmod,0,2,7,3,0,0,0,0,1.0,False,False,Dk5-B-01_mptf.conllu,1,0,0
dēw,NOUN,obj,0,0,0,0,0,1336,569,gannāgmēnōy,PROPN,appos,0,1,7,3,1,0,1,0,1.0,False,False,Dk5-B-01_mptf.conllu,1,0,0
abzārān,NOUN,conj:appos,1,0,0,1,1,315,18258,=š,PRON,nmod,1,2,5,4,0,0,0,0,0.0,True,False,Dk5-B-01_mptf.conllu,2,1,0
abzārān,NOUN,conj:appos,1,0,0,1,1,315,10,mazan,ADJ,amod,0,2,5,4,0,0,0,0,0.0,True,False,Dk5-B-01_mptf.conllu,2,1,0
abzārān,NOUN,conj:appos,1,0,0,1,1,315,107,akōman,PROPN,nmod,1,1,5,4,11,0,1,1,0.0,True,False,Dk5-B-01_mptf.conllu,2,1,0
abārīg,PRON,conj:nmod,0,0,1,1,1,942,6,māzan,NOUN,nmod,0,1,3,2,2,0,0,1,0.0,False,False,Dk5-B-01_mptf.conllu,1,0,0
māzan,NOUN,nmod,0,0,0,1,0,4,1338,dēw,NOUN,nmod,0,1,2,2,1,0,0,1,0.0,False,False,Dk5-B-01_mptf.conllu,1,0,0
āfrāh,NOUN,obl,0,0,0,1,1,23,141,waran,PROPN,nmod,0,1,1,2,0,0,1,0,1.0,False,False,Dk5-B-01_mptf.conllu,1,0,0
mādayān,NOUN,nsubj,0,0,0,1,1,140,654,xrad,NOUN,nmod,0,2,1,1,0,0,0,0,0.5,False,False,Dk5-B-01_mptf.conllu,1,0,0
mādayān,NOUN,obl,0,0,0,1,1,140,141,waran,NOUN,nmod,0,2,1,2,0,0,0,0,1.0,False,False,Dk5-B-01_mptf.conllu,1,0,0
mēnōyān,NOUN,obj,1,0,0,1,1,1405,1864,weh,ADJ,amod,0,2,1,2,0,0,0,0,0.3333333333333333,False,False,Dk5-B-01_mptf.conllu,0,1,0
druz,NOUN,obl,0,0,0,1,1,911,2375,xwēš,PRON,amod,1,2,1,4,0,1,0,0,0.6666666666666666,False,False,Dk5-B-01_mptf.conllu,0,2,0
druz,NOUN,obl,0,0,0,1,1,911,110,hamēstār,NOUN,amod,0,2,1,4,0,1,0,0,0.6666666666666666,False,True,Dk5-B-01_mptf.conllu,0,2,0
rōy,NOUN,root,0,0,0,0,1,32,1276,zamīg,NOUN,nmod,0,1,2,5,1,0,0,1,0.0,False,False,Dk5-B-01_mptf.conllu,1,0,0
gugān,NOUN,nmod,0,0,0,1,1,47,529,nēkīh,NOUN,nmod,0,1,3,2,1,0,0,1,0.0,False,False,Dk5-B-01_mptf.conllu,1,0,0
ān,PRON,conj:nmod,0,0,0,1,1,1928,366,anāgīh,NOUN,nmod,0,1,2,1,1,0,0,1,0.0,False,False,Dk5-B-01_mptf.conllu,1,0,0
ōšmurišn,NOUN,nsubj,0,0,0,1,1,95,61,gugān,NOUN,nmod,3,2,4,1,2,0,0,0,1.0,True,False,Dk5-B-01_mptf.conllu,1,0,0
bahragdārīh,NOUN,conj,0,0,0,1,1,1,18258,=š,PRON,nmod,1,2,2,4,0,0,0,0,0.0,False,False,Dk5-B-01_mptf.conllu,2,0,0
bahragdārīh,NOUN,conj,0,0,0,1,0,1,27,harwdō,PRON,nmod,1,1,2,4,2,0,0,1,0.0,False,False,Dk5-B-01_mptf.conllu,2,0,0
rāh,NOUN,root,0,0,0,1,1,587,170,wahišt,PROPN,nmod,1,1,4,5,1,0,1,0,0.0,False,False,Dk5-B-01_mptf.conllu,1,0,0
rāh,NOUN,conj,0,0,0,1,1,587,371,dušox,PROPN,nmod,1,1,2,1,1,0,1,0,0.0,False,False,Dk5-B-01_mptf.conllu,1,0,0
gāh,NOUN,conj,0,0,0,1,1,744,15,hamēstagān,PROPN,nmod,1,1,2,1,1,0,1,0,0.0,False,False,Dk5-B-01_mptf.conllu,1,0,0
bēabesīhēnišnīh,NOUN,obl,0,0,0,1,1,1,4,abdomīg,ADJ,amod,0,2,2,3,0,0,0,0,1.0,True,False,Dk5-B-01_mptf.conllu,1,1,0
bēabesīhēnišnīh,NOUN,obl,0,0,0,1,1,1,333,petyārag,NOUN,nmod,0,1,2,3,1,0,0,1,1.0,True,False,Dk5-B-01_mptf.conllu,1,1,0
dādār,NOUN,nsubj,0,0,0,1,1,998,46,xwābar,ADJ,amod,0,2,1,1,0,0,0,0,0.5,True,False,Dk5-B-01_mptf.conllu,0,1,0
yōǰdāsrēnīdārīh,NOUN,obl,0,0,0,1,1,8,1238,wināh,NOUN,nmod,1,1,2,2,1,0,0,0,0.5,False,False,Dk5-B-01_mptf.conllu,1,0,0
āhōg,NOUN,obl,0,0,0,1,1,145,1238,wināh,NOUN,nmod,2,1,4,1,3,0,0,0,0.75,False,False,Dk5-B-01_mptf.conllu,1,0,0
wināh,NOUN,nmod,0,0,0,1,1,1238,53,kird,ADJ,amod,0,1,3,3,1,0,0,1,0.0,False,True,Dk5-B-01_mptf.conllu,0,1,0
gumēzišn,NOUN,conj:nmod,0,0,0,1,1,57,144,awiš,ADV,nmod,0,1,2,2,1,0,0,1,0.0,True,False,Dk5-B-01_mptf.conllu,1,0,0
pādifrāh,NOUN,nsubj,0,0,0,1,1,215,6,ačārīg,ADJ,amod,0,2,6,3,0,0,0,0,1.0,False,False,Dk5-B-01_mptf.conllu,1,1,0
pādifrāh,NOUN,nsubj,0,1,0,1,1,215,158,yōǰdahrgarān,NOUN,nmod,1,1,6,3,2,0,0,1,1.0,False,False,Dk5-B-01_mptf.conllu,1,1,0
pādāšn,NOUN,conj,0,0,0,1,1,123,9,pattāyišnīg,ADJ,amod,1,1,2,2,1,0,0,0,0.0,False,False,Dk5-B-01_mptf.conllu,0,1,0
pahrēzišn,NOUN,obl,0,0,0,1,1,5,983,kunišn,NOUN,nmod,0,2,1,3,0,0,0,0,0.6666666666666666,True,True,Dk5-B-01_mptf.conllu,1,0,0
wānīdan,NOUN,obl,0,0,0,1,1,2,16587,ān,PRON,nmod,1,1,1,2,0,0,0,0,1.0,True,False,Dk5-B-01_mptf.conllu,1,0,0
āhōg,NOUN,nsubj,0,0,0,1,1,145,333,petyārag,NOUN,nmod,0,2,1,2,0,0,0,0,0.5,False,False,Dk5-B-01_mptf.conllu,1,0,0
bungōhr,NOUN,nsubj,0,0,0,1,1,4,413,mān,NOUN,nmod,0,2,1,1,0,0,0,0,0.6666666666666666,False,False,Dk5-B-01_mptf.conllu,1,0,0
pādāšn,NOUN,conj,0,0,0,1,0,123,1533,dō,NUM,nmod,2,1,2,1,3,0,0,1,0.0,False,False,Dk5-B-01_mptf.conllu,1,0,0
passāxt,NOUN,obl,0,0,0,1,1,39,174,škeft,ADJ,amod,0,2,3,4,0,0,0,0,0.5,False,False,Dk5-B-01_mptf.conllu,1,1,0
passāxt,NOUN,obl,0,0,0,1,1,39,2253,tan,NOUN,nmod,1,1,3,4,3,0,0,1,0.5,False,False,Dk5-B-01_mptf.conllu,1,1,0
tan,NOUN,nmod,0,0,0,1,1,2253,190,pasēn,ADJ,amod,0,1,2,3,1,0,0,1,0.0,False,False,Dk5-B-01_mptf.conllu,0,1,0
grift,NOUN,conj,0,0,0,1,1,10,349,mizd,NOUN,nmod,2,1,3,1,3,0,0,1,0.0,True,False,Dk5-B-01_mptf.conllu,1,0,0
mizd,NOUN,nmod,0,0,0,1,1,349,18,abardom,ADJ,amod,0,2,2,3,1,1,0,1,0.0,False,False,Dk5-B-01_mptf.conllu,0,1,0
abēāhangīh,NOUN,conj,0,0,0,1,1,1,1238,wināh,NOUN,nmod,1,1,3,4,2,0,0,1,0.0,False,False,Dk5-B-01_mptf.conllu,1,0,0
frāzāhangīh,NOUN,conj,0,0,0,1,1,5,1057,kirbag,NOUN,nmod,1,1,2,1,1,0,0,0,0.0,False,False,Dk5-B-01_mptf.conllu,1,0,0
wināh,NOUN,nsubj,0,0,0,1,1,1238,16587,ān,PRON,nmod,1,1,3,1,2,0,0,0,1.0,False,False,Dk5-B-01_mptf.conllu,1,0,0
ān,PRON,nmod,0,0,0,1,1,1928,184,garāntar,ADJ,amod,0,1,2,2,1,0,0,1,0.0,False,False,Dk5-B-01_mptf.conllu,0,1,0
dušmenīh,NOUN,root,0,1,0,1,1,23,1407,yazadān,NOUN,nmod,0,2,5,11,0,0,0,0,0.0,False,False,Dk5-B-01_mptf.conllu,1,0,0
amenīh,NOUN,conj,0,1,0,1,1,1,1407,yazadān,NOUN,nmod,0,2,1,2,0,0,0,0,0.0,False,False,Dk5-B-01_mptf.conllu,1,0,0
abārīg,PRON,conj,0,0,1,1,1,942,337,dar,NOUN,nmod,2,1,2,2,3,0,0,1,0.0,False,False,Dk5-B-01_mptf.conllu,1,0,0
nām,NOUN,advcl,0,0,0,1,1,528,85,hangirdīg,ADJ,nmod,1,2,2,3,1,0,0,0,0.0,False,False,Dk5-B-01_mptf.conllu,2,0,0
nām,NOUN,advcl,0,0,0,1,1,528,1,dēwčihragīh,NOUN,nmod,0,2,2,3,0,0,0,0,0.0,False,False,Dk5-B-01_mptf.conllu,2,0,0
framānspōzīh,NOUN,conj,0,1,0,1,1,6,244,dahibedān,NOUN,nmod,0,1,2,2,1,0,0,1,0.0,False,False,Dk5-B-01_mptf.conllu,1,0,0
menīdan,NOUN,conj,0,0,0,1,1,4,288,sālārīh,NOUN,nmod,0,1,3,2,2,0,0,1,0.0,True,False,Dk5-B-01_mptf.conllu,1,0,0
kirdan,NOUN,conj,0,0,0,1,1,79,2375,xwēš,PRON,nmod,1,2,2,2,1,0,0,0,0.0,True,False,Dk5-B-01_mptf.conllu,1,0,0
nām,NOUN,nmod,0,0,0,1,1,528,85,hangirdīg,ADJ,nmod,4,2,3,3,2,0,0,0,0.0,False,False,Dk5-B-01_mptf.conllu,2,0,0
nām,NOUN,nmod,0,0,0,1,1,528,22,anērīh,NOUN,nmod,0,2,3,3,0,0,0,0,0.0,False,False,Dk5-B-01_mptf.conllu,2,0,0
tarmenišnīh,NOUN,conj,0,0,0,1,1,49,2158,dēn,NOUN,nmod,0,1,3,7,1,0,0,1,0.0,True,False,Dk5-B-01_mptf.conllu,2,0,0
abāzstāyišnīh,NOUN,conj,0,0,0,1,1,2,18258,=iš,PRON,nmod,1,1,2,1,1,0,0,0,0.0,True,False,Dk5-B-01_mptf.conllu,1,0,0
dāštan,NOUN,conj,0,0,0,1,1,28,481,dastwar,NOUN,nmod,0,1,2,2,1,0,0,1,0.0,True,False,Dk5-B-01_mptf.conllu,1,0,0
abārīg,PRON,conj,0,0,1,1,1,942,337,dar,NOUN,nmod,2,1,2,1,2,0,0,0,0.0,False,False,Dk5-B-01_mptf.conllu,1,0,0
nām,NOUN,nmod,0,0,0,1,1,528,85,hangirdīg,ADJ,nmod,5,2,2,4,1,0,0,0,0.0,False,False,Dk5-B-01_mptf.conllu,3,0,0
nām,NOUN,nmod,0,0,0,1,1,528,46,agdēnīh,NOUN,nmod,3,2,2,4,1,0,0,0,0.0,False,False,Dk5-B-01_mptf.conllu,3,0,0
nām,NOUN,nmod,0,0,0,1,1,528,2,adēnīh,NOUN,nmod,0,2,2,4,2,0,0,0,0.0,False,False,Dk5-B-01_mptf.conllu,3,0,0
padīruftan,NOUN,conj,0,0,0,1,1,12,184,kōšišn,NOUN,nmod,3,1,3,7,1,0,0,0,0.0,True,True,Dk5-B-01_mptf.conllu,2,0,0
kōšišn,NOUN,nmod,0,1,0,1,1,184,1338,dēwān,NOUN,nmod,1,1,2,1,3,0,0,1,0.0,True,False,Dk5-B-01_mptf.conllu,1,0,0
rāyēnīdan,NOUN,conj,0,0,0,1,1,7,179,paywand,NOUN,nmod,0,1,2,2,1,0,0,1,0.0,True,False,Dk5-B-01_mptf.conllu,1,0,0
warzīdan,NOUN,conj,0,0,0,1,1,5,1249,gēhān,NOUN,nmod,0,1,2,1,1,0,0,1,0.0,True,False,Dk5-B-01_mptf.conllu,1,0,0
tuxšišnīh,NOUN,conj,0,0,0,1,1,1,229,frārōnīh,NOUN,nmod,2,1,2,1,2,0,0,0,0.0,True,False,Dk5-B-01_mptf.conllu,1,0,0
nām,NOUN,nmod,0,0,0,1,1,528,8,anayārīh,NOUN,nmod,0,2,2,2,0,0,0,0,0.0,False,False,Dk5-B-01_mptf.conllu,1,0,0
bahrān,NOUN,root,1,0,0,1,1,410,14,anespāsīh,NOUN,appos,0,1,4,6,2,0,0,0,0.0,False,False,Dk5-B-01_mptf.conllu,0,0,0
ōšmurišnān,NOUN,conj,1,0,0,1,1,95,8,wehdušmenīh,NOUN,nmod,1,1,3,3,3,0,0,0,0.0,False,False,Dk5-B-01_mptf.conllu,1,0,0
šnāyēnīdārīh,NOUN,conj:nmod,0,1,0,1,1,186,444,wattarān,NOUN,nmod,0,2,1,1,0,0,0,0,0.0,False,False,Dk5-B-01_mptf.conllu,1,0,0
ātaxš,NOUN,nmod,0,0,0,1,1,1442,168,warahrān,PROPN,nmod,0,1,2,1,1,0,1,1,0.0,False,False,Dk5-B-01_mptf.conllu,1,0,0
ōzad,NOUN,nsubj,0,0,0,1,1,8,1446,ātaxš,NOUN,nmod,1,2,4,6,1,0,0,0,1.0,True,False,Dk5-B-01_mptf.conllu,1,0,0
burdan,NOUN,conj,0,0,0,1,0,80,709,nasā,NOUN,nmod,4,2,3,2,0,0,0,0,0.0,True,False,Dk5-B-01_mptf.conllu,2,0,0
burdan,NOUN,conj,0,0,0,1,1,80,1446,ātaxš,NOUN,nmod,2,2,3,2,2,0,0,0,0.0,True,False,Dk5-B-01_mptf.conllu,2,0,0
pahrēxtan,NOUN,conj,0,1,0,1,0,35,2253,tanīhā,NOUN,nmod,0,1,2,2,1,0,0,1,0.0,False,False,Dk5-B-01_mptf.conllu,1,0,0
kirdan,NOUN,conj,0,0,0,1,1,1,1276,zamīg,NOUN,nmod,1,2,2,2,1,0,0,0,0.0,True,False,Dk5-B-01_mptf.conllu,1,0,0
margpuhlīh,NOUN,conj,0,0,0,1,1,2,2,apatitīg,ADJ,amod,0,2,1,2,0,0,0,0,0.0,False,False,Dk5-B-01_mptf.conllu,0,1,0
ōzad,NOUN,root,0,0,0,1,1,8,11,babrag,NOUN,nmod,3,2,3,6,1,0,0,0,0.0,True,False,Dk5-B-01_mptf.conllu,1,0,0
abārīg,PRON,conj,0,0,1,1,1,942,63,šōn,NOUN,nmod,2,1,2,2,3,0,0,1,0.0,False,False,Dk5-B-01_mptf.conllu,1,0,0
ān,PRON,root,0,0,0,1,1,1928,1,yazadāndōstīh,NOUN,appos,6,1,7,8,7,0,0,0,0.0,False,False,Dk5-B-01_mptf.conllu,0,0,0
X,NOUN,conj,0,1,0,1,1,305,1407,yazadān,NOUN,nmod,0,1,2,3,1,0,0,1,0.0,False,False,Dk5-B-01_mptf.conllu,1,0,0
šnāyēnīdārīh,NOUN,conj,0,1,0,1,1,186,1864,wehān,NOUN,nmod,3,2,4,2,1,0,0,0,0.0,False,False,Dk5-B-01_mptf.conllu,1,0,0
zadārīh,NOUN,conj,0,1,0,1,1,56,1338,dēwān,NOUN,nmod,3,2,3,3,2,0,0,0,0.0,False,False,Dk5-B-01_mptf.conllu,1,0,0
pahrēz,NOUN,conj,0,0,0,1,1,204,1238,wināh,NOUN,nmod,2,1,6,4,2,0,0,1,0.0,False,False,Dk5-B-01_mptf.conllu,2,0,0
pahrēz,NOUN,conj,0,0,0,1,1,204,347,abzār,NOUN,nmod,5,1,6,4,4,0,0,0,0.0,False,True,Dk5-B-01_mptf.conllu,2,0,0
abzār,NOUN,nmod,0,0,0,1,1,315,20,bōxtišn,NOUN,nmod,0,1,5,4,3,0,0,1,0.0,True,True,Dk5-B-01_mptf.conllu,2,0,0
abzār,NOUN,nmod,0,0,0,1,1,315,181,rādīh,NOUN,nmod,1,1,5,4,1,0,0,1,0.0,True,False,Dk5-B-01_mptf.conllu,2,0,0
spāsdārīh,NOUN,conj:nmod,0,0,0,1,1,42,7,bunōmand,NOUN,nmod,3,1,3,3,3,0,0,0,0.0,False,False,Dk5-B-01_mptf.conllu,1,0,0
bunōmand,NOUN,nmod,0,0,0,1,1,6,1488,ahlāyīh,NOUN,nmod,0,1,2,3,1,0,0,1,0.0,False,False,Dk5-B-01_mptf.conllu,1,0,0
tōzišnīh,NOUN,root,0,0,0,1,1,3,1238,wināh,NOUN,nmod,0,1,3,5,0,0,0,0,0.0,True,False,Dk5-B-01_mptf.conllu,1,0,0
yōǰdāsrīh,NOUN,conj,0,0,0,1,1,85,18258,=iš,PRON,nmod,1,1,2,1,2,0,0,1,0.0,False,False,Dk5-B-01_mptf.conllu,1,0,0
was,PRON,advcl,0,0,0,1,1,39,68,marag,NOUN,nmod,0,2,1,3,0,0,0,0,0.0,False,False,Dk5-B-01_mptf.conllu,1,0,0
framānspōzīh,NOUN,nsubj,0,1,0,1,1,6,244,dahībedān,NOUN,nmod,0,1,5,13,0,0,0,0,0.5,False,False,Dk5-B-01_mptf.conllu,1,0,0
abāzstāyīdan,NOUN,conj,0,0,0,1,1,2,735,wehdēn,NOUN,nmod,1,1,2,2,2,0,0,1,0.0,True,False,Dk5-B-01_mptf.conllu,1,0,0
stāyīdan,NOUN,conj,0,0,0,1,1,2,46,agdēnīh,NOUN,nmod,1,1,2,1,2,0,0,1,0.0,True,False,Dk5-B-01_mptf.conllu,1,0,0
agdēnīh,NOUN,nmod,0,0,0,1,1,46,186,nōg,ADJ,amod,0,2,1,2,0,0,0,0,0.0,False,False,Dk5-B-01_mptf.conllu,0,1,0
ōzad,NOUN,conj,0,0,0,1,1,8,2716,mardōm,NOUN,nmod,0,1,2,3,1,0,0,1,0.0,True,False,Dk5-B-01_mptf.conllu,1,0,0
appārīh,NOUN,conj,0,0,0,1,1,5,1100,xwāstag,NOUN,nmod,1,1,2,2,1,0,0,0,0.0,False,True,Dk5-B-01_mptf.conllu,1,0,0
apetyāragīh,NOUN,nsubj,0,0,0,1,1,15,1100,xwāstag,NOUN,nmod,2,1,2,2,1,0,0,0,1.0,False,True,Dk5-B-01_mptf.conllu,1,0,0
tōzišnīh,NOUN,root,0,0,0,1,1,3,790,ēwēnag,NOUN,nmod,0,1,3,5,1,0,0,0,0.0,True,False,Dk5-B-01_mptf.conllu,2,0,0
tōzišnīh,NOUN,root,0,0,0,1,1,3,125,pāyag,NOUN,nmod,3,1,3,5,2,0,0,0,0.0,True,False,Dk5-B-01_mptf.conllu,2,0,0
kārwarzišnīh,NOUN,conj:nmod,0,0,0,1,1,5,215,pādufrāh,NOUN,nmod,1,1,1,3,0,0,0,0,0.0,True,False,Dk5-B-01_mptf.conllu,1,0,0
zanišnīh,NOUN,root,0,0,0,1,1,10,9,abēčim,ADJ,amod,0,2,2,6,0,0,0,0,0.0,True,False,Dk5-B-01_mptf.conllu,1,1,0
zanišnīh,NOUN,root,0,0,0,1,1,10,2716,mardōm,NOUN,nmod,2,1,2,6,1,0,0,1,0.0,True,False,Dk5-B-01_mptf.conllu,1,1,0
appar,NOUN,nsubj,0,0,0,1,1,27,68,mādīh,NOUN,nmod,1,1,3,2,2,0,0,0,1.0,False,False,Dk5-B-01_mptf.conllu,1,0,0
mādīh,NOUN,nmod,0,0,0,1,0,68,6,bāy,NOUN,nmod,1,1,2,2,1,0,0,0,0.0,False,False,Dk5-B-01_mptf.conllu,1,0,0
apaydāgkirdan,NOUN,nmod,0,0,0,1,1,1,48,gōhrīg,NOUN,nmod,0,1,4,7,0,0,0,0,0.0,False,False,Dk5-B-01_mptf.conllu,1,0,0
appārmādīyīh,NOUN,conj:nmod,0,0,0,1,1,1,53,kird,ADJ,amod,0,2,2,2,1,0,0,0,0.0,False,True,Dk5-B-01_mptf.conllu,0,1,0
X,NOUN,obj,0,0,0,1,1,305,213,tāg,NOUN,nmod,1,1,1,2,0,0,0,0,0.6,False,False,Dk5-B-01_mptf.conllu,1,0,1
harg,NOUN,obj,0,0,0,1,1,31,633,X,NOUN,nmod,0,1,1,2,0,0,0,0,1.0,False,False,Dk5-B-01_mptf.conllu,1,0,0
čandīh,NOUN,nsubj,0,0,0,1,1,38,315,tōzišn,NOUN,nmod,0,2,1,1,0,0,0,0,0.3333333333333333,False,True,Dk5-B-01_mptf.conllu,1,0,0
wizīr,NOUN,obl,0,1,0,1,1,331,756,radān,NOUN,nmod,2,1,2,3,2,0,0,1,1.0,False,False,Dk5-B-01_mptf.conllu,1,0,0
ōzad,NOUN,nsubj:outer,0,0,0,1,1,43,2716,mardōm,NOUN,nmod,0,1,3,2,1,0,0,1,0.0,True,False,Dk5-B-01_mptf.conllu,2,0,0
ōzad,NOUN,nsubj:outer,0,0,0,1,1,43,16587,ān,PRON,nmod,2,1,3,2,2,0,0,0,0.0,True,False,Dk5-B-01_mptf.conllu,2,0,0
ān,PRON,nmod,0,0,0,1,1,1928,184,kōšišn,NOUN,nmod,1,1,2,2,2,0,0,1,0.0,False,True,Dk5-B-01_mptf.conllu,1,0,0
framān,NOUN,obl,0,1,0,1,1,244,73,xwadāyān,NOUN,nmod,0,1,2,2,1,0,0,1,1.0,False,False,Dk5-B-01_mptf.conllu,1,0,0
dast,NOUN,obl,0,0,0,1,1,477,770,xwad,PRON,nmod,0,2,1,2,0,0,0,0,0.25,False,False,Dk5-B-01_mptf.conllu,1,0,0
wināhgārīh,NOUN,conj,0,0,0,1,1,111,790,ēwēnag,NOUN,nmod,1,1,3,4,3,0,0,0,0.0,False,False,Dk5-B-01_mptf.conllu,1,0,0
tan,NOUN,conj,0,0,0,1,1,2253,190,pasēn,ADJ,amod,0,1,2,2,1,0,0,1,0.0,False,False,Dk5-B-01_mptf.conllu,0,1,0
šōyišn,NOUN,root,0,0,0,1,1,231,2253,tan,NOUN,nmod,0,1,4,5,1,0,0,1,0.0,True,False,Dk5-B-01_mptf.conllu,1,0,0
yōǰdāsrēnīdan,NOUN,conj,0,0,0,1,1,2,253,nasuš,PROPN,nmod,1,1,2,1,2,0,1,1,0.0,True,False,Dk5-B-01_mptf.conllu,1,0,0
dāštan,NOUN,conj,0,0,0,1,1,28,77,pākīh,NOUN,nmod,1,1,3,1,2,0,0,0,0.0,True,False,Dk5-B-01_mptf.conllu,1,0,0
pākīh,NOUN,nmod,0,0,0,1,1,77,3,gumēxtagīh,NOUN,nmod,3,1,2,2,4,0,0,0,0.0,False,False,Dk5-B-01_mptf.conllu,1,0,0
pahikaftagīh,NOUN,root,0,0,0,1,1,1,790,ēwēnag,NOUN,nmod,1,1,10,5,2,0,0,0,0.0,False,False,Dk5-B-01_mptf.conllu,1,0,0
ēwēnag,NOUN,nmod,0,0,0,1,1,782,43,murdag,ADJ,nmod,0,1,9,2,1,0,0,0,0.0,False,True,Dk5-B-01_mptf.conllu,1,0,0
abārīg,PRON,conj,0,0,1,1,1,942,2716,mardōm,NOUN,nmod,1,1,4,1,4,0,0,1,0.0,False,False,Dk5-B-01_mptf.conllu,1,0,0
ǰānwar,NOUN,conj:nmod,0,0,0,1,1,13,528,rēman,ADJ,amod,0,1,2,2,1,0,0,1,0.0,False,False,Dk5-B-01_mptf.conllu,0,1,0
pākīh,NOUN,conj,0,0,0,1,1,77,1,pākgarīh,NOUN,nmod,0,2,7,4,0,0,0,0,0.0,False,False,Dk5-B-01_mptf.conllu,1,0,0
kamāzārīh,NOUN,conj,0,0,0,1,1,1,205,pahrēz,NOUN,nmod,0,1,5,3,2,0,0,1,0.0,False,False,Dk5-B-01_mptf.conllu,1,0,0
pahrēz,NOUN,nmod,0,0,0,1,1,204,2067,āb,NOUN,nmod,0,1,2,2,2,0,0,1,0.0,False,False,Dk5-B-01_mptf.conllu,1,0,0
āb,NOUN,nmod,0,0,0,1,1,2066,2253,tan,NOUN,nmod,0,1,1,2,0,0,0,0,0.0,False,False,Dk5-B-01_mptf.conllu,1,0,0
ālūdagīh,NOUN,advcl,0,0,0,1,1,28,1,kamōšmārāg,ADJ,amod,0,2,4,5,0,0,0,0,0.0,False,False,Dk5-B-01_mptf.conllu,0,1,0
hambadīg,NOUN,nsubj,0,0,1,1,1,50,18258,=š,PRON,nmod,0,2,1,1,0,0,0,0,1.0,False,False,Dk5-B-01_mptf.conllu,1,0,0
āb,NOUN,acl:relcl,0,0,0,1,1,2066,1,kamālūdag,ADJ,amod,0,2,3,5,1,1,0,1,0.0,False,True,Dk5-B-01_mptf.conllu,1,1,0
āb,NOUN,acl:relcl,0,0,0,1,1,2066,249,gōmēz,NOUN,nmod,1,1,3,5,2,1,0,0,0.0,False,False,Dk5-B-01_mptf.conllu,1,1,0
šustan,NOUN,nsubj,0,1,0,1,1,11,790,ēwēnagān,NOUN,nmod,1,1,3,1,2,0,0,0,0.5,True,False,Dk5-B-01_mptf.conllu,1,0,0
ēwēnagān,NOUN,nmod,1,0,0,1,1,782,231,šōyišn,NOUN,nmod,0,1,2,2,1,0,0,1,0.0,False,True,Dk5-B-01_mptf.conllu,1,0,0
apaydāgīh,NOUN,obl,0,0,0,1,1,11,65,sešabag,ADV,amod,0,2,4,4,0,0,0,0,1.0,False,False,Dk5-B-01_mptf.conllu,1,1,0
apaydāgīh,NOUN,obl,0,0,0,1,1,11,28,ālūdagīh,NOUN,nmod,1,1,4,4,1,0,0,0,1.0,False,False,Dk5-B-01_mptf.conllu,1,1,0
pād,NOUN,conj,0,0,0,1,1,3,43,tuhīg,NOUN,nmod,0,1,3,1,2,0,0,1,0.0,True,False,Dk5-B-01_mptf.conllu,1,0,0
X,NOUN,root,0,0,0,1,1,305,537,abestāg,PROPN,nmod,1,2,5,8,0,0,1,0,0.0,False,False,Dk5-B-01_mptf.conllu,1,1,0
X,NOUN,root,0,0,0,1,1,305,22,nērangīg,ADJ,amod,0,2,5,8,0,0,0,0,0.0,False,False,Dk5-B-01_mptf.conllu,1,1,0
gumēzišn,NOUN,dislocated:topic,0,0,0,1,0,57,709,nasāy,NOUN,nmod,0,2,4,2,0,0,0,0,0.0,True,False,Dk5-B-01_mptf.conllu,1,0,0
gugārišn,NOUN,root,0,0,0,1,1,7,6,andarōnīg,ADJ,amod,0,1,5,5,1,0,0,1,0.0,True,False,Dk5-B-01_mptf.conllu,0,1,0
apaydāgīh,NOUN,conj,0,0,0,1,1,11,28,ālūdagīh,NOUN,nmod,2,1,2,2,2,0,0,0,0.0,False,False,Dk5-B-01_mptf.conllu,1,0,0
ālūdagīh,NOUN,nmod,0,0,0,1,1,28,3,bērōnīg,ADJ,amod,1,2,1,2,0,0,0,0,0.0,False,False,Dk5-B-01_mptf.conllu,0,1,0
ēn,PRON,conj,0,0,0,1,1,696,6,šabēn,ADJ,amod,0,2,3,3,0,0,0,0,0.0,False,False,Dk5-B-01_mptf.conllu,1,1,0
ēn,PRON,conj,0,0,0,1,1,696,32,bām,NOUN,nmod,1,1,3,3,3,0,0,0,0.0,False,False,Dk5-B-01_mptf.conllu,1,1,0
wastarg,NOUN,nsubj:pass,0,0,0,1,1,219,2253,tan,NOUN,nmod,0,2,2,4,1,0,0,0,0.0,False,False,Dk5-B-01_mptf.conllu,1,0,0
hixr,NOUN,obl,0,0,0,1,1,187,1,ālāyēnēnag,ADJ,amod,0,2,1,2,0,0,0,0,0.6666666666666666,False,False,Dk5-B-01_mptf.conllu,0,1,0
wastarg,NOUN,conj,0,0,0,1,1,219,2,rōzgārīg,ADJ,amod,2,2,1,4,0,0,0,0,0.0,False,False,Dk5-B-01_mptf.conllu,1,1,0
wastarg,NOUN,conj,0,0,0,1,1,219,2253,tan,NOUN,nmod,0,2,1,4,0,0,0,0,0.0,False,False,Dk5-B-01_mptf.conllu,1,1,0
paygāmbarān,NOUN,obj,1,0,0,1,1,19,2158,dēn,NOUN,nmod,0,2,2,1,1,0,0,0,0.13333333333333333,False,False,Dk5-B-01_mptf.conllu,1,0,0
ābādānīh,NOUN,conj,0,0,0,1,1,32,1249,gēhān,NOUN,nmod,0,1,2,3,1,0,0,1,0.0,False,False,Dk5-B-01_mptf.conllu,1,0,0
dahišn,NOUN,conj,0,0,0,1,1,636,1864,weh,ADJ,amod,0,1,2,3,1,0,0,1,0.0,True,False,Dk5-B-01_mptf.conllu,0,1,0
niyāz,NOUN,obj,0,1,0,1,1,79,102,driyōšān,NOUN,nmod,0,1,3,2,1,0,0,1,1.0,False,False,Dk5-B-01_mptf.conllu,1,0,0
bahr,NOUN,conj,0,1,0,1,1,410,147,arzānīgān,NOUN,nmod,0,1,2,1,1,0,0,1,0.0,False,False,Dk5-B-01_mptf.conllu,1,0,0
astīh,NOUN,obj,0,0,0,1,1,111,1006,dādār,NOUN,nmod,0,1,3,7,1,0,0,1,1.0,False,True,Dk5-B-01_mptf.conllu,1,0,0
abdīh,NOUN,conj,0,0,0,1,1,108,640,dahišn,NOUN,nmod,1,1,2,2,2,0,0,1,0.0,False,True,Dk5-B-01_mptf.conllu,1,0,0
dahišn,NOUN,nmod,0,0,0,1,1,636,18258,=š,PRON,nmod,0,2,1,2,0,0,0,0,0.0,True,False,Dk5-B-01_mptf.conllu,1,0,0
sahīgīh,NOUN,conj,0,1,0,1,1,3,1407,yazadān,NOUN,nmod,3,1,2,3,2,0,0,1,0.0,False,False,Dk5-B-01_mptf.conllu,1,0,0
yazadān,NOUN,nmod,1,1,0,1,1,1403,1550,mēnōyān,ADJ,amod,0,2,1,2,0,0,0,0,0.0,False,False,Dk5-B-01_mptf.conllu,0,1,0
pahrēz,NOUN,conj,0,0,0,1,1,204,640,dahišn,NOUN,nmod,1,1,2,1,2,0,0,1,0.0,False,True,Dk5-B-01_mptf.conllu,1,0,0
dahišn,NOUN,nmod,0,0,0,1,0,636,1135,gētī,ADJ,amod,0,2,1,2,0,0,0,0,0.0,True,False,Dk5-B-01_mptf.conllu,0,1,0
nēkīh,NOUN,conj,0,0,0,1,1,529,3242,ohrmazd,PROPN,nmod,0,1,1,1,0,0,1,0,0.0,False,False,Dk5-B-01_mptf.conllu,1,0,0
anāgīh,NOUN,conj,0,0,0,1,1,365,323,ahreman,PROPN,nmod,1,1,2,2,1,0,1,0,0.0,False,False,Dk5-B-01_mptf.conllu,1,0,0
yaštārīh,NOUN,conj,0,1,0,1,1,11,1407,yazadān,NOUN,nmod,2,1,2,2,1,0,0,1,0.0,False,False,Dk5-B-01_mptf.conllu,1,0,0
nikōhišnīgīh,NOUN,obl,0,1,0,1,1,6,1338,dēwān,NOUN,nmod,0,1,4,6,1,0,0,1,1.0,False,False,Dk5-B-01_mptf.conllu,1,0,0
aparistišnīh,NOUN,conj,0,0,0,1,1,1,2,uzdēsīh,NOUN,nmod,0,1,2,1,1,0,0,1,0.0,True,False,Dk5-B-01_mptf.conllu,1,0,0
payrāstagīh,NOUN,conj,0,0,0,1,1,7,349,mizd,NOUN,nmod,1,1,3,2,3,0,0,1,0.0,False,False,Dk5-B-01_mptf.conllu,1,0,0
mizd,NOUN,nmod,0,0,0,1,1,349,1057,kirbag,NOUN,nmod,0,2,2,3,0,0,0,0,0.0,False,False,Dk5-B-01_mptf.conllu,1,0,0
puhl,NOUN,conj:nmod,0,0,0,1,1,11,1238,wināh,NOUN,nmod,0,2,1,1,0,0,0,0,0.0,False,False,Dk5-B-01_mptf.conllu,1,0,0
kār,NOUN,advcl,0,0,0,1,1,1414,2375,xwēš,PRON,amod,7,2,4,4,5,1,0,1,0.0,True,False,Dk5-B-01_mptf.conllu,1,1,0
kār,NOUN,advcl,0,0,0,1,1,1414,633,X,NOUN,nmod,0,1,4,4,2,1,0,1,0.0,True,False,Dk5-B-01_mptf.conllu,1,1,0
urwar,NOUN,conj:appos,0,0,0,1,1,641,11,xwarišnīg,ADJ,amod,2,1,3,3,2,0,0,1,0.0,False,False,Dk5-B-01_mptf.conllu,0,1,0
gōšt,NOUN,conj:appos,0,0,0,1,1,148,790,ēwēnag,NOUN,nmod,1,1,5,5,2,0,0,1,0.0,False,False,Dk5-B-01_mptf.conllu,2,0,0
gōšt,NOUN,conj:appos,0,0,0,1,1,148,269,saredag,NOUN,appos,3,1,5,5,1,0,0,0,0.0,False,True,Dk5-B-01_mptf.conllu,2,0,0
saredag,NOUN,appos,0,0,0,1,1,269,834,gōspand,NOUN,nmod,0,2,1,1,0,0,0,0,0.0,True,False,Dk5-B-01_mptf.conllu,1,0,0
sār,NOUN,acl:relcl,0,0,0,1,1,10,72,gar,NOUN,nmod,0,1,3,7,1,0,0,1,0.0,True,False,Dk5-B-01_mptf.conllu,1,0,0
warāγ,NOUN,conj,0,0,0,1,0,12,63,syā,ADJ,amod,0,1,2,2,1,0,0,1,0.0,False,False,Dk5-B-01_mptf.conllu,0,1,0
pēm,NOUN,conj:appos,0,1,0,1,1,87,834,gōspandān,NOUN,nmod,1,1,2,2,2,0,0,1,0.0,False,False,Dk5-B-01_mptf.conllu,1,0,0
māyēnišnān,NOUN,conj:appos,1,0,0,1,1,2,474,pāk,ADJ,amod,0,1,2,2,1,0,0,1,0.0,True,False,Dk5-B-01_mptf.conllu,0,1,0
paywand,NOUN,obl,0,0,0,1,1,179,2716,mardōm,NOUN,nmod,0,1,4,6,3,0,0,0,0.75,False,False,Dk5-B-01_mptf.conllu,1,0,0
šabīg,NOUN,csubj,0,0,1,1,1,33,10,tōf,NOUN,nmod,0,1,2,2,1,0,0,0,0.0,False,False,Dk5-B-01_mptf.conllu,2,0,0
šabīg,NOUN,csubj,0,0,1,1,1,33,1057,kirbag,NOUN,nmod,3,1,2,2,1,0,0,0,0.0,False,False,Dk5-B-01_mptf.conllu,2,0,1
brahmag,NOUN,obl,0,0,0,1,1,14,10,anēwēn,ADJ,amod,0,1,2,3,1,0,0,1,1.0,False,False,Dk5-B-01_mptf.conllu,0,1,0
čandīh,NOUN,root,0,0,0,1,1,38,1100,xwāstag,NOUN,nmod,0,1,4,4,2,0,0,1,0.0,False,True,Dk5-B-01_mptf.conllu,1,0,0
paymānag,NOUN,obl,0,0,0,1,1,215,2385,dāštan,NOUN,nmod,0,2,1,1,0,0,0,0,1.0,False,True,Dk5-B-01_mptf.conllu,1,0,0
ān,PRON,nsubj,0,0,0,1,1,1928,587,rāh,NOUN,nmod,1,1,3,1,3,0,0,1,1.0,False,False,Dk5-B-01_mptf.conllu,1,0,0
rāh,NOUN,nmod,0,0,0,1,1,587,2,nēpāduxšāyīh,NOUN,nmod,0,1,2,3,1,0,0,1,0.0,False,False,Dk5-B-01_mptf.conllu,1,0,0
bār,NOUN,root,0,0,0,1,1,518,690,māh,NOUN,nmod,1,2,4,4,2,0,0,1,0.0,True,False,Dk5-B-01_mptf.conllu,1,0,1
ēwēnag,NOUN,nsubj,0,0,0,1,1,782,18258,=š,PRON,nmod,0,2,1,1,0,0,0,0,1.0,False,False,Dk5-B-01_mptf.conllu,1,0,0
ēn,PRON,nsubj,0,0,0,1,1,696,9,frāxīh,NOUN,nmod,1,1,4,3,5,0,0,0,1.0,False,False,Dk5-B-01_mptf.conllu,1,0,0
frāxīh,NOUN,nmod,0,1,0,1,1,9,147,arzānīgān,NOUN,nmod,0,1,3,5,0,0,0,0,0.0,False,False,Dk5-B-01_mptf.conllu,1,0,0
dēnīgān,NOUN,conj:nmod,1,0,0,1,1,18,1226,ruwān,NOUN,nmod,2,2,2,3,1,0,0,0,0.0,False,False,Dk5-B-01_mptf.conllu,1,0,0
ān,PRON,nsubj:pass,0,0,0,1,1,1928,587,rāh,NOUN,nmod,1,1,3,5,3,0,0,1,0.0,False,False,Dk5-B-01_mptf.conllu,1,0,0
rāh,NOUN,nmod,0,0,0,1,1,587,2,nēpāduxšāyīh,NOUN,nmod,0,1,2,3,1,0,0,1,0.0,False,False,Dk5-B-01_mptf.conllu,1,0,0
bar,NOUN,obl,0,0,0,1,1,253,254,bar,NOUN,nmod,1,1,3,4,1,0,0,0,0.5,False,False,Dk5-B-01_mptf.conllu,1,1,0
bar,NOUN,obl,0,0,0,1,1,253,13,sālīg,ADJ,amod,6,1,3,4,1,0,0,1,0.5,False,False,Dk5-B-01_mptf.conllu,1,1,0
rasišn,NOUN,conj,0,0,0,1,1,166,167,rasišn,NOUN,nmod,1,1,2,2,1,0,0,0,0.0,True,True,Dk5-B-01_mptf.conllu,1,0,0
parrēxt,NOUN,root,0,0,0,1,1,2,62,frēzwānīg,NOUN,nmod,4,1,4,7,4,0,0,1,0.0,True,False,Dk5-B-01_mptf.conllu,2,0,0
parrēxt,NOUN,root,0,0,0,1,1,2,1,parwarišnīgīh,NOUN,nmod,6,1,4,7,2,0,0,0,0.0,True,False,Dk5-B-01_mptf.conllu,2,0,0
frēzwānīg,NOUN,nmod,0,0,1,1,1,1,89,rād,NOUN,nmod,0,2,2,4,2,1,0,1,0.0,False,False,Dk5-B-01_mptf.conllu,1,0,0
parwarišnīgīh,NOUN,nmod,0,0,0,1,1,1,2375,xwēš,PRON,amod,0,1,2,2,1,0,0,1,0.0,False,False,Dk5-B-01_mptf.conllu,0,1,0
pih,NOUN,nmod,0,0,0,1,1,78,909,sāl,NOUN,nmod,1,2,2,3,1,0,0,0,0.0,False,False,Dk5-B-01_mptf.conllu,1,0,0
bārestānīh,NOUN,obl,0,1,0,1,1,4,102,driyōšān,NOUN,nmod,0,1,1,2,0,0,0,0,1.0,False,False,Dk5-B-01_mptf.conllu,1,0,0
rēštagīh,NOUN,obl,0,1,0,1,1,5,4718,=šān,PRON,nmod,1,2,1,3,0,0,0,0,1.0,False,False,Dk5-B-01_mptf.conllu,1,0,0
gyāndārišnīh,NOUN,obl,0,1,0,1,1,1,3,parwarišnīgān,NOUN,nmod,0,1,3,1,1,0,0,0,1.0,True,False,Dk5-B-01_mptf.conllu,1,0,0
sālārīh,NOUN,acl:relcl,0,0,0,1,1,288,18258,=š,PRON,nmod,2,2,1,4,0,0,0,0,0.0,False,False,Dk5-B-01_mptf.conllu,1,0,0
warzišnīh,NOUN,nsubj,0,0,0,1,1,10,2716,mardōm,NOUN,nmod,0,2,2,4,0,0,0,0,1.0,True,False,Dk5-B-01_mptf.conllu,3,0,0
warzišnīh,NOUN,nsubj,0,0,0,1,1,10,971,bun,NOUN,nmod,2,1,2,4,0,0,0,0,1.0,True,False,Dk5-B-01_mptf.conllu,3,0,0
warzišnīh,NOUN,nsubj,0,0,0,1,1,10,790,ēwēnag,NOUN,nmod,5,1,2,4,4,0,0,1,1.0,True,False,Dk5-B-01_mptf.conllu,3,0,0
dārišn,NOUN,nsubj,0,0,0,1,1,399,6,pēšēmālīg,ADJ,amod,0,2,2,2,0,0,0,0,1.0,True,False,Dk5-B-01_mptf.conllu,1,1,0
dārišn,NOUN,nsubj,0,0,0,1,1,399,18258,=iš,PRON,nmod,1,1,2,2,2,0,0,1,1.0,True,False,Dk5-B-01_mptf.conllu,1,1,0
abzāyišn,NOUN,nsubj,0,0,0,1,1,43,1,bunwarzišnīh,NOUN,nmod,3,1,2,1,4,0,0,1,0.6666666666666666,True,True,Dk5-B-01_mptf.conllu,1,0,0
hukārīh,NOUN,acl,0,0,0,1,1,2,179,paywand,NOUN,nmod,0,1,4,9,2,0,0,1,0.0,False,False,Dk5-B-01_mptf.conllu,1,0,0
paywand,NOUN,nmod,0,0,0,1,1,179,1,xūbpaywastārīh,ADJ,amod,0,1,3,2,1,0,0,0,0.0,False,False,Dk5-B-01_mptf.conllu,0,1,0
xūbdarišnīh,NOUN,conj,0,0,0,1,1,1,290,mihr,NOUN,nmod,0,1,1,2,0,0,0,0,0.0,True,False,Dk5-B-01_mptf.conllu,1,0,0
wehparwarišnīh,NOUN,conj,0,1,0,1,1,2,387,frazendān,NOUN,nmod,0,1,2,2,1,0,0,1,0.0,True,False,Dk5-B-01_mptf.conllu,1,0,0
wehpānagīh,NOUN,conj,0,1,0,1,1,1,7,zādagān,NOUN,nmod,0,1,2,2,1,0,0,1,0.0,False,True,Dk5-B-01_mptf.conllu,2,0,0
wehpānagīh,NOUN,conj,0,0,0,1,1,1,3,xwēšāwandīh,NOUN,nmod,3,1,2,2,2,0,0,0,0.0,False,False,Dk5-B-01_mptf.conllu,2,0,0
xwēšāwandīh,NOUN,nmod,0,0,0,1,1,3,1,dōbandīg,ADJ,amod,0,2,1,2,0,0,0,0,0.0,False,False,Dk5-B-01_mptf.conllu,0,1,0
hunsandīh,NOUN,conj,0,1,0,1,1,106,4718,=šān,PRON,nmod,0,1,2,4,1,0,0,1,0.0,False,False,Dk5-B-01_mptf.conllu,3,0,0
hunsandīh,NOUN,conj,0,0,0,1,1,106,2654,ēk,NUM,nmod,1,1,2,4,0,0,0,0,0.0,False,False,Dk5-B-01_mptf.conllu,3,0,0
hunsandīh,NOUN,conj,0,0,0,1,1,106,475,did,PRON,nmod,3,1,2,4,1,0,0,0,0.0,False,False,Dk5-B-01_mptf.conllu,3,0,0
husāzagīh,NOUN,conj,0,1,0,1,1,3,4718,=šān,PRON,nmod,0,1,2,3,0,0,0,0,0.0,False,False,Dk5-B-01_mptf.conllu,1,0,0
hukadagīgīh,NOUN,conj,0,1,0,1,1,1,4718,=šān,PRON,nmod,0,1,2,5,0,0,0,0,0.0,False,False,Dk5-B-01_mptf.conllu,4,0,0
hukadagīgīh,NOUN,conj,0,1,0,1,1,1,7,zādagān,NOUN,nmod,2,1,2,5,2,0,0,1,0.0,False,True,Dk5-B-01_mptf.conllu,4,0,0
hukadagīgīh,NOUN,conj,0,0,0,1,1,1,103,būm,NOUN,nmod,6,1,2,5,3,0,0,0,0.0,False,False,Dk5-B-01_mptf.conllu,4,0,0
zādagān,NOUN,nmod,1,0,0,1,1,2,2375,xwēš,PRON,amod,0,2,1,2,0,0,0,0,0.0,True,False,Dk5-B-01_mptf.conllu,0,1,0
būm,NOUN,nmod,0,0,0,1,1,103,2253,tan,NOUN,nmod,0,2,1,3,0,0,0,0,0.0,False,False,Dk5-B-01_mptf.conllu,1,0,0
būm,NOUN,nmod,0,0,0,1,1,103,1276,zamīg,NOUN,nmod,0,2,1,4,0,0,0,0,0.0,False,False,Dk5-B-01_mptf.conllu,1,0,0
xōg,NOUN,conj,0,0,0,1,1,47,410,nēk,ADJ,amod,0,2,2,5,0,0,0,0,0.0,False,False,Dk5-B-01_mptf.conllu,1,1,0
xōg,NOUN,conj,0,0,0,1,1,47,1406,ham,PRON,nmod,3,1,2,5,2,0,0,1,0.0,False,False,Dk5-B-01_mptf.conllu,1,1,0
menišnīh,NOUN,root,0,1,0,1,1,14,4718,=šān,PRON,nmod,0,1,4,5,0,0,0,0,0.0,True,False,Dk5-B-01_mptf.conllu,2,0,0
menišnīh,NOUN,root,0,0,0,1,1,14,1,ēkdid,PRON,nmod,1,1,4,5,1,0,0,1,0.0,True,False,Dk5-B-01_mptf.conllu,2,0,0
abēnangīh,NOUN,nsubj,0,0,0,1,1,1,6,frāzšawišnīh,NOUN,nmod,3,1,3,1,5,0,0,1,1.0,False,True,Dk5-B-01_mptf.conllu,1,0,0
frāzšawišnīh,NOUN,nmod,0,0,0,1,1,6,1092,kas,PRON,nmod,1,1,2,5,2,1,0,1,0.0,True,False,Dk5-B-01_mptf.conllu,1,0,0
kas,PRON,nmod,0,0,0,1,1,1086,9,bēgānag,ADJ,amod,0,2,1,2,0,0,0,0,0.0,False,False,Dk5-B-01_mptf.conllu,0,1,0
tarsišn,NOUN,root,0,0,0,1,1,9,184,garān,ADJ,amod,0,2,3,7,0,0,0,0,0.0,True,False,Dk5-B-01_mptf.conllu,1,1,0
tarsišn,NOUN,root,0,0,0,1,1,9,125,dušmen,NOUN,nmod,3,1,3,7,3,0,0,1,0.0,True,False,Dk5-B-01_mptf.conllu,1,1,0
dušmen,NOUN,nmod,0,0,0,1,1,122,2716,mardōm,NOUN,nmod,0,2,2,3,0,0,0,0,0.0,False,False,Dk5-B-01_mptf.conllu,1,0,0
dīd,NOUN,obl,0,0,0,1,1,17,1907,ēd,PRON,nmod,0,1,2,2,1,0,0,1,0.5,True,False,Dk5-B-01_mptf.conllu,1,0,0
sūdīh,NOUN,conj,0,0,0,1,1,21,1473,paydāg,ADJ,amod,0,2,2,3,0,0,0,0,0.0,False,False,Dk5-B-01_mptf.conllu,1,1,0
sūdīh,NOUN,conj,0,0,0,1,1,21,337,dar,NOUN,nmod,2,1,2,3,3,0,0,1,0.0,False,False,Dk5-B-01_mptf.conllu,1,1,0
pāyišnīgīh,NOUN,nsubj,0,0,0,1,1,1,132,druyist,ADJ,amod,0,2,2,2,0,0,0,0,1.0,False,False,Dk5-B-01_mptf.conllu,1,1,0
pāyišnīgīh,NOUN,nsubj,0,0,0,1,1,1,177,hunar,NOUN,nmod,1,1,2,2,2,0,0,1,1.0,False,False,Dk5-B-01_mptf.conllu,1,1,0
abaristišnīh,NOUN,nsubj,0,0,0,1,1,11,971,bun,NOUN,nmod,0,1,3,1,1,0,0,0,0.3333333333333333,True,False,Dk5-B-01_mptf.conllu,1,0,0
bun,NOUN,nmod,0,0,0,1,1,959,2158,dēn,NOUN,nmod,0,1,2,1,1,0,0,1,0.0,False,False,Dk5-B-01_mptf.conllu,1,0,0
sālār,NOUN,nsubj,0,0,0,1,1,233,5,hupaydāg,ADJ,amod,0,2,1,2,0,0,0,0,0.6666666666666666,True,False,Dk5-B-01_mptf.conllu,0,1,0
čand,PRON,nmod,0,1,0,1,1,782,20,paygāmbarān,NOUN,appos,0,1,5,1,3,0,0,0,0.0,False,False,Dk5-B-01_mptf.conllu,0,0,0
andarz,NOUN,conj:appos,0,0,0,1,1,142,1747,zarduxšt,PROPN,nmod,2,1,3,4,2,0,1,1,0.0,False,False,Dk5-B-01_mptf.conllu,3,0,0
andarz,NOUN,conj:appos,0,0,0,1,1,142,1006,dādār,NOUN,nmod,4,1,3,4,2,0,0,0,0.0,False,True,Dk5-B-01_mptf.conllu,3,0,0
zarduxšt,PROPN,nmod,0,0,0,1,1,1746,244,abēzag,ADJ,amod,1,2,2,2,1,0,0,0,0.0,False,False,Dk5-B-01_mptf.conllu,0,1,0
dādār,NOUN,nmod,0,0,0,1,1,998,3242,ohrmazd,PROPN,appos,0,1,1,2,0,0,1,0,0.0,True,False,Dk5-B-01_mptf.conllu,0,0,0
xwad,PRON,appos,0,0,0,1,1,737,770,xwad,PRON,appos,0,2,1,1,1,0,0,0,0.0,False,False,Dk5-B-01_mptf.conllu,0,0,0
framān,NOUN,conj:appos,0,0,0,1,1,244,15,rasišnīg,ADJ,amod,0,2,1,2,0,0,0,0,0.0,False,False,Dk5-B-01_mptf.conllu,0,1,0
spennāgmēnōy,PROPN,obl,0,0,0,0,1,122,46,xwābar,ADJ,amod,0,2,2,2,1,1,0,1,0.3333333333333333,False,False,Dk5-B-01_mptf.conllu,0,1,0
āfrīdārīh,NOUN,obl,0,0,0,1,1,1,640,dahišn,NOUN,nmod,0,2,2,3,0,0,0,0,0.6666666666666666,False,True,Dk5-B-01_mptf.conllu,1,0,0
stāyišn,NOUN,nsubj,0,1,0,1,1,160,640,dahišnān,NOUN,nmod,2,1,2,3,1,1,0,1,1.0,True,False,Dk5-B-01_mptf.conllu,1,0,0
šnūmanīh,NOUN,nsubj,0,0,0,1,1,1,692,fradom,ADJ,amod,0,2,2,2,0,0,0,0,0.25,False,False,Dk5-B-01_mptf.conllu,1,1,0
šnūmanīh,NOUN,nsubj,0,0,0,1,1,1,66,namāz,NOUN,nmod,2,1,2,2,3,0,0,1,0.25,False,False,Dk5-B-01_mptf.conllu,1,1,0
namāz,NOUN,nmod,0,1,0,1,0,66,76,ēzišnīhā,NOUN,nmod,0,2,1,3,0,0,0,0,0.0,False,False,Dk5-B-01_mptf.conllu,1,0,0
ān,PRON,root,0,0,0,1,1,1928,420,xwarxšēd,NOUN,nmod,1,1,7,5,2,0,0,1,0.0,False,False,Dk5-B-01_mptf.conllu,1,0,0
dādār,NOUN,obl,0,0,0,1,1,998,3242,ohrmazd,PROPN,appos,0,1,1,2,0,0,1,0,0.5,True,False,Dk5-B-01_mptf.conllu,0,0,0
bār,NOUN,obl,0,0,0,1,1,518,986,rōz,NOUN,nmod,1,1,4,2,2,0,0,0,1.0,True,False,Dk5-B-01_mptf.conllu,1,0,0
rōz,NOUN,nmod,0,0,0,1,1,985,9,hūwaxš,NOUN,nmod,1,1,3,2,3,0,0,0,0.0,False,False,Dk5-B-01_mptf.conllu,1,0,0
šnūman,PROPN,obl,0,0,0,1,1,92,31,rahwōberzad,PROPN,nmod,0,1,2,2,1,0,1,1,0.6666666666666666,False,False,Dk5-B-01_mptf.conllu,1,0,0
warzišn,NOUN,nsubj,0,0,0,1,1,30,143,gāhānbār,PROPN,nmod,0,1,2,2,1,0,1,1,1.0,True,True,Dk5-B-01_mptf.conllu,1,0,0
hangām,NOUN,obl,0,0,0,1,1,224,909,sāl,NOUN,nmod,2,2,2,4,1,0,0,0,0.3333333333333333,False,False,Dk5-B-01_mptf.conllu,2,0,0
hangām,NOUN,obl,0,0,0,1,1,224,143,gāhānbār,PROPN,nmod,0,1,2,4,1,0,1,1,0.3333333333333333,False,True,Dk5-B-01_mptf.conllu,2,0,0
ān,PRON,root,0,0,0,1,1,1928,67,nāmčišttar,ADJ,nmod,1,1,2,4,2,0,0,1,0.0,False,False,Dk5-B-01_mptf.conllu,1,0,0
čiyōnīh,NOUN,nmod,0,1,0,1,0,143,49,paristišnīhā,NOUN,nmod,0,2,2,1,1,0,0,0,0.0,False,False,Dk5-B-01_mptf.conllu,1,0,0
gugān,NOUN,nsubj,0,0,0,1,1,47,145,čiyōnīh,NOUN,nmod,0,2,3,1,1,0,0,0,0.5,False,False,Dk5-B-01_mptf.conllu,1,0,0
ān,PRON,nsubj:pass,0,1,0,1,1,1928,640,dahišnān,NOUN,nmod,0,1,2,1,1,0,0,1,0.0,False,False,Dk5-B-01_mptf.conllu,1,0,0
čiyōnīh,NOUN,obl,0,0,0,1,1,143,2375,xwēš,PRON,amod,0,2,3,4,0,0,0,0,1.0,False,False,Dk5-B-01_mptf.conllu,0,1,0
wuzurgdahišnīh,NOUN,nsubj:pass,0,0,0,1,1,1,1006,dādār,NOUN,nmod,2,1,2,2,1,0,0,1,0.0,True,True,Dk5-B-01_mptf.conllu,1,0,0
hamdahišnīh,NOUN,nmod,0,1,0,1,1,20,4718,=šān,PRON,nmod,0,1,2,1,1,0,0,1,0.0,True,False,Dk5-B-01_mptf.conllu,1,0,0
paydāgēnīdan,NOUN,nsubj,0,0,0,1,1,19,20,hamdahišnīh,NOUN,nmod,3,2,3,3,1,0,0,0,1.0,True,True,Dk5-B-01_mptf.conllu,2,0,0
paydāgēnīdan,NOUN,nsubj,0,1,0,1,1,19,610,amāh,PRON,nmod,1,2,3,3,0,0,0,0,1.0,True,False,Dk5-B-01_mptf.conllu,2,0,0
niyāyišn,NOUN,root,0,1,0,1,1,314,4718,=šān,PRON,nmod,1,2,4,3,1,0,0,0,0.0,True,False,Dk5-B-01_mptf.conllu,1,0,0
rōšnān,NOUN,obl,1,0,0,1,1,301,244,abēzag,ADJ,amod,0,2,2,3,0,0,0,0,1.0,False,False,Dk5-B-01_mptf.conllu,0,2,0
rōšnān,NOUN,obl,1,0,0,1,1,301,31,wēnišnīg,ADJ,amod,0,1,2,3,1,0,0,1,1.0,False,False,Dk5-B-01_mptf.conllu,0,2,0
mihr,NOUN,obj,0,0,0,1,1,289,20,hamdahišnīh,NOUN,nmod,1,1,3,2,4,0,0,1,1.0,False,True,Dk5-B-01_mptf.conllu,1,0,0
hampaywandīh,NOUN,nsubj:pass,0,0,0,1,1,4,282,xwēšīh,NOUN,nmod,1,1,3,3,4,1,0,0,0.0,False,False,Dk5-B-01_mptf.conllu,1,0,0
dahībed,NOUN,dislocated:topic,0,0,0,1,1,244,6263,abardom,ADJ,amod,0,2,3,4,1,1,0,1,0.0,False,False,Dk5-B-01_mptf.conllu,0,1,0
mardōm,NOUN,conj,0,0,0,1,1,2713,1,abāzīgtom,ADJ,amod,0,2,2,5,1,1,0,1,0.0,False,False,Dk5-B-01_mptf.conllu,0,1,0
menīdārīh,NOUN,obl,0,0,0,1,1,7,1006,dādār,NOUN,nmod,1,1,2,2,2,0,0,1,0.5,False,True,Dk5-B-01_mptf.conllu,1,0,0
dādār,NOUN,nmod,0,0,0,1,1,998,46,xwābar,ADJ,amod,0,2,1,2,0,0,0,0,0.0,True,False,Dk5-B-01_mptf.conllu,0,1,0
kirdārīh,NOUN,obl,0,1,0,1,1,47,4718,=šān,PRON,nmod,1,2,1,2,0,0,0,0,0.5,False,False,Dk5-B-01_mptf.conllu,1,0,0
xwābarīh,NOUN,conj,0,1,0,1,1,41,21,wehdahišnān,NOUN,nmod,2,1,3,2,4,0,0,1,0.0,False,False,Dk5-B-01_mptf.conllu,1,0,0
mehdādestānīh,NOUN,obl,0,1,0,1,1,42,2,mehdānān,NOUN,nmod,0,1,2,2,1,0,0,1,0.3333333333333333,False,False,Dk5-B-01_mptf.conllu,1,0,0
ātaxš,NOUN,nsubj:pass,0,0,0,1,1,1442,168,warahrān,PROPN,nmod,0,1,2,1,1,0,1,1,0.0,False,False,Dk5-B-01_mptf.conllu,1,0,0
ǰōyišnīh,NOUN,obl,0,0,0,1,1,2,35,apaymān,ADJ,amod,0,2,2,9,0,0,0,0,1.0,True,False,Dk5-B-01_mptf.conllu,0,1,0
zanišn,NOUN,conj,0,0,0,1,1,245,333,petyārag,NOUN,nmod,0,2,1,2,0,0,0,0,0.0,True,False,Dk5-B-01_mptf.conllu,1,0,0
bār,NOUN,conj,0,0,0,1,1,518,184,garān,ADJ,amod,0,1,2,1,2,0,0,1,0.0,True,False,Dk5-B-01_mptf.conllu,0,1,0
abarnišast,NOUN,conj,0,1,0,1,1,1,444,wattarān,NOUN,nmod,0,1,2,1,1,0,0,1,0.0,False,False,Dk5-B-01_mptf.conllu,1,0,0
bahrīh,NOUN,obl,0,0,0,1,0,8,135,stī,NOUN,nmod,2,1,3,4,3,0,0,1,0.3333333333333333,False,False,Dk5-B-01_mptf.conllu,2,0,0
bahrīh,NOUN,obl,0,0,0,1,1,8,2067,āb,NOUN,nmod,4,1,3,4,2,0,0,0,0.3333333333333333,False,False,Dk5-B-01_mptf.conllu,2,0,0
stī,NOUN,nmod,0,0,0,0,1,129,18258,=š,PRON,nmod,1,2,1,3,0,0,0,0,0.0,False,False,Dk5-B-01_mptf.conllu,2,0,0
stī,NOUN,nmod,0,1,0,0,1,129,1135,gētīyān,NOUN,nmod,0,2,1,3,0,0,0,0,0.0,False,False,Dk5-B-01_mptf.conllu,2,0,0
bunmādī,NOUN,obl,0,0,0,0,1,3,172,mādayān,ADJ,amod,0,2,2,2,0,0,0,0,0.6666666666666666,False,False,Dk5-B-01_mptf.conllu,0,1,0
gyāndārīh,NOUN,acl:relcl,0,0,0,1,1,1,18258,=š,PRON,nmod,1,2,1,3,0,0,0,0,0.0,False,False,Dk5-B-01_mptf.conllu,1,1,0
gyāndārīh,NOUN,acl:relcl,0,0,0,1,1,1,1,ēdarīg,ADJ,amod,0,2,1,3,0,0,0,0,0.0,False,False,Dk5-B-01_mptf.conllu,1,1,0
pahrēz,NOUN,conj,0,0,0,1,1,204,6,zad,NOUN,nmod,1,1,2,2,3,0,0,1,0.0,False,True,Dk5-B-01_mptf.conllu,1,0,0
gām,NOUN,orphan,0,0,0,1,0,288,41,pay,NOUN,nmod,1,1,2,3,2,0,0,1,0.0,False,False,Dk5-B-01_mptf.conllu,1,0,0
hixr,NOUN,conj,0,0,0,1,1,187,2253,tan,NOUN,nmod,1,1,2,3,1,0,0,0,0.0,False,False,Dk5-B-01_mptf.conllu,1,0,0
nazdīkīh,NOUN,obl,0,0,0,1,1,60,22,ādurestar,NOUN,nmod,4,2,3,1,5,0,0,0,0.5,False,False,Dk5-B-01_mptf.conllu,1,0,0
brāh,NOUN,advcl,0,0,0,1,1,66,420,xwaršēd,NOUN,nmod,0,1,2,2,1,0,0,1,0.0,False,False,Dk5-B-01_mptf.conllu,1,0,0
ranǰ,NOUN,conj,0,0,0,1,1,54,35,apaymān,ADJ,amod,0,2,1,3,0,0,0,0,0.0,False,False,Dk5-B-01_mptf.conllu,0,1,0
paristišnīh,NOUN,conj,0,1,0,1,1,4,14,anarzānīgān,NOUN,nmod,0,1,1,1,0,0,0,0,0.0,True,False,Dk5-B-01_mptf.conllu,1,0,0
abarbarišnīh,NOUN,root,0,0,0,1,1,27,136,esm,NOUN,nmod,7,1,4,7,4,0,0,0,0.0,True,False,Dk5-B-01_mptf.conllu,1,0,0
esm,NOUN,nmod,0,0,0,1,1,136,166,hušk,ADJ,amod,5,2,3,4,3,1,0,1,0.0,False,False,Dk5-B-01_mptf.conllu,0,1,0
abārīg,PRON,conj,0,0,1,1,1,942,182,kardag,NOUN,nmod,2,1,2,1,3,0,0,1,0.0,False,True,Dk5-B-01_mptf.conllu,1,0,0
kardag,NOUN,nmod,0,1,0,1,1,178,117,pōryōtkēšān,NOUN,nmod,0,2,1,3,0,0,0,0,0.0,True,False,Dk5-B-01_mptf.conllu,1,0,0
dād,NOUN,conj,0,0,0,1,1,217,160,anērān,PROPN,nmod,1,1,2,2,3,0,1,1,0.0,True,False,Dk5-B-01_mptf.conllu,1,0,0
dāštan,NOUN,nmod,0,0,0,1,1,28,1,nigānagīh,NOUN,nmod,1,1,3,2,3,0,0,1,0.0,True,False,Dk5-B-01_mptf.conllu,1,0,0
wizendabrāzyāgīh,NOUN,nsubj:pass,0,0,0,1,1,1,2385,dāštan,NOUN,nmod,4,2,4,3,2,0,0,0,0.0,False,True,Dk5-B-01_mptf.conllu,1,0,0
brāzēnīdārīh,NOUN,conj,0,1,0,1,1,1,14,anarzānīgān,NOUN,nmod,2,2,2,3,0,0,0,0,0.0,False,False,Dk5-B-01_mptf.conllu,2,0,0
brāzēnīdārīh,NOUN,conj,0,0,0,1,1,1,18258,=iš,PRON,nmod,0,2,2,3,1,0,0,0,0.0,False,False,Dk5-B-01_mptf.conllu,2,0,0
kār,NOUN,conj,0,1,0,1,1,1414,444,wattarān,NOUN,nmod,0,1,1,2,0,0,0,0,0.0,True,False,Dk5-B-01_mptf.conllu,1,0,0
mānišnīh,NOUN,conj,0,1,0,1,1,4,1338,dēwān,NOUN,nmod,3,2,4,8,2,0,0,0,0.0,True,False,Dk5-B-01_mptf.conllu,1,0,0
bar,NOUN,nmod,0,0,0,1,1,253,18258,=iš,PRON,nmod,1,1,2,1,1,0,0,0,0.0,False,False,Dk5-B-01_mptf.conllu,1,0,0
ǰōyišnīh,NOUN,conj,0,0,0,1,1,2,254,bar,NOUN,nmod,2,2,3,2,1,0,0,0,0.0,True,False,Dk5-B-01_mptf.conllu,1,0,0
hilišnīh,NOUN,conj,0,0,0,1,1,4,633,X,_,amod,4,2,3,2,2,0,0,0,0.0,True,False,Dk5-B-01_mptf.conllu,0,1,0
waxšišnīh,NOUN,nsubj:pass,0,0,0,1,1,5,2067,āb,NOUN,nmod,2,2,4,4,1,0,0,0,0.0,True,False,Dk5-B-01_mptf.conllu,1,0,0
winnārišnīh,NOUN,conj,0,1,0,1,1,4,21,wehdahišnān,NOUN,nmod,2,2,2,3,0,0,0,0,0.0,True,False,Dk5-B-01_mptf.conllu,2,0,0
winnārišnīh,NOUN,conj,0,0,0,1,1,4,18258,=iš,PRON,nmod,0,2,2,3,1,0,0,0,0.0,True,False,Dk5-B-01_mptf.conllu,2,0,0
rāyēnīdārīh,NOUN,conj,0,0,0,1,1,74,7,huzīyišnīh,NOUN,nmod,2,2,3,2,1,0,0,0,0.0,False,True,Dk5-B-01_mptf.conllu,1,0,0
čim,NOUN,obl,0,0,0,1,1,374,1446,ātaxš,NOUN,nmod,1,2,2,4,2,1,0,1,0.75,False,False,Dk5-B-01_mptf.conllu,1,0,0
šōyišn,NOUN,obl,0,0,0,1,1,231,155,rēmanīh,NOUN,nmod,2,2,3,3,2,0,0,0,1.0,True,False,Dk5-B-01_mptf.conllu,1,0,0
ayārīh,NOUN,conj,0,1,0,1,1,285,14,anarzānīgān,NOUN,nmod,2,1,2,4,1,0,0,1,0.0,False,False,Dk5-B-01_mptf.conllu,1,0,0
čim,NOUN,obl,0,0,0,1,1,374,1276,zamīg,NOUN,nmod,1,2,2,4,2,1,0,1,0.3333333333333333,False,False,Dk5-B-01_mptf.conllu,1,0,0
čim,NOUN,obl,0,0,0,1,1,374,2067,āb,NOUN,nmod,1,2,2,4,2,1,0,1,0.5,False,False,Dk5-B-01_mptf.conllu,1,0,0
čim,NOUN,obl,0,0,0,1,1,374,1446,ātaxš,NOUN,nmod,1,2,2,4,2,1,0,1,0.6666666666666666,False,False,Dk5-B-01_mptf.conllu,1,0,0
mayānagīhā,NOUN,obl,0,0,0,0,1,4,158,mayānag,NOUN,nmod,0,2,2,4,1,1,0,1,1.0,False,False,Dk5-B-01_mptf.conllu,1,0,0
čiyōnīh,NOUN,obl,0,0,0,1,1,143,46,parwarišn,NOUN,nmod,4,2,3,1,2,0,0,0,1.0,False,False,Dk5-B-01_mptf.conllu,1,0,0
ōšmurišn,NOUN,obj,0,1,0,1,1,95,4718,=išān,PRON,nmod,0,2,1,1,0,0,0,0,0.3333333333333333,True,False,Dk5-B-01_mptf.conllu,1,0,0
yazadān,NOUN,nsubj:pass,1,0,0,1,1,1403,13,awēnišnīg,ADJ,amod,1,2,2,1,1,0,0,0,0.0,False,False,Dk5-B-01_mptf.conllu,0,1,0
rōšnān,NOUN,nsubj:pass,1,0,0,1,1,301,31,wēnišnīg,ADJ,amod,0,2,1,1,0,0,0,0,0.0,False,False,Dk5-B-01_mptf.conllu,0,1,0
nigerišnīh,NOUN,obl,0,0,0,1,1,6,237,daštān,NOUN,nmod,0,1,2,4,2,0,0,1,1.0,True,False,Dk5-B-01_mptf.conllu,1,0,0
pahrēxtan,NOUN,root,0,0,0,1,1,35,564,sag,NOUN,nmod,0,1,6,4,2,0,0,1,0.0,True,False,Dk5-B-01_mptf.conllu,1,0,0
gugān,NOUN,nsubj,0,0,0,1,1,47,18258,=š,PRON,nmod,0,2,1,1,0,0,0,0,1.0,False,False,Dk5-B-01_mptf.conllu,1,0,0
rāh,NOUN,root,0,0,0,1,1,587,1,ǰuddēwāgāhīh,NOUN,nmod,1,1,2,5,1,0,0,0,0.0,False,False,Dk5-B-01_mptf.conllu,1,0,0
namāz,NOUN,compound:lvc,0,1,0,1,1,66,2716,mardōmān,NOUN,nmod,1,1,2,1,1,0,0,0,0.0,False,False,Dk5-B-01_mptf.conllu,1,0,0
frōdāwarišnīh,NOUN,nsubj,0,0,0,1,1,1,700,sar,NOUN,nmod,0,1,2,1,1,0,0,1,0.5,True,False,Dk5-B-01_mptf.conllu,1,0,0
ērmenišnīh,NOUN,obl,0,1,0,1,1,29,5,hamdahišnān,NOUN,nmod,1,1,2,2,1,0,0,0,1.0,True,False,Dk5-B-01_mptf.conllu,1,0,0
paristišn,NOUN,root,0,0,0,1,1,49,1006,dādār,NOUN,nmod,1,1,2,5,1,0,0,1,0.0,False,True,Dk5-B-01_mptf.conllu,1,0,0
rāyēnišn,NOUN,obl,0,0,0,1,1,145,1907,ēd,PRON,nmod,0,2,1,2,0,0,0,0,0.3333333333333333,True,False,Dk5-B-01_mptf.conllu,1,0,0
saxwan,NOUN,nsubj:outer,0,1,0,1,1,306,4718,=šān,PRON,nmod,0,2,1,1,0,0,0,0,0.0,False,False,Dk5-B-01_mptf.conllu,1,0,0
āšuft,NOUN,nsubj,0,1,0,1,1,4,640,dahišnān,NOUN,nmod,3,1,2,4,2,1,0,1,0.6666666666666666,True,False,Dk5-B-01_mptf.conllu,1,0,0
burdan,NOUN,obl,0,0,0,1,1,80,66,namāz,NOUN,nmod,0,1,2,3,0,0,0,0,1.0,True,False,Dk5-B-01_mptf.conllu,2,0,0
burdan,NOUN,obl,0,1,0,1,1,80,2716,mardōmān,NOUN,nmod,2,1,2,3,1,0,0,0,1.0,True,False,Dk5-B-01_mptf.conllu,2,0,0
framān,NOUN,obl,0,0,0,1,1,244,186,nōg,ADJ,amod,0,1,2,2,1,0,0,1,0.75,False,False,Dk5-B-01_mptf.conllu,0,1,0
rāstīh,NOUN,root,0,1,0,1,1,199,610,=mān,PRON,nmod,0,1,12,5,1,0,0,1,0.0,False,False,Dk5-B-01_mptf.conllu,1,0,0
ērangīh,NOUN,conj,0,1,0,1,1,18,1,hambadīggōwišnān,NOUN,nmod,0,1,2,1,1,0,0,1,0.0,False,False,Dk5-B-01_mptf.conllu,1,0,0
gugāyabāgīh,NOUN,conj:nmod,0,1,0,1,1,1,534,amahraspandān,PROPN,nmod,0,2,1,2,0,0,1,0,0.0,False,False,Dk5-B-01_mptf.conllu,1,0,0
paydāgrāyēnišnīh,NOUN,conj,0,0,0,1,1,1,31,abd,ADJ,nmod,3,2,4,3,3,1,0,1,0.0,True,False,Dk5-B-01_mptf.conllu,1,0,0
zarduxšt,PROPN,orphan,0,0,0,1,0,1746,2060,ahlaw,ADJ,amod,0,2,2,3,0,0,0,0,0.0,False,False,Dk5-B-01_mptf.conllu,0,1,0
rōy,NOUN,nmod,0,0,0,0,1,10,26,widāxtag,ADJ,amod,0,2,1,1,0,0,0,0,0.0,False,True,Dk5-B-01_mptf.conllu,0,1,0
passāxtan,NOUN,obl,0,0,0,1,0,3,10,rōy,NOUN,nmod,0,2,7,5,1,0,0,0,0.45454545454545453,True,False,Dk5-B-01_mptf.conllu,2,0,0
passāxtan,NOUN,obl,0,0,0,1,1,3,74,ādurbād,PROPN,nmod,1,1,7,5,3,0,1,1,0.45454545454545453,True,False,Dk5-B-01_mptf.conllu,2,0,0
ādurbād,PROPN,nmod,0,0,0,1,1,72,23,hufraward,ADJ,amod,0,2,2,3,0,0,0,0,0.0,False,False,Dk5-B-01_mptf.conllu,1,1,0
ādurbād,PROPN,nmod,0,0,0,1,1,72,20,māhraspandān,PROPN,nmod,0,1,2,3,1,0,1,1,0.0,False,False,Dk5-B-01_mptf.conllu,1,1,0
bōxtan,NOUN,conj,0,0,0,1,1,3,18258,=š,PRON,nmod,0,1,6,2,1,0,0,1,0.0,True,False,Dk5-B-01_mptf.conllu,2,0,0
bōxtan,NOUN,conj,0,0,0,1,1,3,1,pahikārhandāzišn,NOUN,nmod,2,1,6,2,2,0,0,0,0.0,True,False,Dk5-B-01_mptf.conllu,2,0,0
pahikārhandāzišn,NOUN,nmod,0,1,0,1,1,1,13,pahikārdārān,NOUN,nmod,1,1,5,2,2,0,0,1,0.0,False,True,Dk5-B-01_mptf.conllu,2,0,0
pahikārhandāzišn,NOUN,nmod,0,0,0,1,1,1,639,xwadāyīh,NOUN,nmod,3,1,5,2,2,0,0,0,0.0,False,False,Dk5-B-01_mptf.conllu,2,0,0
pahikārdārān,NOUN,nmod,1,0,0,1,1,13,1,hāmxwanīras,PROPN,nmod,0,2,1,2,0,0,1,0,0.0,True,False,Dk5-B-01_mptf.conllu,1,0,0
xwadāyīh,NOUN,nmod,0,0,0,1,0,638,38,bay,NOUN,nmod,1,1,4,2,3,0,0,1,0.0,False,False,Dk5-B-01_mptf.conllu,1,0,0
bay,NOUN,nmod,0,0,0,0,1,32,15,šābuhr,PROPN,flat,0,1,3,3,2,1,1,0,0.0,False,False,Dk5-B-01_mptf.conllu,0,0,0
šābuhr,PROPN,flat,0,0,0,1,1,15,155,šāh,NOUN,appos,1,1,2,2,1,0,0,0,0.0,False,False,Dk5-B-01_mptf.conllu,1,0,0
šābuhr,PROPN,flat,0,0,0,1,1,15,16,ohrmazdān,PROPN,nmod,2,1,2,2,0,0,1,0,0.0,False,False,Dk5-B-01_mptf.conllu,1,0,0
šāh,NOUN,appos,0,1,0,1,1,152,155,šāhān,NOUN,nmod,0,2,1,1,0,0,0,0,0.0,False,False,Dk5-B-01_mptf.conllu,1,0,0
ēwēnag,NOUN,obl,0,0,0,1,1,782,190,nērang,NOUN,nmod,0,1,8,4,2,0,0,0,0.6363636363636364,False,False,Dk5-B-01_mptf.conllu,1,0,0
nērang,NOUN,nmod,0,0,0,1,1,190,77,war,NOUN,nmod,0,1,7,2,1,0,0,1,0.0,False,False,Dk5-B-01_mptf.conllu,1,0,0
frazām,NOUN,nmod,0,0,0,1,1,191,639,xwadāyīh,NOUN,nmod,0,1,4,2,1,0,0,0,0.0,False,False,Dk5-B-01_mptf.conllu,1,0,0
xwadāyīh,NOUN,nmod,0,0,0,1,1,638,20,yazadgerd,PROPN,nmod,1,1,3,1,3,0,1,0,0.0,False,False,Dk5-B-01_mptf.conllu,1,0,0
yazadgerd,PROPN,nmod,0,0,0,1,0,19,18258,ōy,PRON,nmod,0,2,2,3,0,0,0,0,0.0,False,False,Dk5-B-01_mptf.conllu,2,0,0
yazadgerd,PROPN,nmod,0,0,0,1,1,19,155,šāh,NOUN,appos,1,1,2,3,1,0,0,0,0.0,False,False,Dk5-B-01_mptf.conllu,2,0,0
yazadgerd,PROPN,nmod,0,0,0,1,1,19,1,šahryārān,PROPN,nmod,2,1,2,3,1,0,1,1,0.0,False,False,Dk5-B-01_mptf.conllu,2,0,0
šāh,NOUN,appos,0,1,0,1,1,152,155,šāhān,NOUN,nmod,0,2,1,1,0,0,0,0,0.0,False,False,Dk5-B-01_mptf.conllu,1,0,0
nihād,NOUN,obl,0,0,0,1,1,4,481,dast,NOUN,nmod,1,2,2,4,0,0,0,0,0.9090909090909091,True,False,Dk5-B-01_mptf.conllu,2,0,0
nihād,NOUN,obl,0,0,0,1,1,4,2253,tan,NOUN,nmod,1,1,2,4,1,0,0,0,0.9090909090909091,True,False,Dk5-B-01_mptf.conllu,2,0,0
ēwēnag,NOUN,obl,0,0,0,1,1,782,15,nigēzišn,NOUN,nmod,0,1,1,3,0,1,0,0,0.5,False,True,Dk5-B-01_mptf.conllu,1,0,0
gumānīgīh,NOUN,obj,0,0,0,1,1,22,18258,=iš,PRON,nmod,1,1,2,1,2,0,0,1,1.0,False,False,Dk5-B-01_mptf.conllu,1,0,0
wizīrgarīh,NOUN,nsubj,0,0,0,1,1,2,1,padgyāg,ADJ,amod,0,2,1,1,0,0,0,0,0.5,False,False,Dk5-B-01_mptf.conllu,0,1,0
ǰādaggōwān,NOUN,nsubj,1,0,0,1,1,47,537,abestāg,PROPN,nmod,0,2,4,2,0,0,1,0,1.0,False,False,Dk5-B-01_mptf.conllu,1,0,0
wālīdagīh,NOUN,nmod,0,0,0,1,1,1,18258,=š,PRON,nmod,0,1,2,1,1,0,0,1,0.0,False,False,Dk5-B-01_mptf.conllu,1,0,0
pahikārān,NOUN,conj,1,0,0,1,1,42,1,wālīdagīh,NOUN,nmod,1,2,3,2,1,0,0,0,0.0,True,False,Dk5-B-01_mptf.conllu,1,0,0
bay,NOUN,nsubj,0,0,0,0,1,32,46,xwābar,ADJ,amod,0,2,3,4,0,1,0,0,0.2,False,False,Dk5-B-01_mptf.conllu,0,2,0
bay,NOUN,nsubj,0,0,0,0,1,32,1,anōšaggyāntar,ADJ,amod,0,1,3,4,0,1,0,0,0.2,False,False,Dk5-B-01_mptf.conllu,0,2,0
bay,NOUN,nsubj,0,0,0,0,1,32,155,šāh,NOUN,appos,1,1,3,4,1,1,0,0,0.2,False,False,Dk5-B-01_mptf.conllu,0,2,0
šāh,NOUN,appos,0,1,0,1,1,152,155,šāhān,NOUN,nmod,0,1,2,1,1,0,0,1,0.0,False,False,Dk5-B-01_mptf.conllu,1,0,0
zandīgān,NOUN,conj,1,1,0,1,1,2,1,deylāmānān,NOUN,nmod,1,1,2,2,1,0,0,0,0.0,False,False,Dk5-B-01_mptf.conllu,1,0,0
kāmag,NOUN,obj,0,0,0,1,1,317,81,handāzišn,NOUN,nmod,0,2,1,1,0,0,0,0,0.8,False,True,Dk5-B-01_mptf.conllu,1,0,0
nērōg,NOUN,nsubj,0,0,0,1,1,339,2158,dēn,NOUN,nmod,1,1,2,1,3,0,0,1,1.0,False,False,Dk5-B-01_mptf.conllu,1,0,0
dēn,NOUN,nmod,0,0,0,1,1,2149,80,hudāg,ADJ,amod,0,2,1,3,0,0,0,0,0.0,False,False,Dk5-B-01_mptf.conllu,0,2,0
dēn,NOUN,nmod,0,0,0,1,1,2149,595,mazdēsn,ADJ,amod,0,1,1,3,0,0,0,0,0.0,False,False,Dk5-B-01_mptf.conllu,0,2,0
paymāngōwišn,NOUN,nsubj,0,0,0,1,1,1,61,mānsrspand,NOUN,nmod,0,1,1,1,0,0,0,0,0.5,False,False,Dk5-B-01_mptf.conllu,1,0,0
spurrān,NOUN,nsubj,1,0,0,1,1,2,529,nēkīh,NOUN,nmod,1,1,2,1,1,0,0,0,1.0,False,False,Dk5-B-01_mptf.conllu,1,0,0
nēkīh,NOUN,nmod,0,0,0,1,1,529,537,abestāg,PROPN,nmod,0,2,1,1,0,0,1,0,0.0,False,False,Dk5-B-01_mptf.conllu,1,0,0
dēnāgāhīh,NOUN,nsubj,0,0,0,1,1,22,18258,=š,PRON,nmod,0,2,1,1,0,0,0,0,1.0,False,False,Dk5-B-01_mptf.conllu,1,0,0
hampursagīh,NOUN,obl,0,0,0,1,1,107,2069,mard,NOUN,nmod,1,1,3,2,4,0,0,1,0.6666666666666666,False,False,Dk5-B-01_mptf.conllu,1,0,0
mard,NOUN,nmod,0,0,0,1,1,2067,6,tarsāg,ADJ,amod,0,2,2,4,0,0,0,0,0.0,False,False,Dk5-B-01_mptf.conllu,0,1,0
astīh,NOUN,nsubj,0,0,0,1,1,111,1407,yazad,NOUN,nmod,0,1,3,2,0,0,0,0,1.0,False,False,Dk5-B-01_mptf.conllu,1,0,0
ān,PRON,conj,0,0,0,1,1,1928,53,hambadīg,NOUN,nmod,0,1,2,2,1,0,0,1,0.0,False,False,Dk5-B-01_mptf.conllu,1,0,0
čim,NOUN,obl,0,0,0,1,0,374,3378,čē,DET,amod,0,2,1,2,0,0,0,0,1.0,False,False,Dk5-B-01_mptf.conllu,0,1,0
wihān,NOUN,obl,0,0,0,1,0,110,3378,čē,DET,amod,0,2,1,2,0,0,0,0,0.5,False,False,Dk5-B-01_mptf.conllu,0,1,0
ēwāz,NOUN,obl,0,0,0,1,1,12,1,anāšnāg,ADJ,amod,1,1,3,4,2,0,0,1,1.0,False,False,Dk5-B-01_mptf.conllu,0,1,1
hammōg,NOUN,obl,0,1,0,1,1,57,1338,dēwān,NOUN,nmod,0,1,2,2,1,0,0,1,1.0,False,False,Dk5-B-01_mptf.conllu,1,0,0
rēmanīh,NOUN,nsubj,0,0,0,1,1,154,237,daštān,NOUN,nmod,0,2,1,1,0,0,0,0,1.0,False,False,Dk5-B-01_mptf.conllu,1,0,0
abārīg,PRON,conj,0,0,1,1,1,942,63,šōn,NOUN,nmod,2,1,2,1,3,0,0,1,0.0,False,False,Dk5-B-01_mptf.conllu,1,0,0
zan,NOUN,nmod,0,0,0,1,1,890,2,wisistag,ADJ,amod,0,1,2,1,1,0,0,1,0.0,False,True,Dk5-B-01_mptf.conllu,0,1,0
šustan,NOUN,nsubj,0,0,0,1,1,11,890,zan,NOUN,nmod,1,2,3,1,1,0,0,0,1.0,True,False,Dk5-B-01_mptf.conllu,1,0,0
zad,NOUN,nsubj,0,0,0,1,1,16,834,gōspand,NOUN,nmod,7,2,3,4,0,0,0,0,1.0,True,False,Dk5-B-01_mptf.conllu,3,0,0
zad,NOUN,nsubj,0,0,0,1,1,16,88,kuštan,NOUN,nmod,5,2,3,4,1,0,0,0,1.0,True,True,Dk5-B-01_mptf.conllu,3,0,0
zad,NOUN,nsubj,0,0,0,1,1,16,7,čōb,NOUN,nmod,0,2,3,4,0,0,0,0,1.0,True,False,Dk5-B-01_mptf.conllu,3,0,0
dāštan,NOUN,nsubj,0,0,0,1,1,28,466,barsom,PROPN,nmod,5,2,3,3,0,0,1,0,1.0,True,False,Dk5-B-01_mptf.conllu,2,0,0
dāštan,NOUN,nsubj,0,0,0,1,0,28,709,nasāy,NOUN,nmod,3,2,3,3,2,0,0,0,1.0,True,False,Dk5-B-01_mptf.conllu,2,0,0
yaštan,NOUN,obl:tmod,0,0,0,1,1,26,269,drōn,NOUN,nmod,0,2,1,1,0,0,0,0,0.0,True,False,Dk5-B-01_mptf.conllu,1,0,0
stāyišn,NOUN,nsubj,0,0,0,1,1,160,1407,yazad,NOUN,nmod,0,1,2,1,1,0,0,1,0.2,True,False,Dk5-B-01_mptf.conllu,1,0,0
dāštan,NOUN,nsubj,0,0,0,1,0,28,2,māwā,NOUN,nmod,0,2,1,1,0,0,0,0,1.0,True,False,Dk5-B-01_mptf.conllu,1,0,0
šustan,NOUN,nsubj,0,0,0,1,1,11,481,dast,NOUN,nmod,4,2,3,2,1,0,0,0,1.0,True,False,Dk5-B-01_mptf.conllu,2,0,0
šustan,NOUN,nsubj,0,0,0,1,1,11,249,gōmēz,NOUN,nmod,2,2,3,2,1,0,0,0,1.0,True,False,Dk5-B-01_mptf.conllu,2,0,0
brāh,NOUN,nmod,0,1,0,1,1,66,1,yazadparistagān,NOUN,nmod,7,1,4,4,0,0,0,0,0.0,False,True,Dk5-B-01_mptf.conllu,1,0,0
bawišn,NOUN,conj:nmod,0,0,0,1,1,120,1100,xwāstag,NOUN,nmod,0,1,3,1,1,0,0,0,0.0,True,True,Dk5-B-01_mptf.conllu,1,0,0
dēn,NOUN,obj,0,0,0,1,1,2149,770,xwad,PRON,amod,0,2,1,1,0,0,0,0,0.5,False,False,Dk5-B-01_mptf.conllu,0,1,0
passox,NOUN,root,0,0,0,1,0,558,4,bōxtmārē,PROPN,nmod,1,1,2,2,1,0,1,0,0.0,False,False,Dk5-B-01_mptf.conllu,1,0,0
kamāgāhīh,NOUN,obl,0,0,0,1,1,1,18258,=š,PRON,nmod,0,1,2,3,1,0,0,1,0.2,False,False,Dk5-B-01_mptf.conllu,2,0,0
kamāgāhīh,NOUN,obl,0,1,0,1,0,1,13,uskārišnīhā,NOUN,nmod,2,1,2,3,1,0,0,0,0.2,False,False,Dk5-B-01_mptf.conllu,2,0,0
nimūdārīh,NOUN,advcl,0,0,0,1,1,31,14,dagrand,ADJ,amod,0,2,5,2,0,0,0,0,0.0,False,False,Dk5-B-01_mptf.conllu,1,1,0
nimūdārīh,NOUN,advcl,0,1,0,1,0,31,971,bunīhā,NOUN,nmod,1,1,5,2,4,0,0,1,0.0,False,False,Dk5-B-01_mptf.conllu,1,1,0
bunīhā,NOUN,nmod,1,0,0,0,1,959,310,saxwan,NOUN,nmod,0,1,4,4,1,0,0,1,0.0,False,False,Dk5-B-01_mptf.conllu,1,0,0
saxwan,NOUN,conj:nmod,0,0,0,1,1,306,369,pursišn,NOUN,nmod,0,1,3,3,2,0,0,1,0.0,False,True,Dk5-B-01_mptf.conllu,2,0,0
saxwan,NOUN,conj:nmod,0,1,0,1,1,306,301,dānāgān,NOUN,nmod,3,1,3,3,1,0,0,1,0.0,False,False,Dk5-B-01_mptf.conllu,2,0,0
nišānag,NOUN,obl,0,0,0,1,1,19,1,dōstīg,ADJ,amod,0,2,2,5,0,0,0,0,0.3333333333333333,False,False,Dk5-B-01_mptf.conllu,0,2,0
nišānag,NOUN,obl,0,0,0,1,1,19,249,bowandag,ADJ,amod,1,1,2,5,0,0,0,0,0.3333333333333333,False,True,Dk5-B-01_mptf.conllu,0,2,1
ān,PRON,obl,0,0,0,1,1,1928,360,paydāgīh,NOUN,nmod,3,1,5,5,4,0,0,1,1.0,False,False,Dk5-B-01_mptf.conllu,1,0,0
paydāgīh,NOUN,nmod,0,0,0,1,1,358,52,dānišnīg,ADJ,amod,0,2,1,4,0,0,0,0,0.0,False,False,Dk5-B-01_mptf.conllu,0,1,0
ān,PRON,conj,0,0,0,1,1,1928,221,āgāhīh,NOUN,nmod,1,1,3,2,3,0,0,1,0.0,False,False,Dk5-B-01_mptf.conllu,1,0,0
āgāhīh,NOUN,nmod,0,0,0,1,1,221,18,tāštīg,ADJ,amod,0,1,2,3,1,0,0,1,0.0,False,False,Dk5-B-01_mptf.conllu,0,1,0
ān,PRON,conj,0,0,0,1,1,1928,23,ēdōnīh,NOUN,nmod,1,1,3,3,3,0,0,1,0.0,False,False,Dk5-B-01_mptf.conllu,1,0,0
ēdōnīh,NOUN,nmod,0,0,0,1,1,21,11,ēwarīg,ADJ,amod,0,1,2,3,1,0,0,1,0.0,False,False,Dk5-B-01_mptf.conllu,0,1,0
ān,PRON,conj,0,0,0,1,1,1928,8,bahrīh,NOUN,nmod,6,1,4,3,4,0,0,0,0.0,False,False,Dk5-B-01_mptf.conllu,1,0,0
sāmān,NOUN,nmod,0,0,0,1,1,114,59,wirrōyišn,NOUN,nmod,0,1,2,3,1,0,0,1,0.0,False,True,Dk5-B-01_mptf.conllu,1,0,0
bahrīh,NOUN,nmod,0,0,0,1,1,8,114,sāmān,NOUN,nmod,4,2,3,4,3,0,0,1,0.0,False,False,Dk5-B-01_mptf.conllu,1,1,0
bahrīh,NOUN,nmod,0,0,0,1,1,8,237,homānāg,ADJ,amod,0,2,3,4,0,0,0,0,0.0,False,False,Dk5-B-01_mptf.conllu,1,1,0
astīh,NOUN,nmod,0,0,0,1,1,111,1407,yazad,NOUN,nmod,0,1,2,1,1,0,0,1,0.0,False,False,Dk5-B-01_mptf.conllu,1,0,0
paydāgīh,NOUN,nsubj,0,0,0,1,1,358,111,astīh,NOUN,nmod,1,2,3,1,1,0,0,0,1.0,False,False,Dk5-B-01_mptf.conllu,1,0,0
kirdagīh,NOUN,acl,0,0,0,1,1,2,1249,gēhān,NOUN,nmod,0,1,1,2,0,0,0,0,0.0,False,False,Dk5-B-01_mptf.conllu,1,0,0
paydāgīh,NOUN,nsubj,0,0,0,1,1,358,11,hambadīgīh,NOUN,nmod,0,2,1,1,0,0,0,0,1.0,False,False,Dk5-B-01_mptf.conllu,1,0,0
čim,NOUN,root,0,0,0,1,1,374,26,abāyišnīgīh,NOUN,nmod,0,1,2,4,1,0,0,0,0.0,False,False,Dk5-B-01_mptf.conllu,1,0,0
abāyišnīgīh,NOUN,nmod,0,0,0,1,1,26,640,dahišn,NOUN,nmod,0,1,1,1,0,0,0,0,0.0,False,True,Dk5-B-01_mptf.conllu,1,0,0
wihēz,NOUN,obl,0,0,0,1,1,18,1301,gyāg,NOUN,nmod,1,1,2,2,2,0,0,1,0.6666666666666666,False,False,Dk5-B-01_mptf.conllu,1,0,0
sāmān,NOUN,obl,0,0,0,1,1,114,153,gōhr,NOUN,nmod,2,1,2,2,3,0,0,1,1.0,False,False,Dk5-B-01_mptf.conllu,1,0,0
gōhr,NOUN,nmod,0,0,0,1,1,153,444,rōšn,NOUN,nmod,0,2,1,3,0,1,0,0,0.0,False,False,Dk5-B-01_mptf.conllu,1,0,0
kōšišn,NOUN,nmod,0,0,0,1,1,184,1,andargumēxtan,NOUN,nmod,1,1,2,1,2,0,0,1,0.0,True,True,Dk5-B-01_mptf.conllu,1,0,0
wihān,NOUN,nsubj,0,0,0,1,1,110,184,kōšišn,NOUN,nmod,2,2,3,2,1,0,0,0,1.0,False,True,Dk5-B-01_mptf.conllu,1,1,0
wihān,NOUN,nsubj,0,0,0,1,1,110,10,anēwēn,ADJ,amod,0,1,3,2,0,0,0,0,1.0,False,False,Dk5-B-01_mptf.conllu,1,1,0
āzwarīh,NOUN,conj,0,0,0,1,1,15,1,wanyīg,ADJ,amod,0,1,1,2,0,0,0,0,0.0,False,False,Dk5-B-01_mptf.conllu,0,1,0
afrazānagīh,NOUN,conj,0,0,0,1,1,10,1,mihōxtīh,NOUN,nmod,0,1,5,2,2,0,0,1,0.0,False,False,Dk5-B-01_mptf.conllu,1,0,0
mihōxtīh,NOUN,nmod,0,0,0,1,1,1,1822,šāyistan,NOUN,nmod,2,1,4,2,4,0,0,1,0.0,False,True,Dk5-B-01_mptf.conllu,1,0,0
šāyistan,NOUN,nmod,0,0,0,1,1,5,74,abesīyēnīdan,NOUN,nmod,0,2,3,4,0,0,0,0,0.0,True,True,Dk5-B-01_mptf.conllu,2,0,0
šāyistan,NOUN,nmod,0,0,0,1,1,5,34,buništ,NOUN,nmod,0,1,3,4,2,0,0,1,0.0,True,False,Dk5-B-01_mptf.conllu,2,0,0
buništ,NOUN,nmod,0,0,0,1,1,34,153,gōhr,NOUN,nmod,1,1,2,2,1,0,0,0,0.0,False,False,Dk5-B-01_mptf.conllu,1,0,0
gōhr,NOUN,nmod,0,0,0,1,1,153,444,rōšn,NOUN,nmod,0,2,1,1,0,0,0,0,0.0,False,False,Dk5-B-01_mptf.conllu,1,0,0
čihrīgīh,NOUN,conj,0,0,0,1,1,1,2,adādīg,ADJ,amod,0,2,1,1,0,0,0,0,0.0,False,False,Dk5-B-01_mptf.conllu,0,1,0
hammis,PRON,conj,0,0,0,1,1,1,149,rāyēnišn,NOUN,nmod,2,1,2,2,3,0,0,1,0.0,False,True,Dk5-B-01_mptf.conllu,1,0,0
čim,NOUN,nsubj,0,0,0,1,1,374,1385,madan,NOUN,nmod,0,2,2,1,2,0,0,0,1.0,False,True,Dk5-B-01_mptf.conllu,1,0,0
abāzāhangīh,NOUN,xcomp,0,0,0,1,1,8,5914,kirdan,NOUN,nmod,1,1,2,1,2,0,0,1,0.0,False,True,Dk5-B-01_mptf.conllu,1,0,0
nēāmad,NOUN,nsubj,0,0,0,1,1,1,18258,=iš,PRON,nmod,2,2,2,4,0,1,0,0,0.5,True,False,Dk5-B-01_mptf.conllu,1,0,0
sāmān,NOUN,obl,0,0,0,1,1,114,2375,xwēš,PRON,amod,0,1,2,2,1,0,0,1,0.6,False,False,Dk5-B-01_mptf.conllu,0,1,0
madan,NOUN,nsubj,0,0,0,1,1,68,18258,=š,PRON,nmod,3,2,2,4,0,0,0,0,1.0,True,False,Dk5-B-01_mptf.conllu,1,0,0
hištan,NOUN,nmod,0,0,0,1,1,67,18258,=š,PRON,nmod,1,2,2,5,0,0,0,0,0.0,True,False,Dk5-B-01_mptf.conllu,3,1,0
hištan,NOUN,nmod,0,0,0,1,1,67,53,hambadīg,NOUN,nmod,0,1,2,5,1,0,0,1,0.0,True,False,Dk5-B-01_mptf.conllu,3,1,0
hištan,NOUN,nmod,0,0,0,1,1,67,57,gumēzišn,NOUN,nmod,2,1,2,5,1,0,0,0,0.0,True,True,Dk5-B-01_mptf.conllu,3,1,0
hištan,NOUN,nmod,0,0,0,1,1,67,4,wizārišnīg,ADJ,amod,3,1,2,5,1,0,0,1,0.0,True,False,Dk5-B-01_mptf.conllu,3,1,0
čim,NOUN,nsubj,0,0,0,1,1,374,525,hištan,NOUN,nmod,4,2,3,1,5,0,0,0,0.25,False,True,Dk5-B-01_mptf.conllu,1,0,0
sūd,NOUN,root,0,1,0,1,1,327,1175,dāmān,NOUN,nmod,1,1,5,5,2,0,0,1,0.0,False,False,Dk5-B-01_mptf.conllu,2,0,0
sūd,NOUN,root,0,0,0,1,1,327,1,uzmāyišnwidardan,NOUN,nmod,4,1,5,5,5,0,0,0,0.0,False,True,Dk5-B-01_mptf.conllu,2,0,0
dāmān,NOUN,nmod,1,0,0,1,1,1172,2375,xwēš,PRON,amod,0,2,1,2,0,0,0,0,0.0,False,False,Dk5-B-01_mptf.conllu,0,1,0
uzmāyišnwidardan,NOUN,nmod,0,0,0,1,1,1,53,hambadīg,NOUN,nmod,2,1,4,5,3,0,0,1,0.0,True,False,Dk5-B-01_mptf.conllu,2,0,0
uzmāyišnwidardan,NOUN,nmod,0,0,0,1,1,1,1,zamān,NOUN,nmod,5,1,4,5,3,0,0,0,0.0,True,False,Dk5-B-01_mptf.conllu,2,0,0
zamān,NOUN,nmod,0,0,0,1,1,1,14,brīnōmand,ADJ,amod,0,2,1,3,0,0,0,0,0.0,False,False,Dk5-B-01_mptf.conllu,0,1,0
frazāmīh,NOUN,nsubj,0,0,0,1,1,14,184,kōšišn,NOUN,nmod,1,1,5,3,3,0,0,1,1.0,False,True,Dk5-B-01_mptf.conllu,1,0,0
purrdardīkkarīh,NOUN,conj:nmod,0,0,0,1,1,1,57,gumēzišn,NOUN,nmod,2,1,2,3,3,0,0,1,0.0,False,True,Dk5-B-01_mptf.conllu,2,0,0
purrdardīkkarīh,NOUN,conj:nmod,0,1,0,1,1,1,610,amāh,PRON,nmod,4,1,2,3,1,0,0,0,0.0,False,False,Dk5-B-01_mptf.conllu,2,0,0
gumēzišn,NOUN,nmod,0,0,0,1,1,57,18258,=š,PRON,nmod,1,2,1,3,0,0,0,0,0.0,True,False,Dk5-B-01_mptf.conllu,1,0,0
wēnābdāgīh,NOUN,conj,0,0,0,1,1,4,790,ēwēnag,NOUN,nmod,1,1,4,2,3,0,0,1,0.0,False,False,Dk5-B-01_mptf.conllu,1,0,0
ēwēnag,NOUN,nmod,0,0,0,1,1,782,52,pērōzīh,NOUN,nmod,0,1,3,3,1,0,0,0,0.0,False,False,Dk5-B-01_mptf.conllu,1,0,0
pērōzīh,NOUN,nmod,0,1,0,1,1,50,1407,yazadān,NOUN,nmod,0,1,2,1,1,0,0,1,0.0,False,False,Dk5-B-01_mptf.conllu,1,0,0
ayārīhistan,NOUN,conj,0,0,0,1,1,1,18258,=š,PRON,nmod,0,1,2,5,1,0,0,1,0.0,True,False,Dk5-B-01_mptf.conllu,2,0,0
ayārīhistan,NOUN,conj,0,0,0,1,1,1,184,kōšišn,NOUN,nmod,3,1,2,5,1,0,0,0,0.0,True,True,Dk5-B-01_mptf.conllu,2,0,0
awišōbišnīh,NOUN,root,0,0,0,1,1,1,1,hufrazāmkārīh,NOUN,nmod,1,1,5,5,1,0,0,0,0.0,True,False,Dk5-B-01_mptf.conllu,1,0,0
madan,NOUN,nsubj,0,0,0,1,1,68,111,wizend,NOUN,nmod,0,2,1,1,0,0,0,0,0.3333333333333333,True,False,Dk5-B-01_mptf.conllu,1,0,0
andargumēzišn,NOUN,nmod,0,0,0,1,0,1,709,nasāy,NOUN,nmod,1,1,2,2,2,0,0,1,0.0,True,False,Dk5-B-01_mptf.conllu,1,0,0
ōšmārdan,NOUN,obl,0,0,0,1,1,3,1,andargumēzišn,NOUN,nmod,3,2,3,3,2,0,0,0,1.0,True,True,Dk5-B-01_mptf.conllu,2,0,0
ōšmārdan,NOUN,obl,0,0,0,1,1,3,51,gand,NOUN,nmod,0,1,3,3,1,0,0,1,1.0,True,False,Dk5-B-01_mptf.conllu,2,0,0
abgandanōbastan,NOUN,nsubj,0,0,0,1,1,1,18258,=š,PRON,nmod,0,1,3,2,0,0,0,0,0.5,True,False,Dk5-B-01_mptf.conllu,2,0,0
abgandanōbastan,NOUN,nsubj,0,0,0,1,1,1,26,tuhīgīh,NOUN,nmod,3,1,3,2,2,0,0,1,0.5,True,False,Dk5-B-01_mptf.conllu,2,0,0
bīm,NOUN,nmod,0,0,0,1,1,301,184,garāntom,ADJ,amod,2,2,3,1,1,0,0,0,0.0,False,False,Dk5-B-01_mptf.conllu,0,1,0
drubuštīh,NOUN,nmod,0,0,0,1,1,54,54,drubuštīh,NOUN,nmod,0,2,2,4,4,1,0,0,0.0,False,False,Dk5-B-01_mptf.conllu,1,0,0
nērōg,NOUN,obl,0,0,0,1,1,339,1407,yazad,NOUN,nmod,0,1,2,4,1,1,0,1,1.0,False,False,Dk5-B-01_mptf.conllu,1,0,0
čim,NOUN,nsubj,0,0,0,1,1,374,222,xīr,NOUN,nmod,1,1,3,1,3,0,0,1,0.5,False,False,Dk5-B-01_mptf.conllu,1,0,0
xīr,NOUN,nmod,0,0,0,1,1,221,393,pursīd,ADJ,amod,0,1,2,3,1,0,0,1,0.0,False,True,Dk5-B-01_mptf.conllu,0,1,0
mānsr,NOUN,nsubj,0,0,0,1,1,93,537,abestāg,PROPN,appos,2,1,2,3,0,1,1,0,1.0,False,False,Dk5-B-01_mptf.conllu,0,0,0
āwāz,NOUN,nmod,0,0,0,1,1,5,33,gēhānīgān,ADJ,amod,0,1,2,3,1,0,0,1,0.0,False,False,Dk5-B-01_mptf.conllu,0,1,0
ayābagīh,NOUN,nmod,0,1,0,1,1,2,2716,mardōmān,NOUN,nmod,0,1,2,3,1,0,0,1,0.0,False,False,Dk5-B-01_mptf.conllu,1,0,0
mayān,NOUN,obl,0,0,0,1,1,60,1249,gēhān,NOUN,nmod,0,1,2,2,1,0,0,1,0.6666666666666666,False,False,Dk5-B-01_mptf.conllu,1,0,0
daxšag,NOUN,root,0,0,0,1,1,216,230,wuzurg,ADJ,amod,0,2,3,5,0,0,0,0,0.0,False,False,Dk5-B-01_mptf.conllu,0,1,0
āwurd,NOUN,obl,0,0,0,1,1,3,1747,zardušt,PROPN,nmod,0,1,2,3,1,0,1,1,1.0,True,False,Dk5-B-01_mptf.conllu,2,0,0
āwurd,NOUN,obl,0,0,0,1,1,3,3242,ohrmazd,PROPN,nmod,2,1,2,3,1,0,1,0,1.0,True,False,Dk5-B-01_mptf.conllu,2,0,0
kāmagīh,NOUN,conj,0,1,0,1,1,13,1338,dēwān,NOUN,nmod,0,2,1,2,0,0,0,0,0.0,False,False,Dk5-B-01_mptf.conllu,1,0,0
āwāz,NOUN,obl,0,1,0,1,1,5,915,druzān,NOUN,nmod,0,1,2,3,1,0,0,1,1.0,False,False,Dk5-B-01_mptf.conllu,1,0,0
āyišnīh,NOUN,obl,0,0,0,1,1,2,537,abestāg,PROPN,nmod,0,1,2,2,1,0,1,1,0.5,True,False,Dk5-B-01_mptf.conllu,1,0,0
zand,PROPN,nmod,0,0,0,1,1,170,170,zand,PROPN,nmod,0,2,1,1,1,0,1,0,0.0,False,False,Dk5-B-01_mptf.conllu,1,0,0
mānsr,NOUN,obj,0,0,0,1,1,93,2158,dēn,NOUN,nmod,0,2,3,2,1,0,0,0,1.0,False,False,Dk5-B-01_mptf.conllu,1,0,0
hamāg,PRON,conj,0,0,0,1,1,1065,2,uzwānīg,ADJ,amod,0,1,2,2,1,0,0,1,0.0,False,False,Dk5-B-01_mptf.conllu,0,1,0
nibištag,NOUN,advcl,0,0,0,1,1,42,49,bunīh,NOUN,nmod,0,2,2,1,1,0,0,0,0.0,True,False,Dk5-B-01_mptf.conllu,1,0,0
sūd,NOUN,nsubj,0,0,0,1,1,327,5914,kirdan,NOUN,nmod,0,2,2,1,1,0,0,0,1.0,False,True,Dk5-B-01_mptf.conllu,1,0,0
hūdagīh,NOUN,nsubj,0,0,0,1,1,1,18258,=š,PRON,nmod,0,2,1,1,0,0,0,0,1.0,False,False,Dk5-B-01_mptf.conllu,1,0,0
āgāhēnišn,NOUN,root,0,0,0,1,1,6,76,ēzišn,NOUN,nmod,1,2,5,6,2,0,0,0,0.0,True,False,Dk5-B-01_mptf.conllu,2,0,0
āgāhēnišn,NOUN,root,0,1,0,1,1,6,34,ramān,NOUN,nmod,1,1,5,6,2,0,0,1,0.0,True,False,Dk5-B-01_mptf.conllu,2,0,0
dānist,NOUN,advcl,0,1,0,1,1,1,1505,tisān,NOUN,nmod,0,1,4,2,3,0,0,1,0.0,True,False,Dk5-B-01_mptf.conllu,1,0,0
tisān,NOUN,nmod,1,0,0,1,1,1502,18258,=iš,PRON,nmod,1,1,3,3,1,0,0,0,0.0,False,False,Dk5-B-01_mptf.conllu,1,0,0
tisān,NOUN,nmod,1,0,0,1,1,1502,310,saxwan,NOUN,appos,7,1,3,3,4,0,0,0,0.0,False,False,Dk5-B-01_mptf.conllu,1,0,0
šāyistan,NOUN,nsubj,0,0,0,1,1,5,600,dādestān,NOUN,nmod,0,1,4,2,2,0,0,1,1.0,True,False,Dk5-B-01_mptf.conllu,1,0,0
dādestān,NOUN,nmod,0,0,0,1,1,587,1,wāzēnbungōwišnīh,NOUN,nmod,0,1,2,2,1,0,0,1,0.0,False,True,Dk5-B-01_mptf.conllu,1,0,0
saxwan,NOUN,obj,0,0,0,1,1,306,1,zīndaggōwišnīg,ADJ,amod,0,2,1,1,0,0,0,0,0.6666666666666666,False,False,Dk5-B-01_mptf.conllu,0,1,0
ān,PRON,obl,0,0,0,1,1,1928,2375,xwēš,PRON,nmod,1,1,2,2,2,0,0,1,1.0,False,False,Dk5-B-01_mptf.conllu,1,0,0
dādār,NOUN,nsubj,0,0,0,1,1,998,3242,ohrmazd,PROPN,appos,0,1,1,1,0,0,1,0,0.3333333333333333,True,False,Dk5-B-01_mptf.conllu,0,0,0
saredag,NOUN,conj,0,0,0,1,1,269,1249,gēhān,NOUN,nmod,1,2,2,4,1,0,0,0,0.0,True,False,Dk5-B-01_mptf.conllu,1,0,0
rāstmenišnīh,NOUN,nmod,0,0,0,1,1,2,56,čihrīg,ADJ,amod,1,2,2,3,1,0,0,0,0.0,True,False,Dk5-B-01_mptf.conllu,0,1,0
kas,NOUN,dislocated:topic,0,0,0,1,1,1086,83,agdēntar,ADJ,amod,0,2,2,3,1,1,0,1,0.0,False,False,Dk5-B-01_mptf.conllu,0,1,0
hambadīg,NOUN,nsubj,0,0,1,1,1,50,18258,=š,PRON,nmod,0,2,1,1,0,0,0,0,0.4,False,False,Dk5-B-01_mptf.conllu,1,0,0
hammōg,NOUN,obl,0,1,0,1,1,57,1338,dēwān,NOUN,nmod,0,1,2,2,1,0,0,1,1.0,False,False,Dk5-B-01_mptf.conllu,1,0,0
čim,NOUN,nsubj,0,1,0,1,1,374,33,gēhānīgān,NOUN,nmod,0,1,2,1,1,0,0,1,0.3333333333333333,False,False,Dk5-B-01_mptf.conllu,1,0,0
dēn,NOUN,obj,0,1,0,1,1,2149,1407,yazadān,NOUN,nmod,0,1,2,1,1,0,0,1,0.6666666666666666,False,False,Dk5-B-01_mptf.conllu,1,0,0
ēwēnag,NOUN,nmod,0,0,0,1,1,782,5,anarzānīgīh,NOUN,nmod,0,1,3,2,1,0,0,0,0.0,False,False,Dk5-B-01_mptf.conllu,1,0,0
ēwēnag,NOUN,root,0,0,0,1,1,782,32,ērang,NOUN,nmod,0,1,3,4,1,0,0,0,0.0,False,False,Dk5-B-01_mptf.conllu,1,0,0
ērang,NOUN,nmod,0,0,0,1,1,28,18258,=iš,PRON,nmod,1,1,2,1,2,0,0,1,0.0,False,False,Dk5-B-01_mptf.conllu,1,0,0
wiyābānīh,NOUN,root,0,1,0,1,1,14,1338,dēwān,NOUN,nmod,1,1,3,13,2,0,0,1,0.0,False,False,Dk5-B-01_mptf.conllu,1,0,0
andarkirdan,NOUN,conj,0,1,0,1,1,1,4718,=šān,PRON,nmod,0,1,2,3,0,0,0,0,0.0,True,False,Dk5-B-01_mptf.conllu,3,0,0
andarkirdan,NOUN,conj,0,0,0,1,1,1,915,druz,NOUN,nmod,1,1,2,3,0,0,0,0,0.0,True,False,Dk5-B-01_mptf.conllu,3,0,0
andarkirdan,NOUN,conj,0,0,0,1,1,1,1,tanbār,NOUN,nmod,3,1,2,3,2,0,0,1,0.0,True,True,Dk5-B-01_mptf.conllu,3,0,0
nibardagīh,NOUN,conj,0,0,0,1,1,1,1,wānydārīh,NOUN,nmod,0,1,2,1,1,0,0,1,0.0,False,False,Dk5-B-01_mptf.conllu,1,0,0
nēxwāst,NOUN,conj,0,0,0,1,0,1,12,ēwēnīhā,NOUN,nmod,2,1,2,3,1,0,0,1,0.0,True,False,Dk5-B-01_mptf.conllu,1,0,0
tandahišnīh,NOUN,conj,0,0,0,1,1,2,128,wēmārīh,NOUN,nmod,2,1,2,3,1,0,0,1,0.0,True,False,Dk5-B-01_mptf.conllu,1,0,0
hištan,NOUN,conj,0,0,0,1,0,67,1,framānīhā,NOUN,nmod,0,1,1,1,0,0,0,0,0.0,True,False,Dk5-B-01_mptf.conllu,1,0,0
dōšagīh,NOUN,conj,0,0,0,1,0,1,3,aǰgehānīhā,NOUN,nmod,0,1,2,2,1,0,0,1,0.0,False,False,Dk5-B-01_mptf.conllu,1,0,0
namāz,NOUN,nsubj,0,0,0,1,1,66,10,xwarxšēd,NOUN,nmod,1,1,3,1,6,0,0,0,1.0,False,False,Dk5-B-01_mptf.conllu,1,0,0
drōdpursišnīh,NOUN,nsubj,0,1,0,1,1,2,2716,mardōmān,NOUN,nmod,4,2,2,4,0,0,0,0,1.0,True,False,Dk5-B-01_mptf.conllu,3,0,0
drōdpursišnīh,NOUN,nsubj,0,0,0,1,1,2,2654,ēk,NUM,nmod,2,2,2,4,0,0,0,0,1.0,True,False,Dk5-B-01_mptf.conllu,3,0,0
drōdpursišnīh,NOUN,nsubj,0,0,0,1,1,2,475,did,PRON,nmod,0,2,2,4,1,0,0,0,1.0,True,False,Dk5-B-01_mptf.conllu,3,0,0
ān,PRON,nsubj,0,1,0,1,1,1928,4718,awēšān,PRON,nmod,1,1,3,3,3,0,0,1,1.0,False,False,Dk5-B-01_mptf.conllu,2,0,0
ān,PRON,nsubj,0,1,0,1,0,1928,610,amā,PRON,nmod,4,1,3,3,1,0,0,0,1.0,False,False,Dk5-B-01_mptf.conllu,2,0,0
awēšān,PRON,nmod,1,0,0,1,1,4503,6263,abardar,ADV,amod,0,1,2,3,1,0,0,1,0.0,False,False,Dk5-B-01_mptf.conllu,0,1,0
yazad,NOUN,nmod,0,0,0,1,1,1403,6263,abardom,ADJ,amod,0,2,1,2,0,1,0,0,0.0,False,False,Dk5-B-01_mptf.conllu,0,1,0
nibišt,NOUN,nmod,0,0,0,1,1,25,33,gēhānīg,ADJ,nmod,0,2,2,2,2,1,0,1,0.0,True,False,Dk5-B-01_mptf.conllu,1,0,0
passox,NOUN,nsubj,0,0,0,1,1,558,1,kustīgaybyāstišnīh,NOUN,nmod,6,2,6,1,1,0,0,0,1.0,False,True,Dk5-B-01_mptf.conllu,1,0,0
wāzag,NOUN,obl,0,0,0,1,1,96,74,čimīg,ADJ,amod,1,1,1,4,0,0,0,0,0.5,False,False,Dk5-B-01_mptf.conllu,0,1,1
ōstīgānīh,NOUN,obl,0,0,0,1,1,11,971,bun,ADJ,amod,0,2,1,2,0,0,0,0,1.0,False,False,Dk5-B-01_mptf.conllu,0,1,0
hambasāngōwišnīh,NOUN,advcl,0,0,0,1,1,3,2654,ēk,NUM,nmod,0,1,2,3,1,0,0,1,0.0,True,False,Dk5-B-01_mptf.conllu,2,0,0
hambasāngōwišnīh,NOUN,advcl,0,0,0,1,1,3,475,did,PRON,nmod,2,1,2,3,1,0,0,0,0.0,True,False,Dk5-B-01_mptf.conllu,2,0,0
rāhnimūdārīh,NOUN,conj,0,0,0,1,1,1,16587,ān,PRON,nmod,1,1,4,1,2,0,0,0,0.0,False,False,Dk5-B-01_mptf.conllu,1,0,0
pādārīh,NOUN,obl,0,0,0,1,1,9,139,hannām,NOUN,nmod,1,1,4,2,3,0,0,0,1.0,False,False,Dk5-B-01_mptf.conllu,1,0,0
hannām,NOUN,nmod,0,0,0,1,1,138,140,dēnīg,ADJ,amod,0,2,3,3,0,0,0,0,0.0,False,False,Dk5-B-01_mptf.conllu,0,2,0
hannām,NOUN,nmod,0,0,0,1,1,138,8,wirrōyišnīg,ADJ,amod,0,1,3,3,1,0,0,1,0.0,False,False,Dk5-B-01_mptf.conllu,0,2,0
ān,PRON,conj:nmod,0,0,0,1,1,1928,52,dānišnīg,ADJ,amod,0,1,2,2,1,0,0,1,0.0,False,False,Dk5-B-01_mptf.conllu,0,1,0
passox,NOUN,obj,0,0,0,1,0,558,3,pursišnīhā,NOUN,nmod,0,2,2,1,1,0,0,0,0.5,False,False,Dk5-B-01_mptf.conllu,1,0,0
rāh,NOUN,nsubj,0,1,0,1,1,587,833,wasān,PRON,nmod,1,2,2,4,1,1,0,1,0.75,False,False,Dk5-B-01_mptf.conllu,2,1,0
rāh,NOUN,nsubj,0,0,0,1,1,587,74,čimīg,ADJ,amod,0,2,2,4,0,1,0,0,0.75,False,False,Dk5-B-01_mptf.conllu,2,1,0
rāh,NOUN,nsubj,0,0,0,1,1,587,59,wirrōyišn,NOUN,nmod,2,1,2,4,2,1,0,0,0.75,False,True,Dk5-B-01_mptf.conllu,2,1,0
wirrōyišn,NOUN,nmod,0,0,0,1,1,59,74,čimīg,ADJ,amod,0,2,1,2,0,0,0,0,0.0,True,False,Dk5-B-01_mptf.conllu,0,1,0
xwarišn,NOUN,obl,0,1,0,1,1,482,13,šnāsagān,NOUN,nmod,0,2,2,2,1,0,0,0,1.0,True,False,Dk5-B-01_mptf.conllu,1,0,0
nimūdārīh,NOUN,root,0,0,0,1,1,31,92,wimand,NOUN,nmod,0,1,4,5,1,0,0,0,0.0,False,False,Dk5-B-01_mptf.conllu,1,0,0
wimand,NOUN,nmod,0,1,0,1,1,91,1533,dōān,NUM,nmod,1,1,2,1,2,0,0,1,0.0,False,False,Dk5-B-01_mptf.conllu,1,0,0
tan,NOUN,obl,0,0,0,1,1,2253,2716,mardōm,NOUN,nmod,0,1,2,2,1,0,0,1,0.6,False,False,Dk5-B-01_mptf.conllu,1,0,0
handāzag,NOUN,nsubj:outer,0,0,0,1,1,97,1249,gēhān,NOUN,nmod,0,1,1,1,0,0,0,0,0.0,False,False,Dk5-B-01_mptf.conllu,1,0,0
nēmag,NOUN,advcl,0,0,0,1,1,103,207,azabar,ADJ,amod,0,2,3,9,1,1,0,1,0.0,False,False,Dk5-B-01_mptf.conllu,0,1,0
nēmag,NOUN,conj,0,0,0,1,1,103,233,azēr,ADJ,amod,0,2,2,4,1,1,0,1,0.0,False,False,Dk5-B-01_mptf.conllu,0,1,0
čim,NOUN,nsubj,0,0,0,1,1,374,2385,dāštan,NOUN,nmod,0,1,2,1,1,0,0,1,1.0,False,True,Dk5-B-01_mptf.conllu,1,0,0
dāštan,NOUN,nsubj,0,0,0,1,0,28,4,harwčē,PRON,nmod,0,2,1,1,0,0,0,0,1.0,True,False,Dk5-B-01_mptf.conllu,1,0,0
barsom,PROPN,nsubj,0,0,0,1,1,465,49,paristišn,NOUN,nmod,4,1,3,3,2,0,0,0,0.25,False,False,Dk5-B-01_mptf.conllu,1,0,0
paristišn,NOUN,nmod,0,1,0,1,1,49,1407,yazadān,NOUN,nmod,0,1,2,2,1,0,0,1,0.0,False,False,Dk5-B-01_mptf.conllu,1,0,0
nāmbarišnīh,NOUN,obl,0,0,0,1,1,2,85,hangirdīg,ADJ,amod,0,1,1,2,0,0,0,0,0.5,True,False,Dk5-B-01_mptf.conllu,0,1,0
tan,NOUN,nmod,0,0,0,1,1,2253,2375,xwēš,PRON,amod,0,2,2,3,0,0,0,0,0.0,False,False,Dk5-B-01_mptf.conllu,0,1,0
xwēšīh,NOUN,obl,0,1,0,1,1,282,1407,yazadān,NOUN,nmod,0,1,1,2,0,0,0,0,1.0,False,False,Dk5-B-01_mptf.conllu,1,0,0
wēšpāduxšāyīh,NOUN,nsubj,0,1,0,1,1,2,1407,yazadān,NOUN,nmod,0,1,2,3,0,0,0,0,0.5,False,False,Dk5-B-01_mptf.conllu,1,0,0
apāduxšāyīh,NOUN,conj,0,1,0,1,1,11,1338,dēwān,NOUN,nmod,0,1,1,1,0,0,0,0,0.0,False,False,Dk5-B-01_mptf.conllu,1,0,0
sūd,NOUN,dislocated:topic,0,1,0,1,1,327,1407,yazadān,NOUN,nmod,0,1,2,2,1,0,0,1,0.0,False,False,Dk5-B-01_mptf.conllu,2,0,0
sūd,NOUN,dislocated:topic,0,0,0,1,1,327,1125,yazišn,NOUN,nmod,2,1,2,2,1,0,0,0,0.0,False,True,Dk5-B-01_mptf.conllu,2,0,0
ōy,PRON,obl,0,0,0,0,1,18107,30,yaštār,NOUN,appos,0,1,2,2,1,0,0,1,0.75,False,True,Dk5-B-01_mptf.conllu,0,0,0
dēwīh,NOUN,root,0,1,0,1,1,26,1338,dēwān,NOUN,nmod,1,1,2,4,1,0,0,0,0.0,False,False,Dk5-B-01_mptf.conllu,1,0,0
madan,NOUN,root,0,0,0,1,1,68,4,margīhkirdār,NOUN,nmod,0,1,6,9,1,0,0,0,0.0,True,True,Dk5-B-01_mptf.conllu,1,0,0
stōwēnīdan,NOUN,conj,0,0,0,1,1,5,49,astwihād,PROPN,nmod,0,2,2,3,0,0,1,0,0.0,True,False,Dk5-B-01_mptf.conllu,2,0,0
stōwēnīdan,NOUN,conj,0,0,0,1,1,5,423,gyān,NOUN,nmod,0,1,2,3,1,0,0,1,0.0,True,False,Dk5-B-01_mptf.conllu,2,0,0
abāzkird,NOUN,conj,0,0,0,1,1,2,1301,gyāg,NOUN,nmod,1,1,3,2,4,0,0,1,0.0,True,False,Dk5-B-01_mptf.conllu,1,0,0
gyāg,NOUN,nmod,0,0,0,1,1,1299,18258,=š,PRON,nmod,0,2,2,4,0,0,0,0,0.0,False,False,Dk5-B-01_mptf.conllu,2,0,0
gyāg,NOUN,nmod,0,0,0,1,1,1299,156,zīndagīh,NOUN,nmod,1,1,2,4,1,0,0,1,0.0,False,False,Dk5-B-01_mptf.conllu,2,0,0
andarburdan,NOUN,conj,0,0,0,1,1,1,95,mehmānīh,NOUN,nmod,0,2,4,4,1,0,0,0,0.0,True,False,Dk5-B-01_mptf.conllu,3,0,0
andarburdan,NOUN,conj,0,1,0,1,1,1,192,brādarān,NOUN,nmod,1,1,4,4,3,0,0,1,0.0,True,False,Dk5-B-01_mptf.conllu,3,0,0
brādarān,NOUN,nmod,1,0,0,1,1,192,18258,=š,PRON,nmod,0,2,3,3,0,0,0,0,0.0,False,False,Dk5-B-01_mptf.conllu,1,0,0
brādarān,NOUN,nmod,1,1,0,1,1,192,1,gandēnīdārān,NOUN,appos,0,1,3,3,2,0,0,0,0.0,False,True,Dk5-B-01_mptf.conllu,1,0,0
dēwān,NOUN,conj:appos,1,1,0,1,1,1336,1,anabēdānkirdārān,ADJ,amod,0,2,1,2,0,0,0,0,0.0,False,True,Dk5-B-01_mptf.conllu,0,1,0
ānāftan,NOUN,conj,0,0,0,1,1,23,53,hambadīg,NOUN,nmod,4,1,5,3,4,0,0,1,0.0,True,False,Dk5-B-01_mptf.conllu,2,0,0
hambadīg,NOUN,nmod,0,1,1,1,1,50,4718,=šān,PRON,nmod,3,2,4,4,0,0,0,0,0.0,False,False,Dk5-B-01_mptf.conllu,2,1,0
hambadīg,NOUN,nmod,0,0,1,1,1,50,2375,xwēš,PRON,amod,0,2,4,4,1,0,0,0,0.0,False,False,Dk5-B-01_mptf.conllu,2,1,0
hambadīg,NOUN,nmod,0,0,1,1,1,50,20,hubōyīh,NOUN,nmod,1,1,4,4,5,0,0,0,0.0,False,False,Dk5-B-01_mptf.conllu,2,1,0
abārīg,PRON,conj:nmod,0,0,1,1,1,942,115,abāyišnīg,ADJ,amod,0,1,2,2,1,0,0,1,0.0,False,False,Dk5-B-01_mptf.conllu,0,1,0
wālīd,NOUN,nsubj,0,1,0,1,1,3,4718,=šān,PRON,nmod,1,1,2,3,1,0,0,1,0.5,True,False,Dk5-B-01_mptf.conllu,1,0,0
tan,NOUN,nmod,0,0,0,1,1,2253,2253,tan,NOUN,nmod,0,2,1,3,3,0,0,0,0.0,False,False,Dk5-B-01_mptf.conllu,1,0,0
wēmārīh,NOUN,obl,0,0,0,1,1,128,253,nasuš,PROPN,nmod,1,2,2,4,1,0,1,0,1.0,False,False,Dk5-B-01_mptf.conllu,1,0,0
mehmānīh,NOUN,nsubj,0,1,0,1,1,95,1338,dēwān,NOUN,nmod,0,2,1,1,0,0,0,0,1.0,False,False,Dk5-B-01_mptf.conllu,1,0,0
rēmanīh,NOUN,obl,0,1,0,1,1,154,411,bahrān,NOUN,nmod,0,1,6,2,2,0,0,1,0.3333333333333333,False,False,Dk5-B-01_mptf.conllu,1,0,0
zīndagīh,NOUN,obl,0,0,0,1,1,156,172,mādayān,NOUN,nmod,0,1,3,3,2,0,0,1,0.6666666666666666,False,False,Dk5-B-01_mptf.conllu,1,0,0
mādayān,NOUN,nmod,0,0,0,1,1,140,2253,tan,NOUN,nmod,0,1,2,2,1,0,0,1,0.0,False,False,Dk5-B-01_mptf.conllu,1,0,0
bahr,NOUN,advcl,0,0,0,1,1,410,43,murdag,ADJ,amod,0,2,4,2,0,0,0,0,0.0,False,True,Dk5-B-01_mptf.conllu,0,1,0
hambunīgīh,NOUN,obl,0,0,0,1,1,1,387,frazend,NOUN,nmod,0,2,2,3,2,1,0,1,0.4,False,False,Dk5-B-01_mptf.conllu,1,0,0
druzān,NOUN,obl,1,0,0,1,1,911,11,azabarnibišt,ADJ,amod,0,1,2,3,1,1,0,1,0.5,False,True,Dk5-B-01_mptf.conllu,0,1,0
druz,NOUN,nsubj,0,0,0,1,1,911,36,murnǰēnīdār,NOUN,appos,1,1,4,3,4,1,0,1,1.0,False,True,Dk5-B-01_mptf.conllu,0,0,0
murnǰēnīdār,NOUN,appos,0,0,0,1,1,25,3,huzahagīh,NOUN,nmod,0,2,3,4,0,0,0,0,0.0,True,False,Dk5-B-01_mptf.conllu,1,0,0
wizūdār,NOUN,conj:appos,0,0,0,1,1,10,145,zāyišn,NOUN,nmod,0,2,1,2,0,0,0,0,0.0,True,True,Dk5-B-01_mptf.conllu,1,0,0
pādīrāngar,NOUN,conj:appos,0,0,0,1,1,4,13,mādagān,NOUN,nmod,0,1,2,1,1,0,0,1,0.0,False,False,Dk5-B-01_mptf.conllu,1,0,0
saredag,NOUN,nmod,0,1,0,1,1,269,633,X,NOUN,nmod,0,2,1,1,0,0,0,0,0.0,True,False,Dk5-B-01_mptf.conllu,1,0,0
zan,NOUN,dislocated:topic,0,0,0,1,1,890,4,wistag,ADJ,amod,0,1,2,1,1,0,0,1,0.0,False,True,Dk5-B-01_mptf.conllu,0,1,0
čim,NOUN,nsubj,0,1,0,1,1,374,1505,tisān,NOUN,nmod,0,2,1,1,0,0,0,0,1.0,False,False,Dk5-B-01_mptf.conllu,1,0,0
abarwēzīh,NOUN,appos,0,0,0,1,1,25,2,zīndagčihrīh,NOUN,nmod,0,2,3,2,0,0,0,0,0.0,False,False,Dk5-B-01_mptf.conllu,2,0,0
abarwēzīh,NOUN,appos,0,0,0,1,1,25,915,druz,NOUN,nmod,1,1,3,2,3,0,0,1,0.0,False,False,Dk5-B-01_mptf.conllu,2,0,0
druz,NOUN,nmod,0,0,0,1,1,911,269,saredag,NOUN,nmod,1,1,2,3,2,1,0,1,0.0,False,True,Dk5-B-01_mptf.conllu,1,0,0
saredag,NOUN,nmod,0,1,0,1,1,269,633,X,NOUN,nmod,0,2,1,2,0,0,0,0,0.0,True,False,Dk5-B-01_mptf.conllu,1,0,0
dīd,NOUN,nmod,0,0,0,1,1,17,31,wēnišnīg,ADJ,amod,0,2,4,3,2,1,0,1,0.0,True,False,Dk5-B-01_mptf.conllu,0,1,0
druz,NOUN,nmod,0,0,0,1,0,911,1550,mēnōy,ADJ,amod,0,2,2,3,1,0,0,1,0.0,False,False,Dk5-B-01_mptf.conllu,0,1,0
tuwān,NOUN,nsubj,0,1,0,1,1,24,2,mēnōywēnišnān,NOUN,nmod,0,2,1,1,0,0,0,0,1.0,False,False,Dk5-B-01_mptf.conllu,1,0,0
pahrēxtan,NOUN,conj,0,0,0,1,1,35,18258,=iš,PRON,nmod,0,2,2,2,1,0,0,0,0.0,True,False,Dk5-B-01_mptf.conllu,1,0,0
xīr,NOUN,nmod,0,0,0,1,0,221,1550,mēnōy,ADJ,amod,0,2,1,1,0,0,0,0,0.0,False,False,Dk5-B-01_mptf.conllu,0,1,0
āgāhān,NOUN,nmod,1,0,0,1,1,10,222,xīr,NOUN,nmod,0,2,2,1,1,0,0,0,0.0,False,False,Dk5-B-01_mptf.conllu,1,0,0
dēn,NOUN,root,0,1,0,1,1,2149,202,āgāhān,NOUN,nmod,0,2,4,7,1,0,0,0,0.0,False,False,Dk5-B-01_mptf.conllu,1,0,0
bun,NOUN,obj,0,0,0,1,1,959,59,wirrōyišn,NOUN,nmod,0,1,1,1,0,0,0,0,0.2857142857142857,False,True,Dk5-B-01_mptf.conllu,1,0,0
X,NOUN,obl,0,0,0,1,1,305,42,wiš,NOUN,nmod,0,2,2,4,0,0,0,0,0.6666666666666666,False,False,Dk5-B-01_mptf.conllu,3,0,0
X,NOUN,obl,0,0,0,1,1,305,915,druz,NOUN,nmod,1,1,2,4,2,0,0,1,0.6666666666666666,False,False,Dk5-B-01_mptf.conllu,3,0,0
X,NOUN,obl,0,0,0,1,1,305,2253,tan,NOUN,nmod,4,1,2,4,2,0,0,0,0.6666666666666666,False,False,Dk5-B-01_mptf.conllu,3,0,0
rēzišn,NOUN,nsubj,0,0,0,1,1,26,37,gandagīh,NOUN,nmod,2,1,2,1,4,0,0,1,1.0,True,False,Dk5-B-01_mptf.conllu,1,0,0
gandagīh,NOUN,nmod,0,0,0,1,1,35,18258,=š,PRON,nmod,1,2,1,4,0,0,0,0,0.0,False,False,Dk5-B-01_mptf.conllu,1,1,0
gandagīh,NOUN,nmod,0,0,0,1,1,35,2375,xwēš,PRON,amod,0,2,1,4,0,0,0,0,0.0,False,False,Dk5-B-01_mptf.conllu,1,1,0
zōr,NOUN,nsubj,0,0,0,1,1,283,18258,=iš,PRON,nmod,0,2,2,2,0,0,0,0,0.5,False,False,Dk5-B-01_mptf.conllu,2,0,0
zōr,NOUN,nsubj,0,0,0,1,1,283,1,nasušdamišnīh,NOUN,nmod,0,1,2,2,1,0,0,1,0.5,False,True,Dk5-B-01_mptf.conllu,2,0,0
pākīh,NOUN,nsubj,0,0,0,1,1,77,18258,=š,PRON,nmod,1,2,1,2,0,0,0,0,0.3333333333333333,False,False,Dk5-B-01_mptf.conllu,1,0,0
abzārīhā,NOUN,nmod,1,0,0,0,1,315,81,nāmčištīg,ADJ,amod,0,2,2,4,1,1,0,1,0.0,True,False,Dk5-B-01_mptf.conllu,1,1,0
abzārīhā,NOUN,nmod,1,1,0,0,0,315,347,abzārīhā,NOUN,nmod,0,2,2,4,4,1,0,1,0.0,True,True,Dk5-B-01_mptf.conllu,1,1,0
yazišn,NOUN,obl,0,1,0,1,1,1119,1407,yazadān,NOUN,nmod,0,1,2,2,1,0,0,1,1.0,False,False,Dk5-B-01_mptf.conllu,1,0,0
ǰudgōnīh,NOUN,nsubj,0,0,0,1,1,1,237,daštān,NOUN,nmod,0,2,2,3,0,0,0,0,1.0,False,False,Dk5-B-01_mptf.conllu,2,0,0
ǰudgōnīh,NOUN,nsubj,0,0,0,1,1,1,155,xōn,NOUN,nmod,3,1,2,3,3,0,0,1,1.0,False,False,Dk5-B-01_mptf.conllu,2,0,0
wināhīdārīh,NOUN,conj,0,0,0,1,1,1,2253,tan,NOUN,nmod,3,2,3,1,4,0,0,0,0.0,False,False,Dk5-B-01_mptf.conllu,1,0,0
nazdīkīh,NOUN,nmod,0,0,0,1,1,60,2067,āb,NOUN,nmod,2,1,3,2,3,0,0,0,0.0,False,False,Dk5-B-01_mptf.conllu,1,0,0
kāhišnīh,NOUN,conj,0,0,0,1,1,2,61,nazdīkīh,NOUN,nmod,5,2,4,1,2,0,0,0,0.0,True,False,Dk5-B-01_mptf.conllu,1,0,0
amizag,NOUN,conj,0,1,0,1,0,1,485,xwarišnīhā,NOUN,nmod,0,2,2,3,0,0,0,0,0.0,True,False,Dk5-B-01_mptf.conllu,1,0,0
ōš,NOUN,obl,0,1,0,1,1,143,9,apākān,NOUN,nmod,4,1,2,4,1,0,0,1,0.6666666666666666,False,False,Dk5-B-01_mptf.conllu,1,0,0
zāyišn,NOUN,nsubj,0,1,0,1,1,145,1338,dēwān,NOUN,nmod,0,1,2,1,1,0,0,1,0.3333333333333333,True,False,Dk5-B-01_mptf.conllu,1,0,0
čiyōnīh,NOUN,obj,0,0,0,1,1,143,145,zāyišn,NOUN,nmod,2,1,2,1,2,0,0,1,0.5,False,True,Dk5-B-01_mptf.conllu,1,0,0
abzāyišn,NOUN,nsubj,0,0,0,1,1,43,172,mādayān,ADJ,amod,0,2,2,2,0,0,0,0,0.6666666666666666,True,False,Dk5-B-01_mptf.conllu,1,1,0
abzāyišn,NOUN,nsubj,0,0,0,1,1,43,1301,gyāg,NOUN,nmod,1,1,2,2,2,0,0,1,0.6666666666666666,True,False,Dk5-B-01_mptf.conllu,1,1,0
harrōbišn,NOUN,nsubj,0,1,0,1,1,1,1338,dēwān,NOUN,nmod,0,2,5,2,0,0,0,0,0.8333333333333334,True,False,Dk5-B-01_mptf.conllu,2,0,0
harrōbišn,NOUN,nsubj,0,0,0,1,1,1,547,ānōh,ADV,nmod,1,1,5,2,2,0,0,0,0.8333333333333334,True,False,Dk5-B-01_mptf.conllu,2,0,0
wanīgarīh,NOUN,dislocated:topic,0,0,0,1,1,17,92,šusr,NOUN,nmod,0,2,3,5,0,0,0,0,0.0,False,False,Dk5-B-01_mptf.conllu,1,0,0
tarmenišnīhā,NOUN,conj,0,1,0,0,1,2,1407,yazadān,NOUN,nmod,0,2,1,2,0,0,0,0,0.0,False,False,Dk5-B-01_mptf.conllu,1,0,0
drāyišnǰōyišnīh,NOUN,conj,0,0,0,1,1,1,9,xwāyišnīg,ADJ,amod,0,2,1,2,0,0,0,0,0.0,True,False,Dk5-B-01_mptf.conllu,0,1,0
zāyišnīh,NOUN,conj,0,0,0,1,1,9,915,druz,NOUN,nmod,2,2,2,5,1,0,0,1,0.0,True,False,Dk5-B-01_mptf.conllu,2,0,0
zāyišnīh,NOUN,conj,0,0,0,1,1,9,18258,=iš,PRON,nmod,0,2,2,5,1,0,0,0,0.0,True,False,Dk5-B-01_mptf.conllu,2,0,0
ēwēn,NOUN,nmod,0,0,0,1,1,96,232,dād,NOUN,nmod,0,2,1,1,0,0,0,0,0.0,False,False,Dk5-B-01_mptf.conllu,1,0,0
šnāyišn,NOUN,nsubj,0,0,0,1,1,97,107,ēwēn,NOUN,nmod,0,2,2,1,1,0,0,0,1.0,True,False,Dk5-B-01_mptf.conllu,1,0,0
pānagīh,NOUN,nsubj,0,1,0,1,1,159,1407,yazadān,NOUN,nmod,1,1,2,1,1,0,0,0,0.75,False,False,Dk5-B-01_mptf.conllu,1,0,0
zōr,NOUN,obl,0,1,0,1,1,283,1338,dēwān,NOUN,nmod,0,1,2,2,1,0,0,1,1.0,False,False,Dk5-B-01_mptf.conllu,1,0,0
ēwēnag,NOUN,obl,0,0,0,1,1,782,21,kunišnīh,NOUN,nmod,1,1,3,3,2,1,0,0,0.25,False,True,Dk5-B-01_mptf.conllu,1,0,0
kunišnīh,NOUN,nmod,0,1,0,1,1,20,2716,mardōmān,NOUN,nmod,0,1,2,2,1,0,0,1,0.0,True,False,Dk5-B-01_mptf.conllu,1,0,0
ān,PRON,obl,0,1,0,1,1,1928,4718,=šān,PRON,nmod,0,1,2,2,1,0,0,1,0.5,False,False,Dk5-B-01_mptf.conllu,1,0,0
warzišnīh,NOUN,obl,0,1,0,1,1,10,2716,mardōmān,NOUN,nmod,1,2,2,2,1,0,0,0,0.75,True,False,Dk5-B-01_mptf.conllu,1,0,0
kām,NOUN,nmod,0,1,0,1,1,335,1407,yazadān,NOUN,nmod,0,1,2,1,1,0,0,1,0.0,False,False,Dk5-B-01_mptf.conllu,1,0,0
warzīdārīh,NOUN,nsubj,0,0,0,1,1,19,335,kām,NOUN,nmod,1,2,3,1,1,0,0,0,0.6666666666666666,False,False,Dk5-B-01_mptf.conllu,1,0,0
ān,PRON,obl,0,1,0,1,1,1928,1338,dēwān,NOUN,nmod,0,1,2,2,1,0,0,1,1.0,False,False,Dk5-B-01_mptf.conllu,1,0,0
zan,NOUN,obj,0,0,0,1,1,890,4,wistag,ADJ,amod,0,1,1,1,0,0,0,0,0.5,False,True,Dk5-B-01_mptf.conllu,0,1,0
mard,NOUN,nsubj,0,0,0,1,1,2067,253,nasuš,PROPN,nmod,1,1,2,2,2,0,1,1,1.0,False,False,Dk5-B-01_mptf.conllu,1,0,0
rēmanīh,NOUN,nsubj,0,0,0,1,1,154,43,murdag,NOUN,nmod,0,1,1,1,0,0,0,0,0.5,False,True,Dk5-B-01_mptf.conllu,1,0,0
gēhān,NOUN,obl,0,1,0,1,1,1249,68,amaragān,ADJ,amod,0,2,1,1,0,0,0,0,1.0,False,False,Dk5-B-01_mptf.conllu,0,1,0
wirrōyišnīh,NOUN,obj,0,0,0,1,1,6,115,abāyišnīg,ADJ,amod,0,2,2,3,0,0,0,0,0.6666666666666666,True,False,Dk5-B-01_mptf.conllu,0,1,0
saxwan,NOUN,nsubj,0,1,0,1,1,306,30,tisān,NOUN,nmod,2,1,2,1,1,0,0,1,0.5,False,False,Dk5-B-01_mptf.conllu,1,0,0
čim,NOUN,obj,0,0,0,1,1,374,1505,tis,NOUN,nmod,0,1,4,1,2,0,0,1,1.0,False,False,Dk5-B-01_mptf.conllu,1,0,0
abzār,NOUN,dislocated:topic,0,0,0,1,1,315,1,frazendxwāyišnīh,NOUN,nmod,0,1,1,2,0,1,0,0,0.0,True,True,Dk5-B-01_mptf.conllu,1,0,0
astīh,NOUN,nsubj,0,0,0,1,1,111,18258,=iš,PRON,nmod,0,2,1,1,0,0,0,0,0.5,False,False,Dk5-B-01_mptf.conllu,1,0,0
yōǰdāsrēnīdan,NOUN,obl,0,0,0,1,1,2,1,wizendīg,ADJ,nmod,2,1,2,2,3,0,0,1,0.8333333333333334,True,False,Dk5-B-01_mptf.conllu,1,0,0
amāwandīh,NOUN,root,0,0,0,1,1,72,132,nar,NOUN,nmod,0,1,3,4,2,0,0,1,0.0,False,False,Dk5-B-01_mptf.conllu,1,0,0
nar,NOUN,nmod,0,0,0,1,0,55,2060,ahlaw,ADJ,amod,0,1,2,2,1,0,0,1,0.0,False,False,Dk5-B-01_mptf.conllu,0,1,0
siždīh,NOUN,conj,0,1,0,1,1,3,1338,dēwān,NOUN,nmod,0,1,2,4,1,0,0,1,0.0,False,False,Dk5-B-01_mptf.conllu,2,0,0
siždīh,NOUN,conj,0,0,0,1,1,3,18258,=iš,PRON,nmod,2,1,2,4,1,0,0,0,0.0,False,False,Dk5-B-01_mptf.conllu,2,0,0
petyārag,NOUN,nsubj:pass,0,0,0,1,1,323,269,saredag,NOUN,nmod,0,1,2,1,1,0,0,1,0.0,False,True,Dk5-B-01_mptf.conllu,1,0,0
narīh,NOUN,obl,0,1,0,1,1,16,915,druzān,NOUN,nmod,2,1,2,3,2,0,0,1,0.5,False,False,Dk5-B-01_mptf.conllu,1,0,0
kār,NOUN,obl,0,0,0,1,1,1414,2,mādīg,ADJ,amod,2,1,2,4,3,0,0,1,0.3333333333333333,True,False,Dk5-B-01_mptf.conllu,0,1,0
sahist,NOUN,csubj,0,0,0,1,1,3,11,azabarnibišt,ADJ,amod,1,1,2,3,2,0,0,1,0.0,True,False,Dk5-B-01_mptf.conllu,0,1,0
sūdārīh,NOUN,nmod,0,0,0,1,1,1,22,nērangīg,ADJ,amod,0,2,4,3,0,0,0,0,0.0,False,False,Dk5-B-01_mptf.conllu,0,1,0
bahr,NOUN,acl,0,0,0,1,1,410,1,sūdārīh,NOUN,nmod,7,2,5,6,3,0,0,0,0.0,False,False,Dk5-B-01_mptf.conllu,2,0,0
bahr,NOUN,acl,0,0,0,1,1,410,633,X,NOUN,nmod,0,1,5,6,1,0,0,1,0.0,False,False,Dk5-B-01_mptf.conllu,2,0,0
abaxšāyišn,NOUN,conj,0,0,0,1,1,7,834,gōspand,NOUN,nmod,1,1,2,1,2,0,0,1,0.0,True,False,Dk5-B-01_mptf.conllu,1,0,0
kambīmīh,NOUN,root,0,0,0,1,1,1,18258,=š,PRON,nmod,2,1,2,5,0,0,0,0,0.0,False,False,Dk5-B-01_mptf.conllu,2,0,0
kambīmīh,NOUN,root,0,0,0,1,1,1,2,frāzbarišnīh,NOUN,nmod,4,1,2,5,3,0,0,1,0.0,False,True,Dk5-B-01_mptf.conllu,2,0,0
frāzbarišnīh,NOUN,nmod,0,0,0,1,1,2,43,kārd,NOUN,nmod,0,1,1,3,0,0,0,0,0.0,True,False,Dk5-B-01_mptf.conllu,1,0,0
ōzad,NOUN,root,0,0,0,1,1,8,834,gōspand,NOUN,nmod,0,1,4,5,1,0,0,1,0.0,True,False,Dk5-B-01_mptf.conllu,1,0,0
ān,PRON,obl,0,0,0,1,1,1928,11,azabarnibišt,ADJ,amod,0,1,3,5,1,0,0,1,0.5,False,False,Dk5-B-01_mptf.conllu,0,1,0
amahraspandān,PROPN,obl,1,0,0,1,0,533,1135,gētī,NOUN,nmod,0,2,1,3,0,0,0,0,0.6666666666666666,False,False,Dk5-B-01_mptf.conllu,1,0,0
nihang,NOUN,nsubj,0,0,0,1,1,18,1249,gēhān,NOUN,nmod,3,1,2,2,3,0,0,1,0.8333333333333334,False,False,Dk5-B-01_mptf.conllu,1,0,1
ēwēnag,NOUN,nmod,0,0,0,1,1,782,11,azabarnibišt,ADJ,amod,0,1,1,2,0,1,0,0,0.0,False,False,Dk5-B-01_mptf.conllu,0,1,0
čim,NOUN,dislocated:topic,0,0,0,1,1,374,1,māwāyīh,NOUN,nmod,0,1,3,2,2,0,0,1,0.0,False,False,Dk5-B-01_mptf.conllu,1,0,0
māwāyīh,NOUN,nmod,0,0,0,1,1,1,59,myazd,NOUN,nmod,2,1,2,2,4,0,0,1,0.0,False,False,Dk5-B-01_mptf.conllu,1,0,0
stāyišn,NOUN,obj,0,1,0,1,1,160,1407,yazadān,NOUN,nmod,2,1,2,2,1,0,0,1,1.0,True,False,Dk5-B-01_mptf.conllu,1,0,0
yazišn,NOUN,obl,0,1,0,1,1,1119,1407,yazadān,NOUN,nmod,0,1,2,2,1,0,0,1,0.5,True,False,Dk5-B-01_mptf.conllu,1,0,0
dāštār,NOUN,obl,0,0,0,1,1,5,2,frazāyišn,NOUN,nmod,1,2,1,3,0,0,0,0,0.75,True,True,Dk5-B-01_mptf.conllu,2,0,0
dāštār,NOUN,obl,0,0,0,1,1,5,2253,tan,NOUN,nmod,0,2,1,3,0,0,0,0,0.75,True,False,Dk5-B-01_mptf.conllu,2,0,0
dārišn,NOUN,nsubj:pass,0,0,0,1,1,399,2253,tan,NOUN,nmod,0,1,1,1,0,0,0,0,0.0,True,False,Dk5-B-01_mptf.conllu,1,0,0
stāyišn,NOUN,nmod,0,0,0,1,1,160,78,pih,NOUN,nmod,0,2,2,2,1,0,0,1,0.0,True,False,Dk5-B-01_mptf.conllu,1,0,0
framānbandagīh,NOUN,obl,0,0,0,1,1,1,160,stāyišn,NOUN,nmod,0,2,3,3,2,0,0,0,0.2857142857142857,False,True,Dk5-B-01_mptf.conllu,2,0,0
framānbandagīh,NOUN,obl,0,1,0,1,1,1,1407,yazadān,NOUN,nmod,0,1,3,3,1,0,0,1,0.2857142857142857,False,False,Dk5-B-01_mptf.conllu,2,0,0
yazišn,NOUN,obl,0,1,0,1,1,1119,1407,yazadān,NOUN,nmod,2,1,2,3,1,0,0,1,1.0,True,False,Dk5-B-01_mptf.conllu,1,0,0
frazāyišn,NOUN,obl,0,0,0,1,1,2,8,padīrišnīh,NOUN,nmod,0,1,2,3,1,0,0,1,0.5,True,True,Dk5-B-01_mptf.conllu,1,0,0
wihān,NOUN,obl,0,0,0,1,1,110,4,xward,ADJ,amod,0,1,2,3,1,0,0,1,0.16666666666666666,False,True,Dk5-B-01_mptf.conllu,0,1,0
spāshangārišnīh,NOUN,nsubj:pass,0,0,0,1,1,1,23,gōwišnīg,ADJ,amod,1,2,2,1,1,0,0,0,0.0,True,False,Dk5-B-01_mptf.conllu,0,1,0
bowandagmālišnīh,NOUN,obl,0,0,0,1,1,1,1,xwašmadag,ADJ,amod,0,2,2,4,0,0,0,0,0.3333333333333333,True,True,Dk5-B-01_mptf.conllu,1,1,0
bowandagmālišnīh,NOUN,obl,0,1,0,1,1,1,485,xwarišnān,NOUN,nmod,0,1,2,4,1,0,0,1,0.3333333333333333,True,True,Dk5-B-01_mptf.conllu,1,1,0
rāyēnīdārīh,NOUN,conj,0,0,0,1,1,74,59,myazd,NOUN,nmod,0,1,2,3,1,0,0,1,0.0,False,False,Dk5-B-01_mptf.conllu,1,0,0
ruwān,NOUN,nsubj,0,1,0,1,1,1224,2060,ahlawān,NOUN,nmod,0,2,1,1,0,0,0,0,1.0,False,False,Dk5-B-01_mptf.conllu,1,0,0
burdārīh,NOUN,orphan,0,1,0,1,1,6,610,=mān,PRON,nmod,1,2,1,2,0,0,0,0,0.0,False,False,Dk5-B-01_mptf.conllu,1,0,0
bahr,NOUN,nsubj:pass,0,1,0,1,1,410,1338,dēwān,NOUN,nmod,1,1,2,2,1,0,0,0,0.0,False,False,Dk5-B-01_mptf.conllu,1,0,0
ruwān,NOUN,nsubj,0,1,0,1,1,1224,2060,ahlawān,NOUN,nmod,0,2,1,1,0,0,0,0,1.0,False,False,Dk5-B-01_mptf.conllu,1,0,0
pursīdārān,NOUN,obl,1,1,0,1,1,5,4,amaragān,ADJ,amod,0,2,1,2,0,0,0,0,0.3333333333333333,True,False,Dk5-B-01_mptf.conllu,0,1,0
nišānag,NOUN,nsubj:outer,0,0,0,1,1,19,558,passox,NOUN,nmod,1,1,2,1,2,0,0,1,0.0,False,False,Dk5-B-01_mptf.conllu,1,0,0
hangām,NOUN,nsubj,0,0,0,1,1,224,28,frawardīgān,PROPN,nmod,0,2,1,1,0,0,1,0,0.6666666666666666,False,False,Dk5-B-01_mptf.conllu,1,0,0
spurrīgīh,NOUN,root,0,0,0,1,1,9,909,sāl,NOUN,nmod,1,1,5,11,1,0,0,1,0.0,False,False,Dk5-B-01_mptf.conllu,2,0,0
spurrīgīh,NOUN,root,0,0,0,1,1,9,14,hambārišn,NOUN,nmod,4,1,5,11,5,0,0,0,0.0,False,True,Dk5-B-01_mptf.conllu,2,0,0
hambārišn,NOUN,nmod,0,1,0,1,1,14,986,rōzān,NOUN,nmod,0,2,4,5,0,0,0,0,0.0,True,False,Dk5-B-01_mptf.conllu,1,0,0
paristišn,NOUN,conj:nmod,0,1,0,1,1,49,1,kirdagān,NOUN,nmod,0,2,2,2,0,0,0,0,0.0,False,False,Dk5-B-01_mptf.conllu,2,0,0
paristišn,NOUN,conj:nmod,0,0,0,1,1,49,1407,yazad,NOUN,nmod,0,1,2,2,1,0,0,1,0.0,False,False,Dk5-B-01_mptf.conllu,2,0,0
stāyišn,NOUN,conj:nmod,0,1,0,1,1,160,640,dahišnān,NOUN,nmod,2,1,3,1,4,0,0,1,0.0,True,True,Dk5-B-01_mptf.conllu,1,0,0
dahišnān,NOUN,nmod,1,0,0,1,1,636,18258,=š,PRON,nmod,1,2,2,4,0,0,0,0,0.0,True,False,Dk5-B-01_mptf.conllu,1,1,0
dahišnān,NOUN,nmod,1,0,0,1,1,636,1864,weh,ADJ,amod,0,2,2,4,0,0,0,0,0.0,True,False,Dk5-B-01_mptf.conllu,1,1,0
ruwān,NOUN,nsubj,0,1,0,1,1,1224,2060,ahlawān,NOUN,nmod,0,2,3,2,0,0,0,0,0.75,False,False,Dk5-B-01_mptf.conllu,1,0,0
abārīg,PRON,conj,0,0,1,1,0,942,2,wehmēnōy,ADJ,amod,1,1,2,3,1,0,0,1,0.0,False,False,Dk5-B-01_mptf.conllu,0,1,0
padīrišn,NOUN,obl,0,0,0,1,1,34,633,X,NOUN,nmod,1,1,2,2,2,0,0,1,1.0,False,False,Dk5-B-01_mptf.conllu,1,0,0
hixr,NOUN,conj,0,0,0,1,1,187,43,murdag,ADJ,amod,2,2,2,4,1,0,0,1,0.0,False,True,Dk5-B-01_mptf.conllu,1,1,0
hixr,NOUN,conj,0,0,0,1,1,187,2253,tan,NOUN,nmod,0,2,2,4,2,0,0,1,0.0,False,False,Dk5-B-01_mptf.conllu,1,1,0
āb,NOUN,obl,0,0,0,1,1,2066,8,nāzuktom,ADJ,amod,0,1,4,5,1,0,0,1,0.6666666666666666,False,False,Dk5-B-01_mptf.conllu,0,1,0
āb,NOUN,obl,0,0,0,1,1,2066,662,pahlom,ADJ,amod,0,1,3,2,2,0,0,1,1.0,False,False,Dk5-B-01_mptf.conllu,0,1,0
pahrēzīh,NOUN,root,0,0,0,1,1,5,155,rēmanīh,NOUN,nmod,5,1,2,5,4,0,0,1,0.0,False,False,Dk5-B-01_mptf.conllu,1,0,0
rēmanīh,NOUN,nmod,0,0,0,1,1,154,253,nasuš,PROPN,nmod,0,1,1,4,0,1,1,0,0.0,False,False,Dk5-B-01_mptf.conllu,1,0,0
yōǰdahrīh,NOUN,nmod,0,0,0,1,1,85,1,druyistpāyišnīh,NOUN,nmod,1,1,3,4,2,0,0,1,0.0,False,True,Dk5-B-01_mptf.conllu,1,0,0
druyistpāyišnīh,NOUN,nmod,0,0,0,1,1,1,153,gōhr,NOUN,nmod,1,1,2,2,1,0,0,0,0.0,True,False,Dk5-B-01_mptf.conllu,1,0,0
gōhr,NOUN,nmod,0,0,0,1,1,153,2375,xwēš,DET,amod,0,2,1,1,0,0,0,0,0.0,False,False,Dk5-B-01_mptf.conllu,0,1,0
xwēškārīh,NOUN,nsubj,0,0,0,1,1,309,85,yōǰdahrīh,NOUN,nmod,4,2,4,1,4,0,0,0,1.0,False,False,Dk5-B-01_mptf.conllu,1,0,0
čim,NOUN,nsubj:outer,0,0,0,1,1,374,22,nērangīg,ADJ,amod,0,2,1,1,0,0,0,0,0.0,False,False,Dk5-B-01_mptf.conllu,0,1,0
druzān,NOUN,nsubj,1,1,0,1,1,911,5,agārēnīdārān,ADJ,amod,1,1,2,3,2,1,0,1,0.25,False,True,Dk5-B-01_mptf.conllu,0,1,0
xwad,PRON,appos,0,0,0,1,1,737,770,xwad,PRON,appos,0,2,1,1,1,0,0,0,0.0,False,False,Dk5-B-01_mptf.conllu,0,0,0
waštan,NOUN,obl,0,0,0,1,1,5,14,nasāyīh,NOUN,nmod,1,1,5,4,2,0,0,1,1.0,True,False,Dk5-B-01_mptf.conllu,1,0,0
abāzmadan,NOUN,conj,0,0,0,1,1,2,1416,kār,NOUN,nmod,2,1,4,1,3,0,0,1,0.0,True,True,Dk5-B-01_mptf.conllu,1,0,0
sūd,NOUN,conj:nmod,0,0,0,1,1,327,1249,gēhān,NOUN,nmod,0,1,2,2,1,0,0,1,0.0,False,False,Dk5-B-01_mptf.conllu,1,0,0
ātaxš,NOUN,obl,0,0,0,1,1,1442,474,pāk,ADJ,amod,5,1,2,5,1,0,0,1,0.5,False,False,Dk5-B-01_mptf.conllu,0,1,0
zāhagīh,NOUN,obl,0,0,0,1,1,1,186,nōg,ADJ,amod,0,2,1,3,0,0,0,0,0.6666666666666666,False,False,Dk5-B-01_mptf.conllu,1,1,0
zāhagīh,NOUN,obl,0,1,0,1,1,1,102,zahagān,NOUN,nmod,0,1,1,3,0,0,0,0,0.6666666666666666,False,False,Dk5-B-01_mptf.conllu,1,1,0
mehsūdīh,NOUN,conj:nmod,0,1,0,1,1,20,1175,dāmān,NOUN,nmod,0,1,2,2,1,0,0,1,0.0,False,False,Dk5-B-01_mptf.conllu,1,0,0
sōzišn,NOUN,nsubj,0,0,0,1,1,19,2253,tan,NOUN,nmod,1,1,4,1,3,0,0,1,1.0,True,False,Dk5-B-01_mptf.conllu,1,0,0
tan,NOUN,nmod,0,1,0,1,1,2253,564,sagān,NOUN,nmod,0,1,3,3,2,0,0,1,0.0,False,False,Dk5-B-01_mptf.conllu,1,0,0
xwēškārīh,NOUN,obl,0,1,0,1,1,309,4718,awēšān,PRON,nmod,0,1,2,2,1,0,0,1,0.5,False,False,Dk5-B-01_mptf.conllu,1,0,0
mehmānīh,NOUN,obl,0,1,0,1,1,95,4718,=šān,PRON,nmod,0,1,2,2,1,0,0,1,0.2,False,False,Dk5-B-01_mptf.conllu,1,0,0
wirāyišn,NOUN,nsubj,0,0,0,1,1,53,2253,tan,NOUN,nmod,3,2,3,1,2,0,0,0,0.5,True,False,Dk5-B-01_mptf.conllu,1,0,0
brā,NOUN,obl,0,0,0,0,1,66,396,wehīh,NOUN,nmod,0,1,3,6,1,0,0,1,0.5,False,False,Dk5-B-01_mptf.conllu,1,0,0
xwēškārīh,NOUN,conj,0,0,0,1,1,309,554,xwarrah,NOUN,nmod,0,2,1,2,0,0,0,0,0.0,False,False,Dk5-B-01_mptf.conllu,1,0,0
huxradīh,NOUN,conj,0,0,0,1,1,7,144,sūdōmand,ADJ,amod,0,1,2,2,1,0,0,1,0.0,False,False,Dk5-B-01_mptf.conllu,0,1,0
dānišn,NOUN,conj,0,0,0,1,1,274,249,frārōn,ADJ,amod,0,1,2,2,1,0,0,1,0.0,True,False,Dk5-B-01_mptf.conllu,0,1,0
xwāstag,NOUN,conj,0,0,0,1,1,1099,17,frayādišnīg,ADJ,amod,1,1,2,1,2,0,0,1,0.0,True,False,Dk5-B-01_mptf.conllu,0,1,0
nēkīh,NOUN,conj,0,0,0,1,1,529,662,pahlom,ADJ,amod,0,1,2,4,1,0,0,1,0.0,False,False,Dk5-B-01_mptf.conllu,0,1,0
paristagān,NOUN,obl,1,1,0,1,1,16,1407,yazadān,NOUN,nmod,0,2,1,2,0,0,0,0,1.0,True,False,Dk5-B-01_mptf.conllu,1,0,0
payrāyīg,NOUN,conj,0,0,1,1,1,1,63,niyābag,ADJ,amod,1,1,2,3,2,0,0,1,0.0,False,False,Dk5-B-01_mptf.conllu,0,1,0
gund,NOUN,nsubj,0,1,0,1,1,47,16,pērōzān,NOUN,nmod,0,1,2,1,1,0,0,1,0.6666666666666666,False,False,Dk5-B-01_mptf.conllu,1,0,0
abāzmadan,NOUN,obl,0,1,0,1,1,2,36,šahryārān,NOUN,nmod,2,1,3,2,2,0,0,1,1.0,True,True,Dk5-B-01_mptf.conllu,1,0,0
paristān,NOUN,nsubj,1,1,0,1,1,1,1407,yazadān,NOUN,nmod,0,2,1,1,0,0,0,0,0.6,False,False,Dk5-B-01_mptf.conllu,1,0,0
waštgōnīh,NOUN,obl,0,0,0,1,1,1,173,kam,ADJ,amod,0,2,4,7,0,0,0,0,0.8,False,False,Dk5-B-01_mptf.conllu,1,1,0
waštgōnīh,NOUN,obl,0,0,0,1,1,1,1,axwāyīh,NOUN,nmod,1,1,4,7,1,0,0,0,0.8,False,False,Dk5-B-01_mptf.conllu,1,1,0
nizārīh,NOUN,conj,0,0,0,1,1,27,1,wēšranǰīh,NOUN,nmod,1,1,2,2,2,0,0,1,0.0,False,False,Dk5-B-01_mptf.conllu,1,0,0
sam,NOUN,conj,0,0,0,1,1,17,1,wēšškōhīh,NOUN,nmod,1,1,3,2,3,0,0,1,0.0,False,False,Dk5-B-01_mptf.conllu,1,0,0
ēmēd,NOUN,obl,0,0,0,1,1,68,8,abēniyāzīh,NOUN,nmod,0,2,2,2,1,0,0,0,1.0,False,False,Dk5-B-01_mptf.conllu,1,0,0
marg,NOUN,conj,0,0,0,1,1,66,2,kārēzārīg,ADJ,amod,0,1,2,2,1,0,0,1,0.0,False,False,Dk5-B-01_mptf.conllu,0,1,0
ranǰag,NOUN,obj,0,0,0,1,1,1,27,zamānīg,ADJ,amod,1,2,2,3,0,0,0,0,0.2,False,False,Dk5-B-01_mptf.conllu,0,1,0
tuxšāgīh,NOUN,obl,0,0,0,1,1,106,249,frārōn,ADJ,amod,0,2,1,2,0,0,0,0,0.8,False,False,Dk5-B-01_mptf.conllu,0,1,0
abāyišnīgīh,NOUN,nmod,0,0,0,1,1,26,9,hudānāgīh,NOUN,nmod,1,1,6,1,6,0,0,1,0.0,False,False,Dk5-B-01_mptf.conllu,1,0,0
hudānāgīh,NOUN,nmod,0,0,0,1,1,1,2158,dēn,NOUN,nmod,0,2,5,6,0,0,0,0,0.0,False,False,Dk5-B-01_mptf.conllu,1,0,0
wizīdārdēnīh,NOUN,conj:nmod,0,0,0,1,1,1,654,xrad,NOUN,nmod,1,1,2,1,1,0,0,0,0.0,False,False,Dk5-B-01_mptf.conllu,1,0,0
dastwarīh,NOUN,conj:nmod,0,0,0,1,0,139,1550,mēnōy,ADJ,amod,0,2,1,1,0,0,0,0,0.0,False,False,Dk5-B-01_mptf.conllu,0,1,0
xwāyišnīh,NOUN,conj:nmod,0,0,0,1,1,10,275,dānišn,NOUN,nmod,0,1,4,2,2,0,0,1,0.0,True,True,Dk5-B-01_mptf.conllu,1,0,0
wirrōyišn,NOUN,conj:nmod,0,0,0,1,1,59,2158,dēn,NOUN,nmod,1,1,2,1,1,0,0,0,0.0,True,False,Dk5-B-01_mptf.conllu,1,0,0
frāzdīd,NOUN,obl,0,0,0,1,1,1,36,bōxt,NOUN,nmod,1,1,2,3,2,0,0,1,0.5,True,True,Dk5-B-01_mptf.conllu,1,0,0
čāh,NOUN,obl,0,1,0,1,1,45,1,druwandān,NOUN,nmod,0,1,2,2,1,0,0,1,1.0,False,False,Dk5-B-01_mptf.conllu,1,0,0
kas,PRON,nsubj,0,0,0,1,1,1086,1,frārōnwirrōyišnīg,ADJ,amod,0,2,1,1,0,0,0,0,1.0,False,False,Dk5-B-01_mptf.conllu,0,1,0
X,NOUN,nmod,0,0,0,1,1,305,45,čāh,NOUN,nmod,1,1,2,1,2,0,0,1,0.0,False,False,Dk5-B-01_mptf.conllu,1,0,0
bōxtār,NOUN,root,0,0,0,1,1,5,633,X,NOUN,nmod,2,2,3,4,1,0,0,0,0.0,True,False,Dk5-B-01_mptf.conllu,1,0,0
hamēstār,NOUN,nsubj,0,1,0,1,1,106,51,frēftārān,NOUN,appos,1,1,5,1,2,0,0,0,0.4,True,True,Dk5-B-01_mptf.conllu,0,0,0
dānāgīh,NOUN,obj,0,0,0,1,1,253,48,guharīg,ADJ,amod,0,2,2,2,0,0,0,0,0.6,False,False,Dk5-B-01_mptf.conllu,0,1,0
dānišnīh,NOUN,conj,0,0,0,1,1,2,1,zūrmānāg,ADJ,amod,0,2,1,1,0,0,0,0,0.0,True,False,Dk5-B-01_mptf.conllu,0,1,0
rāh,NOUN,nmod,0,0,0,1,1,587,528,nām,NOUN,nmod,0,2,1,1,0,0,0,0,0.0,False,False,Dk5-B-01_mptf.conllu,1,0,0
kamwizōstārān,NOUN,obl,1,1,0,1,1,1,222,xīrān,NOUN,nmod,1,1,2,2,2,0,0,1,1.0,True,False,Dk5-B-01_mptf.conllu,1,0,0
xīrān,NOUN,nmod,1,1,0,1,1,221,2,awizīdārān,NOUN,nmod,0,2,1,2,0,0,0,0,0.0,False,True,Dk5-B-01_mptf.conllu,1,0,0
anāgīh,NOUN,obl,0,0,0,1,1,365,15,ǰāwēdānīg,ADJ,amod,0,2,2,3,1,1,0,1,1.0,False,False,Dk5-B-01_mptf.conllu,0,1,0
dēn,NOUN,nmod,0,0,0,1,1,2149,595,mazdēsn,ADJ,amod,0,1,1,1,0,0,0,0,0.0,False,False,Dk5-B-01_mptf.conllu,0,1,0
šnāyišn,NOUN,root,0,0,0,1,1,1,3242,ohrmazd,PROPN,nmod,1,1,3,4,1,0,1,0,0.0,True,False,Dk7-B-01_mptf.conllu,2,0,0
ohrmazd,PROPN,nmod,0,0,0,1,1,3237,1006,dādār,NOUN,nmod,0,2,1,1,0,0,0,0,0.0,False,True,Dk7-B-01_mptf.conllu,1,0,0
spurrāfrīgānīh,NOUN,obl,0,0,0,1,1,1,2158,dēn,NOUN,nmod,1,1,2,3,2,0,0,0,1.0,False,False,Dk7-B-01_mptf.conllu,1,0,0
dēn,NOUN,nmod,0,0,0,1,1,2149,1,wispāgāhīhpēsīd,ADJ,amod,0,2,1,2,0,0,0,0,0.0,False,False,Dk7-B-01_mptf.conllu,1,1,0
dēn,NOUN,nmod,0,0,0,1,1,2149,595,mazdēsn,ADJ,nmod,0,1,1,2,0,0,0,0,0.0,False,False,Dk7-B-01_mptf.conllu,1,1,0
abdīh,NOUN,root,0,0,0,1,1,108,23,aštag,NOUN,nmod,3,1,3,6,4,0,0,1,0.0,False,True,Dk7-B-01_mptf.conllu,2,0,0
dēn,NOUN,nmod,0,0,0,1,1,2149,595,mazdēsn,ADJ,amod,0,1,1,1,0,0,0,0,0.0,False,False,Dk7-B-01_mptf.conllu,0,1,0
aštag,NOUN,nmod,0,0,0,1,1,22,2158,dēn,NOUN,nmod,2,2,2,4,1,0,0,0,0.0,True,False,Dk7-B-01_mptf.conllu,1,1,0
aštag,NOUN,nmod,0,0,0,1,1,22,147,mahist,ADJ,amod,0,2,2,4,0,0,0,0,0.0,True,False,Dk7-B-01_mptf.conllu,1,1,0
aštag,NOUN,nmod,0,0,0,1,1,22,1747,zarduxšt,PROPN,appos,1,1,2,4,1,0,1,0,0.0,True,False,Dk7-B-01_mptf.conllu,1,1,0
zarduxšt,PROPN,appos,0,0,0,1,1,1746,359,spitāmān,PROPN,nmod,0,2,1,1,0,0,1,0,0.0,False,False,Dk7-B-01_mptf.conllu,1,0,0
aštagīh,NOUN,acl:relcl,0,0,0,1,1,14,3242,ohrmazd,PROPN,nmod,0,2,2,9,0,0,1,0,0.0,False,False,Dk7-B-01_mptf.conllu,3,0,0
aštagīh,NOUN,acl:relcl,0,0,0,1,1,14,890,gōwišn,NOUN,nmod,4,1,2,9,2,0,0,0,0.0,False,True,Dk7-B-01_mptf.conllu,3,0,0
dēn,NOUN,conj,0,0,0,1,1,2149,18258,=š,PRON,nmod,0,2,1,2,0,0,0,0,0.0,False,False,Dk7-B-01_mptf.conllu,1,0,0
gōwišn,NOUN,nmod,0,0,0,1,1,888,3242,ohrmazd,PROPN,nmod,0,1,1,2,0,0,1,0,0.0,True,False,Dk7-B-01_mptf.conllu,1,0,0
kišwarīgān,NOUN,nmod,1,0,0,1,1,5,5,wištāspšāh,NOUN,nmod,0,2,1,2,0,0,0,0,0.0,False,False,Dk7-B-01_mptf.conllu,1,0,0
nigēz,NOUN,nmod,0,0,0,1,1,443,735,wehdēn,NOUN,nmod,0,1,2,2,1,0,0,1,0.0,False,False,Dk7-B-01_mptf.conllu,1,0,0
čihr,NOUN,nsubj,0,0,0,1,1,173,735,wehdēn,NOUN,nmod,0,2,4,4,0,0,0,0,0.16666666666666666,False,False,Dk7-B-01_mptf.conllu,1,0,0
padīruftār,NOUN,conj,0,0,0,1,1,1,18258,=š,PRON,nmod,0,2,3,4,0,0,0,0,0.0,True,False,Dk7-B-01_mptf.conllu,2,1,0
padīruftār,NOUN,conj,0,0,0,1,1,1,692,fradom,ADV,amod,0,1,3,4,1,0,0,1,0.0,True,False,Dk7-B-01_mptf.conllu,2,1,0
padīruftār,NOUN,conj,0,0,0,1,0,1,1550,mēnōy,NOUN,nmod,2,1,3,4,2,0,0,0,0.0,True,False,Dk7-B-01_mptf.conllu,2,1,0
zarduxšt,PROPN,nmod,0,0,0,1,1,1746,19,yaštfrawahr,NOUN,amod,0,2,1,2,0,0,0,0,0.0,False,False,Dk7-B-01_mptf.conllu,0,1,0
nihang,NOUN,conj,0,0,0,1,1,18,890,gōwišn,NOUN,nmod,2,1,3,4,3,0,0,0,0.0,False,True,Dk7-B-01_mptf.conllu,1,0,1
gōwišn,NOUN,nmod,0,1,0,1,1,888,4718,=šān,PRON,nmod,3,2,2,3,0,0,0,0,0.0,True,False,Dk7-B-01_mptf.conllu,1,0,1
dēn,NOUN,nmod,0,0,0,1,1,2149,595,mazdēsn,ADJ,amod,0,1,1,1,0,0,0,0,0.0,False,False,Dk7-B-01_mptf.conllu,0,1,0
nigēz,NOUN,root,0,0,0,1,1,443,2158,dēn,NOUN,nmod,1,2,2,3,1,0,0,0,0.0,False,False,Dk7-B-01_mptf.conllu,1,0,0
čihr,NOUN,nsubj,0,0,0,1,1,173,735,wehdēn,NOUN,nmod,0,2,1,1,0,0,0,0,1.0,False,False,Dk7-B-01_mptf.conllu,1,0,0
xēm,NOUN,csubj,0,0,0,1,1,243,3242,ohrmazd,PROPN,nmod,0,2,2,4,0,0,1,0,0.0,False,False,Dk7-B-01_mptf.conllu,1,0,0
dahišn,NOUN,nsubj,0,0,0,1,1,636,18258,=š,PRON,nmod,0,2,1,1,0,0,0,0,1.0,True,False,Dk7-B-01_mptf.conllu,1,0,0
hamniyāftīh,NOUN,root,0,0,0,1,1,305,1175,dām,NOUN,nmod,1,1,3,5,2,0,0,0,0.0,False,False,Dk7-B-01_mptf.conllu,1,0,0
dām,NOUN,nmod,0,0,0,1,1,1172,692,fradom,ADV,amod,0,2,2,2,1,0,0,1,0.0,False,False,Dk7-B-01_mptf.conllu,1,1,0
dām,NOUN,nmod,0,0,0,1,1,1172,599,wahman,PROPN,nmod,0,1,2,2,1,0,1,0,0.0,False,False,Dk7-B-01_mptf.conllu,1,1,0
wahman,PROPN,nmod,0,0,0,1,1,598,534,amahraspand,PROPN,nmod,0,1,1,1,0,0,1,0,0.0,False,False,Dk7-B-01_mptf.conllu,1,0,0
rawāgīh,NOUN,nsubj,0,0,0,1,0,137,79,mēnōyīhā,ADV,nmod,1,1,5,2,2,0,0,0,1.0,False,False,Dk7-B-01_mptf.conllu,2,0,0
rawāgīh,NOUN,nsubj,0,1,0,1,1,137,534,amahraspandān,NOUN,nmod,3,1,5,2,3,0,0,0,1.0,False,False,Dk7-B-01_mptf.conllu,2,0,0
yazadān,NOUN,conj:nmod,1,1,0,1,1,1403,1550,mēnōyān,NOUN,amod,0,2,1,1,0,0,0,0,0.0,False,False,Dk7-B-01_mptf.conllu,0,1,0
gayōmard,PROPN,nmod,0,0,0,1,1,245,2069,mard,NOUN,appos,1,1,2,2,2,0,0,1,0.0,False,False,Dk7-B-01_mptf.conllu,0,0,0
mard,NOUN,appos,0,0,0,1,1,2067,692,fradom,ADV,amod,0,2,1,2,0,0,0,0,0.0,False,False,Dk7-B-01_mptf.conllu,0,1,0
padīriftārīh,NOUN,root,0,0,0,1,1,22,85,hangirdīg,ADJ,amod,1,2,6,7,0,0,0,0,0.0,False,False,Dk7-B-01_mptf.conllu,1,2,0
padīriftārīh,NOUN,root,0,0,0,1,1,22,249,bowandag,ADJ,amod,0,2,6,7,0,0,0,0,0.0,False,True,Dk7-B-01_mptf.conllu,1,2,0
padīriftārīh,NOUN,root,0,0,0,1,1,22,3242,ohrmazd,PROPN,nmod,2,1,6,7,3,0,1,1,0.0,False,False,Dk7-B-01_mptf.conllu,1,2,0
ohrmazd,PROPN,nmod,0,0,0,1,1,3237,1006,dādār,NOUN,nmod,0,2,1,3,0,0,0,0,0.0,False,True,Dk7-B-01_mptf.conllu,1,0,0
wizārdārīh,NOUN,nsubj,0,0,0,1,1,2,179,zamānag,NOUN,nmod,2,1,4,2,3,0,0,1,1.0,False,False,Dk7-B-01_mptf.conllu,1,0,0
wānīdārīh,NOUN,conj,0,0,0,1,1,35,18258,=iš,PRON,nmod,0,2,3,3,1,0,0,0,0.0,False,False,Dk7-B-01_mptf.conllu,2,0,0
wānīdārīh,NOUN,conj,0,0,0,1,1,35,915,druz,NOUN,nmod,0,1,3,3,3,0,0,1,0.0,False,False,Dk7-B-01_mptf.conllu,2,0,0
druz,NOUN,nmod,0,0,0,1,1,911,179,zamānag,NOUN,nmod,1,1,2,3,2,0,0,1,0.0,False,False,Dk7-B-01_mptf.conllu,1,0,0
hammōg,NOUN,obl,0,0,0,1,1,57,1006,dādār,NOUN,nmod,0,2,1,2,0,0,0,0,0.5,False,True,Dk7-B-01_mptf.conllu,1,0,0
dēn,NOUN,nmod,0,0,0,1,1,2149,3242,ohrmazd,PROPN,nmod,0,2,2,2,1,1,1,1,0.0,False,False,Dk7-B-01_mptf.conllu,1,0,0
gōwišn,NOUN,obl,0,0,0,1,1,888,2158,dēn,NOUN,nmod,0,2,3,2,2,0,0,0,0.75,True,False,Dk7-B-01_mptf.conllu,1,0,0
paydāgīh,NOUN,obl,0,0,0,1,1,358,735,wehdēn,NOUN,nmod,0,2,1,2,0,0,0,0,0.5,False,False,Dk7-B-01_mptf.conllu,1,0,0
dahišnīh,NOUN,nsubj,0,0,0,1,1,32,85,spās,NOUN,nmod,0,1,4,1,2,0,0,1,1.0,True,False,Dk7-B-01_mptf.conllu,1,0,0
spās,NOUN,nmod,0,0,0,1,1,83,4,bawēnīdār,NOUN,nmod,1,1,3,2,4,0,0,1,0.0,False,True,Dk7-B-01_mptf.conllu,1,0,0
bawēnīdār,NOUN,nmod,0,0,0,1,0,1,18258,ōy,PRON,nmod,0,2,2,4,1,0,0,1,0.0,True,False,Dk7-B-01_mptf.conllu,1,0,0
bawēnīdār,NOUN,nmod,0,0,0,1,0,1,126,spennāgmēnōy,NOUN,appos,2,1,2,4,0,0,0,0,0.0,True,False,Dk7-B-01_mptf.conllu,1,0,0
dahišn,NOUN,conj,0,0,0,1,1,636,3242,ohrmazd,PROPN,nmod,0,2,1,3,0,0,1,0,0.0,True,False,Dk7-B-01_mptf.conllu,1,0,0
bōxtagīh,NOUN,nmod,0,0,0,1,1,29,99,čār,NOUN,nmod,0,1,3,2,2,0,0,1,0.0,False,True,Dk7-B-01_mptf.conllu,1,0,0
čār,NOUN,nmod,0,0,0,1,1,98,2716,mardōm,NOUN,nmod,0,1,2,2,1,0,0,1,0.0,True,False,Dk7-B-01_mptf.conllu,1,0,0
kunišn,NOUN,nmod,0,0,0,1,1,980,423,gaiiąn,NOUN,nmod,0,2,1,1,0,0,0,0,0.0,True,False,Dk7-B-01_mptf.conllu,1,0,0
axwān,NOUN,dislocated:topic,0,0,0,1,1,320,2716,mardōm,NOUN,nmod,0,1,2,1,1,0,0,1,0.0,False,False,Dk7-B-01_mptf.conllu,1,0,0
mardōmān,NOUN,obl,1,0,0,1,1,2713,179,paywand,NOUN,nmod,1,1,3,1,2,0,0,0,0.3333333333333333,False,False,Dk7-B-01_mptf.conllu,1,0,0
paywand,NOUN,nmod,0,0,0,1,1,179,245,gayōmard,PROPN,nmod,0,1,2,2,1,0,1,1,0.0,False,False,Dk7-B-01_mptf.conllu,1,0,0
ēn,PRON,nsubj,0,0,0,1,1,696,1505,tis,NOUN,nmod,1,2,4,2,1,0,0,0,0.6666666666666666,False,False,Dk7-B-01_mptf.conllu,1,0,1
kunišn,NOUN,nsubj,0,0,0,1,1,980,18258,=š,PRON,nmod,0,2,1,1,0,0,0,0,0.5,True,False,Dk7-B-01_mptf.conllu,1,0,0
hamēstār,NOUN,obj,0,0,0,1,1,106,915,druz,NOUN,nmod,0,1,2,3,0,1,0,0,1.0,True,False,Dk7-B-01_mptf.conllu,1,0,0
=tān,PRON,obl,1,0,0,1,1,787,2654,ēk,NUM,nmod,1,1,2,1,1,0,0,0,0.5,False,False,Dk7-B-01_mptf.conllu,1,0,0
druz,NOUN,nmod,0,0,0,1,1,911,110,hamēstār,NOUN,nmod,0,2,2,1,1,0,0,0,0.0,False,True,Dk7-B-01_mptf.conllu,1,0,0
apetyāragīh,NOUN,nsubj,0,0,0,1,1,15,1175,dām,NOUN,nmod,2,1,3,2,0,0,0,0,1.0,False,False,Dk7-B-01_mptf.conllu,1,0,0
abēzagīh,NOUN,conj,0,0,0,1,1,57,181,ēbgad,NOUN,nmod,2,1,2,2,1,0,0,0,0.0,False,False,Dk7-B-01_mptf.conllu,1,0,0
gōwišnīh,NOUN,obl,0,0,0,1,1,30,6,arežuxt,ADJ,nmod,0,1,2,3,1,0,0,0,0.5,True,False,Dk7-B-01_mptf.conllu,1,0,0
huaxwīh,NOUN,obl,0,1,0,1,1,10,534,amahraspandān,NOUN,nmod,0,2,2,4,1,1,0,1,1.0,False,False,Dk7-B-01_mptf.conllu,1,1,0
huaxwīh,NOUN,obl,0,0,0,1,1,10,17,garōdmānīg,ADJ,amod,2,1,2,4,1,1,0,0,1.0,False,False,Dk7-B-01_mptf.conllu,1,1,0
zamān,NOUN,obl,0,0,0,1,1,555,179,zamānag,NOUN,nmod,0,1,2,3,0,0,0,0,0.4,False,False,Dk7-B-01_mptf.conllu,2,0,0
zamān,NOUN,obl,0,0,0,1,1,555,1747,zarduxšt,PROPN,nmod,4,1,2,3,4,0,1,1,0.4,False,False,Dk7-B-01_mptf.conllu,2,0,0
zarduxšt,PROPN,nmod,0,0,0,1,1,1746,19,yaštfrawahr,NOUN,amod,1,2,1,4,0,0,0,0,0.0,False,False,Dk7-B-01_mptf.conllu,1,1,0
zarduxšt,PROPN,nmod,0,0,0,1,1,1746,359,spitāmān,PROPN,nmod,0,2,1,4,0,0,1,0,0.0,False,False,Dk7-B-01_mptf.conllu,1,1,0
bahr,NOUN,dislocated,0,0,0,1,1,410,18258,=iš,PRON,nmod,1,1,2,1,1,0,0,0,0.0,False,False,Dk7-B-01_mptf.conllu,1,0,0
kunišnbōzišn,NOUN,conj,0,0,0,1,1,1,2716,mardōm,NOUN,nmod,0,1,3,2,2,0,0,1,0.0,True,False,Dk7-B-01_mptf.conllu,1,0,0
mardōm,NOUN,nmod,0,0,0,1,1,2713,179,āwām,NOUN,nmod,1,1,2,2,2,0,0,1,0.0,False,False,Dk7-B-01_mptf.conllu,1,0,0
hampursagīh,NOUN,dislocated,0,0,0,1,1,107,1006,dādār,NOUN,nmod,1,1,3,4,2,0,0,1,0.0,False,True,Dk7-B-01_mptf.conllu,1,0,0
abarburdārīh,NOUN,conj,0,0,0,1,1,2,26,waxš,NOUN,nmod,0,2,2,6,0,0,0,0,0.0,False,False,Dk7-B-01_mptf.conllu,4,0,0
abarburdārīh,NOUN,conj,0,0,0,1,1,2,2,abardarīg,ADJ,nmod,0,1,2,6,1,0,0,1,0.0,False,False,Dk7-B-01_mptf.conllu,4,0,0
abarburdārīh,NOUN,conj,0,0,0,1,1,2,246,framān,NOUN,nmod,3,1,2,6,2,0,0,0,0.0,False,False,Dk7-B-01_mptf.conllu,4,0,0
abarburdārīh,NOUN,conj,0,1,0,1,1,2,1407,yazadān,NOUN,nmod,5,1,2,6,1,0,0,0,0.0,False,False,Dk7-B-01_mptf.conllu,4,0,0
framān,NOUN,nmod,0,0,0,1,1,244,1006,dādār,NOUN,nmod,0,2,1,2,0,0,0,0,0.0,False,True,Dk7-B-01_mptf.conllu,1,0,0
nām,NOUN,nsubj,0,0,0,1,1,528,18,parwastag,ADJ,amod,0,1,4,1,1,0,0,0,1.0,False,True,Dk7-B-01_mptf.conllu,0,1,0
gayōmard,PROPN,obl,0,0,0,1,1,245,55,widard,ADJ,amod,0,2,1,2,0,0,0,0,0.2,False,True,Dk7-B-01_mptf.conllu,0,1,0
mašī,PROPN,dislocated:topic,0,0,0,0,1,70,102,zahag,NOUN,nmod,4,1,3,4,2,0,0,0,0.0,False,False,Dk7-B-01_mptf.conllu,1,0,0
zahag,NOUN,nmod,0,0,0,1,1,96,245,gayōmard,PROPN,nmod,1,2,2,2,1,0,1,1,0.0,False,False,Dk7-B-01_mptf.conllu,1,1,0
zahag,NOUN,nmod,0,0,0,1,1,96,692,fradom,ADV,amod,0,2,2,2,0,0,0,0,0.0,False,False,Dk7-B-01_mptf.conllu,1,1,0
gōwišn,NOUN,obl,0,0,0,1,1,888,3242,ohrmazd,PROPN,nmod,0,1,2,2,1,0,1,1,0.4,True,False,Dk7-B-01_mptf.conllu,1,0,0
pid,NOUN,conj,0,0,0,1,1,547,547,pid,NOUN,nmod,0,1,3,3,1,0,0,1,0.0,False,False,Dk7-B-01_mptf.conllu,2,0,0
pid,NOUN,conj,0,0,0,1,1,547,363,astōmand,ADJ,nmod,3,1,3,3,3,0,0,1,0.0,False,False,Dk7-B-01_mptf.conllu,2,0,0
ašmāh,PRON,nsubj,1,0,0,1,1,787,2069,mard,NOUN,appos,0,1,1,1,0,0,0,0,0.16666666666666666,False,False,Dk7-B-01_mptf.conllu,0,0,0
dārišn,NOUN,obj,0,0,0,1,1,399,144,bowandagmenišnīh,NOUN,nmod,0,2,1,1,0,0,0,0,0.6666666666666666,True,True,Dk7-B-01_mptf.conllu,1,0,0
dādārīh,NOUN,obj,0,0,0,1,1,44,3242,ohrmazd,PROPN,nmod,0,1,1,1,0,0,1,0,0.6666666666666666,False,False,Dk7-B-01_mptf.conllu,1,0,0
kām,NOUN,obj,0,0,0,1,1,335,1006,dādār,NOUN,nmod,0,1,2,1,1,0,0,1,0.6666666666666666,False,True,Dk7-B-01_mptf.conllu,1,0,0
kār,NOUN,obj,0,0,0,1,1,1414,833,was,ADV,amod,0,2,2,2,0,0,0,0,1.0,True,False,Dk7-B-01_mptf.conllu,0,2,0
kār,NOUN,obj,0,0,0,1,1,1414,4,gēhānsūd,ADJ,amod,0,1,2,2,1,0,0,1,1.0,True,False,Dk7-B-01_mptf.conllu,0,2,0
paywandišn,NOUN,obl,0,0,0,1,1,55,145,zāyišn,NOUN,nmod,0,2,2,3,0,0,0,0,0.6666666666666666,False,True,Dk7-B-01_mptf.conllu,1,0,0
dahišnān,NOUN,obl,1,0,0,1,1,636,1249,gēhān,NOUN,nmod,0,2,1,3,0,0,0,0,1.0,True,False,Dk7-B-01_mptf.conllu,1,0,0
kirbagān,NOUN,nmod,1,0,0,1,1,1055,2716,mardōm,NOUN,nmod,0,2,1,3,0,0,0,0,0.0,False,False,Dk7-B-01_mptf.conllu,1,1,0
kirbagān,NOUN,nmod,1,0,0,1,1,1055,662,pahlom,ADJ,amod,0,1,1,3,0,0,0,0,0.0,False,False,Dk7-B-01_mptf.conllu,1,1,0
gōwišnīh,NOUN,obl,0,0,0,1,1,30,3242,ohrmazd,PROPN,nmod,0,1,4,3,0,0,1,0,0.14285714285714285,True,False,Dk7-B-01_mptf.conllu,1,0,0
abzār,NOUN,conj,0,1,0,1,1,315,4718,awēšān,PRON,nmod,0,2,2,4,0,0,0,0,0.0,True,False,Dk7-B-01_mptf.conllu,1,0,0
hadiš,PROPN,obl,0,0,0,1,1,5,2654,ēk,NOUN,appos,3,1,5,2,1,0,0,0,0.5,False,False,Dk7-B-01_mptf.conllu,0,0,0
ēk,NOUN,appos,0,1,0,1,1,8,1407,yazadān,NOUN,nmod,1,1,4,1,2,0,0,0,0.0,False,False,Dk7-B-01_mptf.conllu,1,0,0
yazadān,NOUN,nmod,1,0,0,1,1,1403,5,abararzānīg,ADJ,amod,2,2,3,2,1,0,0,0,0.0,False,False,Dk7-B-01_mptf.conllu,0,1,0
hadiš,PROPN,nsubj,0,0,0,1,1,5,5,abararzānīg,ADJ,amod,2,1,3,1,2,0,0,1,0.75,False,False,Dk7-B-01_mptf.conllu,0,1,0
ǰōrdā,NOUN,nmod,0,0,0,0,0,163,18258,ōy,PRON,nmod,0,2,3,3,0,0,0,0,0.0,False,False,Dk7-B-01_mptf.conllu,2,0,0
ǰōrdā,NOUN,nmod,0,0,0,0,0,163,70,mašī,PROPN,nmod,2,1,3,3,2,0,1,0,0.0,False,False,Dk7-B-01_mptf.conllu,2,0,0
nān,NOUN,obj,0,0,0,1,0,66,163,ǰōrdā,NOUN,nmod,0,2,4,2,3,1,0,1,1.0,False,False,Dk7-B-01_mptf.conllu,1,0,0
paywandān,NOUN,obl,1,1,0,1,1,179,787,ašmāh,PRON,nmod,0,1,2,2,1,0,0,1,0.8,False,False,Dk7-B-01_mptf.conllu,1,0,0
apetyārgārīh,NOUN,obl,0,1,0,1,1,2,1338,dēwān,NOUN,nmod,1,1,2,2,2,0,0,1,0.3333333333333333,False,False,Dk7-B-01_mptf.conllu,1,0,0
abāzēstišnīh,NOUN,obl,0,0,0,1,0,15,1338,dēw,NOUN,nmod,0,1,3,2,1,0,0,0,1.0,True,False,Dk7-B-01_mptf.conllu,1,0,0
had,PROPN,nsubj,0,0,0,1,1,5,5,abararzānīg,ADJ,amod,2,1,3,1,1,0,0,0,0.5,False,False,Dk7-B-01_mptf.conllu,0,1,0
nān,NOUN,obj,0,0,0,1,0,66,163,ǰōrdā,NOUN,nmod,0,2,2,2,2,1,0,1,0.5,False,False,Dk7-B-01_mptf.conllu,1,0,0
amahraspandān,NOUN,obl,1,0,0,1,1,533,3242,ohrmazd,PROPN,nmod,1,1,2,2,2,0,1,0,0.25,False,False,Dk7-B-01_mptf.conllu,1,0,0
paywandān,NOUN,obl,1,1,0,1,1,179,787,ašmāh,PRON,nmod,0,1,2,2,1,0,0,1,1.0,False,False,Dk7-B-01_mptf.conllu,1,0,0
apetyārgārīh,NOUN,obl,0,1,0,1,1,2,1338,dēwān,NOUN,nmod,1,1,2,2,2,0,0,1,0.25,False,False,Dk7-B-01_mptf.conllu,1,0,0
abāzēstišnīh,NOUN,obl,0,0,0,1,0,15,1338,dēw,NOUN,nmod,0,1,2,2,2,0,0,1,1.0,True,False,Dk7-B-01_mptf.conllu,1,0,0
nigēzišn,NOUN,obl,0,1,0,1,1,15,1407,yazadān,NOUN,nmod,0,2,1,2,0,0,0,0,0.25,True,False,Dk7-B-01_mptf.conllu,1,0,0
pēšīgān,NOUN,acl:relcl,1,0,0,1,1,1,4,warzīgarīh,NOUN,nmod,1,2,2,3,1,0,0,0,0.0,False,False,Dk7-B-01_mptf.conllu,1,0,0
kirrōg,NOUN,nsubj,0,1,0,1,1,3,4718,=išān,PRON,nmod,0,1,1,1,0,0,0,0,1.0,False,False,Dk7-B-01_mptf.conllu,1,0,0
pēšagān,NOUN,nmod,1,1,0,1,1,205,208,pēšagān,NOUN,nmod,1,1,2,2,1,0,0,0,0.0,False,False,Dk7-B-01_mptf.conllu,1,0,0
purrīh,NOUN,obl,0,1,0,1,1,4,208,pēšagān,NOUN,nmod,2,2,3,1,2,0,0,0,1.0,False,False,Dk7-B-01_mptf.conllu,1,0,0
sāmag,PROPN,obl,0,0,0,1,1,1,604,pus,NOUN,nmod,1,1,3,3,1,0,0,0,1.0,False,False,Dk7-B-01_mptf.conllu,1,0,0
pus,NOUN,nmod,0,1,0,1,1,604,4718,awēšān,PRON,nmod,0,2,2,1,1,0,0,1,0.0,False,False,Dk7-B-01_mptf.conllu,1,0,0
kišwar,NOUN,obl,0,0,0,1,1,281,1249,gēhān,NOUN,nmod,4,1,2,5,1,0,0,1,0.4,False,False,Dk7-B-01_mptf.conllu,1,0,0
wāygard,PROPN,obl,0,0,0,1,1,3,51,hōšang,PROPN,nmod,0,1,3,2,2,0,1,1,0.6666666666666666,False,False,Dk7-B-01_mptf.conllu,1,0,0
hōšang,PROPN,nmod,0,0,0,1,1,51,10,pēšdād,PROPN,nmod,0,1,2,2,1,0,1,1,0.0,False,False,Dk7-B-01_mptf.conllu,1,0,0
winnārdan,NOUN,obl,0,0,0,1,1,9,1249,gēhān,NOUN,nmod,1,1,3,4,2,0,0,1,1.0,True,False,Dk7-B-01_mptf.conllu,3,0,0
winnārdan,NOUN,obl,0,0,0,1,1,9,232,dād,NOUN,nmod,2,1,3,4,0,0,0,0,1.0,True,False,Dk7-B-01_mptf.conllu,3,0,0
winnārdan,NOUN,obl,0,0,0,1,1,9,19,warzīdārīh,NOUN,nmod,5,1,3,4,3,0,0,0,1.0,True,False,Dk7-B-01_mptf.conllu,3,0,0
warzīdārīh,NOUN,nmod,0,0,0,1,1,19,2,dehgānīh,NOUN,nmod,1,2,2,3,1,0,0,1,0.0,False,False,Dk7-B-01_mptf.conllu,2,0,0
warzīdārīh,NOUN,nmod,0,0,0,1,1,19,1249,gēhān,NOUN,nmod,0,2,2,3,0,0,0,0,0.0,False,False,Dk7-B-01_mptf.conllu,2,0,0
pānagīh,NOUN,conj:nmod,0,0,0,1,1,159,14,dahibedīh,NOUN,nmod,1,2,1,3,0,0,0,0,0.0,False,False,Dk7-B-01_mptf.conllu,2,0,0
pānagīh,NOUN,conj:nmod,0,0,0,1,1,159,1249,gēhān,NOUN,nmod,0,2,1,3,0,0,0,0,0.0,False,False,Dk7-B-01_mptf.conllu,2,0,0
warzīdārīh,NOUN,obj,0,0,0,1,1,19,14,dahibedīh,NOUN,nmod,0,2,1,1,0,0,0,0,1.0,False,False,Dk7-B-01_mptf.conllu,1,0,0
gēhān,NOUN,nsubj,0,0,0,1,1,1249,138,rawāgīh,NOUN,nmod,1,1,3,1,2,0,0,0,1.0,False,False,Dk7-B-01_mptf.conllu,1,0,0
paywandišnīh,NOUN,root,0,0,0,1,1,7,3242,ohrmazd,PROPN,nmod,0,1,4,4,1,0,1,0,0.0,True,False,Dk7-B-01_mptf.conllu,1,0,0
dād,NOUN,acl,0,0,0,1,1,217,2158,dēn,NOUN,nmod,0,2,2,2,0,0,0,0,0.0,False,False,Dk7-B-01_mptf.conllu,2,0,0
dād,NOUN,acl,0,0,0,1,1,217,3242,ohrmazd,PROPN,nmod,0,1,2,2,1,0,1,1,0.0,False,False,Dk7-B-01_mptf.conllu,2,0,0
dēw,NOUN,nmod,0,0,0,0,1,1336,6,māzan,NOUN,nmod,0,2,2,2,1,1,0,1,0.0,False,False,Dk7-B-01_mptf.conllu,1,0,0
hammōxtšudag,NOUN,nmod,0,0,0,1,1,1,128,xešm,NOUN,nmod,0,1,2,1,1,0,0,1,0.0,True,False,Dk7-B-01_mptf.conllu,1,0,0
tahmōrub,PROPN,obl,0,0,0,1,1,21,13,zēnāwend,ADJ,amod,0,1,2,2,1,0,0,1,1.0,False,False,Dk7-B-01_mptf.conllu,0,1,0
dēw,NOUN,obj,0,0,0,0,1,1336,23,wadag,NOUN,amod,2,1,2,4,1,0,0,1,1.0,False,True,Dk7-B-01_mptf.conllu,0,1,0
niyāyišn,NOUN,obj,0,0,0,1,1,314,1006,dādār,NOUN,nmod,2,1,2,2,1,0,0,1,1.0,True,True,Dk7-B-01_mptf.conllu,1,0,0
gannāgmēnōy,PROPN,obj,0,0,0,0,1,567,1,frāzwašt,ADJ,amod,0,1,3,1,1,0,0,0,0.6666666666666666,False,False,Dk7-B-01_mptf.conllu,0,1,0
hampursagīh,NOUN,obl,0,0,0,1,1,107,3242,ohrmazd,PROPN,nmod,0,2,2,3,1,1,1,1,0.6666666666666666,False,False,Dk7-B-01_mptf.conllu,1,0,0
ǰamšēd,PROPN,obl,0,0,0,1,1,9,13,wīwanghānān,PROPN,nmod,0,1,2,2,1,0,1,1,1.0,False,False,Dk7-B-01_mptf.conllu,1,0,0
pēšag,NOUN,obl,0,0,0,1,1,205,2158,dēn,NOUN,nmod,0,1,2,3,1,0,0,1,0.6666666666666666,False,False,Dk7-B-01_mptf.conllu,1,0,0
ōz,NOUN,obl,0,0,0,1,1,115,276,paymān,NOUN,nmod,0,2,1,2,0,0,0,0,0.5,False,False,Dk7-B-01_mptf.conllu,1,0,0
gōwišn,NOUN,obl,0,0,0,1,1,888,3242,ohrmazd,PROPN,nmod,1,1,2,3,2,0,1,1,0.5,True,False,Dk7-B-01_mptf.conllu,2,0,0
gōwišn,NOUN,obl,0,0,0,1,1,888,190,ǰam,PROPN,nmod,3,1,2,3,1,0,1,0,0.5,True,False,Dk7-B-01_mptf.conllu,2,0,0
ohrmazd,PROPN,nmod,0,0,0,1,1,3237,1006,dādār,NOUN,nmod,0,2,1,2,0,0,0,0,0.0,False,True,Dk7-B-01_mptf.conllu,1,0,0
gēhān,NOUN,obj,0,0,0,1,1,1249,2910,man,PRON,nmod,0,2,2,2,1,1,0,1,1.0,False,False,Dk7-B-01_mptf.conllu,1,0,0
marag,NOUN,xcomp,0,0,0,1,1,44,666,wēš,ADV,amod,0,1,1,1,0,0,0,0,0.0,False,False,Dk7-B-01_mptf.conllu,0,1,0
gēhān,NOUN,obj,0,0,0,1,1,1249,2910,man,PRON,nmod,0,2,2,2,1,1,0,1,1.0,False,False,Dk7-B-01_mptf.conllu,1,0,0
srāyišn,NOUN,obj,0,0,0,1,1,77,1249,gēhān,NOUN,nmod,0,2,2,4,0,0,0,0,0.3333333333333333,True,False,Dk7-B-01_mptf.conllu,1,0,0
rēš,NOUN,obj,0,0,0,1,1,124,475,did,ADJ,amod,0,2,2,3,0,0,0,0,0.8333333333333334,False,False,Dk7-B-01_mptf.conllu,0,1,0
xwarrah,NOUN,obl,0,0,0,1,1,554,1406,ham,ADJ,amod,0,2,1,2,0,0,0,0,0.5,False,False,Dk7-B-01_mptf.conllu,0,1,0
xwadāyīh,NOUN,obl,0,0,0,1,0,638,18258,ōy,PRON,nmod,0,2,2,3,1,1,0,1,0.6666666666666666,False,False,Dk7-B-01_mptf.conllu,1,0,0
xwadāyīh,NOUN,obj,0,0,0,1,1,638,102,amarg,ADJ,amod,0,1,3,4,0,0,0,0,1.0,False,False,Dk7-B-01_mptf.conllu,1,1,0
xwadāyīh,NOUN,obj,0,0,0,1,1,638,107,pah,NOUN,nmod,1,1,3,4,1,0,0,0,1.0,False,False,Dk7-B-01_mptf.conllu,1,1,0
ahušišn,NOUN,conj,0,0,0,1,1,1,2067,āb,NOUN,nmod,0,1,2,2,1,0,0,0,0.0,True,False,Dk7-B-01_mptf.conllu,1,0,0
anabesīhišn,NOUN,conj,0,1,0,1,1,1,1,xwarišnxwarān,NOUN,nmod,0,2,1,2,0,0,0,0,0.0,True,False,Dk7-B-01_mptf.conllu,1,0,0
framān,NOUN,obl,0,0,0,1,1,244,1006,dādār,NOUN,nmod,1,2,3,4,0,0,0,0,0.6666666666666666,False,True,Dk7-B-01_mptf.conllu,2,1,0
framān,NOUN,obl,0,0,0,1,1,244,153,wisp,DET,amod,0,2,3,4,0,0,0,0,0.6666666666666666,False,False,Dk7-B-01_mptf.conllu,2,1,0
framān,NOUN,obl,0,0,0,1,1,244,89,pādan,NOUN,nmod,1,1,3,4,4,0,0,0,0.6666666666666666,False,True,Dk7-B-01_mptf.conllu,2,1,0
pādan,NOUN,nmod,0,0,0,1,1,3,1175,dām,NOUN,nmod,0,1,2,4,1,0,0,1,0.0,True,False,Dk7-B-01_mptf.conllu,3,0,0
pādan,NOUN,nmod,0,0,0,1,1,3,28,abesīhišn,NOUN,nmod,2,1,2,4,1,0,0,0,0.0,True,True,Dk7-B-01_mptf.conllu,3,0,0
pādan,NOUN,nmod,0,0,0,1,1,3,204,zamestān,NOUN,nmod,5,1,2,4,2,0,0,0,0.0,True,False,Dk7-B-01_mptf.conllu,3,0,0
zamestān,NOUN,nmod,0,0,0,1,1,203,6,malkūsān,ADJ,amod,0,2,1,2,0,0,0,0,0.0,False,False,Dk7-B-01_mptf.conllu,0,1,0
war,NOUN,obj,0,0,0,1,1,328,42,ǰamkird,ADJ,nmod,0,2,1,1,0,0,0,0,1.0,False,False,Dk7-B-01_mptf.conllu,1,0,0
abdīh,NOUN,nsubj,0,0,0,1,1,108,833,was,ADV,amod,0,2,1,3,0,0,0,0,1.0,False,False,Dk7-B-01_mptf.conllu,0,1,0
framān,NOUN,obl,0,0,0,1,1,244,1006,dādār,NOUN,nmod,0,2,1,2,0,0,0,0,0.2857142857142857,False,True,Dk7-B-01_mptf.conllu,1,0,0
frēdōn,PROPN,obl,0,0,0,1,1,119,1,āspiyānān,PROPN,nmod,0,1,2,2,1,0,1,1,0.42857142857142855,False,False,Dk7-B-01_mptf.conllu,1,0,0
uruspar,NOUN,obl,0,0,0,1,1,10,67,burdār,ADJ,nmod,0,2,1,2,0,0,0,0,0.5714285714285714,False,True,Dk7-B-01_mptf.conllu,1,0,0
bahr,NOUN,obl,0,0,0,1,1,410,34,wāstaryōšīh,NOUN,nmod,0,2,3,3,0,0,0,0,0.7142857142857143,False,False,Dk7-B-01_mptf.conllu,2,0,0
bahr,NOUN,obl,0,0,0,1,1,410,208,pēšag,NOUN,nmod,1,1,3,3,1,0,0,0,0.7142857142857143,False,False,Dk7-B-01_mptf.conllu,2,0,0
pēšag,NOUN,nmod,0,0,0,1,1,205,2158,dēn,NOUN,nmod,0,2,2,1,1,0,0,1,0.0,False,False,Dk7-B-01_mptf.conllu,1,0,0
baxšišn,NOUN,obl,0,0,0,1,1,53,554,xwarrah,NOUN,nmod,3,1,3,2,4,0,0,1,0.8571428571428571,True,False,Dk7-B-01_mptf.conllu,1,0,0
xwarrah,NOUN,nmod,0,0,0,1,1,554,190,ǰam,PROPN,nmod,0,2,2,4,1,1,1,1,0.0,False,False,Dk7-B-01_mptf.conllu,1,0,0
uruspar,NOUN,obl,0,0,0,1,1,10,67,burdār,ADJ,nmod,0,2,1,2,0,0,0,0,1.0,False,True,Dk7-B-01_mptf.conllu,1,0,0
druz,NOUN,obj,0,0,0,1,1,911,12,wasōz,ADJ,amod,0,2,1,2,0,1,0,0,1.0,False,False,Dk7-B-01_mptf.conllu,0,1,0
zanišn,NOUN,obl,0,0,0,1,0,245,18258,ōy,PRON,nmod,0,2,2,3,1,1,0,1,1.0,True,False,Dk7-B-01_mptf.conllu,1,0,0
māzandarān,PROPN,obj,1,0,0,1,1,14,172,mādayān,ADJ,amod,0,1,1,1,0,0,0,0,1.0,False,False,Dk7-B-01_mptf.conllu,0,1,0
wizend,NOUN,obl,0,1,0,1,1,109,4718,awēšān,PRON,nmod,0,2,2,3,1,1,0,1,0.5,False,False,Dk7-B-01_mptf.conllu,1,0,0
kišwar,NOUN,obl,0,0,0,1,1,281,94,xwaniras,PROPN,nmod,0,1,2,2,1,0,1,1,1.0,False,False,Dk7-B-01_mptf.conllu,1,0,0
kišwar,NOUN,obj,0,0,0,1,1,281,94,xwaniras,PROPN,nmod,0,2,1,1,0,0,1,0,0.5,False,False,Dk7-B-01_mptf.conllu,1,0,0
wāstaryōšīh,NOUN,obl,0,0,0,1,1,33,2158,dēn,NOUN,nmod,0,1,2,2,1,0,0,1,0.6666666666666666,False,False,Dk7-B-01_mptf.conllu,1,0,0
gēhānsūdgarīh,NOUN,obj,0,0,0,1,1,1,31,abd,ADJ,amod,0,2,1,1,0,0,0,0,1.0,False,False,Dk7-B-01_mptf.conllu,0,1,0
zīndagīh,NOUN,obl,0,0,0,1,1,156,119,frēdōn,PROPN,nmod,0,2,1,2,0,0,1,0,0.3333333333333333,False,False,Dk7-B-01_mptf.conllu,1,0,0
ēriǰ,PROPN,obl,0,0,0,1,1,43,1,frēdōnān,PROPN,nmod,0,1,2,2,1,0,1,1,0.6666666666666666,False,False,Dk7-B-01_mptf.conllu,1,0,0
abarbarišnīh,NOUN,obl,0,0,0,1,1,27,26,waxš,NOUN,nmod,2,2,2,3,0,0,0,0,1.0,True,False,Dk7-B-01_mptf.conllu,2,0,0
abarbarišnīh,NOUN,obl,0,0,0,1,1,27,1006,dādār,NOUN,nmod,0,2,2,3,1,0,0,0,1.0,True,True,Dk7-B-01_mptf.conllu,2,0,0
dād,NOUN,obj,0,0,0,1,1,217,47,ērīh,NOUN,nmod,0,2,1,1,0,0,0,0,1.0,False,False,Dk7-B-01_mptf.conllu,1,0,0
yān,NOUN,obj,0,0,0,1,1,80,662,pahlom,ADJ,amod,0,2,2,2,1,1,0,1,0.5,False,False,Dk7-B-01_mptf.conllu,0,1,0
xwāyišn,NOUN,obl,0,0,0,1,1,135,547,pid,NOUN,nmod,1,1,3,2,3,0,0,1,1.0,False,False,Dk7-B-01_mptf.conllu,1,0,0
āfrīn,NOUN,obl,0,0,0,1,1,115,119,frēdōn,PROPN,nmod,0,1,2,2,1,0,1,1,1.0,False,False,Dk7-B-01_mptf.conllu,1,0,0
wihēz,NOUN,obl,0,0,0,1,1,18,119,frēdōn,PROPN,nmod,0,1,2,2,1,0,1,1,0.6666666666666666,False,False,Dk7-B-01_mptf.conllu,1,0,0
nērōsang,PROPN,obl,0,0,0,1,1,48,1407,yazad,NOUN,appos,0,1,1,2,0,0,0,0,0.5,False,False,Dk7-B-01_mptf.conllu,0,0,0
tōhmag,NOUN,acl:relcl,0,0,0,1,1,223,1,ēriǰān,PROPN,nmod,0,2,1,2,0,0,1,0,0.0,False,False,Dk7-B-01_mptf.conllu,1,0,0
mānūšcihr,PROPN,obl,0,0,0,1,1,2,244,dahībed,NOUN,appos,1,1,3,2,1,0,0,0,1.0,False,False,Dk7-B-01_mptf.conllu,0,0,0
dahībed,NOUN,appos,0,0,0,1,1,244,34,ērān,PROPN,nmod,0,2,2,1,1,0,1,1,0.0,False,False,Dk7-B-01_mptf.conllu,1,0,0
kār,NOUN,obj,0,0,0,1,1,1414,833,was,ADV,amod,1,2,1,2,0,0,0,0,1.0,True,False,Dk7-B-01_mptf.conllu,0,2,0
kār,NOUN,obj,0,0,0,1,1,1414,2,abdkird,ADJ,amod,0,2,1,2,0,0,0,0,1.0,True,False,Dk7-B-01_mptf.conllu,0,2,0
kēn,NOUN,obl,0,0,0,1,1,80,43,ēriǰ,PROPN,nmod,0,2,2,3,1,1,1,1,1.0,False,False,Dk7-B-01_mptf.conllu,1,0,0
xwadāyīh,NOUN,obj,0,1,0,1,1,638,34,ērān,PROPN,nmod,0,1,2,1,1,0,1,1,1.0,False,False,Dk7-B-01_mptf.conllu,1,0,0
deh,NOUN,obj,0,0,0,1,1,348,34,ēr,PROPN,nmod,0,2,1,1,0,0,1,0,0.5,False,False,Dk7-B-01_mptf.conllu,1,0,0
uzaw,PROPN,obl,0,0,0,0,1,28,11,tōmāspān,PROPN,nmod,0,1,4,3,1,0,1,1,1.0,False,False,Dk7-B-01_mptf.conllu,2,0,0
uzaw,PROPN,obl,0,0,0,0,1,28,25,nāf,NOUN,nmod,4,1,4,3,1,0,0,0,1.0,False,False,Dk7-B-01_mptf.conllu,2,0,0
manuščihr,PROPN,nmod,0,0,0,1,1,109,244,dahībed,NOUN,nmod,1,1,2,2,2,0,0,1,0.0,False,False,Dk7-B-01_mptf.conllu,1,0,0
dahībed,NOUN,nmod,0,1,0,1,1,244,34,ērān,PROPN,nmod,0,2,1,2,0,0,1,0,0.0,False,False,Dk7-B-01_mptf.conllu,1,0,0
nāf,NOUN,nmod,0,0,0,1,1,25,109,manuščihr,PROPN,nmod,2,2,3,1,2,0,1,1,0.0,False,False,Dk7-B-01_mptf.conllu,1,0,0
dehān,NOUN,obl,1,1,0,1,1,348,34,ērān,PROPN,nmod,0,2,1,2,0,0,1,0,0.75,False,False,Dk7-B-01_mptf.conllu,1,0,0
zadan,NOUN,obl,0,0,0,1,1,16,160,anērān,PROPN,nmod,0,1,3,4,1,0,1,1,1.0,True,False,Dk7-B-01_mptf.conllu,1,0,0
biyāwārēnīdan,NOUN,conj,0,0,0,1,1,1,139,ērānšahr,PROPN,nmod,1,1,2,1,2,0,1,1,0.0,True,False,Dk7-B-01_mptf.conllu,1,0,0
dahīg,PROPN,obj,0,0,1,1,1,1,139,ērānšahr,PROPN,nmod,1,2,4,4,0,0,1,0,0.5,False,False,Dk7-B-01_mptf.conllu,3,0,0
dahīg,PROPN,obj,0,0,1,1,1,1,1,anāgēnīdār,NOUN,nmod,0,2,4,4,0,0,0,0,0.5,False,True,Dk7-B-01_mptf.conllu,3,0,0
dahīg,PROPN,obj,0,0,1,1,1,1,172,ǰādūg,NOUN,nmod,0,1,4,4,0,0,0,0,0.5,False,False,Dk7-B-01_mptf.conllu,3,0,0
frangrasyāg,PROPN,obj,0,0,0,1,1,83,56,tūr,PROPN,nmod,0,1,2,1,1,0,1,1,1.0,False,False,Dk7-B-01_mptf.conllu,1,0,0
sāmān,PROPN,obl,0,0,0,1,1,11,27,garišāsp,PROPN,nmod,0,1,1,2,0,0,1,0,0.5,False,False,Dk7-B-01_mptf.conllu,1,0,0
bahr,NOUN,obl,0,0,0,1,1,410,31,artēštārīh,NOUN,nmod,0,2,3,2,1,0,0,0,0.75,False,False,Dk7-B-01_mptf.conllu,1,0,0
pēšag,NOUN,acl:relcl,0,0,0,1,1,205,384,didīgar,ADV,amod,1,2,1,3,0,0,0,0,0.0,False,False,Dk7-B-01_mptf.conllu,1,1,0
pēšag,NOUN,acl:relcl,0,0,0,1,1,205,2158,dēn,NOUN,nmod,0,2,1,3,0,0,0,0,0.0,False,False,Dk7-B-01_mptf.conllu,1,1,0
baxšišn,NOUN,obl,0,0,0,1,1,53,554,xwarrah,NOUN,nmod,3,1,3,2,4,0,0,1,1.0,True,False,Dk7-B-01_mptf.conllu,1,0,0
xwarrah,NOUN,nmod,0,0,0,1,1,554,190,ǰam,PROPN,nmod,0,2,2,4,1,1,1,1,0.0,False,False,Dk7-B-01_mptf.conllu,1,0,0
gaz,NOUN,obj,0,0,0,1,1,19,6,srūwar,ADJ,amod,0,1,4,5,1,0,0,1,0.75,False,False,Dk7-B-01_mptf.conllu,0,2,0
gaz,NOUN,obj,0,0,0,1,1,19,2,aspōbār,ADJ,amod,1,1,4,5,2,0,0,1,0.75,False,True,Dk7-B-01_mptf.conllu,0,2,0
gandarb,PROPN,conj,0,0,0,1,0,4,1338,dēw,NOUN,nmod,1,1,3,2,1,0,0,0,0.0,False,False,Dk7-B-01_mptf.conllu,1,0,0
dēw,NOUN,nmod,0,0,0,0,1,1336,1,zāyrpāšnān,ADJ,amod,0,2,2,1,1,0,0,1,0.0,False,False,Dk7-B-01_mptf.conllu,0,1,0
dēwdahišn,NOUN,conj,0,0,0,1,1,1,833,was,ADV,amod,0,2,1,2,0,0,0,0,0.0,False,False,Dk7-B-01_mptf.conllu,0,2,0
dēwdahišn,NOUN,conj,0,0,0,1,1,1,18,petyār,NOUN,amod,0,1,1,2,0,0,0,0,0.0,False,True,Dk7-B-01_mptf.conllu,0,2,0
druz,NOUN,conj,0,0,0,1,1,911,2,dāmmurnǰēnīdār,NOUN,amod,0,2,1,2,0,0,0,0,0.0,False,True,Dk7-B-01_mptf.conllu,0,1,0
kawād,PROPN,obl,0,0,0,1,0,28,141,kay,NOUN,nmod,0,2,2,3,0,0,0,0,0.5,False,False,Dk7-B-01_mptf.conllu,2,0,0
kawād,PROPN,obl,0,0,0,1,1,28,20,niyāg,NOUN,nmod,1,1,2,3,2,0,0,1,0.5,False,False,Dk7-B-01_mptf.conllu,2,0,0
niyāg,NOUN,nmod,0,1,0,1,1,20,141,kayān,NOUN,nmod,0,2,1,2,0,0,0,0,0.0,False,False,Dk7-B-01_mptf.conllu,1,0,0
xwadāyīh,NOUN,obj,0,1,0,1,1,638,34,ērān,PROPN,nmod,0,2,1,1,0,0,1,0,1.0,False,False,Dk7-B-01_mptf.conllu,1,0,0
tōhmag,NOUN,obl,0,1,0,1,1,223,141,kayān,NOUN,nmod,0,2,1,2,0,0,0,0,1.0,False,False,Dk7-B-01_mptf.conllu,1,0,0
warzāwendīh,NOUN,obj,0,0,0,1,1,5,1,sūdgār,ADJ,amod,1,1,2,1,1,0,0,0,1.0,False,True,Dk7-B-01_mptf.conllu,0,1,0
pādhusraw,PROPN,obl,0,0,0,0,1,1,1,eresfuzwān,ADJ,nmod,0,1,3,4,1,0,0,1,0.5,False,False,Dk7-B-01_mptf.conllu,2,0,0
pādhusraw,PROPN,obl,0,0,0,0,1,1,8,tāz,PROPN,nmod,1,1,3,4,2,0,1,1,0.5,False,False,Dk7-B-01_mptf.conllu,2,0,0
pādhusraw,PROPN,obl,0,0,0,0,1,1,155,šāh,NOUN,appos,3,1,3,4,0,0,0,0,0.5,False,False,Dk7-B-01_mptf.conllu,2,0,0
tāz,PROPN,nmod,0,1,0,1,1,8,78,tāzīgān,NOUN,nmod,0,1,2,2,1,0,0,1,0.0,False,False,Dk7-B-01_mptf.conllu,1,0,0
aštagīh,NOUN,obl,0,0,0,1,1,14,116,ašawahišt,PROPN,nmod,1,2,1,3,0,0,1,0,1.0,False,False,Dk7-B-01_mptf.conllu,2,0,0
aštagīh,NOUN,obl,0,0,0,1,1,14,534,amahraspand,PROPN,nmod,0,2,1,3,0,0,1,0,1.0,False,False,Dk7-B-01_mptf.conllu,2,0,0
warm,NOUN,obl,0,0,0,1,1,47,2375,xwēš,PRON,nmod,0,2,1,2,0,0,0,0,0.375,False,False,Dk7-B-01_mptf.conllu,1,0,0
āz,PROPN,obj,0,0,0,1,0,143,1338,dēw,NOUN,nmod,0,1,2,2,0,0,0,0,0.5,False,False,Dk7-B-01_mptf.conllu,1,0,0
murnǰēnīdan,NOUN,obl,0,0,0,1,1,4,34,ram,NOUN,nmod,2,1,3,2,2,0,0,0,0.625,True,False,Dk7-B-01_mptf.conllu,1,0,0
ram,NOUN,nmod,0,0,0,1,0,34,18258,ōy,PRON,nmod,0,2,2,2,1,1,0,1,0.0,False,False,Dk7-B-01_mptf.conllu,1,0,0
ulīhfranamišnīh,NOUN,obl,0,0,0,1,1,1,411,bahr,NOUN,nmod,0,1,3,3,1,0,0,1,0.875,True,False,Dk7-B-01_mptf.conllu,2,0,0
ulīhfranamišnīh,NOUN,obl,0,0,0,1,1,1,756,rad,NOUN,nmod,2,1,3,3,3,0,0,1,0.875,True,False,Dk7-B-01_mptf.conllu,2,0,0
rad,NOUN,nmod,0,0,0,1,1,756,136,buland,ADJ,nmod,0,1,2,3,1,0,0,1,0.0,False,False,Dk7-B-01_mptf.conllu,1,0,0
nimāyišn,NOUN,obl,0,0,0,1,1,63,116,ašawahišt,PROPN,nmod,1,2,1,2,0,0,1,0,1.0,True,False,Dk7-B-01_mptf.conllu,1,0,0
kirb,NOUN,xcomp,0,0,0,1,1,204,130,māhīg,NOUN,nmod,0,2,1,1,0,0,0,0,0.0,False,False,Dk7-B-01_mptf.conllu,1,0,0
pih,NOUN,obl,0,0,0,1,1,78,1747,zarduxšt,PROPN,nmod,0,1,2,2,1,0,1,1,1.0,False,False,Dk7-B-01_mptf.conllu,1,0,0
brādarān,NOUN,obl,1,0,0,1,1,192,4,kayarš,PROPN,nmod,0,2,2,3,0,0,1,0,1.0,False,False,Dk7-B-01_mptf.conllu,2,0,0
brādarān,NOUN,obl,1,0,0,1,1,192,25,nāf,NOUN,nmod,1,1,2,3,1,0,0,0,1.0,False,False,Dk7-B-01_mptf.conllu,2,0,0
nāf,NOUN,nmod,0,0,0,1,1,25,28,kabād,PROPN,nmod,0,2,1,1,0,0,1,0,0.0,False,False,Dk7-B-01_mptf.conllu,1,0,0
kay,NOUN,root,0,0,0,0,1,137,62,arwand,ADJ,amod,5,2,3,6,3,0,0,0,0.0,False,False,Dk7-B-01_mptf.conllu,0,1,0
brād,NOUN,nsubj,0,1,0,1,1,192,4718,awēšān,PRON,nmod,2,2,2,4,1,1,0,0,0.5,False,False,Dk7-B-01_mptf.conllu,2,1,0
brād,NOUN,nsubj,0,0,0,1,1,192,460,meh,ADJ,amod,0,2,2,4,1,1,0,1,0.5,False,False,Dk7-B-01_mptf.conllu,2,1,0
brād,NOUN,nsubj,0,0,0,1,1,192,2,us,PROPN,nmod,1,1,2,4,1,1,1,0,0.5,False,False,Dk7-B-01_mptf.conllu,2,1,0
us,PROPN,nmod,0,0,0,1,0,2,141,kay,NOUN,nmod,0,2,1,1,0,0,0,0,0.0,False,False,Dk7-B-01_mptf.conllu,1,0,0
xwadāyīh,NOUN,obj,0,0,0,1,1,638,282,kišwar,NOUN,nmod,1,1,2,1,2,0,0,1,1.0,False,False,Dk7-B-01_mptf.conllu,1,0,0
zamānag,NOUN,obl,0,0,0,1,1,170,1406,ham,PRON,nmod,0,2,1,1,0,0,0,0,0.3333333333333333,False,False,Dk7-B-01_mptf.conllu,1,0,0
xwarrah,NOUN,nmod,0,0,0,1,1,554,190,ǰam,PROPN,nmod,0,2,3,2,2,0,1,1,0.0,False,False,Dk7-B-01_mptf.conllu,1,0,0
aškom,NOUN,advcl,0,0,0,1,1,45,210,mādar,NOUN,nmod,0,2,1,4,0,0,0,0,0.0,False,False,Dk7-B-01_mptf.conllu,1,0,0
gōwišn,NOUN,obl,0,0,0,1,1,888,46,aškom,NOUN,nmod,2,1,3,2,2,0,0,0,0.5,True,False,Dk7-B-01_mptf.conllu,1,0,0
aškom,NOUN,nmod,0,0,0,1,1,45,210,mādar,NOUN,nmod,0,2,2,2,1,0,0,1,0.0,False,False,Dk7-B-01_mptf.conllu,1,0,0
guftārīh,NOUN,obl,0,0,0,1,1,18,558,passox,NOUN,nmod,0,2,4,3,0,0,0,0,1.0,False,False,Dk7-B-01_mptf.conllu,2,0,0
guftārīh,NOUN,obl,0,1,0,1,1,18,147,frašnān,NOUN,nmod,0,1,4,3,2,0,0,0,1.0,False,False,Dk7-B-01_mptf.conllu,2,0,0
frašnān,NOUN,nmod,1,0,0,1,1,147,42,mar,NOUN,nmod,0,1,3,2,0,0,0,0,0.0,False,False,Dk7-B-01_mptf.conllu,1,0,0
frēbīh,NOUN,acl:relcl,0,0,0,1,1,1,49,dēwēst,NOUN,amod,0,1,2,2,1,0,0,1,0.0,False,False,Dk7-B-01_mptf.conllu,0,1,0
framādārīh,NOUN,obl,0,0,0,1,0,1,141,kay,NOUN,nmod,0,1,2,2,2,0,0,1,0.5,False,False,Dk7-B-01_mptf.conllu,1,0,0
kay,NOUN,nmod,0,0,0,0,1,137,2,us,PROPN,nmod,0,1,1,2,0,0,1,0,0.0,False,False,Dk7-B-01_mptf.conllu,1,0,0
xwadāyīh,NOUN,conj,0,0,0,1,0,638,18258,ōy,PRON,nmod,0,2,2,6,1,1,0,1,0.0,False,False,Dk7-B-01_mptf.conllu,2,0,0
xwadāyīh,NOUN,conj,0,0,0,1,1,638,282,kišwar,NOUN,nmod,1,1,2,6,1,1,0,0,0.0,False,False,Dk7-B-01_mptf.conllu,2,0,0
sūd,NOUN,nmod,0,0,0,1,1,327,2716,mardōm,NOUN,nmod,0,2,1,1,0,0,0,0,0.0,False,False,Dk7-B-01_mptf.conllu,1,0,0
frahang,NOUN,conj,0,0,0,1,1,77,330,sūd,NOUN,nmod,0,2,2,3,1,0,0,0,0.0,False,False,Dk7-B-01_mptf.conllu,1,0,0
deh,NOUN,obj,0,0,0,1,1,348,34,ēr,NOUN,nmod,0,2,1,1,0,0,0,0,0.8333333333333334,False,False,Dk7-B-01_mptf.conllu,1,0,0
andarz,NOUN,obl,0,0,0,1,1,142,4,hufrahaxttom,ADJ,amod,0,2,2,3,1,1,0,1,1.0,False,False,Dk7-B-01_mptf.conllu,0,1,0
siyāwaxš,PROPN,obl,0,0,0,1,0,1,141,kay,NOUN,nmod,0,2,2,3,0,0,0,0,0.16666666666666666,False,False,Dk7-B-01_mptf.conllu,1,1,0
siyāwaxš,PROPN,obl,0,0,0,1,1,1,64,bāmīg,ADJ,amod,0,1,2,3,1,0,0,1,0.16666666666666666,False,False,Dk7-B-01_mptf.conllu,1,1,0
kangdiz,PROPN,obj,0,0,0,1,1,41,2,abdkird,ADJ,amod,0,1,6,2,1,0,0,1,0.5,False,False,Dk7-B-01_mptf.conllu,0,1,0
andardārišnīh,NOUN,obl,0,0,0,1,1,1,554,xwarrah,NOUN,nmod,2,1,4,3,2,0,0,0,0.6666666666666666,True,False,Dk7-B-01_mptf.conllu,1,0,0
xwarrah,NOUN,nmod,0,0,0,1,1,554,2,waswarz,ADV,amod,0,2,3,2,0,0,0,0,0.0,False,False,Dk7-B-01_mptf.conllu,0,1,0
rāz,NOUN,conj:nmod,0,0,0,1,1,51,2158,dēn,NOUN,nmod,0,1,2,2,1,0,0,1,0.0,False,False,Dk7-B-01_mptf.conllu,1,0,0
wirāyišn,NOUN,nsubj,0,0,0,1,1,53,179,āwām,NOUN,nmod,0,1,4,3,1,0,0,1,1.0,True,False,Dk7-B-01_mptf.conllu,1,0,0
abāzārāstārīh,NOUN,conj,0,0,0,1,1,4,639,xwadāyīh,NOUN,nmod,1,1,2,2,1,0,0,0,0.0,False,False,Dk7-B-01_mptf.conllu,1,0,0
xwadāyīh,NOUN,nmod,0,1,0,1,1,638,34,ērān,PROPN,nmod,0,2,1,1,0,0,1,0,0.0,False,False,Dk7-B-01_mptf.conllu,1,0,0
abāzpaywandišnīh,NOUN,conj,0,0,0,1,1,4,72,amāwandīh,NOUN,nmod,0,1,3,2,2,0,0,1,0.0,True,False,Dk7-B-01_mptf.conllu,2,0,0
abāzpaywandišnīh,NOUN,conj,0,0,0,1,1,4,2158,dēn,NOUN,nmod,5,1,3,2,3,0,0,0,0.0,True,False,Dk7-B-01_mptf.conllu,2,0,0
dēn,NOUN,nmod,0,0,0,1,1,2149,3242,ohrmazd,PROPN,nmod,0,2,2,3,1,1,1,1,0.0,False,False,Dk7-B-01_mptf.conllu,1,0,0
husraw,PROPN,obl,0,0,0,0,0,36,141,kay,NOUN,nmod,0,2,2,3,0,0,0,0,0.2,False,False,Dk7-B-01_mptf.conllu,2,0,0
husraw,PROPN,obl,0,0,0,0,1,36,1,siyāwaxšān,PROPN,nmod,0,1,2,3,1,0,1,1,0.2,False,False,Dk7-B-01_mptf.conllu,2,0,0
frangrasyāg,PROPN,obj,0,0,0,1,1,83,56,tūr,PROPN,nmod,0,1,3,3,1,0,1,0,0.6,False,False,Dk7-B-01_mptf.conllu,1,0,0
tūr,PROPN,nmod,0,0,0,1,1,53,172,ǰādūg,NOUN,nmod,0,1,2,1,1,0,0,1,0.0,False,False,Dk7-B-01_mptf.conllu,1,0,0
hamwišūdag,NOUN,conj,0,0,0,1,1,1,18258,=š,PRON,nmod,0,2,1,3,0,0,0,0,0.0,True,False,Dk7-B-01_mptf.conllu,1,0,0
hamwišūdag,NOUN,conj,0,0,0,1,1,1,4,kirswazd,PROPN,appos,1,1,1,3,0,0,1,0,0.0,True,False,Dk7-B-01_mptf.conllu,1,0,0
murnǰēnīdār,NOUN,conj,0,0,0,1,1,25,1249,gēhān,NOUN,nmod,0,2,1,5,0,0,0,0,0.0,True,False,Dk7-B-01_mptf.conllu,1,1,0
murnǰēnīdār,NOUN,conj,0,0,0,1,1,25,444,wattar,ADJ,amod,0,1,1,5,0,0,0,0,0.0,True,False,Dk7-B-01_mptf.conllu,1,1,0
uzdēszār,NOUN,obl,0,0,0,1,1,19,521,bār,NOUN,nmod,1,1,3,3,3,1,0,1,0.8,True,True,Dk7-B-01_mptf.conllu,1,0,0
bār,NOUN,nmod,0,0,0,1,1,518,22,čēčast,PROPN,nmod,1,1,2,3,2,0,1,1,0.0,True,False,Dk7-B-01_mptf.conllu,1,0,0
čēčast,PROPN,nmod,0,0,0,1,1,22,328,war,NOUN,nmod,0,2,1,2,0,0,0,0,0.0,False,False,Dk7-B-01_mptf.conllu,1,0,0
druzīh,NOUN,obj,0,0,0,1,1,50,174,škeft,ADJ,amod,0,2,2,2,1,1,0,1,1.0,False,False,Dk7-B-01_mptf.conllu,0,1,0
abāyišnīgīh,NOUN,obl,0,0,0,1,1,26,30,abzārīh,NOUN,nmod,2,1,4,2,4,0,0,1,0.2,False,False,Dk7-B-01_mptf.conllu,1,0,0
abzārīh,NOUN,nmod,0,0,0,1,1,30,243,frašegird,NOUN,nmod,0,2,3,4,0,0,0,0,0.0,False,False,Dk7-B-01_mptf.conllu,1,0,0
nam,NOUN,conj:nmod,0,0,0,1,1,1,26,waxš,NOUN,nmod,3,1,2,3,3,0,0,1,0.0,False,False,Dk7-B-01_mptf.conllu,1,0,0
gyāg,NOUN,obl,0,0,0,1,1,1299,4,rāzīg,ADJ,amod,0,2,3,3,0,0,0,0,0.4,False,False,Dk7-B-01_mptf.conllu,0,1,0
kām,NOUN,obl,0,0,0,1,1,335,1006,dādār,NOUN,nmod,0,2,1,2,0,0,0,0,1.0,False,True,Dk7-B-01_mptf.conllu,1,0,0
zarduxšt,PROPN,nsubj,0,0,0,1,1,1746,359,spitāmān,PROPN,nmod,0,2,1,1,0,0,1,0,0.6666666666666666,False,False,Dk7-B-01_mptf.conllu,1,0,0
ohrmazd,PROPN,nmod,0,0,0,1,1,3237,1006,dādār,NOUN,nmod,0,2,1,1,0,0,0,0,0.0,False,True,Dk7-B-01_mptf.conllu,1,0,0
hampursagīh,NOUN,obl,0,0,0,1,1,107,3242,ohrmazd,PROPN,nmod,0,2,2,2,1,0,1,0,1.0,False,False,Dk7-B-01_mptf.conllu,1,0,0
ohrmazd,PROPN,obl,0,0,0,1,1,3237,22,wispāgāh,ADJ,amod,1,2,1,3,0,0,0,0,0.6666666666666666,False,False,Dk7-B-01_mptf.conllu,1,1,0
ohrmazd,PROPN,obl,0,0,0,1,1,3237,1006,dādār,NOUN,nmod,0,2,1,3,0,0,0,0,0.6666666666666666,False,True,Dk7-B-01_mptf.conllu,1,1,0
dānišn,NOUN,nmod,0,0,0,1,1,274,53,āsrōnīh,NOUN,nmod,6,2,3,2,3,0,0,0,0.0,True,False,Dk7-B-01_mptf.conllu,1,0,0
āgāhīh,NOUN,obj,0,0,0,1,1,221,275,dānišn,NOUN,nmod,1,2,4,3,2,0,0,0,1.0,False,True,Dk7-B-01_mptf.conllu,1,1,0
āgāhīh,NOUN,obj,0,0,0,1,1,221,2,hāmbahr,ADJ,amod,0,1,4,3,0,0,0,0,1.0,False,False,Dk7-B-01_mptf.conllu,1,1,0
āgāhīh,NOUN,obj,0,0,0,1,1,221,2158,dēn,NOUN,appos,1,1,4,3,2,0,0,1,1.0,False,False,Dk7-B-01_mptf.conllu,1,1,0
dēn,NOUN,appos,0,0,0,1,1,2149,595,mazdēst,ADJ,nmod,0,1,1,2,0,0,0,0,0.0,False,False,Dk7-B-01_mptf.conllu,1,0,0
framān,NOUN,obl,0,0,0,1,1,244,1006,dādār,NOUN,nmod,0,2,1,2,0,0,0,0,0.5,False,True,Dk7-B-01_mptf.conllu,1,0,0
wištāsp,PROPN,obl,0,0,0,1,0,233,141,kay,NOUN,nmod,0,2,1,3,0,0,0,0,1.0,False,False,Dk7-B-01_mptf.conllu,1,0,0
wištāsp,PROPN,obl,0,0,0,1,1,233,155,šāh,NOUN,appos,0,1,1,3,0,0,0,0,1.0,False,False,Dk7-B-01_mptf.conllu,1,0,0
rōšnīh,NOUN,obl,0,0,0,1,1,368,460,meh,ADJ,amod,0,2,2,3,1,1,0,1,0.3333333333333333,False,False,Dk7-B-01_mptf.conllu,0,1,0
dahībed,NOUN,nmod,0,0,0,1,0,244,18258,ōy,PRON,nmod,2,2,1,3,0,0,0,0,0.0,False,False,Dk7-B-01_mptf.conllu,2,1,0
dahībed,NOUN,nmod,0,0,0,1,1,244,6263,abardom,ADJ,amod,1,2,1,3,0,0,0,0,0.0,False,False,Dk7-B-01_mptf.conllu,2,1,0
dahībed,NOUN,nmod,0,1,0,1,1,244,1407,yazadān,NOUN,nmod,0,2,1,3,0,0,0,0,0.0,False,False,Dk7-B-01_mptf.conllu,2,1,0
kišwar,NOUN,obl,0,0,0,1,1,281,244,dahībed,NOUN,nmod,0,2,2,2,3,0,0,0,0.6666666666666666,False,False,Dk7-B-01_mptf.conllu,1,0,0
awisānišnīh,NOUN,obl,0,0,0,1,1,1,56,paywandišn,NOUN,nmod,2,1,3,2,4,0,0,1,1.0,True,False,Dk7-B-01_mptf.conllu,1,0,0
paywandišn,NOUN,nmod,0,0,0,1,1,55,1175,dām,NOUN,nmod,0,2,2,4,0,0,0,0,0.0,False,False,Dk7-B-01_mptf.conllu,2,0,0
paywandišn,NOUN,nmod,0,0,0,1,1,55,243,frašegird,NOUN,nmod,1,1,2,4,2,0,0,1,0.0,False,False,Dk7-B-01_mptf.conllu,2,0,0
kirdārīh,NOUN,dislocated:topic,0,0,0,1,0,47,18258,ōy,PRON,nmod,0,1,5,3,2,0,0,1,0.0,False,False,Dk7-B-01_mptf.conllu,1,0,0
ōy,PRON,nmod,0,1,0,0,1,18107,604,pusarān,NOUN,nmod,0,1,4,2,2,0,0,1,0.0,False,False,Dk7-B-01_mptf.conllu,1,0,0
pusarān,NOUN,nmod,1,0,0,1,1,604,53,ušēdar,PROPN,appos,0,1,3,2,2,0,1,0,0.0,False,False,Dk7-B-01_mptf.conllu,0,0,0
frašegird,NOUN,conj,0,0,0,1,1,243,320,axwān,NOUN,nmod,1,1,4,2,1,0,0,0,0.0,False,False,Dk7-B-01_mptf.conllu,1,0,0
dāmān,NOUN,nsubj,1,0,0,1,1,1172,3242,ohrmazd,PROPN,nmod,0,1,2,1,1,0,1,1,0.6666666666666666,False,False,Dk7-B-01_mptf.conllu,1,0,0
xwarrah,NOUN,nmod,0,0,0,1,1,554,43,warz,NOUN,nmod,0,2,1,1,0,0,0,0,0.0,False,False,Dk7-B-01_mptf.conllu,1,0,0
abdīh,NOUN,conj,0,0,0,1,1,108,554,xwarrah,NOUN,nmod,0,2,2,2,1,0,0,0,0.0,False,False,Dk7-B-01_mptf.conllu,1,0,0
dēn,NOUN,obl,0,0,0,1,1,2149,147,mahist,ADJ,amod,0,1,1,3,0,0,0,0,1.0,False,False,Dk7-B-01_mptf.conllu,0,1,0
nām,NOUN,advcl,0,0,0,1,1,528,1,aguft,ADJ,amod,0,2,1,1,0,0,0,0,0.0,False,False,Dk7-B-01_mptf.conllu,0,1,0
pursišn,NOUN,obl,0,0,0,1,1,369,1505,tis,NOUN,nmod,1,1,2,3,2,0,0,1,1.0,True,False,Dk7-B-01_mptf.conllu,1,0,0
pursišn,NOUN,conj,0,0,0,1,1,369,2158,dēn,NOUN,nmod,0,1,2,5,1,0,0,1,0.0,True,False,Dk7-B-01_mptf.conllu,1,0,0
zarduxšt,PROPN,root,0,0,0,1,1,1746,359,spitāmān,PROPN,nmod,0,1,2,5,1,0,1,1,0.0,False,False,Dk7-B-01_mptf.conllu,1,1,0
zarduxšt,PROPN,root,0,0,0,1,1,1746,1,ahlawfrawahr,ADJ,amod,1,1,2,5,0,0,0,0,0.0,False,False,Dk7-B-01_mptf.conllu,1,1,0
warz,NOUN,obl,0,0,0,1,1,43,15,waxšwar,NOUN,nmod,6,1,3,4,6,0,0,1,0.5,False,False,Dk7-B-01_mptf.conllu,1,0,0
waxšwar,NOUN,nmod,0,0,0,1,1,15,2158,dēn,NOUN,nmod,1,2,2,6,0,0,0,0,0.0,False,False,Dk7-B-01_mptf.conllu,1,3,0
waxšwar,NOUN,nmod,0,0,0,1,1,15,147,mahist,ADJ,amod,0,2,2,6,0,0,0,0,0.0,False,False,Dk7-B-01_mptf.conllu,1,3,0
waxšwar,NOUN,nmod,0,0,0,1,1,15,662,pāhlom,ADJ,amod,1,1,2,6,1,0,0,0,0.0,False,False,Dk7-B-01_mptf.conllu,1,3,0
waxšwar,NOUN,nmod,0,0,0,1,1,15,19,yaštfrawahr,ADJ,amod,2,1,2,6,0,0,0,0,0.0,False,False,Dk7-B-01_mptf.conllu,1,3,0
zarduxšt,PROPN,dislocated:topic,0,0,0,1,1,1746,359,spitāmān,PROPN,nmod,0,2,1,1,0,0,1,0,0.0,False,False,Dk7-B-01_mptf.conllu,1,0,0
dar,NOUN,obl,0,0,0,1,1,332,221,āgāhīh,NOUN,nmod,2,1,3,2,2,0,0,0,0.5,False,False,Dk7-B-01_mptf.conllu,1,0,0
āgāhīh,NOUN,nmod,0,0,0,1,1,221,41,wābarīgān,NOUN,nmod,2,1,2,2,3,0,0,1,0.0,False,False,Dk7-B-01_mptf.conllu,1,0,0
wābarīgān,NOUN,nmod,0,0,0,1,1,1,537,abestāg,NOUN,nmod,0,2,1,3,0,0,0,0,0.0,False,False,Dk7-B-01_mptf.conllu,1,0,0
dēn,NOUN,nsubj,0,0,0,1,1,2149,3242,ohrmazd,PROPN,nmod,0,1,2,2,1,0,1,1,1.0,False,False,Dk7-B-01_mptf.conllu,1,0,0
zāyišn,NOUN,acl:relcl,0,0,0,1,1,145,12,warzāwend,ADJ,nmod,1,1,3,4,2,0,0,1,0.0,True,False,Dk7-B-01_mptf.conllu,2,0,0
zāyišn,NOUN,acl:relcl,0,0,0,1,1,145,1385,madan,NOUN,nmod,3,1,3,4,3,0,0,0,0.0,True,True,Dk7-B-01_mptf.conllu,2,0,0
madan,NOUN,nmod,0,0,0,1,1,68,18258,=š,PRON,nmod,0,1,2,3,1,0,0,1,0.0,True,False,Dk7-B-01_mptf.conllu,2,0,0
madan,NOUN,nmod,0,0,0,1,1,68,107,hampursagīh,NOUN,nmod,3,1,2,3,2,0,0,0,0.0,True,False,Dk7-B-01_mptf.conllu,2,0,0
hampursagīh,NOUN,nmod,0,0,0,1,1,107,3242,ohrmazd,PROPN,nmod,0,2,1,2,0,0,1,0,0.0,False,False,Dk7-B-01_mptf.conllu,1,0,0
āfrīgānīh,NOUN,obl,0,0,0,1,1,1,18258,=š,PRON,nmod,0,1,3,4,1,0,0,1,1.0,False,False,Dk7-B-01_mptf.conllu,2,0,0
āfrīgānīh,NOUN,obl,0,0,0,1,1,1,15,waxšwarīh,NOUN,nmod,2,1,3,4,1,0,0,0,1.0,False,False,Dk7-B-01_mptf.conllu,2,0,0
padīruftan,NOUN,conj,0,0,0,1,1,12,1249,gēhān,NOUN,nmod,0,2,2,4,0,0,0,0,0.0,True,False,Dk7-B-01_mptf.conllu,3,0,0
padīruftan,NOUN,conj,0,0,0,1,1,12,235,wištāsp,PROPN,nmod,2,1,2,4,2,0,1,0,0.0,True,False,Dk7-B-01_mptf.conllu,3,0,0
padīruftan,NOUN,conj,0,0,0,1,1,12,2158,dēn,NOUN,nmod,3,1,2,4,0,0,0,0,0.0,True,False,Dk7-B-01_mptf.conllu,3,0,0
wištāsp,PROPN,nmod,0,0,0,1,1,233,13,burzāwand,ADJ,amod,1,2,1,2,0,0,0,0,0.0,False,False,Dk7-B-01_mptf.conllu,1,1,0
wištāsp,PROPN,nmod,0,0,0,1,0,233,141,kay,NOUN,nmod,0,2,1,2,0,0,0,0,0.0,False,False,Dk7-B-01_mptf.conllu,1,1,0
wihēz,NOUN,obl,0,0,0,1,1,18,1226,ruwān,NOUN,nmod,2,1,3,3,2,0,0,0,1.0,False,False,Dk7-B-01_mptf.conllu,2,0,0
wihēz,NOUN,obl,0,0,0,1,1,18,320,axwān,NOUN,nmod,6,1,3,3,3,0,0,0,1.0,False,False,Dk7-B-01_mptf.conllu,2,0,0
ruwān,NOUN,nmod,0,0,0,1,0,1224,18258,ōy,PRON,nmod,1,2,2,2,0,0,0,0,0.0,False,False,Dk7-B-01_mptf.conllu,1,1,0
ruwān,NOUN,nmod,0,0,0,1,1,1224,244,abēzag,ADJ,amod,0,2,2,2,1,0,0,1,0.0,False,False,Dk7-B-01_mptf.conllu,1,1,0
axwān,NOUN,nmod,0,0,0,1,1,320,662,pāhlom,ADJ,amod,0,2,2,3,1,1,0,1,0.0,False,False,Dk7-B-01_mptf.conllu,0,1,0
xwadāyīh,NOUN,obl,0,0,0,1,1,638,235,wištāsp,PROPN,nmod,2,1,2,2,3,0,1,1,1.0,False,False,Dk7-B-01_mptf.conllu,1,0,0
wištāsp,PROPN,nmod,0,0,0,1,1,233,2,rāmšāh,NOUN,nmod,1,2,1,3,0,0,0,0,0.0,False,False,Dk7-B-01_mptf.conllu,2,0,0
wištāsp,PROPN,nmod,0,0,0,1,0,233,141,kay,NOUN,nmod,0,2,1,3,0,0,0,0,0.0,False,False,Dk7-B-01_mptf.conllu,2,0,0
hanǰābišn,NOUN,obl,0,0,0,1,1,3,639,xwadāyīh,NOUN,nmod,1,1,2,2,2,0,0,1,1.0,True,False,Dk7-B-01_mptf.conllu,1,0,0
xwadāyīh,NOUN,nmod,0,0,0,1,1,638,152,ērān,NOUN,nmod,0,2,1,2,0,0,0,0,0.0,False,False,Dk7-B-01_mptf.conllu,1,0,0
hazangrōzim,NOUN,nmod,0,0,0,1,1,57,49,zarduxštān,ADJ,amod,0,1,2,1,1,0,0,1,0.0,False,False,Dk7-B-01_mptf.conllu,0,1,0
sar,NOUN,obl,0,0,0,1,1,700,59,hazangrōzim,NOUN,nmod,1,2,3,3,1,0,0,0,1.0,False,False,Dk7-B-01_mptf.conllu,1,0,0
rasišn,NOUN,conj,0,0,0,1,1,166,53,ušēdar,PROPN,nmod,0,1,2,1,1,0,1,1,0.0,True,False,Dk7-B-01_mptf.conllu,1,0,0
hazangrōzim,NOUN,obl,0,0,0,1,1,57,11,ušēdarān,ADJ,nmod,0,1,3,3,1,0,0,1,1.0,False,False,Dk7-B-01_mptf.conllu,1,0,0
rasišn,NOUN,conj,0,0,0,1,1,166,50,ušēdarmāh,PROPN,nmod,0,1,2,1,1,0,1,1,0.0,True,False,Dk7-B-01_mptf.conllu,1,0,0
hazangrōzim,NOUN,nmod,0,0,0,1,1,57,12,ušēdarmāhān,ADJ,amod,0,1,2,1,1,0,0,1,0.0,False,False,Dk7-B-01_mptf.conllu,0,1,0
sar,NOUN,obl,0,0,0,1,1,700,59,hazangrōzim,NOUN,nmod,1,2,3,3,1,0,0,0,1.0,False,False,Dk7-B-01_mptf.conllu,1,0,0
rasišn,NOUN,conj,0,0,0,1,1,166,235,sōšyāns,PROPN,nmod,0,1,1,2,0,0,1,0,0.0,True,False,Dk7-B-01_mptf.conllu,1,0,0
rasišn,NOUN,csubj,0,0,0,1,1,166,144,sūdōmand,NOUN,nmod,0,1,3,4,2,0,0,1,0.0,True,False,Dk7-B-01_mptf.conllu,1,0,0
sūdōmand,NOUN,nmod,0,0,0,1,1,5,139,pērōzgar,ADJ,amod,0,1,1,2,0,0,0,0,0.0,False,False,Dk7-B-01_mptf.conllu,0,1,0
frašegird,NOUN,conj,0,0,0,1,1,243,31,abd,ADJ,amod,0,2,1,1,0,0,0,0,0.0,False,False,Dk7-B-01_mptf.conllu,0,1,0
tan,NOUN,conj,0,0,0,1,1,2253,190,pasēn,ADJ,amod,0,1,2,1,1,0,0,1,0.0,False,False,Dk7-B-01_mptf.conllu,0,1,0
abdīh,NOUN,root,0,0,0,1,1,108,108,paydāgīhistan,NOUN,nmod,0,1,3,4,2,0,0,1,0.0,False,True,Dk7-B-01_mptf.conllu,1,0,0
paydāgīhistan,NOUN,nmod,0,0,0,1,1,5,18258,=iš,PRON,nmod,1,1,2,2,1,0,0,0,0.0,True,False,Dk7-B-01_mptf.conllu,1,0,0
zāyišn,NOUN,obl,0,0,0,1,1,145,221,farroxtom,ADJ,nmod,2,1,2,3,3,0,0,1,1.0,True,False,Dk7-B-01_mptf.conllu,2,0,0
zāyišn,NOUN,obl,0,0,0,1,1,145,210,mād,NOUN,nmod,4,1,2,3,1,0,0,0,1.0,True,False,Dk7-B-01_mptf.conllu,2,0,0
xwarrah,NOUN,obj,0,0,0,1,1,554,1747,zarduxšt,PROPN,nmod,0,2,2,2,1,1,1,1,0.5,False,False,Dk7-B-01_mptf.conllu,1,0,0
ārag,NOUN,obl,0,0,0,1,1,1,2,mādišt,NOUN,nmod,0,2,1,2,0,0,0,0,0.75,False,False,Dk7-B-01_mptf.conllu,1,0,0
mādišt,NOUN,conj,0,0,0,1,1,2,1747,zarduxšt,PROPN,nmod,0,2,2,3,1,1,1,1,0.0,False,False,Dk7-B-01_mptf.conllu,1,0,0
abdīh,NOUN,nsubj,0,0,0,1,1,108,230,wuzurg,ADJ,amod,0,2,1,1,0,0,0,0,0.8571428571428571,False,False,Dk7-B-01_mptf.conllu,0,1,0
dahišn,NOUN,obj,0,0,0,1,1,636,1747,zarduxšt,PROPN,nmod,0,2,2,2,1,1,1,1,0.5,True,False,Dk7-B-01_mptf.conllu,1,0,0
dahišn,NOUN,obl,0,0,0,1,1,636,4,pēšnēmag,NOUN,nmod,1,2,2,3,0,0,0,0,0.8333333333333334,True,False,Dk7-B-01_mptf.conllu,3,0,0
dahišn,NOUN,obl,0,0,0,1,1,636,3242,ohrmazd,PROPN,nmod,0,2,2,3,1,0,1,1,0.8333333333333334,True,False,Dk7-B-01_mptf.conllu,3,0,0
dahišn,NOUN,obl,0,0,0,1,1,636,1747,zarduxšt,PROPN,nmod,0,1,2,3,1,0,1,1,0.8333333333333334,True,False,Dk7-B-01_mptf.conllu,3,0,0
rōšnīh,NOUN,obl,0,0,0,1,1,368,16,anagr,ADJ,amod,0,2,2,4,1,1,0,1,1.0,False,False,Dk7-B-01_mptf.conllu,0,1,0
ātaxš,NOUN,obl,0,0,0,1,1,1442,231,xānag,NOUN,nmod,1,1,2,3,3,0,0,1,1.0,False,False,Dk7-B-01_mptf.conllu,1,0,0
xānag,NOUN,nmod,0,0,0,1,1,231,3,zōiš,PROPN,nmod,0,1,1,3,0,0,1,0,0.0,False,False,Dk7-B-01_mptf.conllu,1,0,0
zōiš,PROPN,nmod,0,0,0,1,1,3,5,frāhīm.ruuāną,ADJ,amod,0,2,1,2,0,0,0,0,0.0,False,False,Dk7-B-01_mptf.conllu,0,1,0
zan,NOUN,obl,0,0,0,1,1,890,3,zōiš,PROPN,nmod,0,2,2,4,2,1,1,1,0.6666666666666666,False,False,Dk7-B-01_mptf.conllu,1,0,0
burdār,NOUN,acl:relcl,0,0,0,1,1,16,1747,zarduxšt,PROPN,nmod,0,2,1,3,0,0,1,0,0.0,True,False,Dk7-B-01_mptf.conllu,1,0,0
ayārīh,NOUN,obl,0,0,0,1,0,285,1925,tō,PRON,nmod,0,1,2,2,1,0,0,1,0.9166666666666666,False,False,Dk7-B-01_mptf.conllu,1,0,0
wis,NOUN,nsubj,0,0,0,1,1,97,1,bagtāšīδ,ADJ,amod,0,1,2,3,0,1,0,0,1.0,False,False,Dk7-B-01_mptf.conllu,0,2,0
wis,NOUN,nsubj,0,0,0,1,1,97,46,xwābar,ADJ,amod,1,1,2,3,1,1,0,1,1.0,False,False,Dk7-B-01_mptf.conllu,0,2,0
drubuštīh,NOUN,nmod,0,0,0,1,1,54,54,drubuštīh,NOUN,nmod,0,2,1,1,1,0,0,0,0.0,False,False,DMX-K43a-01_mptf.conllu,1,0,0
xrad,NOUN,nmod,0,0,0,1,1,654,654,xrad,NOUN,nmod,0,2,1,1,1,0,0,0,0.0,False,False,DMX-K43a-01_mptf.conllu,1,0,0
mardōmān,NOUN,nmod,1,1,0,1,1,2713,2716,mardōmān,NOUN,nmod,0,2,1,1,1,0,0,0,0.0,False,False,DMX-K43a-01_mptf.conllu,1,0,0
yazadān,NOUN,nmod,1,1,0,1,1,1403,1407,yazadān,NOUN,nmod,0,2,1,1,1,0,0,0,0.0,False,False,DMX-K43a-01_mptf.conllu,1,0,0
dēn,NOUN,nmod,0,0,0,1,1,2149,2158,dēn,NOUN,nmod,0,2,1,1,1,0,0,0,0.0,False,False,DMX-K43a-01_mptf.conllu,1,0,0
xrad,NOUN,nmod,0,0,0,1,1,654,654,xrad,NOUN,nmod,0,2,1,1,1,0,0,0,0.0,False,False,DMX-K43a-01_mptf.conllu,1,0,0
gētīg,NOUN,nmod,0,0,1,1,1,1041,1135,gētīg,NOUN,nmod,0,2,1,1,1,0,0,0,0.0,False,False,DMX-K43a-01_mptf.conllu,1,0,0
gētīg,NOUN,nmod,0,0,1,1,1,1041,1135,gētīg,NOUN,nmod,0,2,1,1,1,0,0,0,0.0,False,False,DMX-K43a-01_mptf.conllu,1,0,0
xrad,NOUN,nmod,0,0,0,1,1,654,654,xrad,NOUN,nmod,0,2,1,1,1,0,0,0,0.0,False,False,DMX-K43a-01_mptf.conllu,1,0,0
xwadāy,NOUN,appos,0,0,0,0,0,494,499,xwadāy,NOUN,appos,0,2,1,1,1,0,0,0,0.0,False,False,DMX-K43a-01_mptf.conllu,0,0,0
xrad,NOUN,nmod,0,0,0,1,1,654,654,xrad,NOUN,nmod,0,2,1,1,1,0,0,0,0.0,False,False,DMX-K43a-01_mptf.conllu,1,0,0
xrad,NOUN,nmod,0,0,0,1,1,654,654,xrad,NOUN,nmod,0,2,1,1,1,0,0,0,0.0,False,False,DMX-K43a-01_mptf.conllu,1,0,0
xrad,NOUN,nmod,0,0,0,1,1,654,654,xrad,NOUN,nmod,0,2,1,1,1,0,0,0,0.0,False,False,DMX-K43a-01_mptf.conllu,1,0,0
ēzišn,NOUN,nmod,0,0,0,1,1,74,76,ēzišn,NOUN,nmod,0,2,1,1,1,0,0,0,0.0,False,False,DMX-K43a-01_mptf.conllu,1,0,0
mēnōy,NOUN,nmod,0,0,0,0,0,1405,1550,mēnōy,NOUN,nmod,0,2,1,1,1,0,0,0,0.0,False,False,DMX-K43a-01_mptf.conllu,1,0,0
xrad,NOUN,nmod,0,0,0,1,1,654,654,xrad,NOUN,nmod,0,2,1,1,1,0,0,0,0.0,False,False,DMX-K43a-01_mptf.conllu,1,0,0
xrad,NOUN,nmod,0,0,0,1,1,654,654,xrad,NOUN,nmod,0,2,1,1,1,0,0,0,0.0,False,False,DMX-K43a-01_mptf.conllu,1,0,0
mēnōy,NOUN,appos,0,0,0,0,0,1405,1550,mēnōy,NOUN,appos,0,2,1,1,1,0,0,0,0.0,False,False,DMX-K43a-01_mptf.conllu,0,0,0
xrad,NOUN,nmod,0,0,0,1,1,654,654,xrad,NOUN,nmod,0,2,1,1,1,0,0,0,0.0,False,False,DMX-K43a-01_mptf.conllu,1,0,0
=t,PRON,nmod,0,0,0,1,1,1925,1925,=t,PRON,nmod,0,2,1,1,1,0,0,0,0.0,False,False,DMX-K43a-01_mptf.conllu,1,0,0
yazadān,NOUN,nmod,1,1,0,1,1,1403,1407,yazadān,NOUN,nmod,0,2,1,1,1,0,0,0,0.0,False,False,DMX-K43a-01_mptf.conllu,1,0,0
dārišn,NOUN,nmod,0,0,0,1,1,399,401,dārišn,NOUN,nmod,0,2,1,1,1,0,0,0,0.0,True,True,DMX-K43a-01_mptf.conllu,1,0,0
tan,NOUN,nmod,0,0,0,1,1,2253,2253,tan,NOUN,nmod,0,2,1,1,1,0,0,0,0.0,False,False,DMX-K43a-01_mptf.conllu,1,0,0
ruwān,NOUN,nmod,0,0,0,1,1,1224,1226,ruwān,NOUN,nmod,0,2,1,1,1,0,0,0,0.0,False,False,DMX-K43a-01_mptf.conllu,1,0,0
xrad,NOUN,nmod,0,0,0,1,1,654,654,xrad,NOUN,nmod,0,2,1,1,1,0,0,0,0.0,False,False,DMX-K43a-01_mptf.conllu,1,0,0
tan,NOUN,nmod,0,0,0,1,1,2253,2253,tan,NOUN,nmod,0,2,1,1,1,0,0,0,0.0,False,False,DMX-K43a-01_mptf.conllu,1,0,0
spazgīh,NOUN,nmod,0,0,0,1,1,13,13,spazgīh,NOUN,nmod,0,2,1,1,1,0,0,0,0.0,False,False,DMX-K43a-01_mptf.conllu,1,0,0
ahreman,PROPN,nmod,0,0,0,1,1,322,323,ahreman,PROPN,nmod,0,2,1,1,1,0,1,0,0.0,False,False,DMX-K43a-01_mptf.conllu,1,0,0
gētīg,NOUN,nmod,0,0,1,1,1,1041,1135,gētīg,NOUN,nmod,0,2,1,1,1,0,0,0,0.0,False,False,DMX-K43a-01_mptf.conllu,1,0,0
xwēš,PRON,nmod,0,0,0,1,1,2327,2375,xwēš,PRON,nmod,0,2,1,1,1,0,0,0,0.0,False,False,DMX-K43a-01_mptf.conllu,1,0,0
gōhr,NOUN,nmod,0,0,0,1,1,153,153,gōhr,NOUN,nmod,0,2,1,1,1,0,0,0,0.0,False,False,DMX-K43a-01_mptf.conllu,1,0,0
hordād,PROPN,nmod,0,0,0,1,1,120,120,hordād,PROPN,nmod,0,2,1,1,1,0,1,0,0.0,False,False,DMX-K43a-01_mptf.conllu,1,0,0
xwēš,PRON,nmod,0,0,0,1,1,2327,2375,xwēš,PRON,nmod,0,2,1,1,1,0,0,0,0.0,False,False,DMX-K43a-01_mptf.conllu,1,0,0
ēd,PRON,nmod,0,0,0,1,1,1764,1907,ēd,PRON,nmod,0,2,1,1,1,0,0,0,0.0,False,False,DMX-K43a-01_mptf.conllu,1,0,0
kasān,PRON,nmod,1,1,0,1,1,1086,1092,kasān,PRON,nmod,0,2,1,1,1,0,0,0,0.0,False,False,DMX-K43a-01_mptf.conllu,1,0,0
xwēš,PRON,nmod,0,0,0,1,1,2327,2375,xwēš,PRON,nmod,0,2,1,1,1,0,0,0,0.0,False,False,DMX-K43a-01_mptf.conllu,1,0,0
kasān,PRON,nmod,1,1,0,1,1,1086,1092,kasān,PRON,nmod,0,2,1,1,1,0,0,0,0.0,False,False,DMX-K43a-01_mptf.conllu,1,0,0
dōstān,NOUN,nmod,1,1,0,1,1,180,191,dōstān,NOUN,nmod,0,2,1,1,1,0,0,0,0.0,False,False,DMX-K43a-01_mptf.conllu,1,0,0
pādixšāyān,NOUN,nmod,1,1,0,1,1,17,910,pādixšāyān,NOUN,nmod,0,2,1,1,1,0,0,0,0.0,False,False,DMX-K43a-01_mptf.conllu,1,0,0
mardōmān,NOUN,nmod,1,1,0,1,1,2713,2716,mardōmān,NOUN,nmod,0,2,1,1,1,0,0,0,0.0,False,False,DMX-K43a-01_mptf.conllu,1,0,0
nām,NOUN,nmod,0,0,0,1,1,528,528,nām,NOUN,nmod,0,2,1,1,1,0,0,0,0.0,False,False,DMX-K43a-01_mptf.conllu,1,0,0
ruwān,NOUN,nmod,0,0,0,1,1,1224,1226,ruwān,NOUN,nmod,0,2,1,1,1,0,0,0,0.0,False,False,DMX-K43a-01_mptf.conllu,1,0,0
kār,NOUN,nmod,0,0,0,1,1,1414,1416,kār,NOUN,nmod,0,2,1,1,1,0,0,0,0.0,True,True,DMX-K43a-01_mptf.conllu,1,0,0
kas,PRON,nmod,0,0,0,1,1,1086,1092,kas,PRON,nmod,0,2,1,1,1,0,0,0,0.0,False,False,DMX-K43a-01_mptf.conllu,1,0,0
xwēštan,PRON,nmod,0,0,0,1,1,58,62,xwēštan,PRON,nmod,0,2,1,1,1,0,0,0,0.0,False,False,DMX-K43a-01_mptf.conllu,1,0,0
rāstīh,NOUN,nmod,0,0,0,1,1,199,199,rāstīh,NOUN,nmod,0,2,1,1,1,0,0,0,0.0,False,False,DMX-K43a-01_mptf.conllu,1,0,0
ēbgat,NOUN,nmod,0,0,0,1,1,180,181,ēbgat,NOUN,nmod,0,2,1,1,1,0,0,0,0.0,False,False,DMX-K43a-01_mptf.conllu,1,0,0
xwēštan,PRON,nmod,0,0,0,1,1,58,62,xwēštan,PRON,nmod,0,2,1,1,1,0,0,0,0.0,False,False,DMX-K43a-01_mptf.conllu,1,0,0
druyistīh,NOUN,nmod,0,0,0,1,1,60,62,druyistīh,NOUN,nmod,0,2,1,1,1,0,0,0,0.0,False,False,DMX-K43a-01_mptf.conllu,1,0,0
tan,NOUN,nmod,0,0,0,1,1,2253,2253,tan,NOUN,nmod,0,2,1,1,1,0,0,0,0.0,False,False,DMX-K43a-01_mptf.conllu,1,0,0
kār,NOUN,nmod,0,0,0,1,1,1414,1416,kār,NOUN,nmod,0,2,1,1,1,0,0,0,0.0,True,True,DMX-K43a-01_mptf.conllu,1,0,0
anāzarmīh,NOUN,nmod,0,0,0,1,1,1,1,anāzarmīh,NOUN,nmod,0,2,1,1,1,0,0,0,0.0,False,False,DMX-K43a-01_mptf.conllu,1,0,0
kirbag,NOUN,nmod,0,0,0,1,1,1055,1057,kirbag,NOUN,nmod,0,2,1,1,1,0,0,0,0.0,False,False,DMX-K43a-01_mptf.conllu,1,0,0
gētīg,NOUN,nmod,0,0,1,1,1,1041,1135,gētīg,NOUN,nmod,0,2,1,1,1,0,0,0,0.0,False,False,DMX-K43a-01_mptf.conllu,1,0,0
xwarišnān,NOUN,nmod,1,1,0,1,1,482,485,xwarišnān,NOUN,nmod,0,2,1,1,1,0,0,0,0.0,True,True,DMX-K43a-01_mptf.conllu,1,0,0
mār,NOUN,nmod,0,0,0,1,1,95,95,mār,NOUN,nmod,0,2,1,1,1,0,0,0,0.0,True,True,DMX-K43a-01_mptf.conllu,1,0,0
dušox,PROPN,nmod,0,0,0,1,1,371,371,dušox,PROPN,nmod,0,2,1,1,1,0,1,0,0.0,False,False,DMX-K43a-01_mptf.conllu,1,0,0
ēwēnag,NOUN,amod,0,0,0,1,1,782,790,ēwēnag,NOUN,amod,0,2,1,1,1,0,0,0,0.0,False,False,DMX-K43a-01_mptf.conllu,0,1,0
tan,NOUN,nmod,0,0,0,1,1,2253,2253,tan,NOUN,nmod,0,2,1,1,1,0,0,0,0.0,False,False,DMX-K43a-01_mptf.conllu,1,0,0
ruwān,NOUN,nmod,0,0,0,1,1,1224,1226,ruwān,NOUN,nmod,0,2,1,1,1,0,0,0,0.0,False,False,DMX-K43a-01_mptf.conllu,1,0,0
ātaxšān,NOUN,nmod,1,1,0,1,1,1442,1446,ātaxšān,NOUN,nmod,0,2,1,1,1,0,0,0,0.0,False,False,DMX-K43a-01_mptf.conllu,1,0,0
xrad,NOUN,nmod,0,0,0,1,1,654,654,xrad,NOUN,nmod,0,2,1,1,1,0,0,0,0.0,False,False,DMX-K43a-01_mptf.conllu,1,0,0
zamīg,NOUN,nmod,0,0,1,1,1,1266,1276,zamīg,NOUN,nmod,0,2,1,1,1,0,0,0,0.0,False,False,DMX-K43a-01_mptf.conllu,1,0,0
wehān,NOUN,nmod,0,0,0,1,1,339,1864,wehān,NOUN,nmod,0,2,1,1,1,0,0,0,0.0,False,False,DMX-K43a-01_mptf.conllu,1,0,0
wattarān,NOUN,nmod,1,1,0,1,1,148,444,wattarān,NOUN,nmod,0,2,1,1,1,0,0,0,0.0,False,False,DMX-K43a-01_mptf.conllu,1,0,0
wahišt,PROPN,nmod,0,0,0,1,1,170,170,wahišt,PROPN,nmod,0,2,1,1,1,0,1,0,0.0,False,False,DMX-K43a-01_mptf.conllu,1,0,0
=šān,PRON,nmod,1,1,0,1,1,4503,4718,=šān,PRON,nmod,0,2,1,1,1,0,0,0,0.0,False,False,DMX-K43a-01_mptf.conllu,1,0,0
yazadān,NOUN,nmod,1,1,0,1,1,1403,1407,yazadān,NOUN,nmod,0,2,1,1,1,0,0,0,0.0,False,False,DMX-K43a-01_mptf.conllu,1,0,0
ahreman,PROPN,nmod,0,0,0,1,1,322,323,ahreman,PROPN,nmod,0,2,1,1,1,0,1,0,0.0,False,False,DMX-K43a-01_mptf.conllu,1,0,0
gōnag,NOUN,nmod,0,0,0,1,1,85,90,gōnag,NOUN,nmod,0,2,1,1,1,0,0,0,0.0,False,False,DMX-K43a-01_mptf.conllu,1,0,0
xrad,NOUN,nmod,0,0,0,1,1,654,654,xrad,NOUN,nmod,0,2,1,1,1,0,0,0,0.0,False,False,DMX-K43a-01_mptf.conllu,1,0,0
xwēš,PRON,nmod,0,0,0,1,1,2327,2375,xwēš,PRON,nmod,0,2,1,1,1,0,0,0,0.0,False,False,DMX-K43a-01_mptf.conllu,1,0,0
ohrmazd,PROPN,nmod,0,0,0,1,1,3237,3242,ohrmazd,PROPN,nmod,0,2,1,1,1,0,1,0,0.0,False,False,DMX-K43a-01_mptf.conllu,1,0,0
āb,NOUN,nmod,0,0,0,1,1,2066,2067,āb,NOUN,nmod,0,2,1,1,1,0,0,0,0.0,False,False,DMX-K43a-01_mptf.conllu,1,0,0
zamīg,NOUN,nmod,0,0,1,1,1,1266,1276,zamīg,NOUN,nmod,0,2,1,1,1,0,0,0,0.0,False,False,DMX-K43a-01_mptf.conllu,1,0,0
xwēnāhan,NOUN,nmod,0,0,0,1,1,6,12,xwēnāhan,NOUN,nmod,0,2,1,1,1,0,0,0,0.0,False,False,DMX-K43a-01_mptf.conllu,1,0,0
āb,NOUN,nmod,0,0,0,1,1,2066,2067,āb,NOUN,nmod,0,2,1,1,1,0,0,0,0.0,False,False,DMX-K43a-01_mptf.conllu,1,0,0
zamīg,NOUN,nmod,0,0,1,1,1,1266,1276,zamīg,NOUN,nmod,0,2,1,1,1,0,0,0,0.0,False,False,DMX-K43a-01_mptf.conllu,1,0,0
tan,NOUN,nmod,0,0,0,1,1,2253,2253,tan,NOUN,nmod,0,2,1,1,1,0,0,0,0.0,False,False,DMX-K43a-01_mptf.conllu,1,0,0
mardōmān,NOUN,nmod,1,1,0,1,1,2713,2716,mardōmān,NOUN,nmod,0,2,1,1,1,0,0,0,0.0,False,False,DMX-K43a-01_mptf.conllu,1,0,0
=š,PRON,nmod,0,0,0,1,1,18107,18258,=š,PRON,nmod,0,2,1,1,1,0,0,0,0.0,False,False,DMX-K43a-01_mptf.conllu,1,0,0
=š,PRON,nmod,0,0,0,1,1,18107,18258,=š,PRON,nmod,0,2,1,1,1,0,0,0,0.0,False,False,DMX-K43a-01_mptf.conllu,1,0,0
ohrmazd,PROPN,nmod,0,0,0,1,1,3237,3242,ohrmazd,PROPN,nmod,0,2,1,1,1,0,1,0,0.0,False,False,DMX-K43a-01_mptf.conllu,1,0,0
dēwān,NOUN,nmod,1,1,0,1,1,1336,1338,dēwān,NOUN,nmod,0,2,1,1,1,0,0,0,0.0,False,False,DMX-K43a-01_mptf.conllu,1,0,0
xwadāy,NOUN,appos,0,0,0,0,0,494,499,xwadāy,NOUN,appos,0,2,1,1,1,0,0,0,0.0,False,False,DMX-K43a-01_mptf.conllu,0,0,0
kirbag,NOUN,nmod,0,0,0,1,1,1055,1057,kirbag,NOUN,nmod,0,2,1,1,1,0,0,0,0.0,False,False,DMX-K43a-01_mptf.conllu,1,0,0
wināh,NOUN,nmod,0,0,0,1,1,1238,1238,wināh,NOUN,nmod,0,2,1,1,1,0,0,0,0.0,False,False,DMX-K43a-01_mptf.conllu,1,0,0
=šān,PRON,nmod,1,1,0,1,1,4503,4718,=šān,PRON,nmod,0,2,1,1,1,0,0,0,0.0,False,False,DMX-K43a-01_mptf.conllu,1,0,0
bun,NOUN,nmod,0,0,0,1,1,959,971,bun,NOUN,nmod,0,2,1,1,1,0,0,0,0.0,False,False,DMX-K43a-01_mptf.conllu,1,0,0
sōšāns,PROPN,appos,0,0,0,1,1,234,235,sōšāns,PROPN,appos,0,2,1,1,1,0,1,0,0.0,False,False,DMX-K43a-01_mptf.conllu,0,0,0
tan,NOUN,nmod,0,0,0,1,1,2253,2253,tan,NOUN,nmod,0,2,1,1,1,0,0,0,0.0,False,False,DMX-K43a-01_mptf.conllu,1,0,0
ōy,PRON,nmod,0,0,0,0,0,18107,18258,ōy,PRON,nmod,0,2,1,1,1,0,0,0,0.0,False,False,DMX-K43a-01_mptf.conllu,1,0,0
dēn,NOUN,nmod,0,0,0,1,1,2149,2158,dēn,NOUN,nmod,0,2,1,1,1,0,0,0,0.0,False,False,DMX-K43a-01_mptf.conllu,1,0,0
kayguštāsp,PROPN,flat,0,0,0,1,1,6,6,kayguštāsp,PROPN,flat,0,2,1,1,1,0,1,0,0.0,False,False,DMX-K43a-01_mptf.conllu,0,0,0
ōy,PRON,nmod,0,0,0,0,0,18107,18258,ōy,PRON,nmod,0,2,1,1,1,0,0,0,0.0,False,False,DMX-K43a-01_mptf.conllu,1,0,0
xrad,NOUN,nmod,0,0,0,1,1,654,654,xrad,NOUN,nmod,0,2,1,1,1,0,0,0,0.0,False,False,DMX-K43a-01_mptf.conllu,1,0,0
xrad,NOUN,nmod,0,0,0,1,1,654,654,xrad,NOUN,nmod,0,2,1,1,1,0,0,0,0.0,False,False,DMX-K43a-01_mptf.conllu,1,0,0
xwadāy,NOUN,appos,0,0,0,0,0,494,499,xwadāy,NOUN,appos,0,2,1,1,1,0,0,0,0.0,False,False,DMX-K43a-01_mptf.conllu,0,0,0
dāmān,NOUN,nmod,1,1,0,1,1,1172,1175,dāmān,NOUN,nmod,0,2,1,1,1,0,0,0,0.0,False,False,DMX-K43a-01_mptf.conllu,1,0,0
xwēš,PRON,nmod,0,0,0,1,1,2327,2375,xwēš,PRON,nmod,0,2,1,1,1,0,0,0,0.0,False,False,DMX-K43a-01_mptf.conllu,1,0,0
ahlawān,NOUN,nmod,1,1,0,1,1,378,2060,ahlawān,NOUN,nmod,0,2,1,1,1,0,0,0,0.0,False,False,DMX-K43a-01_mptf.conllu,1,0,0
druwandān,NOUN,nmod,1,1,0,1,1,234,657,druwandān,NOUN,nmod,0,2,1,1,1,0,0,0,0.0,False,False,DMX-K43a-01_mptf.conllu,1,0,0
xrad,NOUN,nmod,0,0,0,1,1,654,654,xrad,NOUN,nmod,0,2,1,1,1,0,0,0,0.0,False,False,DMX-K43a-01_mptf.conllu,1,0,0
xrad,NOUN,nmod,0,0,0,1,1,654,654,xrad,NOUN,nmod,0,2,1,1,1,0,0,0,0.0,False,False,DMX-K43a-01_mptf.conllu,1,0,0
artēštārān,NOUN,nmod,1,1,0,1,1,110,111,artēštārān,NOUN,nmod,0,2,1,1,1,0,0,0,0.0,True,True,DMX-K43a-01_mptf.conllu,1,0,0
xwēš,PRON,nmod,0,0,0,1,1,2327,2375,xwēš,PRON,nmod,0,2,1,1,1,0,0,0,0.0,False,False,DMX-K43a-01_mptf.conllu,1,0,0
xwēš,PRON,nmod,0,0,0,1,1,2327,2375,xwēš,PRON,nmod,0,2,1,1,1,0,0,0,0.0,False,False,DMX-K43a-01_mptf.conllu,1,0,0
ristāxēz,NOUN,nmod,0,0,0,1,1,69,74,ristāxēz,NOUN,nmod,0,2,1,1,1,0,0,0,0.0,False,False,DMX-K43a-01_mptf.conllu,1,0,0
ruwān,NOUN,nmod,0,0,0,1,1,1224,1226,ruwān,NOUN,nmod,0,2,1,1,1,0,0,0,0.0,False,False,DMX-K43a-01_mptf.conllu,1,0,0
ahreman,PROPN,nmod,0,0,0,1,1,322,323,ahreman,PROPN,nmod,0,2,1,1,1,0,1,0,0.0,False,False,DMX-K43a-01_mptf.conllu,1,0,0
abāxtar,NOUN,nmod,0,0,0,1,1,154,154,abāxtar,NOUN,nmod,0,2,1,1,1,0,0,0,0.0,False,False,DMX-K43a-01_mptf.conllu,1,0,0
kē,PRON,nmod,0,0,0,0,0,475,8908,kē,PRON,nmod,0,2,1,1,1,0,0,0,0.0,False,False,DMX-K43a-01_mptf.conllu,1,0,0
xwēš,PRON,nmod,0,0,0,1,1,2327,2375,xwēš,PRON,nmod,0,2,1,1,1,0,0,0,0.0,False,False,DMX-K43a-01_mptf.conllu,1,0,0
xwēš,PRON,nmod,0,0,0,1,1,2327,2375,xwēš,PRON,nmod,0,2,1,1,1,0,0,0,0.0,False,False,DMX-K43a-01_mptf.conllu,1,0,0
xwēš,PRON,nmod,0,0,0,1,1,2327,2375,xwēš,PRON,nmod,0,2,1,1,1,0,0,0,0.0,False,False,DMX-K43a-01_mptf.conllu,1,0,0
ōy,PRON,nmod,0,0,0,0,0,18107,18258,ōy,PRON,nmod,0,2,1,1,1,0,0,0,0.0,False,False,DMX-K43a-01_mptf.conllu,1,0,0
mard,NOUN,nmod,0,0,0,1,1,2067,2069,mard,NOUN,nmod,0,2,1,1,1,0,0,0,0.0,False,False,DMX-K43a-01_mptf.conllu,1,0,0
mard,NOUN,nmod,0,0,0,1,1,2067,2069,mard,NOUN,nmod,0,2,1,1,1,0,0,0,0.0,False,False,DMX-K43a-01_mptf.conllu,1,0,0
xwēš,PRON,nmod,0,0,0,1,1,2327,2375,xwēš,PRON,nmod,0,2,1,1,1,0,0,0,0.0,False,False,DMX-K43a-01_mptf.conllu,1,0,0
dēwān,NOUN,nmod,1,1,0,1,1,1336,1338,dēwān,NOUN,nmod,0,2,1,1,1,0,0,0,0.0,False,False,DMX-K43a-01_mptf.conllu,1,0,0
=iš,PRON,nmod,0,0,0,1,1,18107,18258,=iš,PRON,nmod,0,2,1,1,1,0,0,0,0.0,False,False,DMX-K43a-01_mptf.conllu,1,0,0
bēwiderišnīh,NOUN,nmod,0,0,0,1,1,37,37,bēwiderišnīh,NOUN,nmod,0,2,1,1,1,0,0,0,0.0,True,True,DMX-K43a-01_mptf.conllu,1,0,0
čandwarpuhl,PROPN,nmod,0,0,0,1,1,3,3,čandwarpuhl,PROPN,nmod,0,2,1,1,1,0,1,0,0.0,False,False,DMX-K43a-01_mptf.conllu,1,0,0
ruwān,NOUN,nmod,0,0,0,1,1,1224,1226,ruwān,NOUN,nmod,0,2,1,1,1,0,0,0,0.0,False,False,DMX-K43a-01_mptf.conllu,1,0,0
druwandān,NOUN,nmod,1,1,0,1,1,234,657,druwandān,NOUN,nmod,0,2,1,1,1,0,0,0,0.0,False,False,DMX-K43a-01_mptf.conllu,1,0,0
frazandān,NOUN,nmod,1,1,0,1,1,387,387,frazandān,NOUN,nmod,0,2,1,1,1,0,0,0,0.0,False,False,DMX-K43a-01_mptf.conllu,1,0,0
kār,NOUN,nmod,0,0,0,1,1,1414,1416,kār,NOUN,nmod,0,2,1,1,1,0,0,0,0.0,True,True,DMX-K43a-01_mptf.conllu,1,0,0
=š,PRON,nmod,0,0,0,1,1,18107,18258,=š,PRON,nmod,0,2,1,1,1,0,0,0,0.0,False,False,DMX-K43a-01_mptf.conllu,1,0,0
mazdēsnān,NOUN,nmod,1,1,0,1,1,1,1,mazdēsnān,NOUN,nmod,0,2,1,1,1,0,0,0,0.0,False,False,DMX-K43a-01_mptf.conllu,1,0,0
ruwān,NOUN,nmod,0,0,0,1,1,1224,1226,ruwān,NOUN,nmod,0,2,1,1,1,0,0,0,0.0,False,False,DMX-K43a-01_mptf.conllu,1,0,0
yazadān,NOUN,nmod,1,1,0,1,1,1403,1407,yazadān,NOUN,nmod,0,2,1,1,1,0,0,0,0.0,False,False,DMX-K43a-01_mptf.conllu,1,0,0
xrad,NOUN,nmod,0,0,0,1,1,654,654,xrad,NOUN,nmod,0,2,1,1,1,0,0,0,0.0,False,False,DMX-K43a-01_mptf.conllu,1,0,0
gēhān,NOUN,nmod,0,0,0,1,1,1249,1249,gēhān,NOUN,nmod,0,2,1,1,1,0,0,0,0.0,False,False,DMX-K43a-01_mptf.conllu,1,0,0
xāyag,NOUN,nmod,0,0,0,1,1,52,52,xāyag,NOUN,nmod,0,2,1,1,1,0,0,0,0.0,False,False,DMX-K43a-01_mptf.conllu,1,0,0
dādār,NOUN,nmod,0,0,0,1,1,998,1006,dādār,NOUN,nmod,0,2,1,1,1,0,0,0,0.0,True,True,DMX-K43a-01_mptf.conllu,1,0,0
ohrmazd,PROPN,appos,0,0,0,1,1,3237,3242,ohrmazd,PROPN,appos,0,2,1,1,1,0,1,0,0.0,False,False,DMX-K43a-01_mptf.conllu,0,0,0
asmān,NOUN,nmod,0,0,0,1,1,357,357,asmān,NOUN,nmod,0,2,1,1,1,0,0,0,0.0,False,False,DMX-K43a-01_mptf.conllu,1,0,0
xāyag,NOUN,nmod,0,0,0,1,1,52,52,xāyag,NOUN,nmod,0,2,1,1,1,0,0,0,0.0,False,False,DMX-K43a-01_mptf.conllu,1,0,0
gēhān,NOUN,nmod,0,0,0,1,1,1249,1249,gēhān,NOUN,nmod,0,2,1,1,1,0,0,0,0.0,False,False,DMX-K43a-01_mptf.conllu,1,0,0
kišwar,NOUN,flat,0,0,0,1,1,281,282,kišwar,NOUN,flat,0,2,1,1,1,0,0,0,0.0,False,False,DMX-K43a-01_mptf.conllu,0,0,0
kišwar,NOUN,flat,0,0,0,1,1,281,282,kišwar,NOUN,flat,0,2,1,1,1,0,0,0,0.0,False,False,DMX-K43a-01_mptf.conllu,0,0,0
āb,NOUN,nmod,0,0,0,1,1,2066,2067,āb,NOUN,nmod,0,2,1,1,1,0,0,0,0.0,False,False,DMX-K43a-01_mptf.conllu,1,0,0
pūtīk,PROPN,nmod,0,0,0,1,1,27,27,pūtīk,PROPN,nmod,0,2,1,1,1,0,1,0,0.0,False,False,DMX-K43a-01_mptf.conllu,1,0,0
pūtīk,PROPN,nmod,0,0,0,1,1,27,27,pūtīk,PROPN,nmod,0,2,1,1,1,0,1,0,0.0,False,False,DMX-K43a-01_mptf.conllu,1,0,0
warkaš,PROPN,nmod,0,0,0,1,1,4,4,warkaš,PROPN,nmod,0,2,1,1,1,0,1,0,0.0,False,False,DMX-K43a-01_mptf.conllu,1,0,0
abr,NOUN,nmod,0,0,0,1,1,124,124,abr,NOUN,nmod,0,2,1,1,1,0,0,0,0.0,False,False,DMX-K43a-01_mptf.conllu,1,0,0
tābestān,NOUN,nmod,0,0,0,1,1,1,1,tābestān,NOUN,nmod,0,2,1,1,1,0,0,0,0.0,False,False,DMX-K43a-01_mptf.conllu,1,0,0
=šān,PRON,nmod,1,1,0,1,1,4503,4718,=šān,PRON,nmod,0,2,1,1,1,0,0,0,0.0,False,False,DMX-K43a-01_mptf.conllu,1,0,0
=šān,PRON,nmod,1,1,0,1,1,4503,4718,=šān,PRON,nmod,0,2,1,1,1,0,0,0,0.0,False,False,DMX-K43a-01_mptf.conllu,1,0,0
=šān,PRON,nmod,1,1,0,1,1,4503,4718,=šān,PRON,nmod,0,2,1,1,1,0,0,0,0.0,False,False,DMX-K43a-01_mptf.conllu,1,0,0
mard,NOUN,nmod,0,0,0,1,1,2067,2069,mard,NOUN,nmod,0,2,1,1,1,0,0,0,0.0,False,False,DMX-K43a-01_mptf.conllu,1,0,0
=š,PRON,nmod,0,0,0,1,1,18107,18258,=š,PRON,nmod,0,2,1,1,1,0,0,0,0.0,False,False,DMX-K43a-01_mptf.conllu,1,0,0
=š,PRON,nmod,0,0,0,1,1,18107,18258,=š,PRON,nmod,0,2,1,1,1,0,0,0,0.0,False,False,DMX-K43a-01_mptf.conllu,1,0,0
dēwān,NOUN,nmod,1,1,0,1,1,1336,1338,dēwān,NOUN,nmod,0,2,1,1,1,0,0,0,0.0,False,False,DMX-K43a-01_mptf.conllu,1,0,0
=š,PRON,nmod,0,0,0,1,1,18107,18258,=š,PRON,nmod,0,2,1,1,1,0,0,0,0.0,False,False,DMX-K43a-01_mptf.conllu,1,0,0
=š,PRON,nmod,0,0,0,1,1,18107,18258,=š,PRON,nmod,0,2,1,1,1,0,0,0,0.0,False,False,DMX-K43a-01_mptf.conllu,1,0,0
mardōmān,NOUN,nmod,1,1,0,1,1,2713,2716,mardōmān,NOUN,nmod,0,2,1,1,1,0,0,0,0.0,False,False,DMX-K43a-01_mptf.conllu,1,0,0
=š,PRON,nmod,0,0,0,1,1,18107,18258,=š,PRON,nmod,0,2,1,1,1,0,0,0,0.0,False,False,DMX-K43a-01_mptf.conllu,1,0,0
mardōmān,NOUN,nmod,1,1,0,1,1,2713,2716,mardōmān,NOUN,nmod,0,2,1,1,1,0,0,0,0.0,False,False,DMX-K43a-01_mptf.conllu,1,0,0
=š,PRON,nmod,0,0,0,1,1,18107,18258,=š,PRON,nmod,0,2,1,1,1,0,0,0,0.0,False,False,DMX-K43a-01_mptf.conllu,1,0,0
sar,NOUN,nmod,0,0,0,1,1,15,15,sar,NOUN,nmod,0,2,1,1,1,0,0,0,0.0,False,False,DMX-K43a-01_mptf.conllu,1,0,0
sar,NOUN,nmod,0,0,0,1,1,15,15,sar,NOUN,nmod,0,2,1,1,1,0,0,0,0.0,False,False,DMX-K43a-01_mptf.conllu,1,0,0
ōš,NOUN,nmod,0,0,0,1,1,143,143,ōš,NOUN,nmod,0,2,1,1,1,0,0,0,0.0,False,False,DMX-K43a-01_mptf.conllu,1,0,0
angust,NOUN,nmod,0,0,0,1,1,148,148,angust,NOUN,nmod,0,2,1,1,1,0,0,0,0.0,False,False,DMX-K43a-01_mptf.conllu,1,0,0
dast,NOUN,nmod,0,0,0,1,1,1,1,dast,NOUN,nmod,0,2,1,1,1,0,0,0,0.0,False,False,DMX-K43a-01_mptf.conllu,1,0,0
mardōmān,NOUN,nmod,1,1,0,1,1,2713,2716,mardōmān,NOUN,nmod,0,2,1,1,1,0,0,0,0.0,False,False,DMX-K43a-01_mptf.conllu,1,0,0
=š,PRON,nmod,0,0,0,1,1,18107,18258,=š,PRON,nmod,0,2,1,1,1,0,0,0,0.0,False,False,DMX-K43a-01_mptf.conllu,1,0,0
=š,PRON,nmod,0,0,0,1,1,18107,18258,=š,PRON,nmod,0,2,1,1,1,0,0,0,0.0,False,False,DMX-K43a-01_mptf.conllu,1,0,0
tan,NOUN,nmod,0,0,0,1,1,2253,2253,tan,NOUN,nmod,0,2,1,1,1,0,0,0,0.0,False,False,DMX-K43a-01_mptf.conllu,1,0,0
pāy,NOUN,nmod,0,0,0,0,0,235,235,pāy,NOUN,nmod,0,2,1,1,1,0,0,0,0.0,False,False,DMX-K43a-01_mptf.conllu,1,0,0
mōzag,NOUN,nmod,0,0,0,1,1,6,9,mōzag,NOUN,nmod,0,2,1,1,1,0,0,0,0.0,False,False,DMX-K43a-01_mptf.conllu,1,0,0
xrad,NOUN,nmod,0,0,0,1,1,654,654,xrad,NOUN,nmod,0,2,1,1,1,0,0,0,0.0,False,False,DMX-K43a-01_mptf.conllu,1,0,0
=šān,PRON,nmod,1,1,0,1,1,4503,4718,=šān,PRON,nmod,0,2,1,1,1,0,0,0,0.0,False,False,DMX-K43a-01_mptf.conllu,1,0,0
išān,PRON,nmod,1,1,0,1,1,4503,4718,išān,PRON,nmod,0,2,1,1,1,0,0,0,0.0,False,False,DMX-K43a-01_mptf.conllu,1,0,0
xwarxšēd,NOUN,nmod,0,0,0,1,1,10,10,xwarxšēd,NOUN,nmod,0,2,1,1,1,0,0,0,0.0,False,False,DMX-K43a-01_mptf.conllu,1,0,0
gēhān,NOUN,nmod,0,0,0,1,1,1249,1249,gēhān,NOUN,nmod,0,2,1,1,1,0,0,0,0.0,False,False,DMX-K43a-01_mptf.conllu,1,0,0
tištar,PROPN,nmod,0,0,0,1,1,152,152,tištar,PROPN,nmod,0,2,1,1,1,0,1,0,0.0,False,False,DMX-K43a-01_mptf.conllu,1,0,0
ābčihrag,NOUN,nmod,0,0,0,1,1,8,14,ābčihrag,NOUN,nmod,0,2,1,1,1,0,0,0,0.0,False,False,DMX-K43a-01_mptf.conllu,1,0,0
star,NOUN,nmod,0,0,0,1,1,123,125,star,NOUN,nmod,0,2,1,1,1,0,0,0,0.0,False,False,DMX-K43a-01_mptf.conllu,1,0,0
urwarčihrag,NOUN,nmod,0,0,0,1,1,9,9,urwarčihrag,NOUN,nmod,0,2,1,1,1,0,0,0,0.0,False,False,DMX-K43a-01_mptf.conllu,1,0,0
urwarčihrag,NOUN,nmod,0,0,0,1,1,9,9,urwarčihrag,NOUN,nmod,0,2,1,1,1,0,0,0,0.0,False,False,DMX-K43a-01_mptf.conllu,1,0,0
gōspandčihrag,NOUN,nmod,0,0,0,1,1,2,2,gōspandčihrag,NOUN,nmod,0,2,1,1,1,0,0,0,0.0,False,False,DMX-K43a-01_mptf.conllu,1,0,0
mardōmčihrag,NOUN,nmod,0,0,0,1,1,1,1,mardōmčihrag,NOUN,nmod,0,2,1,1,1,0,0,0,0.0,False,False,DMX-K43a-01_mptf.conllu,1,0,0
=š,PRON,nmod,0,0,0,1,1,18107,18258,=š,PRON,nmod,0,2,1,1,1,0,0,0,0.0,False,False,DMX-K43a-01_mptf.conllu,1,0,0
dušox,PROPN,nmod,0,0,0,1,1,371,371,dušox,PROPN,nmod,0,2,1,1,1,0,1,0,0.0,False,False,DMX-K43a-01_mptf.conllu,1,0,0
=š,PRON,nmod,0,0,0,1,1,18107,18258,=š,PRON,nmod,0,2,1,1,1,0,0,0,0.0,False,False,DMX-K43a-01_mptf.conllu,1,0,0
axtarān,NOUN,nmod,1,1,0,1,1,136,136,axtarān,NOUN,nmod,0,2,1,1,1,0,0,0,0.0,False,False,DMX-K43a-01_mptf.conllu,1,0,0
haftōring,PROPN,nmod,0,0,0,1,1,32,32,haftōring,PROPN,nmod,0,2,1,1,1,0,1,0,0.0,False,False,DMX-K43a-01_mptf.conllu,1,0,0
gētīgān,NOUN,nmod,1,1,0,1,1,1041,1135,gētīgān,NOUN,nmod,0,2,1,1,1,0,0,0,0.0,False,False,DMX-K43a-01_mptf.conllu,1,0,0
xwarxšēd,NOUN,nmod,0,0,0,1,1,10,10,xwarxšēd,NOUN,nmod,0,2,1,1,1,0,0,0,0.0,False,False,DMX-K43a-01_mptf.conllu,1,0,0
ruwānbōxtārīh,NOUN,nmod,0,0,0,1,1,1,1,ruwānbōxtārīh,NOUN,nmod,0,2,1,1,1,0,0,0,0.0,False,False,DMX-K43a-01_mptf.conllu,1,0,0
=š,PRON,nmod,0,0,0,1,1,18107,18258,=š,PRON,nmod,0,2,1,1,1,0,0,0,0.0,False,False,DMX-K43a-01_mptf.conllu,1,0,0
yazadān,NOUN,nmod,1,1,0,1,1,1403,1407,yazadān,NOUN,nmod,0,2,1,1,1,0,0,0,0.0,False,False,DMX-K43a-01_mptf.conllu,1,0,0
yazadān,NOUN,nmod,1,1,0,1,1,1403,1407,yazadān,NOUN,nmod,0,2,1,1,1,0,0,0,0.0,False,False,DMX-K43a-01_mptf.conllu,1,0,0
yazadān,NOUN,nmod,1,1,0,1,1,1403,1407,yazadān,NOUN,nmod,0,2,1,1,1,0,0,0,0.0,False,False,DMX-K43a-01_mptf.conllu,1,0,0
ahreman,PROPN,nmod,0,0,0,1,1,322,323,ahreman,PROPN,nmod,0,2,1,1,1,0,1,0,0.0,False,False,DMX-K43a-01_mptf.conllu,1,0,0
xwēš,PRON,nmod,0,0,0,1,1,2327,2375,xwēš,PRON,nmod,0,2,1,1,1,0,0,0,0.0,False,False,DMX-K43a-01_mptf.conllu,1,0,0
kas,PRON,nmod,0,0,0,1,1,1086,1092,kas,PRON,nmod,0,2,1,1,1,0,0,0,0.0,False,False,DMX-K43a-01_mptf.conllu,1,0,0
āb,NOUN,nmod,0,0,0,1,1,2066,2067,āb,NOUN,nmod,0,2,1,1,1,0,0,0,0.0,False,False,DMX-K43a-01_mptf.conllu,1,0,0
wahrām,PROPN,nmod,0,0,0,1,1,168,168,wahrām,PROPN,nmod,0,2,1,1,1,0,1,0,0.0,False,False,DMX-K43a-01_mptf.conllu,1,0,0
wināh,NOUN,nmod,0,0,0,1,1,1238,1238,wināh,NOUN,nmod,0,2,1,1,1,0,0,0,0.0,False,False,DMX-K43a-01_mptf.conllu,1,0,0
abr,NOUN,nmod,0,0,0,1,1,124,124,abr,NOUN,nmod,0,2,1,1,1,0,0,0,0.0,False,False,DMX-K43a-01_mptf.conllu,1,0,0
frašegird,NOUN,nmod,0,0,0,1,1,243,243,frašegird,NOUN,nmod,0,2,1,1,1,0,0,0,0.0,False,False,DMX-K43a-01_mptf.conllu,1,0,0
ahreman,PROPN,nmod,0,0,0,1,1,322,323,ahreman,PROPN,nmod,0,2,1,1,1,0,1,0,0.0,False,False,DMX-K43a-01_mptf.conllu,1,0,0
=š,PRON,nmod,0,0,0,1,1,18107,18258,=š,PRON,nmod,0,2,1,1,1,0,0,0,0.0,False,False,DMX-K43a-01_mptf.conllu,1,0,0
xrad,NOUN,nmod,0,0,0,1,1,654,654,xrad,NOUN,nmod,0,2,1,1,1,0,0,0,0.0,False,False,DMX-K43a-01_mptf.conllu,1,0,0
xrad,NOUN,nmod,0,0,0,1,1,654,654,xrad,NOUN,nmod,0,2,1,1,1,0,0,0,0.0,False,False,DMX-K43a-01_mptf.conllu,1,0,0
ērān,PROPN,nmod,0,0,0,1,1,116,152,ērān,PROPN,nmod,0,2,1,1,1,0,1,0,0.0,False,False,DMX-K43a-01_mptf.conllu,1,0,0
anērān,PROPN,nmod,0,0,0,1,1,96,160,anērān,PROPN,nmod,0,2,1,1,1,0,1,0,0.0,False,False,DMX-K43a-01_mptf.conllu,1,0,0
ahreman,PROPN,nmod,0,0,0,1,1,322,323,ahreman,PROPN,nmod,0,2,1,1,1,0,1,0,0.0,False,False,DMX-K43a-01_mptf.conllu,1,0,0
xrad,NOUN,nmod,0,0,0,1,1,654,654,xrad,NOUN,nmod,0,2,1,1,1,0,0,0,0.0,False,False,DMX-K43a-01_mptf.conllu,1,0,0
xrad,NOUN,nmod,0,0,0,1,1,654,654,xrad,NOUN,nmod,0,2,1,1,1,0,0,0,0.0,False,False,DMX-K43a-01_mptf.conllu,1,0,0
wahišt,PROPN,nmod,0,0,0,1,1,170,170,wahišt,PROPN,nmod,0,2,1,1,1,0,1,0,0.0,False,False,DMX-K43a-01_mptf.conllu,1,0,0
wahišt,PROPN,nmod,0,0,0,1,1,170,170,wahišt,PROPN,nmod,0,2,1,1,1,0,1,0,0.0,False,False,DMX-K43a-01_mptf.conllu,1,0,0
xrad,NOUN,nmod,0,0,0,1,1,654,654,xrad,NOUN,nmod,0,2,1,1,1,0,0,0,0.0,False,False,DMX-K43a-01_mptf.conllu,1,0,0
artēštārān,NOUN,nmod,1,1,0,1,1,110,111,artēštārān,NOUN,nmod,0,2,1,1,1,0,0,0,0.0,True,True,DMX-K43a-01_mptf.conllu,1,0,0
wāstaryōšān,NOUN,nmod,1,1,0,1,1,66,67,wāstaryōšān,NOUN,nmod,0,2,1,1,1,0,0,0,0.0,False,False,DMX-K43a-01_mptf.conllu,1,0,0
hutuxšān,NOUN,nmod,1,1,0,1,1,6,10,hutuxšān,NOUN,nmod,0,2,1,1,1,0,0,0,0.0,False,False,DMX-K43a-01_mptf.conllu,1,0,0
artēštārān,NOUN,nmod,1,1,0,1,1,110,111,artēštārān,NOUN,nmod,0,2,1,1,1,0,0,0,0.0,True,True,DMX-K43a-01_mptf.conllu,1,0,0
wāstaryōšān,NOUN,nmod,1,1,0,1,1,66,67,wāstaryōšān,NOUN,nmod,0,2,1,1,1,0,0,0,0.0,False,False,DMX-K43a-01_mptf.conllu,1,0,0
hutuxšān,NOUN,nmod,1,1,0,1,1,6,10,hutuxšān,NOUN,nmod,0,2,1,1,1,0,0,0,0.0,False,False,DMX-K43a-01_mptf.conllu,1,0,0
=š,PRON,nmod,0,0,0,1,1,18107,18258,=š,PRON,nmod,0,2,1,1,1,0,0,0,0.0,False,False,DMX-K43a-01_mptf.conllu,1,0,0
zanān,NOUN,nmod,1,1,0,1,1,890,890,zanān,NOUN,nmod,0,2,1,1,1,0,0,0,0.0,False,False,DMX-K43a-01_mptf.conllu,1,0,0
aspān,NOUN,nmod,1,1,0,1,1,224,224,aspān,NOUN,nmod,0,2,1,1,1,0,0,0,0.0,False,False,DMX-K43a-01_mptf.conllu,1,0,0
wāyendagān,NOUN,nmod,1,1,0,1,1,15,21,wāyendagān,NOUN,nmod,0,2,1,1,1,0,0,0,0.0,True,True,DMX-K43a-01_mptf.conllu,1,0,0
dadān,NOUN,nmod,1,1,0,1,1,39,46,dadān,NOUN,nmod,0,2,1,1,1,0,0,0,0.0,False,False,DMX-K43a-01_mptf.conllu,1,0,0
ǰōrdāyān,NOUN,nmod,1,1,0,1,1,163,163,ǰōrdāyān,NOUN,nmod,0,2,1,1,1,0,0,0,0.0,False,False,DMX-K43a-01_mptf.conllu,1,0,0
murwān,NOUN,nmod,1,1,0,1,1,185,185,murwān,NOUN,nmod,0,2,1,1,1,0,0,0,0.0,False,False,DMX-K43a-01_mptf.conllu,1,0,0
aspān,NOUN,nmod,1,1,0,1,1,224,224,aspān,NOUN,nmod,0,2,1,1,1,0,0,0,0.0,False,False,DMX-K43a-01_mptf.conllu,1,0,0
dadān,NOUN,nmod,1,1,0,1,1,39,46,dadān,NOUN,nmod,0,2,1,1,1,0,0,0,0.0,False,False,DMX-K43a-01_mptf.conllu,1,0,0
ǰōrdāyān,NOUN,nmod,1,1,0,1,1,163,163,ǰōrdāyān,NOUN,nmod,0,2,1,1,1,0,0,0,0.0,False,False,DMX-K43a-01_mptf.conllu,1,0,0
sām,PROPN,nmod,0,0,0,1,1,23,23,sām,PROPN,nmod,0,2,1,1,1,0,1,0,0.0,False,False,DMX-K43a-01_mptf.conllu,1,0,0
srōš,PROPN,nmod,0,0,0,1,1,164,164,srōš,PROPN,nmod,0,2,1,1,1,0,1,0,0.0,False,False,DMX-K43a-01_mptf.conllu,1,0,0
māhīg,NOUN,flat,0,0,1,1,1,128,130,māhīg,NOUN,flat,0,2,1,1,1,0,0,0,0.0,False,False,DMX-K43a-01_mptf.conllu,0,0,0
=š,PRON,nmod,0,0,0,1,1,18107,18258,=š,PRON,nmod,0,2,1,1,1,0,0,0,0.0,False,False,DMX-K43a-01_mptf.conllu,1,0,0
=šān,PRON,nmod,1,1,0,1,1,4503,4718,=šān,PRON,nmod,0,2,1,1,1,0,0,0,0.0,False,False,DMX-K43a-01_mptf.conllu,1,0,0
=šān,PRON,nmod,1,1,0,1,1,4503,4718,=šān,PRON,nmod,0,2,1,1,1,0,0,0,0.0,False,False,DMX-K43a-01_mptf.conllu,1,0,0
sām,PROPN,nmod,0,0,0,1,1,23,23,sām,PROPN,nmod,0,2,1,1,1,0,1,0,0.0,False,False,DMX-K43a-01_mptf.conllu,1,0,0
pēšāndas,PROPN,nmod,0,0,0,1,1,13,13,pēšāndas,PROPN,nmod,0,2,1,1,1,0,1,0,0.0,False,False,DMX-K43a-01_mptf.conllu,1,0,0
damāwand,PROPN,nmod,0,0,0,1,1,8,8,damāwand,PROPN,nmod,0,2,1,1,1,0,1,0,0.0,False,False,DMX-K43a-01_mptf.conllu,1,0,0
=š,PRON,nmod,0,0,0,1,1,18107,18258,=š,PRON,nmod,0,2,1,1,1,0,0,0,0.0,False,False,DMX-K43a-01_mptf.conllu,1,0,0
srōš,PROPN,nmod,0,0,0,1,1,164,164,srōš,PROPN,nmod,0,2,1,1,1,0,1,0,0.0,False,False,DMX-K43a-01_mptf.conllu,1,0,0
warkaš,PROPN,nmod,0,0,0,1,1,4,4,warkaš,PROPN,nmod,0,2,1,1,1,0,1,0,0.0,False,False,DMX-K43a-01_mptf.conllu,1,0,0
ristwirāstār,NOUN,nmod,0,0,0,1,1,1,1,ristwirāstār,NOUN,nmod,0,2,1,1,1,0,0,0,0.0,True,True,DMX-K43a-01_mptf.conllu,1,0,0
zrē,NOUN,nmod,0,0,0,0,0,287,287,zrē,NOUN,nmod,0,2,1,1,1,0,0,0,0.0,False,False,DMX-K43a-01_mptf.conllu,1,0,0
warkaš,PROPN,nmod,0,0,0,1,1,4,4,warkaš,PROPN,nmod,0,2,1,1,1,0,1,0,0.0,False,False,DMX-K43a-01_mptf.conllu,1,0,0
ahlawān,NOUN,nmod,1,1,0,1,1,378,2060,ahlawān,NOUN,nmod,0,2,1,1,1,0,0,0,0.0,False,False,DMX-K43a-01_mptf.conllu,1,0,0
māhīg,NOUN,flat,0,0,1,1,1,128,130,māhīg,NOUN,flat,0,2,1,1,1,0,0,0,0.0,False,False,DMX-K43a-01_mptf.conllu,0,0,0
xwanireh,PROPN,nmod,0,0,0,1,1,93,94,xwanireh,PROPN,nmod,0,2,1,1,1,0,1,0,0.0,False,False,DMX-K43a-01_mptf.conllu,1,0,0
yazadān,NOUN,nmod,1,1,0,1,1,1403,1407,yazadān,NOUN,nmod,0,2,1,1,1,0,0,0,0.0,False,False,DMX-K43a-01_mptf.conllu,1,0,0
sēnmurw,PROPN,nmod,0,0,0,0,0,23,23,sēnmurw,PROPN,nmod,0,2,1,1,1,0,1,0,0.0,False,False,DMX-K43a-01_mptf.conllu,1,0,0
murw,NOUN,flat,0,0,0,0,0,185,185,murw,NOUN,flat,0,2,1,1,1,0,0,0,0.0,False,False,DMX-K43a-01_mptf.conllu,0,0,0
nām,NOUN,root,0,0,0,1,1,528,1006,dādār,NOUN,nmod,3,1,6,4,4,0,0,1,0.0,False,True,DMX-L19-01_mptf.conllu,1,0,0
dādār,NOUN,nmod,0,0,0,1,1,998,1,wispsūd,ADJ,amod,0,2,5,4,0,0,0,0,0.0,True,False,DMX-L19-01_mptf.conllu,0,1,0
dādār,NOUN,nmod,0,0,0,1,1,998,3242,ohrmazd,PROPN,flat,0,1,5,4,0,0,1,0,0.0,True,False,DMX-L19-01_mptf.conllu,0,1,0
dahišnān,NOUN,nmod,1,0,0,1,0,636,1550,mēnōy,ADJ,amod,2,2,3,1,1,0,0,0,0.0,True,False,DMX-L19-01_mptf.conllu,0,1,0
yazadān,NOUN,conj:nmod,1,1,0,1,1,1403,640,dahišnān,NOUN,nmod,0,2,4,3,1,0,0,0,0.0,False,True,DMX-L19-01_mptf.conllu,1,0,0
frahang,NOUN,nsubj,0,1,0,1,1,77,81,frahangān,NOUN,nmod,0,2,1,1,0,0,0,0,0.3333333333333333,False,False,DMX-L19-01_mptf.conllu,1,0,0
dēn,NOUN,root,0,0,0,1,1,2149,595,māzdēsn,ADJ,amod,0,1,3,4,0,0,0,0,0.0,False,False,DMX-L19-01_mptf.conllu,0,1,0
bunxān,NOUN,acl:relcl,0,0,0,1,1,36,25,ēwtom,ADJ,amod,0,2,2,6,0,0,0,0,0.0,False,False,DMX-L19-01_mptf.conllu,1,1,0
bunxān,NOUN,acl:relcl,0,0,0,1,1,36,253,dānāgīh,NOUN,nmod,0,1,2,6,2,0,0,1,0.0,False,False,DMX-L19-01_mptf.conllu,1,1,0
dānāgīh,NOUN,nmod,0,0,0,1,1,253,1,frāzwizīdār,NOUN,nmod,0,1,1,2,0,0,0,0,0.0,False,True,DMX-L19-01_mptf.conllu,1,0,0
xwarrah,NOUN,root,0,1,0,1,1,554,320,axwānān,NOUN,nmod,3,1,4,5,2,0,0,0,0.0,False,False,DMX-L19-01_mptf.conllu,1,0,0
axwānān,NOUN,nmod,1,1,0,1,1,320,214,abzōnīgān,ADJ,amod,0,1,1,2,0,0,0,0,0.0,False,False,DMX-L19-01_mptf.conllu,0,1,0
āfrāh,NOUN,nsubj,0,0,0,1,1,23,1006,dādār,NOUN,nmod,0,1,3,1,2,0,0,0,1.0,False,True,DMX-L19-01_mptf.conllu,1,0,0
dādār,NOUN,nmod,0,0,0,1,1,998,3242,ohrmazd,PROPN,flat,0,1,2,2,0,0,1,0,0.0,True,False,DMX-L19-01_mptf.conllu,0,0,0
yazadān,NOUN,conj:nmod,1,1,0,1,1,1403,2,mehōzān,ADJ,amod,0,2,1,3,0,0,0,0,0.0,False,False,DMX-L19-01_mptf.conllu,0,1,0
purrāsānpardazišnīh,NOUN,nsubj,0,1,0,1,1,1,1407,yazadān,NOUN,nmod,0,1,3,4,4,0,0,1,0.3333333333333333,True,False,DMX-L19-01_mptf.conllu,2,0,0
yazadān,NOUN,nmod,1,0,0,1,1,1403,30,wāspuhragān,ADJ,amod,0,1,1,4,0,0,0,0,0.0,False,False,DMX-L19-01_mptf.conllu,0,2,0
yazadān,NOUN,nmod,1,1,0,1,1,1403,1,čimīgwarzišnān,NOUN,amod,1,1,1,4,0,0,0,0,0.0,False,False,DMX-L19-01_mptf.conllu,0,2,0
xwēšnīh,NOUN,nmod,0,0,0,1,1,1,654,xrad,NOUN,nmod,0,1,2,2,1,0,0,1,0.0,False,False,DMX-L19-01_mptf.conllu,1,0,0
nirmadwindišnīh,NOUN,obl,0,0,0,1,1,1,6,dōaxwānīg,ADJ,amod,0,1,1,3,0,0,0,0,0.6666666666666666,True,False,DMX-L19-01_mptf.conllu,0,1,0
wehdēn,NOUN,obl,0,0,0,1,1,71,244,abēzag,ADJ,amod,5,2,3,3,3,0,0,0,0.16666666666666666,False,False,DMX-L19-01_mptf.conllu,1,1,0
wehdēn,NOUN,obl,0,0,0,1,1,71,595,māzdēsnān,ADJ,nmod,0,1,3,3,1,0,0,1,0.16666666666666666,False,False,DMX-L19-01_mptf.conllu,1,1,0
gōwišn,NOUN,obl,0,0,0,1,1,888,1006,dādār,NOUN,nmod,0,1,4,2,3,0,0,1,0.3333333333333333,True,True,DMX-L19-01_mptf.conllu,1,0,0
dādār,NOUN,nmod,0,0,0,1,1,998,3242,ohrmazd,PROPN,flat,0,1,3,3,0,0,1,0,0.0,True,False,DMX-L19-01_mptf.conllu,0,0,0
zarduxšt,PROPN,conj:nmod,0,0,0,1,1,1746,359,spitāmān,PROPN,nmod,0,2,2,1,1,0,1,0,0.0,False,False,DMX-L19-01_mptf.conllu,1,0,0
dādār,NOUN,nsubj,0,0,0,1,1,998,8,wispweh,ADJ,amod,0,2,2,2,1,1,0,1,0.6666666666666666,True,False,DMX-L19-01_mptf.conllu,0,1,0
dāštārīh,NOUN,nsubj,0,0,0,1,1,16,18258,=š,PRON,nmod,1,2,1,2,0,0,0,0,1.0,False,False,DMX-L19-01_mptf.conllu,1,0,0
anōšagīh,NOUN,obl,0,0,0,1,1,12,43,hamēudhamērawišnīh,NOUN,nmod,0,2,2,3,1,1,0,1,0.3333333333333333,False,True,DMX-L19-01_mptf.conllu,1,0,0
abzār,NOUN,obl,0,0,0,1,1,315,1,nīrmadōmandtom,ADJ,amod,0,2,2,3,0,0,0,0,0.6666666666666666,True,False,DMX-L19-01_mptf.conllu,1,1,0
abzār,NOUN,obl,0,0,0,1,1,315,654,xrad,NOUN,nmod,0,1,2,3,1,0,0,1,0.6666666666666666,True,False,DMX-L19-01_mptf.conllu,1,1,0
dēn,NOUN,nsubj,0,1,0,1,1,2149,1407,yazadān,NOUN,nmod,0,2,1,1,0,0,0,0,0.2857142857142857,False,False,DMX-L19-01_mptf.conllu,1,0,0
xīr,NOUN,obl,0,1,0,1,1,221,1407,yazadān,NOUN,nmod,0,1,2,2,1,0,0,1,1.0,False,False,DMX-L19-01_mptf.conllu,1,0,0
wizīdār,NOUN,xcomp,0,0,0,1,1,1,1505,tis,NOUN,nmod,3,1,2,2,2,0,0,0,0.0,True,False,DMX-L19-01_mptf.conllu,1,0,0
bun,NOUN,obl,0,0,0,1,0,959,18258,ōy,PRON,nmod,0,1,1,2,0,0,0,0,1.0,False,False,DMX-L19-01_mptf.conllu,1,0,0
gōwišn,NOUN,nsubj,0,1,0,1,1,888,4718,=šān,PRON,nmod,0,2,4,2,0,0,0,0,1.0,True,False,DMX-L19-01_mptf.conllu,2,0,0
gōwišn,NOUN,nsubj,0,0,0,1,1,888,971,bun,NOUN,nmod,0,1,4,2,3,0,0,1,1.0,True,False,DMX-L19-01_mptf.conllu,2,0,0
bun,NOUN,nmod,0,0,0,1,1,959,318,mayān,NOUN,nmod,1,1,3,3,1,0,0,0,0.0,False,False,DMX-L19-01_mptf.conllu,1,0,0
mayān,NOUN,conj:nmod,0,0,0,1,1,60,193,frazām,NOUN,nmod,1,1,2,2,1,0,0,0,0.0,False,False,DMX-L19-01_mptf.conllu,1,0,0
mēnōy,NOUN,obl,0,0,0,0,1,1405,654,xrad,NOUN,nmod,0,1,2,2,1,0,0,1,0.6666666666666666,False,False,DMX-L19-01_mptf.conllu,1,0,0
mēnōy,NOUN,nsubj,0,0,0,0,1,1405,654,xrad,NOUN,nmod,0,1,1,1,0,0,0,0,0.5,False,False,DMX-L19-01_mptf.conllu,1,0,0
panāh,NOUN,nsubj,0,1,0,1,1,20,1407,yazad,NOUN,nmod,0,1,1,1,0,0,0,0,1.0,False,False,DMX-L19-01_mptf.conllu,1,0,0
brād,NOUN,nsubj,0,0,0,1,1,192,410,nēk,ADJ,amod,0,1,2,1,1,0,0,1,1.0,False,False,DMX-L19-01_mptf.conllu,0,1,0
frazend,NOUN,nsubj,0,0,0,1,1,387,410,nēk,ADJ,amod,0,1,2,2,0,0,0,0,1.0,False,False,DMX-L19-01_mptf.conllu,1,1,0
frazend,NOUN,nsubj,0,0,0,1,1,387,54,dēnburdār,NOUN,nmod,1,1,2,2,1,0,0,1,1.0,False,True,DMX-L19-01_mptf.conllu,1,1,0
zan,NOUN,nsubj,0,0,0,1,1,890,410,nēk,ADJ,amod,0,1,2,2,1,0,0,1,1.0,False,False,DMX-L19-01_mptf.conllu,0,2,0
zan,NOUN,nsubj,0,0,0,1,1,890,10,huxēm,ADJ,amod,1,1,2,2,1,0,0,1,1.0,False,False,DMX-L19-01_mptf.conllu,0,2,0
mēnōy,NOUN,obl,0,0,0,0,1,1405,654,xrad,NOUN,nmod,0,1,2,2,1,0,0,1,0.6666666666666666,False,False,DMX-L19-01_mptf.conllu,1,0,0
mēnōy,NOUN,nsubj,0,0,0,0,1,1405,654,xrad,NOUN,nmod,0,1,1,1,0,0,0,0,1.0,False,False,DMX-L19-01_mptf.conllu,1,0,0
driyōšīh,NOUN,nsubj,0,0,0,1,1,33,229,frārōnīh,NOUN,nmod,1,1,2,1,2,0,0,1,0.5,False,False,DMX-L19-01_mptf.conllu,1,0,0
tuwāngarīh,NOUN,obl,0,0,0,1,1,19,222,xīr,NOUN,nmod,1,1,3,2,3,0,0,1,1.0,False,False,DMX-L19-01_mptf.conllu,1,0,0
xīr,NOUN,nmod,0,1,0,1,1,221,1092,kasān,PRON,nmod,0,1,2,3,1,0,0,1,0.0,False,False,DMX-L19-01_mptf.conllu,1,0,0
kas,PRON,dislocated:topic,0,0,0,1,1,1086,102,driyōštom,ADJ,amod,2,2,3,2,2,1,0,1,0.0,False,False,DMX-L19-01_mptf.conllu,0,1,0
menišn,NOUN,obj,0,0,0,1,1,518,18258,=š,PRON,nmod,0,2,2,3,0,0,0,0,0.2,True,False,DMX-L19-01_mptf.conllu,1,0,0
kār,NOUN,conj,0,1,0,1,1,1414,1407,yazadān,NOUN,nmod,0,1,2,3,1,0,0,1,0.0,True,False,DMX-L19-01_mptf.conllu,1,0,0
mard,NOUN,dislocated:topic,0,0,0,1,1,2067,17,tuwāngar,ADJ,amod,2,2,2,4,1,1,0,1,0.0,False,False,DMX-L19-01_mptf.conllu,1,1,0
mard,NOUN,dislocated:topic,0,0,0,1,1,2067,1100,xwāstag,NOUN,nmod,0,2,2,4,2,1,0,1,0.0,False,True,DMX-L19-01_mptf.conllu,1,1,0
mard,NOUN,dislocated:topic,0,0,0,1,1,2067,1100,xwāstag,NOUN,nmod,0,2,5,3,2,1,0,1,0.0,False,True,DMX-L19-01_mptf.conllu,1,0,0
deh,NOUN,nsubj,0,0,0,1,1,348,6,hupādixšāyīh,NOUN,nmod,1,1,2,1,1,0,0,0,0.6666666666666666,False,False,DMX-L19-01_mptf.conllu,1,0,1
kišwar,NOUN,obl,0,0,0,1,1,281,24,dušpādixšāyīh,NOUN,nmod,1,1,2,2,1,0,0,0,1.0,False,False,DMX-L19-01_mptf.conllu,1,0,1
dādār,NOUN,nsubj,0,0,0,1,1,998,3242,ohrmazd,PROPN,flat,0,1,1,1,0,0,1,0,0.3333333333333333,True,False,DMX-L19-01_mptf.conllu,0,0,0
pānagkardārīh,NOUN,obl,0,1,0,1,1,1,1175,dām,NOUN,nmod,0,1,2,2,1,0,0,1,0.6666666666666666,False,False,DMX-L19-01_mptf.conllu,1,0,0
ahreman,PROPN,nsubj,0,0,0,1,1,322,657,druwand,ADJ,amod,0,1,2,1,1,0,0,1,0.3333333333333333,False,False,DMX-L19-01_mptf.conllu,0,1,0
petyārag,NOUN,obl,0,0,0,1,1,323,6,hupādixšāyīh,NOUN,nmod,0,1,2,2,1,0,0,1,1.0,False,False,DMX-L19-01_mptf.conllu,1,0,0
dād,NOUN,obj,0,0,0,1,1,217,123,abārōn,ADJ,amod,2,1,2,2,1,0,0,1,0.6,False,False,DMX-L19-01_mptf.conllu,0,1,0
ēzišn,NOUN,obj,0,1,0,1,1,74,1407,yazadān,NOUN,nmod,0,1,3,2,0,0,0,0,1.0,False,False,DMX-L19-01_mptf.conllu,1,0,0
dēn,NOUN,obl,0,0,0,1,1,2149,1864,weh,ADJ,amod,0,1,2,3,1,0,0,1,0.6666666666666666,False,False,DMX-L19-01_mptf.conllu,1,1,0
dēn,NOUN,obl,0,1,0,1,1,2149,595,māzdēsnān,NOUN,nmod,1,1,2,3,1,0,0,1,0.6666666666666666,False,False,DMX-L19-01_mptf.conllu,1,1,0
gyān,NOUN,conj,0,0,0,1,1,423,2375,xwēš,ADJ,amod,0,2,2,4,1,1,0,1,0.0,False,False,DMX-L19-01_mptf.conllu,0,1,0
rāh,NOUN,obl,0,1,0,1,1,587,1407,yazadān,NOUN,nmod,0,1,2,2,1,0,0,1,0.3333333333333333,False,False,DMX-L19-01_mptf.conllu,1,0,0
rāh,NOUN,obl,0,1,0,1,1,587,1407,yazadān,NOUN,nmod,0,1,2,2,1,0,0,1,1.0,False,False,DMX-L19-01_mptf.conllu,1,0,0
bahr,NOUN,obj,0,1,0,1,1,410,1407,yazadān,NOUN,nmod,0,1,3,1,4,0,0,1,1.0,False,False,DMX-L19-01_mptf.conllu,1,0,0
hupādixšā,NOUN,nsubj:pass,0,0,0,0,1,1,790,ēwēnag,NOUN,nmod,2,1,2,1,3,0,0,1,0.0,False,False,DMX-L19-01_mptf.conllu,1,0,0
dād,NOUN,obj,0,0,0,1,1,217,465,rāst,ADJ,amod,2,1,3,2,1,0,0,0,0.16666666666666666,False,False,DMX-L19-01_mptf.conllu,0,1,0
xīr,NOUN,obj,0,0,0,1,0,221,1550,mēnōy,ADJ,amod,0,1,2,1,1,0,0,1,0.6666666666666666,False,False,DMX-L19-01_mptf.conllu,0,1,0
mardōm,NOUN,obj,0,0,0,1,1,2713,50,kirbakkar,ADJ,amod,0,2,1,1,0,0,0,0,0.3333333333333333,False,False,DMX-L19-01_mptf.conllu,0,1,0
kirdan,NOUN,obl,0,0,0,1,1,79,1057,kirbag,NOUN,nmod,0,2,1,2,0,0,0,0,0.6666666666666666,True,False,DMX-L19-01_mptf.conllu,1,0,0
handāzišn,NOUN,nsubj,0,0,0,1,1,81,18258,=š,PRON,nmod,1,2,1,2,0,0,0,0,1.0,True,False,DMX-L19-01_mptf.conllu,1,0,0
tan,NOUN,root,0,0,0,1,1,2253,2375,xwēš,PRON,amod,0,1,4,6,1,0,0,1,0.0,False,False,DMX-L19-01_mptf.conllu,0,1,0
ārāyišn,NOUN,conj,0,0,0,1,1,43,222,xīr,NOUN,nmod,0,1,3,2,1,0,0,0,0.0,True,False,DMX-L19-01_mptf.conllu,1,0,0
xīr,NOUN,nmod,0,0,0,1,0,221,1135,gētī,ADJ,amod,0,1,2,1,1,0,0,1,0.0,False,False,DMX-L19-01_mptf.conllu,0,1,0
burzišn,NOUN,conj,0,1,0,1,1,29,444,wattarān,NOUN,nmod,0,1,2,2,1,0,0,1,0.0,True,False,DMX-L19-01_mptf.conllu,1,0,0
zanišn,NOUN,conj,0,1,0,1,1,245,1864,wehān,NOUN,nmod,2,1,2,3,1,0,0,1,0.0,True,False,DMX-L19-01_mptf.conllu,1,0,0
abesīhēnišn,NOUN,conj,0,1,0,1,1,11,102,driyōšān,NOUN,nmod,0,1,2,1,1,0,0,1,0.0,True,False,DMX-L19-01_mptf.conllu,1,0,0
dušpādixšā,NOUN,nsubj:pass,0,0,0,0,1,3,790,ēwēnag,NOUN,nmod,2,1,2,1,3,0,0,1,0.0,False,False,DMX-L19-01_mptf.conllu,1,0,0
mēnōy,NOUN,obl,0,0,0,0,1,1405,654,xrad,NOUN,nmod,0,1,1,2,0,0,0,0,1.0,False,False,DMX-L19-01_mptf.conllu,1,0,0
mēnōy,NOUN,nsubj,0,0,0,0,1,1405,654,xrad,NOUN,nmod,0,1,2,1,1,0,0,1,0.125,False,False,DMX-L19-01_mptf.conllu,1,0,0
šīr,NOUN,nsubj:pass,0,1,0,1,1,95,834,gōspandān,NOUN,nmod,0,1,1,1,0,0,0,0,0.0,False,False,DMX-L19-01_mptf.conllu,1,0,0
rōyišn,NOUN,nsubj,0,1,0,1,1,14,4718,=išān,PRON,nmod,0,2,2,2,0,0,0,0,1.0,True,False,DMX-L19-01_mptf.conllu,1,0,0
šīr,NOUN,obl,0,0,0,1,1,95,210,mādar,NOUN,nmod,0,1,2,2,1,0,0,1,0.3333333333333333,False,False,DMX-L19-01_mptf.conllu,1,0,0
šīr,NOUN,obl,0,1,0,1,1,95,834,gōspandān,NOUN,nmod,0,1,2,2,0,0,0,0,0.5,False,False,DMX-L19-01_mptf.conllu,1,0,0
pēm,NOUN,obj,0,1,0,1,1,87,834,gōspandān,NOUN,nmod,0,1,3,2,2,0,0,1,1.0,False,False,DMX-L19-01_mptf.conllu,1,0,0
mardōm,NOUN,nsubj,0,0,0,1,1,2713,1,pēmxwarišn,ADJ,amod,0,2,2,2,1,1,0,1,0.5,False,False,DMX-L19-01_mptf.conllu,0,1,0
zāyišn,NOUN,nsubj,0,1,0,1,1,145,387,frazendān,NOUN,nmod,1,1,2,2,1,0,0,1,1.0,True,False,DMX-L19-01_mptf.conllu,1,0,0
rad,NOUN,advcl,0,1,0,1,1,756,163,ǰōrdāyān,NOUN,nmod,0,1,2,3,1,0,0,1,0.0,False,False,DMX-L19-01_mptf.conllu,1,0,0
nām,NOUN,nsubj,0,0,0,1,1,528,18258,=iš,PRON,nmod,0,2,1,1,0,0,0,0,1.0,False,False,DMX-L19-01_mptf.conllu,1,0,0
radīh,NOUN,xcomp,0,1,0,1,1,145,163,ǰōrdāyān,NOUN,nmod,0,1,2,2,1,0,0,1,0.0,False,False,DMX-L19-01_mptf.conllu,1,0,0
gōhr,NOUN,nsubj,0,0,0,1,1,153,410,nēk,ADJ,amod,0,1,3,1,2,0,0,1,0.5,False,False,DMX-L19-01_mptf.conllu,0,1,0
wehīh,NOUN,conj,0,0,0,1,1,396,2069,mard,NOUN,nmod,0,1,2,2,1,0,0,1,0.0,False,False,DMX-L19-01_mptf.conllu,1,0,0
xrad,NOUN,nsubj,0,0,0,1,1,654,2069,mard,NOUN,nmod,0,1,2,1,1,0,0,1,0.5,False,False,DMX-L19-01_mptf.conllu,1,0,0
waran,NOUN,obl,0,0,0,1,1,141,123,abārōn,ADJ,amod,0,1,2,2,1,0,0,1,1.0,False,False,DMX-L19-01_mptf.conllu,0,1,0
mard,NOUN,nsubj,0,0,0,1,1,2067,1,nēkgōhr,ADJ,amod,0,2,2,2,1,1,0,1,0.3333333333333333,False,False,DMX-L19-01_mptf.conllu,0,1,0
ǰāmag,NOUN,obl,0,0,0,1,1,26,1,barēn,ADJ,amod,1,1,4,4,2,0,0,1,1.0,False,False,DMX-L19-01_mptf.conllu,0,1,1
mard,NOUN,nsubj,0,0,0,1,1,2067,5,wadgōhr,ADJ,amod,0,2,1,2,0,1,0,0,0.25,False,False,DMX-L19-01_mptf.conllu,0,1,0
mardōm,NOUN,obj,0,0,0,1,1,2713,1864,weh,ADJ,amod,0,2,1,1,0,0,0,0,1.0,False,False,DMX-L19-01_mptf.conllu,0,1,0
zan,NOUN,obj,0,0,0,1,1,890,2375,xwēš,PRON,amod,6,1,2,4,1,0,0,1,1.0,False,False,DMX-L19-01_mptf.conllu,0,1,0
wehān,NOUN,nmod,1,1,0,1,1,339,1864,wehān,NOUN,nmod,0,2,1,2,2,0,0,1,0.0,False,False,DMX-L19-01_mptf.conllu,1,0,0
paymānxwardan,NOUN,obl,0,0,0,1,0,2,75,may,NOUN,nmod,0,1,2,2,1,0,0,1,1.0,False,False,DMX-L19-01_mptf.conllu,1,0,0
paymānxwardan,NOUN,obl,0,0,0,1,0,2,75,may,NOUN,nmod,0,1,2,2,1,0,0,1,0.3333333333333333,False,False,DMX-L19-01_mptf.conllu,1,0,0
tis,NOUN,obj,0,0,0,1,1,1502,3,framušt,ADJ,amod,0,1,2,1,1,0,0,1,1.0,False,True,DMX-L19-01_mptf.conllu,0,1,0
wēnišn,NOUN,obj,0,0,0,1,1,100,204,čašm,NOUN,nmod,0,1,3,3,1,0,0,1,1.0,True,False,DMX-L19-01_mptf.conllu,1,0,0
ašnawišn,NOUN,conj,0,0,0,1,1,19,96,gōš,NOUN,nmod,0,1,2,2,1,0,0,1,0.0,False,False,DMX-L19-01_mptf.conllu,1,0,0
guftārīh,NOUN,conj,0,0,0,1,1,18,98,uzwān,NOUN,nmod,0,1,2,2,1,0,0,1,0.0,False,False,DMX-L19-01_mptf.conllu,1,0,0
passand,NOUN,nsubj,0,0,0,1,1,30,1249,gēhān,NOUN,nmod,1,1,2,3,1,0,0,1,1.0,False,False,DMX-L19-01_mptf.conllu,1,0,0
namāz,NOUN,nsubj,0,1,0,1,1,66,1407,yazadān,NOUN,nmod,2,1,2,2,1,0,0,1,1.0,False,False,DMX-L19-01_mptf.conllu,1,0,0
wēnišn,NOUN,nsubj,0,0,0,1,1,100,204,čašm,NOUN,nmod,0,1,3,3,1,0,0,1,1.0,True,False,DMX-L19-01_mptf.conllu,1,0,0
ašnawišn,NOUN,conj,0,0,0,1,1,19,96,gōš,NOUN,nmod,0,1,2,2,1,0,0,1,0.0,True,False,DMX-L19-01_mptf.conllu,1,0,0
guftārīh,NOUN,conj,0,0,0,1,1,18,98,uzwān,NOUN,nmod,0,1,2,2,1,0,0,1,0.0,False,False,DMX-L19-01_mptf.conllu,1,0,0
parwarišn,NOUN,nsubj,0,0,0,1,1,46,10,pambag,NOUN,nmod,0,2,1,2,0,0,0,0,0.6666666666666666,True,False,DMX-L19-01_mptf.conllu,1,0,0
xīr,NOUN,obl,0,0,0,1,1,221,1226,ruwān,NOUN,nmod,0,1,2,2,1,0,0,1,1.0,False,False,DMX-L19-01_mptf.conllu,1,0,0
mēnōy,NOUN,obl,0,0,0,0,1,1405,654,xrad,NOUN,nmod,0,1,2,2,1,0,0,1,1.0,False,False,DMX-L19-01_mptf.conllu,1,0,0
mēnōy,NOUN,nsubj,0,0,0,0,1,1405,654,xrad,NOUN,nmod,0,1,1,1,0,0,0,0,1.0,False,False,DMX-L19-01_mptf.conllu,1,0,0
mēnōy,NOUN,obl,0,0,0,0,1,1405,654,xrad,NOUN,nmod,0,1,2,2,1,0,0,1,0.2857142857142857,False,False,DMX-L19-01_mptf.conllu,1,0,0
wardišnīh,NOUN,appos,0,0,0,1,1,3,1505,tis,NOUN,nmod,0,1,3,4,2,0,0,1,0.0,True,False,DMX-L19-01_mptf.conllu,1,0,0
tis,NOUN,nmod,0,0,0,1,0,1502,1135,gētī,NOUN,nmod,0,1,2,2,1,0,0,1,0.0,False,False,DMX-L19-01_mptf.conllu,1,0,0
margīh,NOUN,conj:appos,0,0,0,1,1,174,2253,tan,NOUN,nmod,0,1,2,2,1,0,0,1,0.0,False,False,DMX-L19-01_mptf.conllu,1,0,0
āmār,NOUN,conj:appos,0,0,0,1,1,199,1226,ruwān,NOUN,nmod,0,1,2,2,1,0,0,1,0.0,True,False,DMX-L19-01_mptf.conllu,1,0,0
bīm,NOUN,conj:appos,0,0,0,1,1,301,371,dušox,PROPN,nmod,0,1,2,2,1,0,1,1,0.0,False,False,DMX-L19-01_mptf.conllu,1,0,0
mēnōy,NOUN,nsubj,0,0,0,0,1,1405,654,xrad,NOUN,nmod,0,1,2,1,1,0,0,1,1.0,False,False,DMX-L19-01_mptf.conllu,1,0,0
wiyābānīh,NOUN,ccomp,0,0,0,1,1,14,149,āz,PROPN,nmod,0,1,2,4,2,0,1,1,0.0,False,False,DMX-L19-01_mptf.conllu,1,0,0
āz,PROPN,nmod,0,0,0,1,0,143,1338,dēw,NOUN,appos,0,1,1,2,0,0,0,0,0.0,False,False,DMX-L19-01_mptf.conllu,0,0,0
mēnōy,NOUN,obl,0,0,0,0,1,1405,654,xrad,NOUN,nmod,0,1,2,2,1,0,0,1,0.6666666666666666,False,False,DMX-L19-01_mptf.conllu,1,0,0
zīwistan,NOUN,nsubj,0,0,0,1,1,4,302,bīm,NOUN,nmod,2,2,3,1,2,0,0,0,1.0,True,False,DMX-L19-01_mptf.conllu,1,0,0
mēnōy,NOUN,nsubj,0,0,0,0,1,1405,654,xrad,NOUN,nmod,0,1,2,1,1,0,0,1,1.0,False,False,DMX-L19-01_mptf.conllu,1,0,0
zīwistan,NOUN,nsubj,0,0,0,1,1,4,302,bīm,NOUN,nmod,2,2,3,1,2,0,0,0,0.5,True,False,DMX-L19-01_mptf.conllu,1,0,0
zīndagīh,NOUN,nsubj,0,0,0,1,1,156,1092,kas,PRON,nmod,0,2,2,1,1,0,0,0,0.5,False,False,DMX-L19-01_mptf.conllu,1,0,0
xwašīh,NOUN,conj,0,0,0,1,0,19,1135,gētī,NOUN,nmod,0,1,2,2,1,0,0,1,0.0,False,False,DMX-L19-01_mptf.conllu,1,0,0
xwašīh,NOUN,conj,0,0,0,1,0,19,1135,gētī,NOUN,nmod,0,1,2,2,1,0,0,1,0.0,False,False,DMX-L19-01_mptf.conllu,1,0,0
bīm,NOUN,nsubj,0,0,0,1,1,301,18258,=š,PRON,nmod,0,2,2,2,0,0,0,0,0.75,False,False,DMX-L19-01_mptf.conllu,1,0,0
mēnōy,NOUN,obl,0,0,0,0,1,1405,654,xrad,NOUN,nmod,0,1,2,2,1,0,0,1,0.4,False,False,DMX-L19-01_mptf.conllu,1,0,0
mēnōy,NOUN,nsubj,0,0,0,0,1,1405,654,xrad,NOUN,nmod,0,1,2,1,1,0,0,1,0.2,False,False,DMX-L19-01_mptf.conllu,1,0,0
hampursagīh,NOUN,nsubj,0,1,0,1,1,107,301,dānāgān,NOUN,nmod,1,1,3,1,3,0,0,1,0.6,False,False,DMX-L19-01_mptf.conllu,1,0,0
gōwišn,NOUN,nsubj,0,1,0,1,1,888,14,spazg,NOUN,nmod,3,1,3,2,3,0,0,1,1.0,True,False,DMX-L19-01_mptf.conllu,1,0,0
mēnōy,NOUN,obl,0,0,0,0,1,1405,654,xrad,NOUN,nmod,0,1,2,2,1,0,0,1,0.6666666666666666,False,False,DMX-L19-01_mptf.conllu,1,0,0
mard,NOUN,nmod,0,0,0,1,0,2067,5,gētīgārāy,ADJ,amod,2,2,3,1,1,0,0,0,0.0,False,False,DMX-L19-01_mptf.conllu,0,1,0
frazām,NOUN,nsubj,0,0,0,1,1,191,2069,mard,NOUN,nmod,0,2,4,1,1,0,0,0,1.0,False,False,DMX-L19-01_mptf.conllu,1,0,0
mard,NOUN,nmod,0,0,0,1,1,2067,11,afsōsgar,ADJ,amod,0,2,2,2,1,1,0,1,0.0,False,False,DMX-L19-01_mptf.conllu,0,1,0
frazām,NOUN,nsubj,0,0,0,1,1,191,2069,mard,NOUN,nmod,0,2,3,1,2,0,0,0,1.0,False,False,DMX-L19-01_mptf.conllu,1,0,0
mard,NOUN,nmod,0,0,0,1,1,2067,7,axwēškār,ADJ,amod,0,2,2,2,1,1,0,1,0.0,False,True,DMX-L19-01_mptf.conllu,0,1,0
frazām,NOUN,nsubj,0,0,0,1,1,191,2069,mard,NOUN,nmod,0,2,3,1,2,0,0,0,1.0,False,False,DMX-L19-01_mptf.conllu,1,0,0
mard,NOUN,nmod,0,0,0,1,1,2067,7,kēnwar,ADJ,amod,0,2,1,2,0,1,0,0,0.0,False,False,DMX-L19-01_mptf.conllu,0,1,0
frazām,NOUN,nsubj,0,0,0,1,1,191,2069,mard,NOUN,nmod,0,2,2,1,2,0,0,0,1.0,False,False,DMX-L19-01_mptf.conllu,1,0,0
mard,NOUN,nmod,0,0,0,1,1,2067,15,aǰgahān,ADJ,amod,0,2,1,2,0,1,0,0,0.0,False,False,DMX-L19-01_mptf.conllu,0,1,0
frazām,NOUN,nsubj,0,0,0,1,1,191,2069,mard,NOUN,nmod,0,2,2,1,2,0,0,0,1.0,False,False,DMX-L19-01_mptf.conllu,1,0,0
mard,NOUN,nmod,0,0,0,1,1,2067,2,mihōxtmenišn,ADJ,amod,0,2,1,2,0,1,0,0,0.0,False,False,DMX-L19-01_mptf.conllu,0,1,0
frazām,NOUN,nsubj,0,0,0,1,1,191,2069,mard,NOUN,nmod,0,2,2,1,2,0,0,0,1.0,False,False,DMX-L19-01_mptf.conllu,1,0,0
mard,NOUN,nmod,0,0,0,1,1,2067,7,tarmenišn,ADJ,amod,0,2,2,2,1,1,0,1,0.0,False,False,DMX-L19-01_mptf.conllu,0,1,0
frazām,NOUN,nsubj,0,0,0,1,1,191,2069,mard,NOUN,nmod,0,2,3,1,2,0,0,0,1.0,False,False,DMX-L19-01_mptf.conllu,1,0,0
mēnōy,NOUN,nsubj,0,0,0,0,1,1405,654,xrad,NOUN,nmod,0,1,2,1,1,0,0,1,0.2,False,False,DMX-L19-01_mptf.conllu,1,0,0
mard,NOUN,nsubj,0,0,0,1,0,2067,5,gētīgārāy,ADJ,amod,2,2,3,2,2,1,0,1,0.4,False,False,DMX-L19-01_mptf.conllu,0,1,0
pādifrāh,NOUN,obl,0,0,0,1,1,215,55,sidōš,NOUN,nmod,0,1,2,2,1,0,0,1,0.6,False,False,DMX-L19-01_mptf.conllu,1,0,0
ātaxš,NOUN,conj,0,0,0,1,1,1442,1,waxšendag,ADJ,amod,0,1,2,3,1,0,0,1,0.0,False,True,DMX-L19-01_mptf.conllu,0,1,0
mard,NOUN,obl,0,0,0,1,1,2067,11,afsōsgar,ADJ,amod,0,2,2,2,1,1,0,1,0.3333333333333333,False,False,DMX-L19-01_mptf.conllu,0,1,0
druwandīh,NOUN,obj,0,0,0,1,1,96,18258,=iš,PRON,nmod,0,2,1,1,0,0,0,0,1.0,False,False,DMX-L19-01_mptf.conllu,1,0,0
druz,NOUN,obl,0,0,0,1,1,911,11,afsōsgar,ADJ,amod,0,1,2,2,1,0,0,1,1.0,False,False,DMX-L19-01_mptf.conllu,0,1,0
mard,NOUN,dislocated:topic,0,0,0,1,1,2067,7,axwēškār,ADJ,amod,0,2,2,2,1,1,0,1,0.0,False,True,DMX-L19-01_mptf.conllu,0,1,0
mard,NOUN,obl,0,0,0,1,1,2067,7,kēnwar,ADJ,amod,0,2,1,2,0,1,0,0,0.3333333333333333,False,False,DMX-L19-01_mptf.conllu,0,1,0
puhl,NOUN,nsubj,0,0,0,1,1,11,1226,ruwān,NOUN,nmod,1,1,2,1,2,0,0,1,0.6666666666666666,False,False,DMX-L19-01_mptf.conllu,1,0,0
druwand,NOUN,obl,1,0,0,1,1,234,371,dušox,PROPN,nmod,1,1,2,3,2,0,1,1,1.0,False,False,DMX-L19-01_mptf.conllu,1,0,0
dēn,NOUN,obl,0,0,0,1,1,2149,244,abēzag,ADJ,amod,0,2,1,3,0,1,0,0,0.16666666666666666,False,False,DMX-L19-01_mptf.conllu,0,1,0
anērīh,NOUN,obl,0,1,0,1,1,22,14,hrōmāyīgān,PROPN,nmod,0,1,3,2,2,0,1,1,0.3333333333333333,False,False,DMX-L19-01_mptf.conllu,2,0,0
anērīh,NOUN,obl,0,1,0,1,1,22,32,ērānagān,ADJ,nmod,5,1,3,2,1,0,0,0,0.3333333333333333,False,False,DMX-L19-01_mptf.conllu,2,0,0
ōzanišn,NOUN,obl,0,0,0,1,1,21,43,ēriǰ,PROPN,nmod,0,1,2,2,1,0,1,1,1.0,True,False,DMX-L19-01_mptf.conllu,1,0,0
mard,NOUN,nsubj:pass,0,0,0,1,1,2067,15,aǰgahān,ADJ,amod,0,2,2,2,1,1,0,1,0.0,False,False,DMX-L19-01_mptf.conllu,0,1,0
mardōmān,NOUN,xcomp,1,0,0,1,1,2713,14,anarzānīgtom,ADJ,amod,0,2,1,1,0,0,0,0,0.0,False,False,DMX-L19-01_mptf.conllu,0,1,0
dādār,NOUN,nsubj,0,0,0,1,1,998,3242,ohrmazd,PROPN,flat,0,1,1,1,0,0,1,0,0.3333333333333333,True,False,DMX-L19-01_mptf.conllu,0,0,0
mardōm,NOUN,obl,0,0,0,1,1,2713,15,aǰgahān,ADJ,amod,0,2,2,3,1,1,0,1,0.6666666666666666,False,False,DMX-L19-01_mptf.conllu,0,1,0
mard,NOUN,dislocated:topic,0,0,0,1,1,2067,15,aǰgahān,ADJ,amod,0,2,2,3,1,1,0,1,0.0,False,False,DMX-L19-01_mptf.conllu,0,1,0
tis,PRON,obj,0,0,0,1,1,1502,19,zīwišn,NOUN,nmod,0,1,4,1,1,0,0,0,1.0,False,True,DMX-L19-01_mptf.conllu,1,0,0
zīwišn,NOUN,nmod,0,0,0,1,1,8,640,dahišn,NOUN,nmod,1,1,3,1,3,0,0,1,0.0,True,True,DMX-L19-01_mptf.conllu,1,0,0
mard,NOUN,nsubj,0,0,0,1,1,2067,15,aǰgahān,ADJ,amod,0,1,1,1,0,0,0,0,0.6666666666666666,False,False,DMX-L19-01_mptf.conllu,0,1,0
mard,NOUN,nsubj,0,0,0,1,1,2067,2,mihōxtmenišn,ADJ,amod,0,2,2,2,1,1,0,1,0.5,False,False,DMX-L19-01_mptf.conllu,0,1,0
xīr,NOUN,obl,0,0,0,1,0,221,1550,mēnōy,NOUN,amod,0,1,3,3,2,0,0,1,1.0,False,False,DMX-L19-01_mptf.conllu,0,1,0
yazišn,NOUN,conj,0,1,0,1,1,1119,1407,yazadān,NOUN,nmod,4,1,2,6,1,0,0,1,0.0,True,False,DMX-L19-01_mptf.conllu,1,0,0
dahān,NOUN,obl,0,1,0,1,1,104,1864,wehān,NOUN,nmod,0,1,2,2,1,0,0,1,1.0,False,False,DMX-L19-01_mptf.conllu,1,0,0
ruwān,NOUN,nsubj,0,0,0,1,1,1224,18258,=š,PRON,nmod,0,2,1,1,0,0,0,0,1.0,False,False,DMX-L19-01_mptf.conllu,1,0,0
mard,NOUN,obl,0,0,0,1,1,2067,7,tarmenišn,ADJ,amod,0,2,2,2,1,1,0,1,0.25,False,False,DMX-L19-01_mptf.conllu,0,1,0
pādifrāh,NOUN,compound:lvc,0,0,0,1,1,215,1226,ruwān,NOUN,nmod,0,1,2,1,1,0,0,1,0.0,False,False,DMX-L19-01_mptf.conllu,1,0,0
druz,NOUN,obl,0,0,0,1,1,911,49,tarmenišnīh,NOUN,nmod,0,1,2,2,1,0,0,1,1.0,False,True,DMX-L19-01_mptf.conllu,1,0,0
druz,NOUN,nsubj,0,0,0,1,1,911,49,tarmenišnīh,NOUN,nmod,1,1,2,2,1,0,0,1,0.25,False,True,DMX-L19-01_mptf.conllu,1,0,0
mēnōy,NOUN,obl,0,0,0,0,1,1405,654,xrad,NOUN,nmod,0,1,2,2,1,0,0,1,0.4,False,False,DMX-L19-01_mptf.conllu,1,0,0
xīr,NOUN,obj,0,0,0,1,0,221,1135,gētī,NOUN,amod,2,1,2,2,1,0,0,1,0.8,False,False,DMX-L19-01_mptf.conllu,0,1,0
mēnōy,NOUN,nsubj,0,0,0,0,1,1405,654,xrad,NOUN,nmod,0,1,2,1,1,0,0,1,0.25,False,False,DMX-L19-01_mptf.conllu,1,0,0
mēnōy,NOUN,obl,0,0,0,0,1,1405,654,xrad,NOUN,nmod,0,1,2,2,1,0,0,1,1.0,False,False,DMX-L19-01_mptf.conllu,1,0,0
mēnōy,NOUN,nsubj,0,0,0,0,1,1405,654,xrad,NOUN,nmod,0,1,2,1,1,0,0,1,0.3333333333333333,False,False,DMX-L19-01_mptf.conllu,1,0,0
tagīgīh,NOUN,obl,0,0,0,1,1,42,654,xrad,NOUN,nmod,2,1,3,4,2,0,0,1,0.6666666666666666,False,False,DMX-L19-01_mptf.conllu,1,0,0
mēnōy,NOUN,obl,0,0,0,0,1,1405,654,xrad,NOUN,nmod,0,1,2,2,1,0,0,1,0.3333333333333333,False,False,DMX-L19-01_mptf.conllu,1,0,0
mēnōy,NOUN,nsubj,0,0,0,0,1,1405,654,xrad,NOUN,nmod,0,1,2,1,1,0,0,1,1.0,False,False,DMX-L19-01_mptf.conllu,1,0,0
ahreman,PROPN,nsubj,0,0,0,1,1,322,657,druwand,ADJ,amod,0,1,2,1,1,0,0,1,0.5555555555555556,False,False,DMX-L19-01_mptf.conllu,0,1,0
nērōg,NOUN,obl,0,0,0,1,1,339,154,abāxtar,NOUN,nmod,1,1,2,2,2,0,0,1,0.6666666666666666,False,False,DMX-L19-01_mptf.conllu,1,0,0
nēkīh,NOUN,conj,0,0,0,1,0,529,1135,gētī,NOUN,nmod,0,1,2,5,1,0,0,1,0.0,False,False,DMX-L19-01_mptf.conllu,1,0,0
mēnōy,NOUN,obl,0,0,0,0,1,1405,654,xrad,NOUN,nmod,0,1,2,2,1,0,0,1,1.0,False,False,DMX-L19-01_mptf.conllu,1,0,0
mēnōy,NOUN,nsubj,0,0,0,0,1,1405,654,xrad,NOUN,nmod,0,1,2,1,1,0,0,1,0.14285714285714285,False,False,DMX-L19-01_mptf.conllu,1,0,0
wēšbūdan,NOUN,obl,0,0,0,1,1,2,1505,tis,NOUN,nmod,0,1,2,2,1,0,0,1,0.8571428571428571,True,False,DMX-L19-01_mptf.conllu,1,0,0
wēšbūdan,NOUN,obl,0,0,0,1,1,2,1505,tis,NOUN,nmod,0,1,2,2,1,0,0,1,1.0,True,False,DMX-L19-01_mptf.conllu,1,0,0
mēnōy,NOUN,obl,0,0,0,0,1,1405,654,xrad,NOUN,nmod,0,1,2,2,1,0,0,1,1.0,False,False,DMX-L19-01_mptf.conllu,1,0,0
mēnōy,NOUN,nsubj,0,0,0,0,1,1405,654,xrad,NOUN,nmod,0,1,2,1,1,0,0,1,0.3333333333333333,False,False,DMX-L19-01_mptf.conllu,1,0,0
šnāsagīh,NOUN,nsubj,0,0,0,1,1,17,1505,tis,NOUN,nmod,0,1,2,1,1,0,0,1,1.0,False,False,DMX-L19-01_mptf.conllu,1,0,0
dānišn,NOUN,nsubj,0,0,0,1,1,274,1505,tis,NOUN,nmod,0,1,2,1,1,0,0,1,0.4,True,False,DMX-L19-01_mptf.conllu,1,0,0
mard,NOUN,dislocated:topic,0,0,0,1,1,2067,57,dušāgāh,NOUN,amod,0,2,1,1,0,0,0,0,0.0,False,False,DMX-L19-01_mptf.conllu,0,1,0
mēnōy,NOUN,obl,0,0,0,0,1,1405,654,xrad,NOUN,nmod,0,1,2,2,1,0,0,1,1.0,False,False,DMX-L19-01_mptf.conllu,1,0,0
mardōm,NOUN,nsubj,0,0,0,1,1,2713,245,gayōmart,PROPN,nmod,1,1,4,3,2,0,1,1,1.0,False,False,DMX-L19-01_mptf.conllu,1,0,0
hōšyang,PROPN,nmod,0,0,0,1,1,51,10,pēšdād,ADJ,amod,0,1,2,3,1,0,0,1,0.0,False,False,DMX-L19-01_mptf.conllu,0,1,0
xwadāyān,NOUN,conj,1,0,0,1,1,494,51,hōšyang,PROPN,nmod,1,2,3,3,3,1,1,1,0.0,False,False,DMX-L19-01_mptf.conllu,1,0,0
dahibedān,NOUN,conj,1,0,0,1,1,244,235,wištāsp,PROPN,nmod,2,1,3,2,3,0,1,1,0.0,False,False,DMX-L19-01_mptf.conllu,1,0,0
wištāsp,PROPN,nmod,0,0,0,1,1,233,155,šāh,NOUN,appos,1,1,2,3,1,0,0,0,0.0,False,False,DMX-L19-01_mptf.conllu,0,0,0
šāh,NOUN,appos,0,1,0,1,1,152,155,šāhān,NOUN,nmod,0,2,1,1,0,0,0,0,0.0,False,False,DMX-L19-01_mptf.conllu,1,0,0
mēnōy,NOUN,nsubj,0,0,0,0,1,1405,654,xrad,NOUN,nmod,0,1,2,1,1,0,0,1,1.0,False,False,DMX-L19-01_mptf.conllu,1,0,0
kār,NOUN,nsubj,0,0,0,1,1,1414,1249,gēhān,NOUN,nmod,0,1,2,1,1,0,0,1,0.5,True,False,DMX-L19-01_mptf.conllu,1,0,0
wizīr,NOUN,conj,0,0,0,1,1,331,82,brīn,ADJ,amod,0,1,2,2,1,0,0,1,0.0,False,False,DMX-L19-01_mptf.conllu,0,1,0
zurwān,NOUN,acl:relcl,0,0,0,1,0,29,910,pādixšā,ADJ,amod,0,1,3,3,2,0,0,1,0.0,False,False,DMX-L19-01_mptf.conllu,0,1,0
paywand,NOUN,obl,0,1,0,1,1,179,6,pēšēnag,NOUN,nmod,1,1,3,4,3,0,0,1,0.25,False,False,DMX-L19-01_mptf.conllu,1,0,0
pēšēnag,NOUN,nmod,1,0,0,1,1,6,33,widardag,ADJ,amod,0,1,2,3,1,1,0,1,0.0,False,True,DMX-L19-01_mptf.conllu,0,1,0
dām,NOUN,obl,0,0,0,1,1,1172,3242,ohrmazd,PROPN,nmod,0,1,2,1,1,0,1,1,1.0,False,False,DMX-L19-01_mptf.conllu,1,0,0
ōzadan,NOUN,advcl,0,0,0,1,1,43,22,arzūr,PROPN,nmod,0,1,4,4,1,0,1,1,0.0,True,False,DMX-L19-01_mptf.conllu,1,0,0
abespāragkirdan,NOUN,conj,0,0,0,1,1,1,2253,tan,NOUN,nmod,0,1,3,4,2,0,0,1,0.0,True,False,DMX-L19-01_mptf.conllu,2,0,0
abespāragkirdan,NOUN,conj,0,0,0,1,1,1,323,ahreman,PROPN,nmod,4,1,3,4,1,0,1,0,0.0,True,False,DMX-L19-01_mptf.conllu,2,0,0
tan,NOUN,nmod,0,0,0,1,1,2253,2375,xwēš,PRON,amod,0,1,2,2,1,0,0,1,0.0,False,False,DMX-L19-01_mptf.conllu,0,1,0
sūd,NOUN,nsubj:outer,0,0,0,1,1,327,384,dudīgar,ADJ,amod,0,2,1,1,0,0,0,0,0.0,False,False,DMX-L19-01_mptf.conllu,0,1,0
frawahr,NOUN,conj,0,1,0,1,1,313,23,frašegirdkardārān,NOUN,nmod,0,1,5,3,2,0,0,1,0.0,False,True,DMX-L19-01_mptf.conllu,1,0,0
frašegirdkardārān,NOUN,nmod,1,1,0,1,1,18,2060,ahlawān,ADJ,appos,0,1,4,2,1,0,0,0,0.0,True,False,DMX-L19-01_mptf.conllu,0,0,0
tan,NOUN,obl,0,0,0,1,0,2253,18258,ōy,PRON,nmod,0,1,2,2,1,0,0,1,1.0,False,False,DMX-L19-01_mptf.conllu,1,0,0
tan,NOUN,obl,0,0,0,1,0,2253,18258,ōy,PRON,nmod,0,1,2,2,1,0,0,1,1.0,False,False,DMX-L19-01_mptf.conllu,1,0,0
hōšyang,PROPN,obl,0,0,0,1,1,51,10,pēšdād,ADJ,amod,0,1,2,2,1,0,0,1,1.0,False,False,DMX-L19-01_mptf.conllu,0,1,0
bahrag,NOUN,nmod,0,0,0,1,0,18,1338,dēw,NOUN,nmod,0,1,4,2,1,0,0,0,0.0,False,False,DMX-L19-01_mptf.conllu,1,0,0
dēw,NOUN,nmod,0,0,0,0,1,1336,19,māzandar,NOUN,appos,0,1,3,1,1,0,0,0,0.0,False,False,DMX-L19-01_mptf.conllu,0,0,0
māzandar,NOUN,appos,0,0,0,1,1,14,1,gēhānmurnǰēnīdār,NOUN,nmod,0,1,2,1,1,0,0,1,0.0,False,True,DMX-L19-01_mptf.conllu,1,0,0
bahrag,NOUN,nsubj:pass,0,0,0,1,1,18,18,bahrag,NOUN,nmod,4,2,5,2,2,0,0,0,0.0,False,False,DMX-L19-01_mptf.conllu,1,0,0
tahmōrub,PROPN,obl,0,0,0,1,1,21,1,hurust,ADJ,amod,0,1,2,2,1,0,0,1,0.3333333333333333,False,False,DMX-L19-01_mptf.conllu,0,1,0
ēwēnag,NOUN,obj,0,0,0,1,1,782,55,nibēg,NOUN,nmod,0,1,3,3,1,0,0,0,0.3333333333333333,False,False,DMX-L19-01_mptf.conllu,1,0,0
nibēg,NOUN,nmod,0,0,0,1,1,54,8,dibīrīh,NOUN,nmod,0,1,2,1,1,0,0,1,0.0,False,False,DMX-L19-01_mptf.conllu,1,0,0
ǰamšēd,PROPN,obl,0,0,0,1,1,149,17,huramag,ADJ,amod,0,2,2,4,0,0,0,0,0.2,False,False,DMX-L19-01_mptf.conllu,1,2,0
ǰamšēd,PROPN,obl,0,0,0,1,1,149,5,šēd,ADJ,amod,0,1,2,4,1,0,0,1,0.2,False,False,DMX-L19-01_mptf.conllu,1,2,0
ǰamšēd,PROPN,obl,0,0,0,1,1,149,13,wiwanghānān,PROPN,nmod,1,1,2,4,1,0,1,1,0.2,False,False,DMX-L19-01_mptf.conllu,1,2,0
dām,NOUN,obl,0,0,0,1,1,1172,1006,dādār,NOUN,nmod,2,1,2,4,2,0,0,1,1.0,False,True,DMX-L19-01_mptf.conllu,1,0,0
dādār,NOUN,nmod,0,0,0,1,1,998,3242,ohrmazd,PROPN,flat,0,1,1,2,0,0,1,0,0.0,True,False,DMX-L19-01_mptf.conllu,0,0,0
war,NOUN,obj,0,0,0,1,1,328,42,ǰamkird,ADJ,amod,0,1,2,1,1,0,0,1,0.6666666666666666,False,False,DMX-L19-01_mptf.conllu,0,1,0
wārān,NOUN,nsubj,0,0,0,1,1,185,6,malkūsān,ADJ,amod,0,1,2,2,1,1,0,1,1.0,False,False,DMX-L19-01_mptf.conllu,0,1,0
dām,NOUN,conj,0,0,0,1,1,1172,3242,ohrmazd,PROPN,nmod,2,1,2,5,2,0,1,1,0.0,False,False,DMX-L19-01_mptf.conllu,1,0,0
ohrmazd,PROPN,nmod,0,0,0,1,0,3237,499,xwadāy,NOUN,appos,0,1,1,2,0,0,0,0,0.0,False,False,DMX-L19-01_mptf.conllu,0,0,0
war,NOUN,nmod,0,0,0,1,1,328,42,ǰamkird,ADJ,amod,0,1,2,1,1,0,0,1,0.0,False,False,DMX-L19-01_mptf.conllu,0,1,0
dar,NOUN,obj,0,0,0,1,1,332,328,war,NOUN,nmod,1,2,3,2,1,1,0,0,0.25,False,False,DMX-L19-01_mptf.conllu,1,0,0
dām,NOUN,conj,0,0,0,1,1,1172,1006,dādār,NOUN,nmod,2,1,2,4,2,0,0,1,0.0,False,True,DMX-L19-01_mptf.conllu,1,0,0
dādār,NOUN,nmod,0,0,0,1,1,998,3242,ohrmazd,PROPN,flat,0,1,1,2,0,0,1,0,0.0,True,False,DMX-L19-01_mptf.conllu,0,0,0
paymān,NOUN,obj,0,1,0,1,1,276,1135,gētīyān,NOUN,nmod,0,1,3,2,1,0,0,1,0.25,False,False,DMX-L19-01_mptf.conllu,1,0,0
ahreman,PROPN,nsubj,0,0,0,1,1,322,1,dušdahag,ADJ,amod,1,2,1,4,0,1,0,0,0.5,False,False,DMX-L19-01_mptf.conllu,0,2,0
ahreman,PROPN,nsubj,0,0,0,1,1,322,657,druwand,ADJ,amod,0,2,1,4,0,1,0,0,0.5,False,False,DMX-L19-01_mptf.conllu,0,2,0
az,NOUN,obl,0,0,0,1,1,19,129,dahāg,PROPN,nmod,0,1,3,3,2,0,1,1,0.16666666666666666,False,False,DMX-L19-01_mptf.conllu,1,0,0
dahāg,PROPN,nmod,0,0,0,1,1,127,20,bēwarasp,PROPN,appos,0,1,1,2,0,0,1,0,0.0,False,False,DMX-L19-01_mptf.conllu,0,0,0
frāsyāg,PROPN,conj,0,0,0,1,1,6,20,gizistag,ADJ,amod,0,2,2,3,0,0,0,0,0.0,False,True,DMX-L19-01_mptf.conllu,1,1,0
frāsyāg,PROPN,conj,0,0,0,1,1,6,56,tūr,NOUN,nmod,0,1,2,3,1,0,0,1,0.0,False,False,DMX-L19-01_mptf.conllu,1,1,0
gannāgmēnōy,PROPN,nsubj,0,0,0,0,1,567,20,gizistag,ADJ,amod,0,2,1,1,0,0,0,0,0.6666666666666666,False,True,DMX-L19-01_mptf.conllu,0,1,0
tan,NOUN,conj,0,0,0,1,1,2253,190,pasēn,ADJ,amod,0,1,2,2,1,0,0,1,0.0,False,False,DMX-L19-01_mptf.conllu,0,1,0
dēw,NOUN,obj,0,0,0,0,1,1336,19,māzandar,ADJ,amod,0,2,1,4,0,0,0,0,0.6666666666666666,False,False,DMX-L19-01_mptf.conllu,0,1,0
kišwar,NOUN,obl,0,0,0,1,1,281,94,xwaniras,PROPN,appos,0,1,1,2,0,0,1,0,1.0,False,False,DMX-L19-01_mptf.conllu,0,0,0
niyāg,NOUN,acl:relcl,0,0,0,1,1,20,18258,=š,PRON,nmod,0,2,1,3,0,0,0,0,0.0,False,False,DMX-L19-01_mptf.conllu,1,0,0
kēn,NOUN,obl,0,0,0,1,1,80,43,ēraǰ,PROPN,nmod,0,1,1,2,0,0,1,0,0.75,False,False,DMX-L19-01_mptf.conllu,1,0,0
petyāragīh,NOUN,obl,0,0,0,1,1,53,1249,gēhān,NOUN,nmod,0,1,2,2,1,0,0,1,1.0,False,False,DMX-L19-01_mptf.conllu,1,0,0
bun,NOUN,obl,0,0,0,1,1,959,371,dušox,PROPN,nmod,0,1,2,2,1,0,1,1,0.5,False,False,DMX-L19-01_mptf.conllu,1,0,0
paymān,NOUN,nsubj:pass,0,0,0,1,1,276,6,frāsyāg,PROPN,nmod,0,1,2,1,1,0,1,1,0.0,False,False,DMX-L19-01_mptf.conllu,1,0,0
xwēšīh,NOUN,obl,0,0,0,1,1,282,139,ērānšahr,PROPN,nmod,0,1,2,2,1,0,1,1,1.0,False,False,DMX-L19-01_mptf.conllu,1,0,0
paywand,NOUN,nsubj,0,0,0,1,1,179,141,kayān,PROPN,nmod,2,1,2,2,1,0,1,1,0.5,False,False,DMX-L19-01_mptf.conllu,1,0,0
mār,NOUN,obj,0,0,0,1,1,95,6,srūwar,ADJ,amod,0,1,4,5,1,0,0,1,1.0,True,False,DMX-L19-01_mptf.conllu,0,1,0
gurg,NOUN,conj,0,0,0,1,1,159,1,kabōd,ADJ,amod,0,1,3,3,1,0,0,1,0.0,False,False,DMX-L19-01_mptf.conllu,0,1,0
dēw,NOUN,conj,0,0,0,0,0,1336,4,gandarw,PROPN,nmod,0,1,2,2,1,0,1,1,0.0,False,False,DMX-L19-01_mptf.conllu,1,0,0
murw,NOUN,conj,0,0,0,0,1,185,2,kamag,PROPN,nmod,0,1,2,2,1,0,1,1,0.0,False,False,DMX-L19-01_mptf.conllu,1,0,0
dēw,NOUN,conj,0,0,0,0,1,1336,8,wiyābānīg,ADJ,amod,0,1,2,2,1,0,0,1,0.0,False,False,DMX-L19-01_mptf.conllu,0,1,0
ruwān,NOUN,obj,0,0,0,1,1,1224,2375,xwēš,PRON,amod,0,1,2,1,1,0,0,1,1.0,False,False,DMX-L19-01_mptf.conllu,0,1,0
humat,NOUN,acl,0,0,0,1,1,109,520,menišn,NOUN,nmod,5,1,3,3,4,0,0,0,0.0,False,True,DMX-L19-01_mptf.conllu,1,0,0
menišn,NOUN,nmod,0,0,0,1,1,518,2375,xwēš,PRON,amod,4,1,2,4,1,0,0,1,0.0,True,False,DMX-L19-01_mptf.conllu,0,1,0
rēdag,NOUN,conj,0,0,0,1,0,28,39,aburnāy,ADJ,amod,0,1,2,2,1,0,0,1,0.0,True,False,DMX-L19-01_mptf.conllu,0,1,0
paywand,NOUN,conj,0,0,0,1,1,179,44,armēšt,ADJ,amod,0,1,2,2,1,0,0,1,0.0,False,False,DMX-L19-01_mptf.conllu,0,1,0
ruwān,NOUN,obj,0,0,0,1,1,1224,2375,xwēš,PRON,amod,0,1,2,1,1,0,0,1,0.3333333333333333,False,False,DMX-L19-01_mptf.conllu,0,1,0
pāyag,NOUN,obl,0,0,0,1,1,120,2375,xwēš,PRON,amod,0,1,2,2,1,0,0,1,0.75,False,False,DMX-L19-01_mptf.conllu,0,1,0
pāyag,NOUN,obl,0,0,0,1,1,120,2375,xwēš,PRON,amod,0,1,2,2,1,0,0,1,0.6666666666666666,False,False,DMX-L19-01_mptf.conllu,0,1,0
mēnōy,NOUN,obl,0,0,0,0,1,1405,654,xrad,NOUN,nmod,0,1,2,2,1,0,0,1,0.5,False,False,DMX-L19-01_mptf.conllu,1,0,0
ohrmazd,PROPN,obl,0,0,0,1,0,3237,499,xwadāy,NOUN,appos,0,1,2,1,1,0,0,1,0.6666666666666666,False,False,DMX-L19-01_mptf.conllu,0,0,0
ahreman,PROPN,obl,0,0,0,1,1,322,657,druwand,ADJ,amod,0,1,2,1,1,0,0,1,0.6666666666666666,False,False,DMX-L19-01_mptf.conllu,0,1,0
frazām,NOUN,nsubj,0,0,0,1,1,191,1135,gētīg,NOUN,nmod,0,1,3,1,2,0,0,1,1.0,False,False,DMX-L19-01_mptf.conllu,1,0,0
mēnōy,NOUN,nsubj,0,0,0,0,1,1405,654,xrad,NOUN,nmod,0,1,2,1,1,0,0,1,0.3333333333333333,False,False,DMX-L19-01_mptf.conllu,1,0,0
dil,NOUN,nsubj,0,1,0,1,1,95,2060,ahlawān,NOUN,nmod,0,1,2,1,1,0,0,1,0.6666666666666666,False,False,DMX-L19-01_mptf.conllu,1,0,0
ān,PRON,nsubj,0,1,0,1,1,1928,657,druwandān,NOUN,nmod,0,1,2,1,1,0,0,1,1.0,False,False,DMX-L19-01_mptf.conllu,1,0,0
ēmēd,NOUN,nsubj,0,1,0,1,1,68,1407,yazadān,NOUN,nmod,3,1,2,2,2,0,0,1,0.5,False,False,DMX-L19-01_mptf.conllu,1,0,0
ān,PRON,nsubj,0,1,0,1,1,1928,1338,dēwān,NOUN,nmod,1,1,2,1,2,0,0,1,1.0,False,False,DMX-L19-01_mptf.conllu,1,0,0
mēnōy,NOUN,nsubj,0,0,0,0,1,1405,654,xrad,NOUN,nmod,0,1,2,1,1,0,0,1,1.0,False,False,DMX-L19-01_mptf.conllu,1,0,0
ohrmazd,PROPN,obj,0,0,0,1,0,3237,499,xwadāy,NOUN,appos,0,1,4,3,1,0,0,1,0.2,False,False,DMX-L19-01_mptf.conllu,0,0,0
wahišt,PROPN,conj,0,0,0,1,0,170,75,hubōy,ADJ,amod,0,1,3,2,2,0,0,1,0.0,False,False,DMX-L19-01_mptf.conllu,0,1,0
ahreman,PROPN,obj,0,0,0,1,1,322,657,druwand,ADJ,amod,0,1,2,2,1,0,0,1,0.6,False,False,DMX-L19-01_mptf.conllu,0,1,0
dušox,PROPN,obl,0,0,0,1,1,371,50,tārīk,ADJ,amod,0,1,2,2,1,0,0,0,0.8,False,False,DMX-L19-01_mptf.conllu,0,1,0
mēnōy,NOUN,obj,0,0,0,0,1,1405,654,xrad,NOUN,nmod,0,1,2,1,1,0,0,1,1.0,False,False,DMX-L19-01_mptf.conllu,1,0,0
mēnōy,NOUN,obj,0,0,0,0,1,1405,1,hursandīh,NOUN,nmod,0,1,2,1,1,0,0,1,0.3333333333333333,False,False,DMX-L19-01_mptf.conllu,1,0,0
yazadān,NOUN,nmod,1,1,0,1,1,1403,1407,yazadān,NOUN,nmod,0,2,1,1,1,0,0,0,0.0,False,False,GA-K20-01_mptf.conllu,1,0,0
kirbakkarān,NOUN,appos,1,1,0,1,1,40,50,kirbakkarān,NOUN,appos,0,2,1,1,1,0,0,0,0.0,False,False,GA-K20-01_mptf.conllu,0,0,0
pušt,PROPN,nmod,0,0,0,1,1,88,88,pušt,PROPN,nmod,0,2,1,1,1,0,1,0,0.0,False,False,GA-K20-01_mptf.conllu,1,0,0
mardōm,NOUN,nmod,0,0,0,1,1,2713,2716,mardōm,NOUN,nmod,0,2,1,1,1,0,0,0,0.0,False,False,GA-K20-01_mptf.conllu,1,0,0
tō,PRON,nmod,0,0,0,0,0,1925,1925,tō,PRON,nmod,0,2,1,1,1,0,0,0,0.0,False,False,GA-K20-01_mptf.conllu,1,0,0
=š,PRON,nmod,0,0,0,1,1,18107,18258,=š,PRON,nmod,0,2,1,1,1,0,0,0,0.0,False,False,GA-K20-01_mptf.conllu,1,0,0
=š,PRON,nmod,0,0,0,1,1,18107,18258,=š,PRON,nmod,0,2,1,1,1,0,0,0,0.0,False,False,GA-K20-01_mptf.conllu,1,0,0
wehdēnān,NOUN,nmod,1,1,0,1,1,71,735,wehdēnān,NOUN,nmod,0,2,1,1,1,0,0,0,0.0,False,False,GA-K20-01_mptf.conllu,1,0,0
pārs,PROPN,nmod,0,0,0,1,1,63,64,pārs,PROPN,nmod,0,2,1,1,1,0,1,0,0.0,False,False,GA-K20-01_mptf.conllu,1,0,0
baγdād,PROPN,nmod,0,0,0,1,1,5,6,baγdād,PROPN,nmod,0,2,1,1,1,0,1,0,0.0,False,False,GA-K20-01_mptf.conllu,1,0,0
māmūn,PROPN,nmod,0,0,0,1,1,10,10,māmūn,PROPN,nmod,0,2,1,1,1,0,1,0,0.0,False,False,GA-K20-01_mptf.conllu,1,0,0
mūminīn,NOUN,nmod,1,1,0,1,1,9,9,mūminīn,NOUN,nmod,0,2,1,1,1,0,0,0,0.0,False,False,GA-K20-01_mptf.conllu,1,0,0
amīr,NOUN,appos,0,0,0,1,1,9,9,amīr,NOUN,appos,0,2,1,1,1,0,0,0,0.0,False,False,GA-K20-01_mptf.conllu,0,0,0
mūminīn,NOUN,nmod,1,1,0,1,1,9,9,mūminīn,NOUN,nmod,0,2,1,1,1,0,0,0,0.0,False,False,GA-K20-01_mptf.conllu,1,0,0
xwēš,PRON,nmod,0,0,0,1,1,2327,2375,xwēš,PRON,nmod,0,2,1,1,1,0,0,0,0.0,False,False,GA-K20-01_mptf.conllu,1,0,0
ǰahūdagān,NOUN,nmod,1,1,0,1,1,2,2,ǰahūdagān,NOUN,nmod,0,2,1,1,1,0,0,0,0.0,True,True,GA-K20-01_mptf.conllu,1,0,0
ātaxš,NOUN,nmod,0,0,0,1,1,1442,1446,ātaxš,NOUN,nmod,0,2,1,1,1,0,0,0,0.0,False,False,GA-K20-01_mptf.conllu,1,0,0
ēk,PRON,appos,0,0,0,1,1,8,2654,ēk,PRON,appos,0,2,1,1,1,0,0,0,0.0,False,False,GA-K20-01_mptf.conllu,0,0,0
pidar,NOUN,nmod,0,0,0,1,1,547,547,pidar,NOUN,nmod,0,2,1,1,1,0,0,0,0.0,False,False,GA-K20-01_mptf.conllu,1,0,0
xwēš,PRON,nmod,0,0,0,1,1,2327,2375,xwēš,PRON,nmod,0,2,1,1,1,0,0,0,0.0,False,False,GA-K20-01_mptf.conllu,1,0,0
amīr,NOUN,appos,0,0,0,1,1,9,9,amīr,NOUN,appos,0,2,1,1,1,0,0,0,0.0,False,False,GA-K20-01_mptf.conllu,0,0,0
mūminīn,NOUN,nmod,1,1,0,1,1,9,9,mūminīn,NOUN,nmod,0,2,1,1,1,0,0,0,0.0,False,False,GA-K20-01_mptf.conllu,1,0,0
xwēš,PRON,nmod,0,0,0,1,1,2327,2375,xwēš,PRON,nmod,0,2,1,1,1,0,0,0,0.0,False,False,GA-K20-01_mptf.conllu,1,0,0
gōspandān,NOUN,nmod,1,1,0,1,1,831,834,gōspandān,NOUN,nmod,0,2,1,1,1,0,0,0,0.0,False,False,GA-K20-01_mptf.conllu,1,0,0
dādār,NOUN,root,0,0,0,1,1,998,3242,ohrmazd,PROPN,flat,0,1,4,8,0,0,1,0,0.0,True,False,GBd-TD1-01_mptf.conllu,0,4,0
dādār,NOUN,root,0,0,0,1,1,998,66,rāyōmand,ADJ,amod,1,1,4,8,2,0,0,0,0.0,True,False,GBd-TD1-01_mptf.conllu,0,4,0
dādār,NOUN,root,0,0,0,1,0,998,301,dānā,ADJ,amod,4,1,4,8,1,0,0,1,0.0,True,False,GBd-TD1-01_mptf.conllu,0,4,0
dādār,NOUN,root,0,0,0,1,0,998,4,tuwānā,ADJ,amod,5,1,4,8,1,0,0,1,0.0,True,False,GBd-TD1-01_mptf.conllu,0,4,0
dādār,NOUN,root,0,0,0,1,1,998,147,mahist,ADJ,amod,6,1,4,8,4,0,0,1,0.0,True,False,GBd-TD1-01_mptf.conllu,0,4,0
yazadān,NOUN,conj,1,1,0,1,1,1403,1550,mēnōyān,ADJ,nmod,0,1,2,3,0,0,0,0,0.0,False,False,GBd-TD1-01_mptf.conllu,1,0,0
yazadān,NOUN,conj,1,1,0,1,1,1403,1135,gētīyān,ADJ,nmod,0,1,1,1,0,0,0,0,0.0,False,False,GBd-TD1-01_mptf.conllu,1,0,0
ǰahišn,NOUN,obl,0,0,0,1,1,15,410,nēk,ADJ,amod,0,2,2,3,0,0,0,0,0.25,True,False,GBd-TD1-01_mptf.conllu,1,1,0
ǰahišn,NOUN,obl,0,0,0,1,1,15,12,murwāg,NOUN,nmod,1,1,2,3,1,0,0,0,0.25,True,False,GBd-TD1-01_mptf.conllu,1,1,0
murwāg,NOUN,nmod,0,0,0,1,1,12,390,xūb,ADJ,amod,0,2,1,1,0,0,0,0,0.0,False,False,GBd-TD1-01_mptf.conllu,0,1,0
axtar,NOUN,obl,0,0,0,1,1,136,410,nēk,ADJ,amod,0,1,1,3,0,0,0,0,0.5,False,False,GBd-TD1-01_mptf.conllu,0,1,0
dastwarīh,NOUN,obl,0,0,0,1,1,139,481,dastwar,NOUN,nmod,7,1,5,2,3,0,0,0,0.75,False,False,GBd-TD1-01_mptf.conllu,1,0,0
kirbagdōst,NOUN,conj:amod,0,0,0,1,1,3,3,yazadānšnās,ADJ,amod,0,1,2,3,1,0,0,1,0.0,False,False,GBd-TD1-01_mptf.conllu,0,3,0
kirbagdōst,NOUN,conj:amod,0,0,0,1,1,3,3,mēnōywēn,ADJ,amod,1,1,2,3,1,0,0,1,0.0,False,False,GBd-TD1-01_mptf.conllu,0,3,0
kirbagdōst,NOUN,conj:amod,0,0,0,1,1,3,3,wehānpassend,ADJ,amod,2,1,2,3,1,0,0,1,0.0,False,False,GBd-TD1-01_mptf.conllu,0,3,0
dastwar,NOUN,nmod,0,0,0,1,1,480,2,yazadāndōst,ADJ,amod,6,2,4,3,3,0,0,0,0.0,False,False,GBd-TD1-01_mptf.conllu,1,1,0
dastwar,NOUN,nmod,0,0,0,1,1,480,2158,dēn,NOUN,nmod,0,1,4,3,3,0,0,1,0.0,False,False,GBd-TD1-01_mptf.conllu,1,1,0
dastwar,NOUN,nmod,0,0,0,1,1,480,24,spandyād,PROPN,appos,4,1,4,3,5,0,1,0,0.0,False,False,GBd-TD1-01_mptf.conllu,1,1,0
dēn,NOUN,nmod,0,0,0,1,1,2149,1864,weh,ADJ,amod,0,1,2,3,1,0,0,1,0.0,False,False,GBd-TD1-01_mptf.conllu,1,1,0
dēn,NOUN,nmod,0,1,0,1,1,2149,595,mazdēsnān,NOUN,nmod,1,1,2,3,1,0,0,1,0.0,False,False,GBd-TD1-01_mptf.conllu,1,1,0
spandyād,PROPN,appos,0,0,0,1,1,24,36,anōšagruwān,ADJ,amod,0,2,1,5,0,0,0,0,0.0,False,False,GBd-TD1-01_mptf.conllu,0,1,0
spandyād,PROPN,appos,0,0,0,1,1,24,13,māhwindād,PROPN,flat,0,1,1,5,0,0,1,0,0.0,False,False,GBd-TD1-01_mptf.conllu,0,1,0
spandyād,PROPN,appos,0,0,0,1,1,24,7,rōstom,PROPN,flat,1,1,1,5,0,0,1,0,0.0,False,False,GBd-TD1-01_mptf.conllu,0,1,0
spandyād,PROPN,appos,0,0,0,1,1,24,36,šahryār,PROPN,flat,2,1,1,5,0,0,1,0,0.0,False,True,GBd-TD1-01_mptf.conllu,0,1,0
spandyād,PROPN,appos,0,0,0,1,0,24,3,nibēsā,NOUN,appos,3,1,1,5,0,0,0,0,0.0,False,False,GBd-TD1-01_mptf.conllu,0,1,0
madan,NOUN,obl,0,1,0,1,1,68,78,tāzīgān,NOUN,nmod,0,1,2,3,1,0,0,1,0.25,True,False,GBd-TD1-01_mptf.conllu,2,0,0
madan,NOUN,obl,0,0,0,1,1,68,139,ērānšahr,PROPN,nmod,2,1,2,3,1,0,1,0,0.25,True,False,GBd-TD1-01_mptf.conllu,2,0,0
dušdēnīh,NOUN,nsubj,0,1,0,1,1,4,4718,=išān,PRON,nmod,0,2,4,4,0,1,0,0,0.5,False,False,GBd-TD1-01_mptf.conllu,1,0,0
ōy,PRON,nsubj,0,0,0,0,1,18107,181,dūdag,NOUN,nmod,2,1,3,3,3,0,0,0,0.6666666666666666,False,True,GBd-TD1-01_mptf.conllu,1,0,0
dūdag,NOUN,nmod,0,0,0,1,1,181,4,abarmānīg,ADJ,amod,0,1,2,3,1,0,0,1,0.0,True,False,GBd-TD1-01_mptf.conllu,1,1,0
dūdag,NOUN,nmod,0,1,0,1,1,181,141,kayān,PROPN,nmod,1,1,2,3,0,0,1,0,0.0,True,False,GBd-TD1-01_mptf.conllu,1,1,0
dēnburdārān,NOUN,conj,1,1,0,1,1,37,141,kayān,PROPN,nmod,0,2,1,2,0,0,1,0,0.0,True,False,GBd-TD1-01_mptf.conllu,1,0,0
rām,NOUN,obl,0,1,0,1,1,36,33,dušdēnān,NOUN,nmod,3,1,2,3,2,0,0,1,1.0,False,False,GBd-TD1-01_mptf.conllu,1,0,0
dušdēnān,NOUN,nmod,1,1,0,1,1,3,4718,awēšān,PRON,nmod,0,2,1,2,0,0,0,0,0.0,False,False,GBd-TD1-01_mptf.conllu,1,0,0
harg,NOUN,obl,0,0,0,1,1,31,10,halagīh,NOUN,nmod,2,1,2,3,1,0,0,1,0.8333333333333334,False,False,GBd-TD1-01_mptf.conllu,1,0,0
buništīh,NOUN,root,0,0,0,1,1,3,3242,ohrmazd,PROPN,nmod,0,1,4,8,0,0,1,0,0.0,False,False,GBd-TD1-01_mptf.conllu,1,0,0
petyāragīh,NOUN,conj,0,0,0,1,0,53,569,gannāgmēnōy,PROPN,nmod,0,1,2,2,1,0,1,1,0.0,False,False,GBd-TD1-01_mptf.conllu,1,0,0
čiyōnīh,NOUN,conj,0,0,0,1,1,143,3,gēhāndām,NOUN,nmod,0,1,2,5,1,0,0,1,0.0,False,False,GBd-TD1-01_mptf.conllu,1,0,0
dēn,NOUN,obl:tmod,0,1,0,1,1,2149,595,mazdēsnān,NOUN,nmod,0,1,2,2,1,0,0,1,0.0,False,False,GBd-TD1-01_mptf.conllu,1,0,0
zamān,NOUN,obl:tmod,0,0,0,1,1,555,51,akanārag,ADJ,amod,0,1,1,1,0,0,0,0,0.0,False,False,GBd-TD1-01_mptf.conllu,0,1,0
gāhudgyāg,NOUN,root,0,0,0,1,1,3,3242,ohrmazd,PROPN,nmod,0,1,4,4,0,0,1,0,0.0,False,False,GBd-TD1-01_mptf.conllu,1,0,0
rōšnīh,NOUN,obj,0,0,0,1,1,368,85,asar,ADJ,amod,0,2,1,1,0,0,0,0,1.0,False,False,GBd-TD1-01_mptf.conllu,0,1,0
zamān,NOUN,root,0,0,0,1,1,555,51,akanārag,ADJ,amod,0,1,3,3,1,0,0,1,0.0,False,False,GBd-TD1-01_mptf.conllu,0,1,0
zamān,NOUN,root,0,0,0,1,1,555,3242,ohrmazd,PROPN,nmod,0,1,2,6,1,0,1,1,0.0,False,False,GBd-TD1-01_mptf.conllu,1,0,0
zadārkāmagīh,NOUN,nsubj,0,0,0,1,1,8,18258,=š,PRON,nmod,0,2,1,1,0,0,0,0,0.3333333333333333,False,False,GBd-TD1-01_mptf.conllu,1,0,0
tārīgīh,NOUN,obj,0,0,0,1,1,101,85,asar,ADJ,amod,0,2,1,1,0,0,0,0,1.0,False,False,GBd-TD1-01_mptf.conllu,0,1,0
rōšnīh,NOUN,root,0,0,0,1,1,368,85,asar,ADJ,amod,0,2,3,8,1,1,0,1,0.0,False,False,GBd-TD1-01_mptf.conllu,0,1,0
tārīgīh,NOUN,root,0,0,0,1,1,101,85,asar,ADJ,amod,0,2,2,5,1,1,0,1,0.0,False,False,GBd-TD1-01_mptf.conllu,0,1,0
mēnōy,NOUN,nsubj,0,1,0,0,1,1405,1533,dōān,NUM,nmod,0,2,3,1,1,0,0,0,0.5,False,False,GBd-TD1-01_mptf.conllu,1,0,0
harwispāgāhīh,NOUN,obl,0,0,0,1,1,40,3242,ohrmazd,PROPN,nmod,0,1,2,2,1,0,1,1,0.25,False,False,GBd-TD1-01_mptf.conllu,1,0,0
dānišn,NOUN,root,0,0,0,1,1,274,3242,ohrmazd,PROPN,nmod,0,1,3,6,1,0,1,1,0.0,True,False,GBd-TD1-01_mptf.conllu,1,0,0
awimand,NOUN,nsubj,0,0,0,1,0,2,1533,dō,NUM,nmod,0,2,2,2,2,1,0,1,0.5,False,False,GBd-TD1-01_mptf.conllu,1,0,0
bowandagpādixšāyīh,NOUN,root,0,0,0,1,1,2,1175,dām,NOUN,nmod,0,1,3,5,2,0,0,1,0.0,False,False,GBd-TD1-01_mptf.conllu,1,0,0
dām,NOUN,nmod,0,0,0,1,1,1172,3242,ohrmazd,PROPN,nmod,0,1,1,2,0,0,1,0,0.0,False,False,GBd-TD1-01_mptf.conllu,1,0,0
tan,NOUN,obl,0,0,0,1,1,2253,190,pasēn,ADJ,amod,0,1,2,2,1,0,0,1,1.0,False,False,GBd-TD1-01_mptf.conllu,0,1,0
dām,NOUN,obj,0,0,0,1,1,1172,323,ahreman,PROPN,nmod,0,1,2,1,1,0,1,1,0.5,False,False,GBd-TD1-01_mptf.conllu,1,0,0
tan,NOUN,nsubj,0,0,0,1,1,2253,190,pasēn,ADJ,amod,0,1,2,1,1,0,0,1,1.0,False,False,GBd-TD1-01_mptf.conllu,0,1,0
hastīh,NOUN,obl,0,0,0,1,1,4,3242,ohrmazd,PROPN,nmod,0,1,2,2,1,0,1,1,1.0,False,False,GBd-TD1-01_mptf.conllu,1,0,0
wimand,NOUN,obl,0,0,0,1,1,91,13,dīdār,ADJ,amod,0,1,2,3,1,0,0,1,1.0,False,True,GBd-TD1-01_mptf.conllu,1,1,0
wimand,NOUN,obl,0,1,0,1,1,91,444,rōšnān,NOUN,nmod,1,1,2,3,1,0,0,1,1.0,False,False,GBd-TD1-01_mptf.conllu,1,1,0
dēw,NOUN,obj,0,0,0,0,1,1336,83,niyāz,NOUN,appos,3,1,4,2,3,0,0,0,1.0,False,False,GBd-TD1-01_mptf.conllu,0,0,0
dām,NOUN,nmod,0,0,0,1,1,1172,36,murnǰēnīdār,ADJ,amod,0,1,2,2,1,0,0,1,0.0,False,True,GBd-TD1-01_mptf.conllu,0,1,0
niyāz,NOUN,appos,0,0,0,1,1,79,1175,dām,NOUN,nmod,1,2,3,3,2,1,0,1,0.0,False,False,GBd-TD1-01_mptf.conllu,1,0,0
dām,NOUN,nsubj,0,0,0,1,0,1172,569,gannāgmēnōy,PROPN,nmod,0,1,2,2,1,0,1,1,1.0,False,False,GBd-TD1-01_mptf.conllu,1,0,0
dām,NOUN,obj,0,0,0,1,1,1172,11,hēn,NOUN,nmod,0,1,2,3,1,0,0,1,1.0,False,False,GBd-TD1-01_mptf.conllu,1,2,0
dām,NOUN,obj,0,0,0,1,1,1172,29,pūdag,ADJ,amod,1,1,2,3,1,0,0,1,1.0,False,True,GBd-TD1-01_mptf.conllu,1,2,0
dām,NOUN,obj,0,0,0,1,1,1172,1,wadagdōšīh,ADJ,amod,2,1,2,3,0,0,0,0,1.0,False,False,GBd-TD1-01_mptf.conllu,1,2,0
dām,NOUN,obj,0,0,0,1,1,1172,3242,ohrmazd,PROPN,nmod,0,1,2,1,1,0,1,1,1.0,False,False,GBd-TD1-01_mptf.conllu,1,0,0
dām,NOUN,xcomp,0,0,0,1,1,1172,44,zofr,ADJ,amod,0,1,2,3,1,0,0,1,0.0,False,False,GBd-TD1-01_mptf.conllu,0,2,0
dām,NOUN,xcomp,0,0,0,1,1,1172,57,wan,_,amod,1,1,2,3,1,0,0,1,0.0,False,False,GBd-TD1-01_mptf.conllu,0,2,0
dāmdahišnīh,NOUN,obj,0,0,0,1,1,54,3242,ohrmazd,PROPN,nmod,0,2,2,2,1,1,1,1,1.0,True,False,GBd-TD1-01_mptf.conllu,1,0,0
ēwēnag,NOUN,nmod,0,0,0,1,1,782,193,frazām,NOUN,nmod,2,1,3,2,2,0,0,1,0.0,False,False,GBd-TD1-01_mptf.conllu,1,0,0
dānistan,NOUN,obl,0,0,0,1,1,35,790,ēwēnag,NOUN,nmod,0,2,4,3,2,0,0,0,0.2222222222222222,True,False,GBd-TD1-01_mptf.conllu,1,0,0
dām,NOUN,nmod,0,0,0,1,1,1172,1175,dām,NOUN,nmod,0,2,1,1,1,0,0,0,0.0,False,False,GBd-TD1-01_mptf.conllu,1,0,0
frazām,NOUN,nmod,0,0,0,1,1,191,1416,kār,NOUN,nmod,0,1,2,2,1,0,0,1,0.0,False,True,GBd-TD1-01_mptf.conllu,1,0,0
dām,NOUN,obl,0,0,0,1,1,1172,2910,man,PRON,nmod,0,1,2,2,1,0,0,1,0.6666666666666666,False,False,GBd-TD1-01_mptf.conllu,1,0,0
čim,NOUN,nsubj,0,0,0,1,1,374,18258,=š,PRON,nmod,0,2,1,1,0,0,0,0,0.3333333333333333,False,False,GBd-TD1-01_mptf.conllu,1,0,0
dām,NOUN,obl,0,0,0,1,0,1172,1925,tō,PRON,nmod,0,1,2,2,1,0,0,1,0.5,False,False,GBd-TD1-01_mptf.conllu,1,0,0
dām,NOUN,conj,0,0,0,1,0,1172,1925,tō,PRON,nmod,1,1,2,2,1,0,0,1,0.0,False,False,GBd-TD1-01_mptf.conllu,1,0,0
dām,NOUN,obj,0,0,0,1,0,1172,1925,tō,PRON,nmod,0,1,2,2,1,0,0,1,0.5,False,False,GBd-TD1-01_mptf.conllu,1,0,0
adōstīh,NOUN,obl,0,0,0,1,0,8,1925,tō,PRON,nmod,0,1,3,4,0,0,0,0,1.0,False,False,GBd-TD1-01_mptf.conllu,1,0,0
dōstīh,NOUN,conj,0,0,0,1,1,113,2910,man,PRON,nmod,0,1,2,1,1,0,0,1,0.0,False,False,GBd-TD1-01_mptf.conllu,1,0,0
wizārišn,NOUN,nsubj,0,0,0,1,1,117,18258,=š,PRON,nmod,0,2,5,2,0,0,0,0,0.14285714285714285,True,False,GBd-TD1-01_mptf.conllu,1,0,0
dām,NOUN,obj,0,0,0,1,1,1172,2910,man,PRON,nmod,1,1,2,2,1,0,0,1,0.8571428571428571,False,False,GBd-TD1-01_mptf.conllu,1,0,0
xwēšīh,NOUN,obl,0,0,0,1,1,282,2910,man,PRON,nmod,0,1,2,2,0,0,0,0,1.0,False,False,GBd-TD1-01_mptf.conllu,1,0,0
zamān,NOUN,obj,0,0,0,1,1,555,29,kārēzār,NOUN,nmod,0,1,4,1,3,0,0,1,0.5,False,True,GBd-TD1-01_mptf.conllu,1,0,0
kārēzār,NOUN,nmod,0,0,0,1,1,29,18258,=š,PRON,nmod,1,1,3,3,1,0,0,1,0.0,True,False,GBd-TD1-01_mptf.conllu,1,0,0
dām,NOUN,obl,0,0,0,1,1,1172,2910,man,PRON,nmod,0,1,2,2,1,0,0,1,0.6666666666666666,False,False,GBd-TD1-01_mptf.conllu,1,0,0
nišastan,NOUN,obj,0,0,0,1,1,10,1175,dām,NOUN,nmod,0,2,1,1,0,0,0,0,0.4,True,False,GBd-TD1-01_mptf.conllu,1,0,0
xwēš,PRON,nmod,0,0,0,1,1,2327,2375,xwēš,PRON,nmod,0,2,1,2,2,0,0,0,0.0,False,False,GBd-TD1-01_mptf.conllu,1,0,0
mardōm,NOUN,nmod,0,0,0,1,1,2713,57,gumēzišn,NOUN,nmod,1,1,2,1,1,0,0,0,0.0,False,True,GBd-TD1-01_mptf.conllu,1,0,0
was,PRON,advcl,0,0,0,1,1,39,2716,mardōm,NOUN,nmod,2,2,4,5,1,0,0,0,0.0,False,False,GBd-TD1-01_mptf.conllu,1,0,0
kāmag,NOUN,obj,0,0,0,1,0,317,569,gannāgmēnōy,PROPN,nmod,0,1,2,1,1,0,1,1,1.0,False,False,GBd-TD1-01_mptf.conllu,1,0,0
=š,PRON,nsubj,0,0,0,1,1,18107,3242,ohrmazd,PROPN,appos,1,1,1,1,0,0,1,0,0.25,False,False,GBd-TD1-01_mptf.conllu,0,0,0
zamāngrift,NOUN,obj,0,0,0,1,1,3,29,kārēzār,NOUN,nmod,0,1,2,1,1,0,0,1,0.75,False,True,GBd-TD1-01_mptf.conllu,1,0,0
pašn,NOUN,obl,0,0,0,1,1,29,909,sāl,NOUN,nmod,1,1,2,3,1,1,0,0,1.0,False,False,GBd-TD1-01_mptf.conllu,1,0,0
wāhmān,PRON,obl:tmod,0,0,0,1,1,35,986,rōz,NOUN,flat,0,1,2,3,0,0,0,0,0.0,False,False,GBd-TD1-01_mptf.conllu,0,0,0
kārēzār,NOUN,obj,0,1,0,1,1,29,610,=mān,PRON,nmod,4,2,1,1,0,0,0,0,1.0,True,False,GBd-TD1-01_mptf.conllu,1,0,0
kāmag,NOUN,nsubj,0,0,0,1,1,317,3242,ohrmazd,PROPN,nmod,0,1,2,2,1,0,1,1,0.3333333333333333,False,False,GBd-TD1-01_mptf.conllu,1,0,0
kāmag,NOUN,nsubj,0,0,0,1,1,317,3242,ohrmazd,PROPN,nmod,0,1,2,2,2,0,1,1,0.5555555555555556,False,False,GBd-TD1-01_mptf.conllu,1,0,0
kāmag,NOUN,nsubj,0,0,0,1,0,317,1533,dō,NUM,appos,3,1,2,2,1,0,0,0,0.5555555555555556,False,False,GBd-TD1-01_mptf.conllu,1,0,0
ardīg,NOUN,obl,0,0,1,1,1,103,180,abdom,ADJ,amod,0,2,2,3,1,1,0,1,0.6666666666666666,False,False,GBd-TD1-01_mptf.conllu,0,1,0
yatāahūwayryō,NOUN,obj,0,0,0,0,1,114,22,mārīg,NOUN,appos,2,1,2,2,1,0,0,0,1.0,False,False,GBd-TD1-01_mptf.conllu,0,0,0
frazāmpērōzīh,NOUN,obj,0,0,0,1,1,14,2375,xwēš,PRON,nmod,0,1,3,7,1,0,0,1,0.6666666666666666,False,False,GBd-TD1-01_mptf.conllu,1,0,0
agārīh,NOUN,conj,0,0,0,1,0,37,569,gannāgmēnōy,PROPN,nmod,0,1,2,1,1,0,1,1,0.0,False,False,GBd-TD1-01_mptf.conllu,1,0,0
abesīhišn,NOUN,conj,0,1,0,1,1,28,1338,dēwān,NOUN,nmod,0,1,2,2,1,0,0,1,0.0,True,False,GBd-TD1-01_mptf.conllu,1,0,0
tan,NOUN,conj,0,0,0,1,1,2253,190,pasēn,ADJ,nmod,0,1,2,1,1,0,0,1,0.0,False,False,GBd-TD1-01_mptf.conllu,1,0,0
apetyāragīh,NOUN,conj,0,0,0,1,1,15,1175,dām,NOUN,nmod,0,1,2,2,1,0,0,1,0.0,False,False,GBd-TD1-01_mptf.conllu,1,0,0
agāragīh,NOUN,obj,0,0,0,1,1,8,2375,xwēš,PRON,nmod,0,1,3,3,1,0,0,1,0.75,False,False,GBd-TD1-01_mptf.conllu,1,0,0
abesīhišn,NOUN,conj,0,1,0,1,1,28,1338,dēwān,NOUN,nmod,0,1,2,2,1,0,0,1,0.0,True,False,GBd-TD1-01_mptf.conllu,1,0,0
agāragīh,NOUN,nmod,0,0,0,1,1,8,8,agāragīh,NOUN,nmod,0,2,1,2,2,0,0,0,0.0,False,False,GBd-TD1-01_mptf.conllu,1,0,0
dāmān,NOUN,nmod,1,1,0,1,1,1172,1175,dāmān,NOUN,nmod,0,2,2,3,3,0,0,0,0.0,False,False,GBd-TD1-01_mptf.conllu,2,0,0
dāmān,NOUN,nmod,1,0,0,1,1,1172,3242,ohrmazd,PROPN,nmod,0,1,2,3,1,0,1,1,0.0,False,False,GBd-TD1-01_mptf.conllu,2,0,0
dāmdahišnīh,NOUN,obj,0,0,0,1,0,54,79,mēnōyīhā,NOUN,nmod,0,1,3,1,2,0,0,1,1.0,True,False,GBd-TD1-01_mptf.conllu,1,0,0
nēkrawišnīh,NOUN,obj,0,0,0,1,1,32,16587,ān,PRON,appos,0,1,5,2,2,0,0,0,0.5,True,False,GBd-TD1-01_mptf.conllu,0,0,0
ān,PRON,appos,0,0,0,1,0,1928,1550,mēnōy,NOUN,nmod,0,1,4,2,1,0,0,1,0.0,False,False,GBd-TD1-01_mptf.conllu,1,0,0
tan,NOUN,obj,0,0,0,1,1,2253,2375,xwēš,PRON,amod,0,1,2,2,1,0,0,1,1.0,False,False,GBd-TD1-01_mptf.conllu,0,1,0
dām,NOUN,nsubj,0,0,0,1,1,1172,323,ahreman,PROPN,nmod,1,1,2,2,1,0,1,1,1.0,False,False,GBd-TD1-01_mptf.conllu,1,0,0
čim,NOUN,nsubj,0,0,0,1,1,374,18258,=š,PRON,nmod,0,2,1,1,0,0,0,0,0.3333333333333333,False,False,GBd-TD1-01_mptf.conllu,1,0,0
wizārišn,NOUN,nsubj,0,0,0,1,1,117,29,kārēzār,NOUN,nmod,0,2,1,1,0,0,0,0,0.3333333333333333,True,True,GBd-TD1-01_mptf.conllu,1,0,0
zamān,NOUN,obl,0,0,0,1,0,555,1,agāragīhā,ADJ,amod,0,1,2,2,1,0,0,1,0.25,False,False,GBd-TD1-01_mptf.conllu,0,1,0
zamān,NOUN,obj,0,0,0,1,0,555,53,dērandxwadāy,ADJ,amod,0,1,2,1,1,0,0,1,0.5,False,False,GBd-TD1-01_mptf.conllu,0,1,0
zamān,NOUN,obj,0,0,0,1,1,555,42,kanāragōmand,ADJ,amod,0,1,2,1,1,0,0,1,1.0,False,False,GBd-TD1-01_mptf.conllu,0,1,0
zamān,NOUN,obl,0,0,0,1,0,555,53,dērandxwadāy,ADJ,amod,0,1,2,2,1,0,0,1,0.3333333333333333,False,False,GBd-TD1-01_mptf.conllu,0,1,0
tis,PRON,nsubj,0,0,0,1,1,1502,3242,ohrmazd,PROPN,nmod,0,1,1,1,0,0,1,0,1.0,False,False,GBd-TD1-01_mptf.conllu,1,0,0
mēnōy,NOUN,nsubj,0,0,0,0,1,1405,2,abēwardišnīh,NOUN,appos,0,1,2,2,0,0,0,0,0.4,False,True,GBd-TD1-01_mptf.conllu,0,0,0
mēnōy,NOUN,nsubj,0,0,0,0,0,1405,1550,mēnōy,NOUN,appos,4,1,2,2,1,0,0,0,0.4,False,False,GBd-TD1-01_mptf.conllu,0,0,0
tis,PRON,nsubj,0,0,0,1,1,1502,3242,ohrmazd,PROPN,nmod,0,1,2,1,1,0,1,1,0.6,False,False,GBd-TD1-01_mptf.conllu,1,0,0
mēnōy,NOUN,obl,0,0,0,0,1,1405,2,abēwardišnīh,NOUN,appos,0,1,1,2,0,0,0,0,0.5,False,True,GBd-TD1-01_mptf.conllu,0,0,0
bowandagkāmag,NOUN,xcomp,0,0,0,1,1,3,3,dāmgēhān,NOUN,nmod,0,1,2,1,1,0,0,1,0.0,False,False,GBd-TD1-01_mptf.conllu,1,0,0
dāmdahišnīh,NOUN,nsubj,0,0,0,1,1,54,249,frārōn,ADJ,amod,0,2,3,3,0,0,0,0,1.0,True,False,GBd-TD1-01_mptf.conllu,0,1,0
dāmdahišnīh,NOUN,obl,0,0,0,1,1,54,123,abārōn,ADJ,amod,0,2,2,3,0,0,0,0,1.0,True,False,GBd-TD1-01_mptf.conllu,0,1,0
čimwizārišn,NOUN,nsubj,0,0,0,1,1,3,18258,=š,PRON,nmod,0,2,1,1,0,0,0,0,0.3333333333333333,False,False,GBd-TD1-01_mptf.conllu,1,0,0
asazišnīh,NOUN,conj,0,0,0,1,1,10,3242,ohrmazd,PROPN,nmod,0,1,2,2,1,0,1,1,0.0,True,False,GBd-TD1-01_mptf.conllu,1,0,0
pasdānišnīh,NOUN,conj,0,0,0,1,0,9,569,gannāgmēnō,PROPN,nmod,0,1,2,1,1,0,1,1,0.0,True,False,GBd-TD1-01_mptf.conllu,1,0,0
zamān,NOUN,nsubj,0,0,0,1,0,555,53,dērandxwadāy,ADJ,amod,1,1,2,2,1,0,0,1,0.3333333333333333,False,False,GBd-TD1-01_mptf.conllu,0,1,0
dām,NOUN,root,0,0,0,1,1,1172,249,nazdist,ADJ,amod,0,2,5,5,0,0,0,0,0.0,False,False,GBd-TD1-01_mptf.conllu,0,1,0
dām,NOUN,nsubj,0,0,0,1,1,1172,3242,ohrmazd,PROPN,nmod,1,1,2,2,1,0,1,1,0.6666666666666666,False,False,GBd-TD1-01_mptf.conllu,1,0,0
dāmān,NOUN,obl,1,0,0,1,1,1172,1175,dām,NOUN,appos,0,1,4,3,2,0,0,0,1.0,False,False,GBd-TD1-01_mptf.conllu,0,0,0
dām,NOUN,appos,0,0,0,1,1,1172,3242,ohrmazd,PROPN,nmod,0,1,3,2,1,0,1,1,0.0,False,False,GBd-TD1-01_mptf.conllu,1,0,0
ān,PRON,conj:appos,0,0,0,1,0,1928,569,gannāgmēnōy,PROPN,nmod,1,1,2,3,1,0,1,1,0.0,False,False,GBd-TD1-01_mptf.conllu,1,0,0
zamān,NOUN,nsubj,0,0,0,1,1,555,413,mān,NOUN,nmod,0,1,3,2,1,0,0,1,0.3333333333333333,False,False,GBd-TD1-01_mptf.conllu,1,0,0
zamān,NOUN,obl,0,0,0,1,1,555,4,pēsīdag,ADJ,amod,0,1,1,2,0,0,0,0,1.0,False,True,GBd-TD1-01_mptf.conllu,0,1,0
kas,PRON,nsubj,0,1,0,1,1,1086,2716,mardōmān,NOUN,nmod,6,1,2,1,2,0,0,0,0.25,False,False,GBd-TD1-01_mptf.conllu,1,0,0
mardōmān,NOUN,nmod,1,1,0,1,1,2713,19,ōšōmandān,ADJ,amod,0,2,1,2,0,0,0,0,0.0,False,False,GBd-TD1-01_mptf.conllu,0,1,0
nigūnīh,NOUN,obl,0,0,0,1,1,29,45,čāh,NOUN,nmod,0,1,2,2,1,0,0,0,0.75,False,False,GBd-TD1-01_mptf.conllu,1,0,0
xān,NOUN,obl,0,1,0,1,1,34,2067,ābān,NOUN,nmod,0,1,3,2,2,0,0,1,1.0,False,False,GBd-TD1-01_mptf.conllu,1,0,0
ābān,NOUN,nmod,1,0,0,1,1,2066,78,sard,ADJ,amod,0,1,2,2,1,0,0,1,0.0,False,False,GBd-TD1-01_mptf.conllu,0,1,0
xwadīh,NOUN,obl,0,0,0,1,1,160,2375,xwēš,PRON,amod,0,2,2,3,1,1,0,1,0.4,False,False,GBd-TD1-01_mptf.conllu,0,1,0
kirb,NOUN,obj,0,1,0,1,1,204,1175,dāmān,NOUN,nmod,0,1,3,1,2,0,0,1,0.8,False,False,GBd-TD1-01_mptf.conllu,1,0,0
dāmān,NOUN,nmod,1,0,0,1,1,1172,2375,xwēš,PRON,amod,0,1,2,2,1,0,0,1,0.0,False,False,GBd-TD1-01_mptf.conllu,0,1,0
ātaxškirb,NOUN,obl,0,0,0,1,1,8,444,rōšn,ADJ,amod,0,1,3,3,1,0,0,1,1.0,False,False,GBd-TD1-01_mptf.conllu,0,2,0
ātaxškirb,NOUN,obl,0,0,0,1,1,8,108,spēd,ADJ,amod,1,1,3,3,2,0,0,1,1.0,False,False,GBd-TD1-01_mptf.conllu,0,2,0
stī,NOUN,obl,0,0,0,0,0,129,1550,mēnōy,NOUN,nmod,1,1,5,2,3,0,0,1,0.5,False,False,GBd-TD1-01_mptf.conllu,1,0,0
petyārag,NOUN,acl:relcl,0,0,0,1,1,323,1175,dām,NOUN,nmod,3,1,3,2,3,0,0,1,0.0,False,False,GBd-TD1-01_mptf.conllu,1,0,0
kirb,NOUN,obj,0,0,0,1,0,204,145,wāy,NOUN,nmod,0,1,2,1,2,0,0,1,0.4,False,False,GBd-TD1-01_mptf.conllu,1,0,0
wāy,NOUN,nmod,0,0,0,0,1,145,1864,weh,ADJ,amod,0,1,1,2,0,0,0,0,0.0,False,False,GBd-TD1-01_mptf.conllu,0,1,0
wāy,NOUN,obj,0,0,0,0,0,145,53,dērandxwadā,ADJ,amod,0,1,2,1,1,0,0,1,1.0,False,False,GBd-TD1-01_mptf.conllu,0,1,0
ayārīh,NOUN,obl,0,0,0,1,0,285,145,wāy,NOUN,nmod,0,1,3,2,1,0,0,0,0.375,False,False,GBd-TD1-01_mptf.conllu,1,0,0
wāy,NOUN,nmod,0,0,0,0,0,145,53,dērandxwadā,ADJ,amod,0,1,2,1,1,0,0,1,0.0,False,False,GBd-TD1-01_mptf.conllu,0,1,0
stī,NOUN,obl,0,0,0,0,1,129,101,tārīkīh,NOUN,nmod,0,1,1,2,0,0,0,0,0.5,False,False,GBd-TD1-01_mptf.conllu,1,0,0
dām,NOUN,obj,0,0,0,1,1,1172,62,xwēštan,PRON,amod,0,2,1,2,0,1,0,0,0.75,False,False,GBd-TD1-01_mptf.conllu,0,1,0
kirb,NOUN,obl,0,0,0,1,1,204,63,syāh,ADJ,amod,0,1,3,6,1,1,0,1,1.0,False,False,GBd-TD1-01_mptf.conllu,1,3,0
kirb,NOUN,obl,0,0,0,1,1,204,3,ādurestarōn,ADJ,amod,1,1,3,6,1,1,0,1,1.0,False,False,GBd-TD1-01_mptf.conllu,1,3,0
kirb,NOUN,obl,0,0,0,1,1,204,6,tamarzānīg,ADJ,amod,2,1,3,6,1,1,0,1,1.0,False,False,GBd-TD1-01_mptf.conllu,1,3,0
kirb,NOUN,obl,0,0,0,1,1,204,657,druwand,ADJ,nmod,3,1,3,6,1,1,0,0,1.0,False,False,GBd-TD1-01_mptf.conllu,1,3,0
xrafstar,NOUN,nmod,0,0,0,1,1,216,3,bazagaxwtar,ADJ,amod,0,2,1,2,0,0,0,0,0.0,False,False,GBd-TD1-01_mptf.conllu,0,1,0
stī,NOUN,obl,0,0,0,0,1,129,30,xwaddōšagīh,NOUN,nmod,0,1,1,2,0,0,0,0,0.4,False,False,GBd-TD1-01_mptf.conllu,1,0,0
xwadīh,NOUN,xcomp,0,1,0,1,1,160,1338,dēwān,NOUN,nmod,0,2,1,1,0,0,0,0,0.0,False,False,GBd-TD1-01_mptf.conllu,1,0,0
dušrawišnīh,NOUN,obj,0,0,0,1,0,7,1550,mēnōy,NOUN,appos,1,1,6,1,2,0,0,0,0.6666666666666666,True,False,GBd-TD1-01_mptf.conllu,0,0,0
ganāgīh,NOUN,nsubj,0,0,0,1,1,10,18258,=š,PRON,nmod,0,2,3,2,0,0,0,0,1.0,False,False,GBd-TD1-01_mptf.conllu,2,0,0
ganāgīh,NOUN,nsubj,0,1,0,1,1,10,1175,dāmān,NOUN,nmod,0,1,3,2,2,0,0,1,1.0,False,False,GBd-TD1-01_mptf.conllu,2,0,0
dāmān,NOUN,nmod,1,0,0,1,1,1172,3242,ohrmazd,PROPN,nmod,0,1,2,2,1,0,1,1,0.0,False,False,GBd-TD1-01_mptf.conllu,1,0,0
stī,NOUN,obl,0,0,0,0,1,129,101,tārīkīh,NOUN,nmod,0,1,1,2,0,0,0,0,0.6666666666666666,False,False,GBd-TD1-01_mptf.conllu,1,0,0
tārīkīh,NOUN,obj,0,0,0,1,1,101,85,asar,ADJ,amod,0,2,2,2,1,1,0,1,1.0,False,False,GBd-TD1-01_mptf.conllu,0,1,0
tārīkīh,NOUN,obl,0,0,0,1,1,101,85,asar,ADJ,amod,0,2,1,2,0,0,0,0,0.5,False,False,GBd-TD1-01_mptf.conllu,0,1,0
anāgīh,NOUN,obl,0,0,0,1,0,365,18258,ōy,PRON,nmod,0,1,2,2,1,0,0,1,0.5,False,False,GBd-TD1-01_mptf.conllu,1,0,0
dām,NOUN,obj,0,0,0,1,1,1172,2375,xwēš,PRON,amod,0,2,1,1,0,0,0,0,0.6,False,False,GBd-TD1-01_mptf.conllu,0,1,0
dāmdahišnīh,NOUN,obl,0,0,0,1,1,54,2375,xwēš,PRON,amod,0,2,2,3,1,1,0,1,1.0,True,False,GBd-TD1-01_mptf.conllu,0,1,0
stī,NOUN,obl,0,0,0,0,1,129,371,rōšnīh,NOUN,nmod,0,1,1,2,0,0,0,0,0.3333333333333333,False,False,GBd-TD1-01_mptf.conllu,1,0,0
rāstgōwišnīh,NOUN,obl,0,0,0,1,1,26,46,abzōnīgīh,NOUN,nmod,0,1,2,2,1,0,0,0,1.0,True,False,GBd-TD1-01_mptf.conllu,1,0,0
abzōnīgīh,NOUN,nmod,0,0,0,1,1,46,1006,dādār,NOUN,nmod,0,1,1,1,0,0,0,0,0.0,False,True,GBd-TD1-01_mptf.conllu,1,0,0
kirb,NOUN,obj,0,0,0,1,1,204,85,asar,ADJ,amod,0,2,1,1,0,0,0,0,0.2857142857142857,False,False,GBd-TD1-01_mptf.conllu,0,1,0
rōšnīh,NOUN,obl,0,0,0,1,1,368,85,asar,ADJ,amod,0,2,1,2,0,0,0,0,0.42857142857142855,False,False,GBd-TD1-01_mptf.conllu,0,1,0
hamāg,PRON,obj,0,0,0,1,1,1065,1175,dām,NOUN,nmod,1,2,2,1,1,0,0,0,0.5714285714285714,False,False,GBd-TD1-01_mptf.conllu,1,0,0
sazišn,NOUN,obl,0,0,0,1,1,30,564,zamān,NOUN,nmod,0,2,1,1,0,0,0,0,1.0,True,False,GBd-TD1-01_mptf.conllu,1,0,0
mēnōy,NOUN,nsubj,0,0,0,0,0,1405,114,yatāahūwayryō,NOUN,nmod,0,1,5,2,1,0,0,1,0.2,False,False,GBd-TD1-01_mptf.conllu,1,0,0
frazām,NOUN,conj,0,0,0,1,1,191,1175,dām,NOUN,nmod,0,1,2,2,1,0,0,1,0.0,False,False,GBd-TD1-01_mptf.conllu,1,0,0
mēnōy,NOUN,nsubj,0,0,0,0,1,1405,909,sāl,NOUN,nmod,0,1,6,1,1,0,0,0,0.6666666666666666,False,False,GBd-TD1-01_mptf.conllu,1,0,0
brīn,NOUN,acl:relcl,0,0,0,1,1,44,564,zamān,NOUN,nmod,0,1,3,2,2,0,0,1,0.0,False,False,GBd-TD1-01_mptf.conllu,1,0,0
zamān,NOUN,nmod,0,0,0,1,0,555,53,dērandxwadā,ADJ,amod,0,1,2,2,1,0,0,1,0.0,False,False,GBd-TD1-01_mptf.conllu,0,1,0
dām,NOUN,nsubj,0,0,0,1,1,1172,3242,ohrmazd,PROPN,nmod,0,1,2,1,1,0,1,1,0.3333333333333333,False,False,GBd-TD1-01_mptf.conllu,1,0,0
dām,NOUN,nsubj,0,0,0,1,0,1172,569,gannāgmēnōy,PROPN,nmod,0,1,2,1,1,0,1,1,0.3333333333333333,False,False,GBd-TD1-01_mptf.conllu,1,0,0
tan,NOUN,obl,0,0,0,1,1,2253,190,pasēn,ADJ,nmod,0,1,2,2,1,0,0,1,0.5714285714285714,False,False,GBd-TD1-01_mptf.conllu,1,0,0
dām,NOUN,obj,0,0,0,1,0,1172,1550,mēnōy,NOUN,nmod,0,1,2,1,1,0,0,1,1.0,False,False,GBd-TD1-01_mptf.conllu,1,0,0
dām,NOUN,obj,0,0,0,1,0,1172,1135,gētī,NOUN,nmod,0,1,2,1,1,0,0,1,1.0,False,False,GBd-TD1-01_mptf.conllu,1,0,0
dām,NOUN,obl,0,0,0,1,0,1172,1135,gētī,NOUN,nmod,0,1,2,2,1,0,0,1,0.5,False,False,GBd-TD1-01_mptf.conllu,1,0,0
wāy,NOUN,nsubj,0,0,0,0,0,145,53,dērandxwadā,ADJ,amod,0,1,2,1,1,0,0,1,0.25,False,False,GBd-TD1-01_mptf.conllu,0,1,0
rawāgīh,NOUN,nsubj,0,0,0,1,1,137,1175,dām,NOUN,nmod,0,1,3,1,2,0,0,1,1.0,False,False,GBd-TD1-01_mptf.conllu,1,0,0
dām,NOUN,nmod,0,0,0,1,1,1172,3242,ohrmazd,PROPN,nmod,0,1,2,2,1,0,1,1,0.0,False,False,GBd-TD1-01_mptf.conllu,1,0,0
dām,NOUN,obl,0,0,0,1,0,1172,1135,gētī,NOUN,nmod,0,1,2,2,1,0,0,1,1.0,False,False,GBd-TD1-01_mptf.conllu,1,0,0
gētī,NOUN,obj,0,0,0,0,1,1041,371,rōšnīh,NOUN,nmod,0,1,4,2,1,0,0,1,0.6,False,False,GBd-TD1-01_mptf.conllu,1,0,0
dēn,NOUN,nsubj,0,0,0,1,1,2149,1864,weh,ADJ,amod,0,1,2,2,0,0,0,0,1.0,False,False,GBd-TD1-01_mptf.conllu,1,1,0
dēn,NOUN,nsubj,0,1,0,1,1,2149,595,māzdēsnān,NOUN,nmod,1,1,2,2,1,0,0,1,1.0,False,False,GBd-TD1-01_mptf.conllu,1,1,0
rad,NOUN,parataxis,0,0,0,1,1,756,136,buland,ADJ,amod,0,1,2,3,1,0,0,1,0.0,False,False,GBd-TD1-01_mptf.conllu,0,1,0
rad,NOUN,parataxis,0,0,0,1,1,756,31,rahwōberzed,PROPN,appos,1,1,2,3,0,0,1,0,0.0,False,False,GBd-TD1-01_mptf.conllu,0,1,0
rašn,PROPN,parataxis,0,0,0,1,1,81,465,rāst,ADJ,amod,0,1,2,2,1,0,0,1,0.0,False,False,GBd-TD1-01_mptf.conllu,0,1,0
mihr,PROPN,parataxis,0,0,0,1,1,289,24,frāgōyōt,ADJ,amod,0,1,2,2,1,0,0,1,0.0,False,False,GBd-TD1-01_mptf.conllu,0,1,0
ālišwang,PROPN,parataxis,0,0,0,1,1,58,1864,weh,ADJ,amod,0,1,2,2,1,0,0,1,0.0,False,False,GBd-TD1-01_mptf.conllu,0,1,0
pahikār,NOUN,parataxis,0,0,0,1,1,42,3,pēšēmālpasēmālīh,NOUN,appos,0,1,2,2,1,0,0,0,0.0,True,False,GBd-TD1-01_mptf.conllu,0,0,0
pēšēmālpasēmālīh,NOUN,appos,0,0,0,1,1,3,1,āštīhabzōnīg,ADJ,amod,0,1,1,1,0,0,0,0,0.0,False,False,GBd-TD1-01_mptf.conllu,0,1,0
dām,NOUN,obl,0,0,0,1,0,1172,1135,gētī,NOUN,nmod,0,1,1,2,0,0,0,0,1.0,False,False,GBd-TD1-01_mptf.conllu,1,0,0
ayārīh,NOUN,obl,0,0,0,1,0,285,145,wāy,NOUN,nmod,0,1,3,3,1,0,0,0,1.0,False,False,GBd-TD1-01_mptf.conllu,1,0,0
wāy,NOUN,nmod,0,0,0,0,0,145,53,dērandxwadāy,ADJ,amod,0,1,2,1,1,0,0,1,0.0,False,False,GBd-TD1-01_mptf.conllu,0,1,0
wāy,NOUN,obj,0,0,0,0,0,145,53,dērandxwadāy,ADJ,amod,0,1,2,1,1,0,0,1,0.4,False,False,GBd-TD1-01_mptf.conllu,0,1,0
dēwān,NOUN,obl,1,1,0,1,1,1336,8,kamālāgān,NOUN,nmod,0,2,1,2,0,0,0,0,0.75,False,False,GBd-TD1-01_mptf.conllu,1,0,0
tis,NOUN,obj,0,0,0,1,1,1502,249,frārōn,ADJ,amod,0,1,2,1,1,0,0,1,1.0,False,False,GBd-TD1-01_mptf.conllu,0,1,0
nēkīh,NOUN,nsubj,0,0,0,1,1,529,1175,dām,NOUN,nmod,0,1,2,1,2,0,0,1,0.5,False,False,GBd-TD1-01_mptf.conllu,1,0,0
dām,NOUN,nmod,0,0,0,1,1,1172,3242,ohrmazd,PROPN,nmod,0,1,1,2,0,0,1,0,0.0,False,False,GBd-TD1-01_mptf.conllu,1,0,0
dām,NOUN,obl,0,0,0,1,1,1172,3242,ohrmazd,PROPN,nmod,0,1,2,1,1,0,1,1,0.75,False,False,GBd-TD1-01_mptf.conllu,1,0,0
nēkīh,NOUN,nsubj,0,0,0,1,1,529,1175,dām,NOUN,nmod,0,1,3,1,2,0,0,1,1.0,False,False,GBd-TD1-01_mptf.conllu,1,0,0
dām,NOUN,nmod,0,0,0,1,1,1172,323,ahreman,PROPN,nmod,0,1,2,2,1,0,1,1,0.0,False,False,GBd-TD1-01_mptf.conllu,1,0,0
dām,NOUN,nsubj,0,0,0,1,1,1172,3242,ohrmazd,PROPN,nmod,0,1,2,1,1,0,1,1,0.3333333333333333,False,False,GBd-TD1-01_mptf.conllu,1,0,0
aškomb,NOUN,obl,0,0,0,1,1,45,210,mādar,NOUN,nmod,0,1,2,2,1,0,0,1,1.0,False,False,GBd-TD1-01_mptf.conllu,1,0,0
mādarīh,NOUN,nsubj,0,0,0,1,1,9,640,dahišn,NOUN,nmod,2,1,2,2,1,0,0,1,1.0,False,True,GBd-TD1-01_mptf.conllu,1,0,0
dāmdahišnīh,NOUN,root,0,1,0,1,0,54,1135,gētīyīhā,NOUN,nmod,0,1,2,3,1,0,0,1,0.0,True,False,GBd-TD1-01_mptf.conllu,1,0,0
rōšnīh,NOUN,orphan,0,0,0,1,1,368,85,asar,ADJ,amod,0,2,1,1,0,0,0,0,0.0,False,False,GBd-TD1-01_mptf.conllu,0,1,0
astōmandīh,NOUN,obj,0,0,0,1,0,10,1135,gētī,NOUN,nmod,0,1,1,2,0,0,0,0,1.0,False,False,GBd-TD1-01_mptf.conllu,1,0,0
srešk,NOUN,ccomp,0,0,0,1,1,85,2067,āb,NOUN,nmod,1,2,6,7,1,0,0,0,0.0,False,False,GBd-TD1-01_mptf.conllu,1,0,1
tōhm,NOUN,nsubj,0,1,0,1,1,162,2716,mardōmān,NOUN,nmod,0,1,3,2,2,0,0,1,0.8333333333333334,False,False,GBd-TD1-01_mptf.conllu,1,0,0
tišn,NOUN,nmod,0,0,0,1,1,29,29,tišn,NOUN,nmod,0,2,1,3,3,0,0,1,0.0,False,False,GBd-TD1-01_mptf.conllu,1,0,0
tišn,NOUN,nmod,0,0,0,1,1,29,915,druz,NOUN,flat,0,1,1,3,0,0,0,0,0.0,False,False,GBd-TD1-01_mptf.conllu,1,0,0
zamīg,NOUN,obj,0,0,1,1,1,1266,10,astōmandīh,NOUN,appos,2,1,2,1,1,0,0,0,1.0,False,False,GBd-TD1-01_mptf.conllu,0,0,0
ayārīh,NOUN,obl,0,0,0,1,1,285,2069,mard,NOUN,nmod,0,1,3,2,1,0,0,0,1.0,False,False,GBd-TD1-01_mptf.conllu,1,0,0
mard,NOUN,nmod,0,0,0,1,0,2067,2060,ahlaw,ADJ,amod,0,1,2,1,1,0,0,1,0.0,False,False,GBd-TD1-01_mptf.conllu,0,1,0
mard,NOUN,obj,0,0,0,1,0,2067,2060,ahlaw,ADJ,amod,0,1,2,1,1,0,0,1,0.5,False,False,GBd-TD1-01_mptf.conllu,0,1,0
zadārīh,NOUN,obl,0,0,0,1,0,56,569,gannāgmēnōy,PROPN,nmod,2,1,3,2,1,0,1,0,1.0,False,False,GBd-TD1-01_mptf.conllu,1,0,0
rōšnīh,NOUN,obl,0,0,0,1,1,368,85,asar,ADJ,amod,0,2,1,2,0,0,0,0,0.7142857142857143,False,False,GBd-TD1-01_mptf.conllu,0,1,0
kirb,NOUN,advcl,0,0,0,1,1,204,1864,weh,ADJ,amod,0,1,2,3,1,0,0,1,0.0,False,False,GBd-TD1-01_mptf.conllu,0,1,0
mardkirb,NOUN,xcomp,0,0,0,1,1,18,49,ǰuwān,ADJ,amod,0,1,2,3,1,0,0,1,0.0,False,False,GBd-TD1-01_mptf.conllu,0,2,0
mardkirb,NOUN,xcomp,0,0,0,1,1,18,36,pānzdahsālag,ADJ,amod,1,1,2,3,1,0,0,1,0.0,False,False,GBd-TD1-01_mptf.conllu,0,2,0
mard,NOUN,conj,0,0,0,1,0,2067,2060,ahlaw,ADJ,amod,0,1,2,2,1,0,0,1,0.0,False,False,GBd-TD1-01_mptf.conllu,0,1,0
čiyōnīh,NOUN,obj,0,1,0,1,1,143,4718,=šān,PRON,nmod,0,2,1,1,0,0,0,0,1.0,False,False,GBd-TD1-01_mptf.conllu,1,0,0
asemān,NOUN,obj,0,0,0,1,1,357,119,dūr,ADJ,amod,4,1,3,3,3,0,0,1,0.5,False,False,GBd-TD1-01_mptf.conllu,0,1,0
almāst,NOUN,acl:relcl,0,0,0,1,1,6,132,nar,ADJ,amod,0,1,2,4,1,0,0,1,0.0,False,False,GBd-TD1-01_mptf.conllu,0,1,0
rōšn,NOUN,obl,0,0,0,1,1,301,85,asar,ADJ,amod,0,2,2,2,0,0,0,0,1.0,False,False,GBd-TD1-01_mptf.conllu,0,1,0
hamāg,PRON,appos,0,0,0,1,1,1065,1514,hamāg,PRON,appos,0,2,1,1,1,0,0,0,0.0,False,False,GBd-TD1-01_mptf.conllu,0,0,0
fragānbun,NOUN,nsubj,0,0,0,1,1,3,357,asemān,NOUN,nmod,0,1,2,1,1,0,0,1,1.0,False,False,GBd-TD1-01_mptf.conllu,1,0,0
pahnāy,NOUN,root,0,0,0,0,1,58,18258,=iš,PRON,nmod,0,2,4,7,0,0,0,0,0.0,False,False,GBd-TD1-01_mptf.conllu,2,0,0
pahnāy,NOUN,root,0,0,0,0,0,58,118,drahnāy,NOUN,nmod,1,1,4,7,2,0,0,1,0.0,False,False,GBd-TD1-01_mptf.conllu,2,0,0
drahnāy,NOUN,nmod,0,0,0,0,1,118,18258,=š,PRON,nmod,0,2,1,2,0,0,0,0,0.0,False,False,GBd-TD1-01_mptf.conllu,1,0,0
drahnāy,NOUN,conj,0,0,0,0,1,118,18258,=iš,PRON,nmod,0,2,3,3,0,0,0,0,0.0,False,False,GBd-TD1-01_mptf.conllu,2,0,0
drahnāy,NOUN,conj,0,0,0,0,0,118,93,bālā,NOUN,nmod,1,1,3,3,3,0,0,1,0.0,False,False,GBd-TD1-01_mptf.conllu,2,0,0
bālā,NOUN,nmod,0,0,0,0,1,86,18258,=š,PRON,nmod,0,2,2,3,0,0,0,0,0.0,False,False,GBd-TD1-01_mptf.conllu,1,0,0
zahyā,NOUN,conj:nmod,0,0,0,0,1,50,18258,=š,PRON,nmod,0,2,1,2,0,0,0,0,0.0,False,False,GBd-TD1-01_mptf.conllu,1,0,0
warzwar,NOUN,obl,0,0,0,1,1,3,633,X,ADJ,amod,0,2,1,1,0,0,0,0,0.5,False,False,GBd-TD1-01_mptf.conllu,0,1,0
mēnōy,NOUN,nsubj,0,0,0,0,1,1405,357,asemān,NOUN,flat,0,1,1,1,0,0,0,0,1.0,False,False,GBd-TD1-01_mptf.conllu,0,0,0
gurd,NOUN,obl,0,0,0,1,1,7,111,artēxštār,NOUN,nmod,0,1,4,4,1,0,0,1,0.2,False,True,GBd-TD1-01_mptf.conllu,1,0,0
mēnōy,NOUN,nsubj,0,0,0,0,1,1405,357,asemān,NOUN,nmod,0,1,2,1,1,0,0,1,0.8,False,False,GBd-TD1-01_mptf.conllu,1,0,0
ayārīh,NOUN,obl,0,0,0,1,1,285,357,asemān,NOUN,nmod,0,1,2,2,1,0,0,1,0.6666666666666666,False,False,GBd-TD1-01_mptf.conllu,1,0,0
gōhr,NOUN,obl,0,0,0,1,1,153,357,asemān,NOUN,nmod,0,1,2,2,1,0,0,1,0.09090909090909091,False,False,GBd-TD1-01_mptf.conllu,1,0,0
mayān,NOUN,obl:lmod,0,0,0,1,1,60,357,asemān,NOUN,nmod,1,1,2,2,2,0,0,1,0.0,False,False,GBd-TD1-01_mptf.conllu,1,0,0
ayārīh,NOUN,obl,0,0,0,1,1,285,1276,zamīg,NOUN,nmod,0,1,1,2,0,0,0,0,0.4,False,False,GBd-TD1-01_mptf.conllu,1,0,0
homānāg,NOUN,obl,0,0,0,1,1,3,2069,mard,NOUN,nmod,0,1,1,2,0,0,0,0,0.5,False,False,GBd-TD1-01_mptf.conllu,1,0,0
mayān,NOUN,obl:lmod,0,0,0,1,1,60,1276,zamīg,NOUN,nmod,1,1,2,2,1,0,0,0,0.0,False,False,GBd-TD1-01_mptf.conllu,1,0,0
bālā,NOUN,obl,0,0,0,0,0,86,41,pay,NOUN,nmod,1,2,2,6,2,0,0,0,1.0,False,False,GBd-TD1-01_mptf.conllu,1,0,1
zōr,NOUN,obj,0,0,0,1,1,283,269,sardag,NOUN,nmod,0,2,2,2,1,0,0,0,1.0,False,True,GBd-TD1-01_mptf.conllu,2,0,0
zōr,NOUN,obj,0,1,0,1,1,283,641,urwarān,NOUN,nmod,0,1,2,2,1,0,0,1,1.0,False,False,GBd-TD1-01_mptf.conllu,2,0,0
ayārīh,NOUN,obl,0,0,0,1,1,285,641,urwar,NOUN,nmod,0,1,1,2,0,0,0,0,0.2857142857142857,False,False,GBd-TD1-01_mptf.conllu,1,0,0
ēwan,NOUN,nsubj,0,1,0,1,1,20,641,urwarān,NOUN,nmod,1,1,1,3,0,0,0,0,0.5714285714285714,False,False,GBd-TD1-01_mptf.conllu,1,0,1
āb,NOUN,obl,0,0,0,1,1,2066,85,srešk,NOUN,nmod,1,1,2,1,1,0,0,0,0.7142857142857143,False,False,GBd-TD1-01_mptf.conllu,1,0,1
ātaxš,NOUN,obl,0,0,0,1,1,1442,148,angust,NOUN,nmod,1,1,2,2,1,0,0,0,0.8571428571428571,False,False,GBd-TD1-01_mptf.conllu,1,0,0
gāw,NOUN,obj,0,0,0,0,1,459,7,ēkdād,ADJ,amod,0,1,3,2,1,0,0,1,0.3333333333333333,False,False,GBd-TD1-01_mptf.conllu,0,1,0
mayānag,NOUN,obl:lmod,0,0,0,1,1,126,1249,gēhān,NOUN,nmod,0,1,1,2,0,0,0,0,0.0,False,False,GBd-TD1-01_mptf.conllu,1,0,0
bārīh,NOUN,obl:lmod,0,0,0,1,1,3,347,rōd,NOUN,nmod,0,1,4,3,1,0,0,0,0.0,False,False,GBd-TD1-01_mptf.conllu,1,0,0
rōd,NOUN,nmod,0,0,0,1,1,347,15,wehdāyt,PROPN,nmod,0,1,2,1,1,0,1,1,0.0,False,False,GBd-TD1-01_mptf.conllu,1,0,0
mayānag,NOUN,obl:lmod,0,0,0,1,1,126,1249,gēhān,NOUN,nmod,0,1,2,1,1,0,0,1,0.0,False,False,GBd-TD1-01_mptf.conllu,1,0,0
bālā,NOUN,nsubj,0,0,0,0,1,86,18258,=š,PRON,nmod,0,2,1,1,0,0,0,0,1.0,False,False,GBd-TD1-01_mptf.conllu,1,0,0
nāy,NOUN,acl:relcl,0,0,0,0,1,29,42,paymānīg,ADJ,amod,0,1,2,4,0,0,0,0,0.0,False,False,GBd-TD1-01_mptf.conllu,0,1,0
zōr,NOUN,nsubj,0,0,0,1,1,283,66,waxšišn,NOUN,nmod,0,1,1,2,0,0,0,0,0.8571428571428571,False,True,GBd-TD1-01_mptf.conllu,1,0,0
nāy,NOUN,root,0,0,0,0,1,29,42,paymānīg,ADJ,amod,0,1,3,7,0,0,0,0,0.0,False,False,GBd-TD1-01_mptf.conllu,0,1,0
bālā,NOUN,nsubj,0,0,0,0,1,86,18258,=š,PRON,nmod,3,2,1,1,0,0,0,0,0.3333333333333333,False,False,GBd-TD1-01_mptf.conllu,1,0,0
bālā,NOUN,obl,0,0,0,0,1,86,347,rōd,NOUN,nmod,0,1,3,3,1,0,0,0,0.3333333333333333,False,False,GBd-TD1-01_mptf.conllu,1,0,0
rōd,NOUN,nmod,0,0,0,1,0,347,60,dāytī,PROPN,nmod,0,1,2,1,1,0,1,1,0.0,False,False,GBd-TD1-01_mptf.conllu,1,0,0
mayānag,NOUN,acl:relcl,0,0,0,1,1,126,1249,gēhān,NOUN,nmod,0,1,1,1,0,0,0,0,0.0,False,False,GBd-TD1-01_mptf.conllu,1,0,0
ālag,NOUN,obl,0,0,0,1,0,44,143,hōy,ADJ,amod,0,2,1,2,0,0,0,0,1.0,False,False,GBd-TD1-01_mptf.conllu,0,1,0
ālag,NOUN,orphan,0,0,0,1,1,44,168,dašn,ADJ,amod,0,2,1,2,0,0,0,0,0.0,False,False,GBd-TD1-01_mptf.conllu,0,1,0
dūrīh,NOUN,nsubj,0,1,0,1,1,25,4718,=šān,PRON,nmod,0,2,3,3,0,0,0,0,0.5,False,False,GBd-TD1-01_mptf.conllu,2,0,0
dūrīh,NOUN,nsubj,0,0,0,1,1,25,2654,ēk,NUM,nmod,0,1,3,3,0,0,0,0,0.5,False,False,GBd-TD1-01_mptf.conllu,2,0,0
did,PRON,nmod,0,0,0,1,1,127,475,did,PRON,nmod,0,2,1,2,2,0,0,0,0.0,False,False,GBd-TD1-01_mptf.conllu,1,0,0
āb,NOUN,obl,0,0,0,1,0,2066,60,dāytī,PROPN,nmod,0,1,1,3,0,0,1,0,1.0,False,False,GBd-TD1-01_mptf.conllu,1,0,0
bālā,NOUN,root,0,0,0,0,1,86,2375,xwēš,PRON,amod,0,1,4,6,0,0,0,0,0.0,False,False,GBd-TD1-01_mptf.conllu,0,1,0
tōhmag,NOUN,obl,0,0,0,1,0,223,18258,ōy,PRON,nmod,0,2,1,2,0,0,0,0,0.75,False,False,GBd-TD1-01_mptf.conllu,1,0,0
dādār,NOUN,advcl,0,0,0,1,1,998,94,āsānīh,NOUN,nmod,0,2,1,1,0,0,0,0,0.0,True,False,GBd-TD1-01_mptf.conllu,1,0,0
mardkirb,NOUN,obl,0,0,0,1,1,18,136,buland,ADJ,amod,0,1,2,4,1,0,0,1,1.0,False,False,GBd-TD1-01_mptf.conllu,0,3,0
mardkirb,NOUN,obl,0,0,0,1,1,18,36,pānzdahsālag,ADJ,amod,1,1,2,4,1,0,0,1,1.0,False,False,GBd-TD1-01_mptf.conllu,0,3,0
mardkirb,NOUN,obl,0,0,0,1,1,18,444,rōšn,ADJ,amod,2,1,2,4,1,0,0,1,1.0,False,False,GBd-TD1-01_mptf.conllu,0,3,0
zargōnīh,NOUN,conj,0,0,0,1,1,15,357,asemān,NOUN,nmod,0,1,1,2,0,0,0,0,0.0,False,False,GBd-TD1-01_mptf.conllu,1,0,0
šusr,NOUN,obj,0,1,0,1,1,91,2716,mardōmān,NOUN,nmod,0,1,3,1,2,0,0,1,0.75,False,False,GBd-TD1-01_mptf.conllu,1,0,0
tan,NOUN,obl,0,0,0,1,0,2253,459,gāw,NOUN,nmod,0,1,3,2,2,0,0,1,0.3333333333333333,False,False,GBd-TD1-01_mptf.conllu,1,0,0
purrrawišnīh,NOUN,nsubj,0,1,0,1,1,18,2716,mardōmān,NOUN,nmod,0,1,2,1,1,0,0,0,1.0,True,False,GBd-TD1-01_mptf.conllu,1,0,0
gāh,NOUN,obl,0,0,0,1,1,744,143,gāhānbār,NOUN,nmod,0,1,1,3,0,0,0,0,0.3333333333333333,False,True,GBd-TD1-01_mptf.conllu,1,0,0
nām,NOUN,obj,0,0,0,1,1,528,534,amahraspand,PROPN,nmod,1,1,2,2,1,0,1,0,0.8888888888888888,False,False,GBd-TD1-01_mptf.conllu,1,0,1
čiyōnīh,NOUN,obj,0,0,0,1,1,143,18258,=š,PRON,nmod,0,2,1,1,0,0,0,0,1.0,False,False,GBd-TD1-01_mptf.conllu,1,0,0
rōz,NOUN,obl,0,0,0,1,1,985,3242,ohrmazd,PROPN,nmod,0,1,2,3,1,0,1,1,0.75,False,False,GBd-TD1-01_mptf.conllu,2,0,0
rōz,NOUN,obl,0,0,0,1,1,985,690,māh,NOUN,nmod,1,1,2,3,1,0,0,0,0.75,False,False,GBd-TD1-01_mptf.conllu,2,0,0
māh,NOUN,nmod,0,0,0,1,1,689,65,frawardīn,PROPN,nmod,0,1,1,1,0,0,1,0,0.0,False,False,GBd-TD1-01_mptf.conllu,1,0,0
rōz,NOUN,obl,0,0,0,1,1,985,51,ābān,PROPN,nmod,0,1,2,3,1,0,1,1,1.0,False,False,GBd-TD1-01_mptf.conllu,2,0,0
rōz,NOUN,obl,0,0,0,1,1,985,690,māh,NOUN,nmod,1,1,2,3,1,0,0,0,1.0,False,False,GBd-TD1-01_mptf.conllu,2,0,0
māh,NOUN,nmod,0,0,0,1,1,689,97,ardwahišt,PROPN,nmod,0,1,1,1,0,0,1,0,0.0,False,False,GBd-TD1-01_mptf.conllu,1,0,0
rōz,NOUN,advcl,0,0,0,1,0,985,72,day,PROPN,flat,0,1,2,3,0,0,1,0,0.0,False,False,GBd-TD1-01_mptf.conllu,1,0,0
rōz,NOUN,advcl,0,0,0,1,1,985,290,mihr,PROPN,nmod,2,1,2,3,3,0,1,1,0.0,False,False,GBd-TD1-01_mptf.conllu,1,0,0
nām,NOUN,nsubj,0,0,0,1,1,528,18258,=š,PRON,nmod,0,2,1,1,0,0,0,0,1.0,False,False,GBd-TD1-01_mptf.conllu,1,0,0
wizārišn,NOUN,nsubj,0,0,0,1,1,117,18258,=š,PRON,nmod,0,2,1,1,0,0,0,0,0.5,True,False,GBd-TD1-01_mptf.conllu,1,0,0
māništ,NOUN,advcl,0,0,0,1,1,24,2069,mard,NOUN,nmod,0,1,2,2,2,0,0,1,0.0,False,False,GBd-TD1-01_mptf.conllu,1,0,0
rōz,NOUN,obl,0,0,0,1,1,985,290,mihr,PROPN,flat,0,1,2,3,0,0,1,0,0.75,False,False,GBd-TD1-01_mptf.conllu,1,0,0
rōz,NOUN,obl,0,0,0,1,1,985,690,māh,NOUN,nmod,1,1,2,3,2,0,0,1,0.75,False,False,GBd-TD1-01_mptf.conllu,1,0,0
māh,NOUN,nmod,0,0,0,1,1,689,97,ordohišt,PROPN,flat,0,1,1,2,0,0,1,0,0.0,False,False,GBd-TD1-01_mptf.conllu,0,0,0
rōz,NOUN,obl,0,0,0,1,1,985,51,ābān,PROPN,nmod,0,1,2,3,1,0,1,1,1.0,False,False,GBd-TD1-01_mptf.conllu,2,0,0
rōz,NOUN,obl,0,0,0,1,1,985,690,māh,NOUN,nmod,1,1,2,3,2,0,0,1,1.0,False,False,GBd-TD1-01_mptf.conllu,2,0,0
māh,NOUN,nmod,0,0,0,1,1,689,88,tīr,PROPN,flat,0,1,1,2,0,0,1,0,0.0,False,False,GBd-TD1-01_mptf.conllu,0,0,0
rōz,NOUN,advcl,0,0,0,1,0,985,72,day,PROPN,nmod,0,1,2,3,1,0,1,1,0.0,False,False,GBd-TD1-01_mptf.conllu,1,0,0
nām,NOUN,nsubj,0,0,0,1,1,528,18258,=š,PRON,nmod,0,2,1,1,0,0,0,0,0.25,False,False,GBd-TD1-01_mptf.conllu,1,0,0
wizārišn,NOUN,nsubj,0,0,0,1,1,117,18258,=š,PRON,nmod,0,2,1,1,0,0,0,0,0.5,True,False,GBd-TD1-01_mptf.conllu,1,0,0
rōz,NOUN,obl,0,0,0,1,1,985,290,mihr,PROPN,flat,0,1,2,4,0,0,1,0,0.75,False,False,GBd-TD1-01_mptf.conllu,1,0,0
rōz,NOUN,obl,0,0,0,1,1,985,690,māh,NOUN,nmod,1,1,2,4,2,0,0,1,0.75,False,False,GBd-TD1-01_mptf.conllu,1,0,0
māh,NOUN,nmod,0,0,0,1,1,689,88,tīr,PROPN,flat,0,1,1,2,0,0,1,0,0.0,False,False,GBd-TD1-01_mptf.conllu,0,0,0
rōz,NOUN,obl,0,0,0,1,1,985,25,ard,PROPN,flat,0,1,2,3,0,0,1,0,1.0,False,False,GBd-TD1-01_mptf.conllu,1,0,0
rōz,NOUN,obl,0,0,0,1,1,985,690,māh,NOUN,nmod,1,1,2,3,2,0,0,1,1.0,False,False,GBd-TD1-01_mptf.conllu,1,0,0
māh,NOUN,nmod,0,0,0,1,1,689,108,šahrewar,PROPN,flat,0,1,1,2,0,0,1,0,0.0,False,False,GBd-TD1-01_mptf.conllu,0,0,0
rōz,NOUN,obl,0,0,0,1,1,985,37,anagrān,PROPN,flat,0,1,1,2,0,0,1,0,1.0,False,False,GBd-TD1-01_mptf.conllu,0,0,0
nām,NOUN,nsubj,0,0,0,1,1,528,18258,=š,PRON,nmod,0,2,1,1,0,0,0,0,1.0,False,False,GBd-TD1-01_mptf.conllu,1,0,0
wizārišn,NOUN,nsubj,0,0,0,1,1,117,18258,=š,PRON,nmod,0,2,1,1,0,0,0,0,0.3333333333333333,True,False,GBd-TD1-01_mptf.conllu,1,0,0
pay,NOUN,nsubj,0,1,0,0,1,39,1175,dāmān,NOUN,nmod,2,1,2,3,1,0,0,1,0.6666666666666666,False,False,GBd-TD1-01_mptf.conllu,1,0,0
rōz,NOUN,obl,0,0,0,1,1,985,37,anagrān,PROPN,flat,0,1,1,2,0,0,1,0,1.0,False,False,GBd-TD1-01_mptf.conllu,0,0,0
nām,NOUN,nsubj,0,0,0,1,1,528,18258,=š,PRON,nmod,0,2,1,1,0,0,0,0,0.25,False,False,GBd-TD1-01_mptf.conllu,1,0,0
wizārišn,NOUN,nsubj,0,0,0,1,1,117,18258,=š,PRON,nmod,0,2,1,1,0,0,0,0,0.5,True,False,GBd-TD1-01_mptf.conllu,1,0,0
gōnag,NOUN,conj,0,0,0,1,1,85,15,zargōnīh,NOUN,nmod,0,1,1,2,0,0,0,0,0.0,False,False,GBd-TD1-01_mptf.conllu,1,0,0
rōz,NOUN,obl,0,0,0,1,1,985,3242,ohrmazd,PROPN,nmod,0,1,2,3,1,0,1,1,0.6,False,False,GBd-TD1-01_mptf.conllu,2,0,0
rōz,NOUN,obl,0,0,0,1,1,985,690,māh,NOUN,nmod,1,1,2,3,1,0,0,0,0.6,False,False,GBd-TD1-01_mptf.conllu,2,0,0
māh,NOUN,nmod,0,0,0,1,1,689,51,ābān,PROPN,flat,0,1,1,1,0,0,1,0,0.0,False,False,GBd-TD1-01_mptf.conllu,0,0,0
rōz,NOUN,obl,0,0,0,1,0,985,72,day,PROPN,nmod,0,1,3,3,2,0,1,1,0.8,False,False,GBd-TD1-01_mptf.conllu,2,0,0
rōz,NOUN,obl,0,0,0,1,1,985,690,māh,NOUN,nmod,3,1,3,3,1,0,0,0,0.8,False,False,GBd-TD1-01_mptf.conllu,2,0,0
māh,NOUN,nmod,0,0,0,1,0,689,72,day,PROPN,flat,0,1,1,1,0,0,1,0,0.0,False,False,GBd-TD1-01_mptf.conllu,0,0,0
nām,NOUN,nsubj,0,0,0,1,1,528,18258,=š,PRON,nmod,0,2,1,1,0,0,0,0,0.5,False,False,GBd-TD1-01_mptf.conllu,1,0,0
wizārišn,NOUN,nsubj,0,0,0,1,1,117,18258,=š,PRON,nmod,0,2,1,1,0,0,0,0,1.0,True,False,GBd-TD1-01_mptf.conllu,1,0,0
hambār,NOUN,nsubj:pass,0,0,0,1,1,57,204,zamestān,NOUN,nmod,0,1,3,3,1,0,0,1,0.0,True,False,GBd-TD1-01_mptf.conllu,2,0,0
hambār,NOUN,nsubj:pass,0,1,0,1,1,57,1175,dāmān,NOUN,nmod,1,1,3,3,3,0,0,1,0.0,True,False,GBd-TD1-01_mptf.conllu,2,0,0
dāmān,NOUN,nmod,1,0,0,1,1,1172,2375,xwēš,PRON,amod,0,1,2,3,1,0,0,1,0.0,False,False,GBd-TD1-01_mptf.conllu,0,1,0
rōz,NOUN,obl,0,0,0,1,1,985,36,rām,PROPN,flat,0,1,2,3,0,0,1,0,0.75,False,False,GBd-TD1-01_mptf.conllu,1,0,0
rōz,NOUN,obl,0,0,0,1,1,985,690,māh,NOUN,nmod,1,1,2,3,2,0,0,1,0.75,False,False,GBd-TD1-01_mptf.conllu,1,0,0
māh,NOUN,nmod,0,0,0,1,0,689,72,day,PROPN,flat,0,1,1,2,0,0,1,0,0.0,False,False,GBd-TD1-01_mptf.conllu,0,0,0
rōz,NOUN,obl,0,0,0,1,1,985,37,anagrān,PROPN,flat,0,1,2,3,0,0,1,0,1.0,False,False,GBd-TD1-01_mptf.conllu,1,0,0
rōz,NOUN,obl,0,0,0,1,1,985,690,māh,NOUN,nmod,1,1,2,3,1,0,0,0,1.0,False,False,GBd-TD1-01_mptf.conllu,1,0,0
māh,NOUN,nmod,0,0,0,1,1,689,189,spandarmad,PROPN,flat,0,1,1,1,0,0,1,0,0.0,False,False,GBd-TD1-01_mptf.conllu,0,0,0
nām,NOUN,nsubj,0,0,0,1,1,528,18258,=š,PRON,nmod,0,2,1,1,0,0,0,0,0.16666666666666666,False,False,GBd-TD1-01_mptf.conllu,1,0,0
wizārišn,NOUN,nsubj,0,0,0,1,1,117,18258,=š,PRON,nmod,0,2,1,1,0,0,0,0,0.3333333333333333,True,False,GBd-TD1-01_mptf.conllu,1,0,0
frawahr,NOUN,nsubj,0,1,0,1,1,313,2716,mardōmān,NOUN,nmod,0,1,2,1,1,0,0,1,0.8333333333333334,False,False,GBd-TD1-01_mptf.conllu,1,0,0
nām,NOUN,dislocated:topic,0,0,0,1,1,528,986,rōz,NOUN,nmod,2,1,3,1,4,0,0,1,0.0,False,False,GBd-TD1-01_mptf.conllu,1,0,0
rōz,NOUN,nmod,0,0,0,1,1,985,6,truftag,ADJ,amod,0,1,2,4,1,1,0,1,0.0,False,True,GBd-TD1-01_mptf.conllu,0,1,0
gāh,NOUN,csubj,0,0,0,1,1,744,60,gāhānīg,ADJ,amod,0,1,2,3,1,0,0,1,0.0,False,False,GBd-TD1-01_mptf.conllu,0,1,0
panǰag,NOUN,xcomp,0,0,0,1,1,38,1864,weh,ADJ,amod,0,1,2,1,1,0,0,1,0.0,False,False,GBd-TD1-01_mptf.conllu,0,1,0
ahunawayt,PROPN,nmod,0,0,0,1,1,9,9,ahunawayt,PROPN,nmod,0,2,2,8,8,0,1,0,0.0,False,False,GBd-TD1-01_mptf.conllu,1,0,0
uštawayt,PROPN,nmod,0,0,0,1,1,23,23,uštawayt,PROPN,nmod,0,2,1,1,1,0,1,0,0.0,False,False,GBd-TD1-01_mptf.conllu,1,0,0
spantamat,PROPN,nmod,0,0,0,1,1,25,25,spantamat,PROPN,nmod,0,2,1,1,1,0,1,0,0.0,False,False,GBd-TD1-01_mptf.conllu,1,0,0
wohušahr,PROPN,nmod,0,0,0,1,1,10,10,wohušahr,PROPN,nmod,0,2,1,1,1,0,1,0,0.0,False,False,GBd-TD1-01_mptf.conllu,1,0,0
wahištōyšt,PROPN,nmod,0,0,0,1,1,10,10,wahištōyšt,PROPN,nmod,0,2,1,1,1,0,1,0,0.0,False,False,GBd-TD1-01_mptf.conllu,1,0,0
nām,NOUN,nsubj,0,1,0,1,1,528,18258,=š,PRON,nmod,0,2,1,1,0,0,0,0,1.0,False,False,GBd-TD1-01_mptf.conllu,1,0,0
rōz,NOUN,root,0,0,0,1,1,985,3242,ohrmazd,PROPN,flat,0,1,3,4,29,0,1,0,0.0,False,False,GBd-TD1-01_mptf.conllu,0,0,0
nām,NOUN,nsubj,0,0,0,1,1,528,50,māhīgān,NOUN,nmod,0,2,2,2,2,1,0,1,1.0,False,False,GBd-TD1-01_mptf.conllu,1,0,0
amahraspandān,PROPN,root,1,0,0,1,1,533,690,māh,NOUN,appos,0,1,3,4,12,0,0,0,0.0,False,False,GBd-TD1-01_mptf.conllu,0,0,0
māh,NOUN,appos,0,0,0,1,1,689,65,frawardīn,PROPN,flat,0,1,2,12,0,0,1,0,0.0,False,False,GBd-TD1-01_mptf.conllu,0,0,0
māh,NOUN,conj:appos,0,0,0,1,1,689,97,ordohišt,PROPN,flat,0,1,1,1,0,0,1,0,0.0,False,False,GBd-TD1-01_mptf.conllu,0,0,0
māh,NOUN,conj:appos,0,0,0,1,1,689,120,hordad,PROPN,flat,0,1,1,1,0,0,1,0,0.0,False,False,GBd-TD1-01_mptf.conllu,0,0,0
māh,NOUN,conj:appos,0,0,0,1,1,689,88,tīr,PROPN,flat,0,1,1,1,0,0,1,0,0.0,False,False,GBd-TD1-01_mptf.conllu,0,0,0
māh,NOUN,conj:appos,0,0,0,1,1,689,113,amurdad,PROPN,flat,0,1,1,1,0,0,1,0,0.0,False,False,GBd-TD1-01_mptf.conllu,0,0,0
māh,NOUN,conj:appos,0,0,0,1,1,689,108,šahrewar,PROPN,flat,0,1,1,1,0,0,1,0,0.0,False,False,GBd-TD1-01_mptf.conllu,0,0,0
māh,NOUN,conj:appos,0,0,0,1,1,689,290,mihr,PROPN,flat,0,1,1,1,0,0,1,0,0.0,False,False,GBd-TD1-01_mptf.conllu,0,0,0
māh,NOUN,conj:appos,0,0,0,1,1,689,51,ābān,PROPN,flat,0,1,1,2,0,0,1,0,0.0,False,False,GBd-TD1-01_mptf.conllu,0,0,0
māh,NOUN,conj:appos,0,0,0,1,1,689,169,ādur,PROPN,flat,0,1,1,1,0,0,1,0,0.0,False,False,GBd-TD1-01_mptf.conllu,0,0,0
māh,NOUN,conj:appos,0,0,0,1,0,689,72,day,PROPN,flat,0,1,1,1,0,0,1,0,0.0,False,False,GBd-TD1-01_mptf.conllu,0,0,0
māh,NOUN,conj:appos,0,0,0,1,1,689,599,wahman,PROPN,flat,0,1,1,1,0,0,1,0,0.0,False,False,GBd-TD1-01_mptf.conllu,0,0,0
māh,NOUN,conj:appos,0,0,0,1,1,689,189,spandarmad,PROPN,flat,0,1,1,1,0,0,1,0,0.0,False,False,GBd-TD1-01_mptf.conllu,0,0,0
čiyōnīh,NOUN,obj,0,1,0,1,1,143,4718,=šān,PRON,nmod,0,2,1,1,0,0,0,0,1.0,False,False,GBd-TD1-01_mptf.conllu,1,0,0
frāzbrēhēnišnīh,NOUN,root,0,0,0,1,1,3,371,rōšnīh,NOUN,nmod,0,1,1,3,0,0,0,0,0.0,True,False,GBd-TD1-01_mptf.conllu,1,0,0
stārān,NOUN,obj,1,1,0,1,1,7,8,axtarīgān,ADJ,amod,0,1,3,3,2,0,0,1,0.6666666666666666,True,False,GBd-TD1-01_mptf.conllu,0,1,0
starān,NOUN,obj,1,0,0,1,1,60,8,axtarīg,ADJ,amod,0,1,1,1,0,0,0,0,0.3333333333333333,False,False,GBd-TD1-01_mptf.conllu,0,1,0
nām,NOUN,nsubj,0,1,0,1,1,528,4718,=šān,PRON,nmod,0,2,1,1,0,0,0,0,0.6666666666666666,False,False,GBd-TD1-01_mptf.conllu,1,0,0
hambišnīh,NOUN,nsubj,0,1,0,1,1,16,4718,=šān,PRON,nmod,0,2,1,1,0,0,0,0,0.8333333333333334,True,False,GBd-TD1-01_mptf.conllu,1,0,0
xwurdag,NOUN,acl:relcl,0,0,0,1,1,51,3,āmārišn,NOUN,nmod,0,1,3,5,1,0,0,1,0.0,True,True,GBd-TD1-01_mptf.conllu,1,0,0
nām,NOUN,nsubj,0,1,0,1,1,528,4718,=šān,PRON,nmod,0,2,1,1,0,0,0,0,1.0,False,False,GBd-TD1-01_mptf.conllu,1,0,0
bundahišnān,NOUN,obj,1,0,0,1,0,61,1135,gētī,NOUN,nmod,1,1,3,2,1,0,0,1,0.2222222222222222,False,False,GBd-TD1-01_mptf.conllu,1,0,0
hamēmāl,NOUN,obl,0,0,0,1,1,111,2375,xwēš,PRON,amod,0,1,2,2,1,0,0,1,0.6666666666666666,False,False,GBd-TD1-01_mptf.conllu,0,1,0
stārag,NOUN,obj,0,0,0,1,1,123,28,amar,ADJ,amod,0,2,2,3,0,0,0,0,0.25,False,False,GBd-TD1-01_mptf.conllu,0,2,0
stārag,NOUN,obj,0,0,0,1,1,123,81,nāmčištīg,ADJ,amod,0,1,2,3,1,0,0,1,0.25,False,False,GBd-TD1-01_mptf.conllu,0,2,0
spāhbed,NOUN,ccomp,0,0,0,1,1,91,74,xwarāsān,NOUN,nmod,0,2,4,7,0,0,0,0,0.0,False,False,GBd-TD1-01_mptf.conllu,1,0,0
spāhbed,NOUN,conj,0,0,0,1,1,91,106,nēmrōz,NOUN,nmod,0,2,1,2,0,0,0,0,0.0,False,False,GBd-TD1-01_mptf.conllu,1,0,0
spāhbed,NOUN,conj,0,0,0,1,1,91,9,xwarnifrān,NOUN,nmod,0,2,1,2,0,0,0,0,0.0,False,False,GBd-TD1-01_mptf.conllu,1,0,0
spāhbed,NOUN,conj,0,0,0,1,1,91,154,abāxtar,NOUN,nmod,0,2,1,2,0,0,0,0,0.0,False,False,GBd-TD1-01_mptf.conllu,1,0,0
mēx,PROPN,nsubj,0,0,0,1,1,24,4,gāh,NOUN,flat,0,1,2,2,0,0,0,0,0.8333333333333334,False,False,GBd-TD1-01_mptf.conllu,0,0,0
asemān,NOUN,nmod,0,0,0,1,1,8,8,asemān,NOUN,nmod,0,2,1,2,2,0,0,0,0.0,False,False,GBd-TD1-01_mptf.conllu,1,0,0
spāhbed,NOUN,conj,0,1,0,1,1,91,91,spāhbedān,NOUN,nmod,0,2,3,2,0,0,0,0,0.0,False,False,GBd-TD1-01_mptf.conllu,1,0,0
abārīg,PRON,nmod,0,0,1,1,1,942,115,mar,NOUN,nmod,1,1,2,1,1,0,0,0,0.0,False,False,GBd-TD1-01_mptf.conllu,1,0,0
sālār,NOUN,root,0,0,0,1,1,233,1310,abārīg,PRON,nmod,3,2,3,4,1,0,0,0,0.0,True,False,GBd-TD1-01_mptf.conllu,2,0,0
sālār,NOUN,root,0,1,0,1,1,233,3,kustībān,NOUN,nmod,0,2,3,4,0,0,0,0,0.0,True,False,GBd-TD1-01_mptf.conllu,2,0,0
stārag,NOUN,xcomp,0,0,0,1,1,123,3,awiyābānīg,ADJ,amod,0,1,1,1,0,0,0,0,0.0,False,False,GBd-TD1-01_mptf.conllu,0,1,0
wuzurgīh,NOUN,ccomp,0,0,0,1,1,36,1,nazdistēn,ADJ,amod,0,1,2,4,1,0,0,1,0.0,False,False,GBd-TD1-01_mptf.conllu,0,1,0
homānāgīh,NOUN,obl,0,0,0,1,1,43,909,sāl,NOUN,nmod,0,1,2,2,1,0,0,0,0.4,False,False,GBd-TD1-01_mptf.conllu,1,0,0
kust,NOUN,obl,0,1,0,1,1,248,154,abāxtarān,NOUN,amod,0,1,4,3,1,0,0,1,0.6,False,False,GBd-TD1-01_mptf.conllu,0,1,0
kust,NOUN,obl,0,0,0,1,1,248,547,ānōh,ADV,appos,1,1,4,3,1,0,0,0,0.6,False,False,GBd-TD1-01_mptf.conllu,0,1,0
winnārdārīh,NOUN,obl,0,1,0,1,1,6,282,kišwarān,NOUN,nmod,0,1,1,2,0,0,0,0,1.0,False,False,GBd-TD1-01_mptf.conllu,1,0,0
gumēzišn,NOUN,nmod,0,0,0,1,1,57,57,gumēzišn,NOUN,nmod,0,2,1,2,2,0,0,0,0.0,True,True,GBd-TD1-01_mptf.conllu,1,0,0
sipihr,NOUN,obj,0,1,0,1,1,102,136,axtarān,NOUN,nmod,1,1,2,1,2,0,0,1,0.5,False,False,GBd-TD1-01_mptf.conllu,1,0,0
starān,NOUN,obj,1,0,0,1,0,60,5,agumēzišnī,NOUN,nmod,0,1,2,1,1,0,0,1,0.5,False,True,GBd-TD1-01_mptf.conllu,1,0,0
spāhbed,NOUN,obl,0,1,0,1,1,91,4718,awēšān,PRON,nmod,0,2,1,2,0,0,0,0,1.0,False,False,GBd-TD1-01_mptf.conllu,1,0,0
mādayān,NOUN,xcomp,0,0,0,1,1,140,28,razm,NOUN,nmod,0,1,2,1,1,0,0,1,0.0,False,False,GBd-TD1-01_mptf.conllu,1,0,0
paydāgīh,NOUN,advcl,0,0,0,1,1,358,57,abēzagīh,NOUN,nmod,0,1,2,2,0,0,0,0,0.0,False,False,GBd-TD1-01_mptf.conllu,1,0,0
star,NOUN,nsubj,0,0,0,1,1,123,1,agumēzagīh,NOUN,nmod,0,1,2,1,1,0,0,1,0.5,False,False,GBd-TD1-01_mptf.conllu,1,0,0
spihr,NOUN,obj,0,0,0,1,1,102,207,azabar,ADV,amod,0,1,2,1,1,0,0,1,0.3333333333333333,False,False,GBd-TD1-01_mptf.conllu,0,1,0
tis,NOUN,obl,0,0,0,1,1,1502,18258,=iš,PRON,nmod,0,2,2,3,0,0,0,0,1.0,False,False,GBd-TD1-01_mptf.conllu,1,1,0
tis,NOUN,obl,0,1,0,1,1,1502,244,abēzagān,ADJ,amod,0,1,2,3,1,0,0,1,1.0,False,False,GBd-TD1-01_mptf.conllu,1,1,0
māh,NOUN,obj,0,0,0,1,1,689,18,gōspandtōhmag,ADJ,amod,0,1,1,1,0,0,0,0,1.0,False,False,GBd-TD1-01_mptf.conllu,0,1,0
xwaršēd,NOUN,obj,0,0,0,1,1,420,36,arwandasp,ADJ,amod,0,1,2,1,1,0,0,1,1.0,False,False,GBd-TD1-01_mptf.conllu,0,1,0
sālārīh,NOUN,obl,0,1,0,1,1,288,136,axtarān,NOUN,nmod,1,1,3,2,3,0,0,1,0.6,False,False,GBd-TD1-01_mptf.conllu,1,0,0
axtarān,NOUN,nmod,1,0,0,1,1,136,14,gumēzišnīg,ADJ,amod,0,1,2,3,1,1,0,1,0.0,False,False,GBd-TD1-01_mptf.conllu,0,1,0
hamāg,PRON,nsubj,0,1,0,1,1,1065,4718,=šān,PRON,nmod,0,2,1,1,0,0,0,0,0.8,False,False,GBd-TD1-01_mptf.conllu,1,0,0
gāh,NOUN,obj,0,1,0,1,1,744,534,amahraspandān,PROPN,nmod,0,1,5,2,1,0,1,1,0.6666666666666666,False,False,GBd-TD1-01_mptf.conllu,1,0,0
rōšnīh,NOUN,obl,0,0,0,1,1,368,85,asar,ADJ,amod,0,2,3,3,0,0,0,0,1.0,False,False,GBd-TD1-01_mptf.conllu,0,1,0
rōšnīh,NOUN,obl,0,0,0,1,1,368,746,gāh,NOUN,appos,0,1,3,3,1,0,0,0,1.0,False,False,GBd-TD1-01_mptf.conllu,0,1,0
gāh,NOUN,appos,0,0,0,1,1,744,3242,ohrmazd,PROPN,nmod,0,1,2,1,1,0,1,1,0.0,False,False,GBd-TD1-01_mptf.conllu,1,0,0
pay,NOUN,root,0,0,0,0,1,39,640,dahišn,NOUN,nmod,2,1,3,5,4,0,0,1,0.0,False,True,GBd-TD1-01_mptf.conllu,1,0,0
dahišn,NOUN,obl,0,0,0,1,0,636,1135,gētī,NOUN,nmod,0,1,1,4,0,0,0,0,1.0,True,False,GBd-TD1-01_mptf.conllu,1,0,0
dam,NOUN,obl,0,0,0,1,1,5,102,spihr,NOUN,nmod,0,1,2,2,1,0,0,1,0.16666666666666666,False,False,GBd-TD1-01_mptf.conllu,1,0,0
ātaxš,NOUN,conj,0,0,0,1,1,1442,45,wāzišt,PROPN,nmod,0,1,2,2,1,0,1,1,0.0,False,False,GBd-TD1-01_mptf.conllu,1,0,0
mēnōy,NOUN,obl,0,0,0,0,1,1405,460,meh,ADJ,amod,0,2,1,3,0,1,0,0,0.6666666666666666,False,False,GBd-TD1-01_mptf.conllu,0,1,0
āb,NOUN,obj,0,0,0,1,1,2066,6,tuxšīdār,ADJ,amod,0,2,1,2,0,1,0,0,0.8333333333333334,False,True,GBd-TD1-01_mptf.conllu,0,1,0
band,NOUN,obj,0,1,0,1,1,147,4718,awēšān,PRON,nmod,1,1,2,2,1,0,0,1,0.6666666666666666,False,False,GBd-TD1-01_mptf.conllu,1,0,0
tištar,PROPN,orphan,0,0,0,1,1,152,91,spāhbed,NOUN,appos,1,1,2,1,2,0,0,1,0.0,False,False,GBd-TD1-01_mptf.conllu,0,0,0
spāhbed,NOUN,appos,0,0,0,1,1,91,74,xwarāsān,NOUN,nmod,0,2,1,2,0,0,0,0,0.0,False,False,GBd-TD1-01_mptf.conllu,1,0,0
hamkār,NOUN,orphan,0,0,0,1,1,115,1446,ātaxš,NOUN,nmod,2,1,3,2,3,0,0,0,0.0,True,False,GBd-TD1-01_mptf.conllu,1,0,0
ātaxš,NOUN,nmod,0,0,0,1,1,1442,45,wāzišt,PROPN,nmod,0,1,2,3,1,0,1,1,0.0,False,False,GBd-TD1-01_mptf.conllu,1,0,0
stārān,NOUN,nmod,0,0,0,1,1,7,7,stārān,NOUN,nmod,0,2,1,3,3,1,0,0,0.0,True,True,GBd-TD1-01_mptf.conllu,1,0,0
sang,NOUN,obl,0,0,0,1,0,20,7,kadagmasā,ADJ,amod,1,1,2,2,1,0,0,1,0.3333333333333333,False,False,GBd-TD1-01_mptf.conllu,0,1,1
čaxrag,NOUN,obl,0,0,0,1,1,3,8,ōbadišn,NOUN,nmod,0,1,1,1,0,0,0,0,0.6666666666666666,False,True,GBd-TD1-01_mptf.conllu,1,0,0
sar,NOUN,obl,0,0,0,1,0,700,459,gāw,NOUN,nmod,0,1,2,1,2,0,0,1,1.0,False,False,GBd-TD1-01_mptf.conllu,1,0,0
gāw,NOUN,nmod,0,0,0,0,1,459,20,kadagīg,ADJ,amod,0,1,1,2,0,0,0,0,0.0,False,False,GBd-TD1-01_mptf.conllu,0,1,0
asprēs,NOUN,obl,0,0,0,1,1,7,92,hāsr,NOUN,nmod,2,1,2,2,1,0,0,0,0.5,False,False,GBd-TD1-01_mptf.conllu,1,0,1
hāsr,NOUN,nsubj,0,0,0,1,1,92,3,padzamīg,ADJ,amod,1,1,2,3,1,0,0,1,0.75,False,False,GBd-TD1-01_mptf.conllu,0,1,1
frasang,NOUN,obl,0,0,0,1,1,61,42,paymānīg,ADJ,amod,1,1,1,2,0,0,0,0,1.0,False,False,GBd-TD1-01_mptf.conllu,0,1,1
madan,NOUN,obl,0,0,0,1,1,68,181,ēbgat,NOUN,nmod,0,1,1,2,0,0,0,0,0.5,True,False,GBd-TD1-01_mptf.conllu,1,0,0
madan,NOUN,obl,0,0,0,1,1,68,181,ēbgat,NOUN,nmod,0,1,2,2,0,0,0,0,0.3333333333333333,True,False,GBd-TD1-01_mptf.conllu,1,0,0
rawišn,NOUN,nsubj,0,0,0,1,1,127,420,xwaršēd,NOUN,nmod,0,1,2,1,1,0,0,1,0.3333333333333333,True,False,GBd-TD1-01_mptf.conllu,1,0,0
tīr,NOUN,root,0,0,0,1,1,53,460,mehtar,ADJ,amod,0,2,4,6,0,0,0,0,0.0,False,False,GBd-TD1-01_mptf.conllu,0,2,0
tīr,NOUN,root,0,0,0,1,1,53,9,sēparrag,ADJ,amod,0,1,4,6,1,0,0,1,0.0,False,False,GBd-TD1-01_mptf.conllu,0,2,0
mard,NOUN,nsubj,0,0,0,1,1,2067,460,mehtar,ADJ,amod,0,2,2,2,1,1,0,1,0.6666666666666666,False,False,GBd-TD1-01_mptf.conllu,0,1,0
kamān,NOUN,obl,0,0,0,1,1,16,460,mehtar,ADJ,amod,0,2,2,3,1,1,0,1,1.0,False,False,GBd-TD1-01_mptf.conllu,0,1,0
tīr,NOUN,obl,0,0,0,1,1,53,158,mayānag,ADJ,amod,0,1,3,1,1,0,0,1,0.5,False,False,GBd-TD1-01_mptf.conllu,0,1,0
mard,NOUN,nsubj,0,0,0,1,1,2067,158,mayānag,ADJ,amod,0,2,2,2,1,1,0,1,0.75,False,False,GBd-TD1-01_mptf.conllu,0,1,0
kamān,NOUN,obl,0,0,0,1,1,16,158,mayānag,ADJ,amod,0,2,2,3,1,1,0,1,1.0,False,False,GBd-TD1-01_mptf.conllu,0,1,0
tīr,NOUN,root,0,0,0,1,1,53,9,sēparrag,ADJ,amod,0,2,4,6,0,0,0,0,0.0,False,False,GBd-TD1-01_mptf.conllu,0,2,0
tīr,NOUN,root,0,0,0,1,1,53,154,keh,ADJ,amod,0,1,4,6,0,0,0,0,0.0,False,False,GBd-TD1-01_mptf.conllu,0,2,0
mard,NOUN,nsubj,0,0,0,1,1,2067,154,keh,ADJ,amod,0,2,2,2,1,1,0,1,0.6666666666666666,False,False,GBd-TD1-01_mptf.conllu,0,1,0
kamān,NOUN,obl,0,0,0,1,1,16,154,keh,ADJ,amod,0,2,2,3,1,1,0,1,1.0,False,False,GBd-TD1-01_mptf.conllu,0,1,0
čim,NOUN,root,0,0,0,1,1,374,32,dahišnīh,NOUN,nmod,0,1,3,3,3,0,0,1,0.0,False,True,GBd-TD1-01_mptf.conllu,1,0,0
dahišnīh,NOUN,nmod,0,0,0,1,1,32,1175,dām,NOUN,nmod,0,1,2,3,0,0,0,0,0.0,True,False,GBd-TD1-01_mptf.conllu,1,0,0
nām,NOUN,obj,0,0,0,1,1,528,534,amahraspand,PROPN,nmod,1,1,3,1,1,0,1,0,0.6666666666666666,False,False,GBd-TD1-01_mptf.conllu,1,0,0
day,PROPN,conj,0,0,0,0,1,72,1006,dādār,NOUN,appos,1,1,3,5,0,0,0,0,0.0,False,True,GBd-TD1-01_mptf.conllu,0,0,0
day,PROPN,conj,0,0,0,0,1,72,1006,dādār,NOUN,appos,1,1,3,5,0,0,0,0,0.0,False,True,GBd-TD1-01_mptf.conllu,0,0,0
nām,NOUN,obj,0,0,0,1,1,528,2375,xwēš,PRON,amod,0,1,2,1,1,0,0,1,0.5,False,False,GBd-TD1-01_mptf.conllu,0,1,0
zamān,NOUN,obj,0,0,0,1,0,555,53,dērandxwadāy,ADJ,amod,0,1,2,1,1,0,0,1,0.5714285714285714,False,False,GBd-TD1-01_mptf.conllu,0,1,0
kirb,NOUN,obl,0,0,0,1,1,204,2069,mard,NOUN,nmod,0,2,6,7,1,0,0,0,0.7142857142857143,False,False,GBd-TD1-01_mptf.conllu,1,5,0
kirb,NOUN,obl,0,0,0,1,1,204,36,pānzdahsālag,ADJ,amod,0,1,6,7,1,0,0,1,0.7142857142857143,False,False,GBd-TD1-01_mptf.conllu,1,5,0
kirb,NOUN,obl,0,0,0,1,1,204,444,rōšn,ADJ,amod,1,1,6,7,0,0,0,0,0.7142857142857143,False,False,GBd-TD1-01_mptf.conllu,1,5,0
kirb,NOUN,obl,0,0,0,1,1,204,13,spēddōysr,ADJ,amod,2,1,6,7,1,0,0,1,0.7142857142857143,False,False,GBd-TD1-01_mptf.conllu,1,5,0
kirb,NOUN,obl,0,0,0,1,1,204,136,buland,ADJ,amod,3,1,6,7,1,0,0,1,0.7142857142857143,False,False,GBd-TD1-01_mptf.conllu,1,5,0
kirb,NOUN,obl,0,0,0,1,1,204,58,amāwand,ADJ,amod,4,1,6,7,0,0,0,0,0.7142857142857143,False,False,GBd-TD1-01_mptf.conllu,1,5,0
amāwandīh,NOUN,nsubj,0,0,0,1,1,72,18258,=š,PRON,nmod,0,2,1,1,0,0,0,0,0.8571428571428571,False,False,GBd-TD1-01_mptf.conllu,1,0,0
paymōzan,NOUN,obj,0,0,0,1,1,41,108,spēd,ADJ,amod,0,1,2,1,1,0,0,1,0.2857142857142857,False,False,GBd-TD1-01_mptf.conllu,0,1,0
brāh,NOUN,obj,0,0,0,1,1,66,53,āsrōnīh,NOUN,nmod,0,1,2,1,1,0,0,1,0.42857142857142855,False,False,GBd-TD1-01_mptf.conllu,1,0,0
xwēškārīh,NOUN,nsubj,0,0,0,1,1,309,3242,ohrmazd,PROPN,nmod,1,2,1,1,0,0,1,0,1.0,False,False,GBd-TD1-01_mptf.conllu,1,0,0
brahmag,NOUN,obj,0,1,0,1,1,14,301,dānāgān,NOUN,nmod,0,1,2,1,1,0,0,1,0.6666666666666666,False,False,GBd-TD1-01_mptf.conllu,1,0,0
wāy,PROPN,nsubj,0,0,0,0,1,145,1864,weh,ADJ,amod,0,1,2,1,1,0,0,1,0.25,False,False,GBd-TD1-01_mptf.conllu,0,1,0
ǰāmag,NOUN,obj,0,0,0,1,1,152,75,zarrēn,ADJ,amod,0,1,3,1,4,0,0,0,0.5,False,False,GBd-TD1-01_mptf.conllu,0,1,0
brahmag,NOUN,advcl,0,0,0,1,1,14,31,artēštārīh,NOUN,nmod,0,1,2,1,1,0,0,1,0.0,False,False,GBd-TD1-01_mptf.conllu,1,0,0
zadan,NOUN,obl,0,0,0,1,1,16,333,petyārag,NOUN,nmod,0,2,3,3,0,0,0,0,1.0,True,False,GBd-TD1-01_mptf.conllu,1,0,0
pānagīh,NOUN,compound:lvc,0,0,0,1,1,159,1175,dām,NOUN,nmod,0,2,1,2,0,0,0,0,0.0,False,False,GBd-TD1-01_mptf.conllu,1,0,0
dām,NOUN,nmod,0,0,0,1,1,1172,1175,dām,NOUN,nmod,0,2,2,4,4,0,0,1,0.0,False,False,GBd-TD1-01_mptf.conllu,1,0,0
dām,NOUN,nsubj,0,0,0,1,1,1172,3242,ohrmazd,PROPN,nmod,0,1,2,1,1,0,1,1,0.8888888888888888,False,False,GBd-TD1-01_mptf.conllu,1,0,0
ān,PRON,nsubj,0,0,0,1,0,1928,569,gannāgmēnōy,PROPN,nmod,0,1,2,1,1,0,1,1,1.0,False,False,GBd-TD1-01_mptf.conllu,1,0,0
paymōzan,NOUN,obj,0,0,0,1,1,41,10,xašēn,ADJ,amod,0,1,2,1,1,0,0,1,0.4,False,False,GBd-TD1-01_mptf.conllu,0,1,0
brahmag,NOUN,obj,0,0,0,1,1,14,34,wāstaryōšīh,NOUN,nmod,0,1,2,1,1,0,0,1,0.6,False,False,GBd-TD1-01_mptf.conllu,1,0,0
nēkbaxtārīh,NOUN,nsubj,0,0,0,1,1,3,1249,gēhān,NOUN,nmod,0,1,1,1,0,0,0,0,0.8,False,False,GBd-TD1-01_mptf.conllu,1,0,0
xwēškārīh,NOUN,advcl,0,0,0,1,1,309,18258,=š,PRON,nmod,2,2,4,5,0,0,0,0,0.0,False,False,GBd-TD1-01_mptf.conllu,1,0,0
dām,NOUN,obj,0,0,0,1,1,1172,2375,xwēš,PRON,amod,0,1,2,1,1,0,0,1,1.0,False,False,GBd-TD1-01_mptf.conllu,0,1,0
dahišn,NOUN,nsubj,0,0,0,1,0,636,1550,mēnōy,ADJ,amod,1,1,3,2,2,0,0,1,0.5,True,False,GBd-TD1-01_mptf.conllu,0,1,0
amahraspand,PROPN,conj,0,0,0,1,1,533,599,wahman,PROPN,appos,0,1,2,3,5,1,1,0,0.0,False,False,GBd-TD1-01_mptf.conllu,0,0,0
spihr,NOUN,conj,0,1,0,1,1,102,136,axtarān,NOUN,nmod,0,1,2,2,1,0,0,1,0.0,False,False,GBd-TD1-01_mptf.conllu,1,0,0
star,NOUN,conj,0,0,0,1,1,123,5,agumēzišnīh,NOUN,nmod,0,1,2,2,1,0,0,1,0.0,False,True,GBd-TD1-01_mptf.conllu,1,0,0
gāh,NOUN,conj,0,1,0,1,1,744,534,amahraspandān,PROPN,nmod,0,1,1,2,0,0,1,0,0.0,False,False,GBd-TD1-01_mptf.conllu,1,0,0
rōšnīh,NOUN,conj,0,0,0,1,1,368,85,asar,ADJ,amod,0,2,2,3,0,0,0,0,0.0,False,False,GBd-TD1-01_mptf.conllu,0,1,0
gāh,NOUN,conj,0,0,0,1,1,744,3242,ohrmazd,PROPN,nmod,0,1,1,2,0,0,1,0,0.0,False,False,GBd-TD1-01_mptf.conllu,1,0,0
dām,NOUN,nsubj,0,0,0,1,0,1172,1135,gētī,NOUN,nmod,0,1,2,1,1,0,0,1,0.5,False,False,GBd-TD1-01_mptf.conllu,1,0,0
rōšn,NOUN,acl:relcl,0,0,0,1,1,301,85,asar,ADJ,amod,0,2,3,5,0,0,0,0,0.0,False,False,GBd-TD1-01_mptf.conllu,0,1,0
rōšn,NOUN,acl:relcl,0,0,0,1,1,301,746,gāh,NOUN,appos,0,1,3,5,1,0,0,0,0.0,False,False,GBd-TD1-01_mptf.conllu,0,1,0
gāh,NOUN,appos,0,0,0,1,1,744,3242,ohrmazd,PROPN,nmod,0,1,2,1,1,0,1,1,0.0,False,False,GBd-TD1-01_mptf.conllu,1,0,0
ǰāmag,NOUN,obj,0,0,0,1,1,152,231,xānag,NOUN,nmod,1,1,2,2,2,0,0,1,1.0,False,False,GBd-TD1-01_mptf.conllu,1,0,0
paristag,NOUN,obj,0,0,0,1,1,16,2716,mardōm,NOUN,nmod,0,1,2,1,1,0,0,1,0.5,True,False,GBd-TD1-01_mptf.conllu,1,0,0
hamēmāl,NOUN,obj,0,0,0,1,1,111,2375,xwēš,PRON,amod,0,2,2,2,1,1,0,1,0.75,False,False,GBd-TD1-01_mptf.conllu,0,1,0
framān,NOUN,nsubj,0,0,0,1,1,244,186,nōg,ADJ,amod,0,2,1,1,0,0,0,0,1.0,False,False,GBd-TD1-01_mptf.conllu,0,1,0
čiyōnīh,NOUN,obj,0,0,0,1,1,143,18258,=š,PRON,nmod,0,2,1,1,0,0,0,0,1.0,False,False,GBd-TD1-01_mptf.conllu,1,0,0
hamkār,NOUN,nsubj,0,0,0,1,1,115,18258,=š,PRON,nmod,0,2,1,1,0,0,0,0,1.0,True,False,GBd-TD1-01_mptf.conllu,1,0,0
mēnōy,NOUN,acl:relcl,0,0,0,0,1,1405,1,harwispdahišn,ADJ,amod,0,1,1,3,0,0,0,0,0.0,False,False,GBd-TD1-01_mptf.conllu,0,1,0
tan,NOUN,nmod,0,0,0,1,1,2253,2253,tan,NOUN,nmod,0,2,1,2,2,0,0,0,0.0,False,False,GBd-TD1-01_mptf.conllu,1,0,0
ohrmazd,PROPN,acl:relcl,0,0,0,1,0,3237,499,xwadāy,NOUN,appos,0,1,2,3,0,0,0,0,0.0,False,False,GBd-TD1-01_mptf.conllu,0,0,0
dahišn,NOUN,obl,0,1,0,1,1,636,1135,gētīyān,NOUN,nmod,0,2,2,1,1,0,0,0,0.5,True,False,GBd-TD1-01_mptf.conllu,1,0,0
sardagān,NOUN,obj,1,0,0,1,1,269,834,gōspand,NOUN,nmod,0,2,1,1,0,0,0,0,0.75,False,False,GBd-TD1-01_mptf.conllu,1,0,0
spihr,NOUN,conj,0,0,0,1,0,102,499,xwadāy,NOUN,nmod,0,1,2,2,1,0,0,1,0.0,False,False,GBd-TD1-01_mptf.conllu,1,0,0
zurwan,NOUN,conj,0,0,0,1,1,29,51,akanārag,ADJ,amod,0,1,3,3,1,0,0,1,0.0,False,False,GBd-TD1-01_mptf.conllu,0,1,0
zurwan,NOUN,conj,0,0,0,1,1,29,29,zurwan,NOUN,appos,1,1,3,3,1,0,0,0,0.0,False,False,GBd-TD1-01_mptf.conllu,0,1,0
zurwan,NOUN,appos,0,0,0,1,0,29,53,dērandxwadāy,ADJ,amod,0,1,2,1,1,0,0,1,0.0,False,False,GBd-TD1-01_mptf.conllu,0,1,0
tōhmag,NOUN,obj,0,1,0,1,1,223,834,gōspandān,NOUN,nmod,0,1,2,1,1,0,0,1,0.6666666666666666,False,False,GBd-TD1-01_mptf.conllu,1,0,0
ayārīh,NOUN,obl,0,0,0,1,1,285,36,rām,PROPN,nmod,0,1,3,2,1,0,1,0,0.8888888888888888,False,False,GBd-TD1-01_mptf.conllu,1,0,0
rām,PROPN,nmod,0,0,0,1,1,36,1864,weh,ADJ,amod,0,1,2,1,1,0,0,1,0.0,False,False,GBd-TD1-01_mptf.conllu,0,1,0
dahišn,NOUN,obl,0,0,0,1,0,636,1135,gētī,NOUN,nmod,0,1,2,2,1,0,0,1,0.5,True,False,GBd-TD1-01_mptf.conllu,1,0,0
dahišn,NOUN,obl,0,0,0,1,0,636,1135,gētī,NOUN,nmod,0,1,1,2,0,0,0,0,0.5,True,False,GBd-TD1-01_mptf.conllu,1,0,0
sōg,PROPN,conj,0,0,0,1,1,14,1864,weh,ADJ,amod,0,1,2,1,1,0,0,1,0.0,False,False,GBd-TD1-01_mptf.conllu,0,1,0
ardwīsūr,PROPN,conj,0,0,0,1,1,62,14,hōmyazad,PROPN,nmod,0,1,2,1,1,0,1,1,0.0,False,False,GBd-TD1-01_mptf.conllu,1,0,0
āfrīn,NOUN,conj,0,1,0,1,1,4,159,dahmān,NOUN,nmod,0,2,1,2,0,0,0,0,0.0,False,False,GBd-TD1-01_mptf.conllu,1,0,0
bowandgōhr,NOUN,root,0,0,0,1,1,1,9,ayōxšustēn,ADJ,amod,0,1,3,4,1,0,0,1,0.0,False,False,GBd-TD1-01_mptf.conllu,0,1,0
winnārišn,NOUN,nsubj,0,0,0,1,1,102,18258,=š,PRON,nmod,0,2,1,1,0,0,0,0,1.0,True,False,GBd-TD1-01_mptf.conllu,1,0,0
mān,NOUN,obl,0,0,0,1,1,413,444,rōšn,NOUN,nmod,0,2,2,3,0,0,0,0,0.2857142857142857,False,False,GBd-TD1-01_mptf.conllu,1,1,0
mān,NOUN,obl,0,0,0,1,1,413,75,zarrēn,ADJ,amod,0,1,2,3,2,0,0,1,0.2857142857142857,False,False,GBd-TD1-01_mptf.conllu,1,1,0
gāh,NOUN,obl,0,1,0,1,1,744,534,amahraspandān,PROPN,nmod,0,1,2,2,1,0,1,1,0.42857142857142855,False,False,GBd-TD1-01_mptf.conllu,1,0,0
dahišn,NOUN,obl,0,0,0,1,0,636,1135,gētī,NOUN,nmod,0,1,2,2,1,0,0,1,0.5,True,False,GBd-TD1-01_mptf.conllu,1,0,0
mēnōy,NOUN,nsubj,0,0,0,0,0,1405,4,ašōnī,ADJ,amod,0,2,3,2,0,0,0,0,1.0,False,False,GBd-TD1-01_mptf.conllu,0,1,0
mēnōy,NOUN,nsubj,0,0,0,0,1,1405,158,yōǰdahrgar,NOUN,appos,0,1,3,2,1,0,0,0,1.0,False,False,GBd-TD1-01_mptf.conllu,0,1,0
yōǰdahrgar,NOUN,appos,0,0,0,1,1,158,1276,zamīg,NOUN,nmod,0,1,2,1,1,0,0,1,0.0,False,False,GBd-TD1-01_mptf.conllu,1,0,0
tōhmag,NOUN,advcl,0,1,0,1,1,223,2067,ābān,NOUN,nmod,0,2,4,3,0,0,0,0,0.0,False,False,GBd-TD1-01_mptf.conllu,1,0,0
gōwišn,NOUN,root,0,0,0,1,1,888,3242,ohrmazd,PROPN,nmod,0,1,2,3,1,0,1,1,0.0,True,False,GBd-TD1-01_mptf.conllu,1,0,0
xwarrah,NOUN,obl,0,0,0,1,1,554,413,mān,NOUN,nmod,0,1,2,2,1,0,0,1,0.5,False,False,GBd-TD1-01_mptf.conllu,1,0,0
xwarrah,NOUN,ccomp,0,0,0,1,1,554,9,ardāyīh,NOUN,nmod,1,1,3,1,1,0,0,0,0.0,False,False,GBd-TD1-01_mptf.conllu,1,0,0
ardāyīh,NOUN,nmod,0,0,0,1,1,9,25,wahištīg,ADJ,amod,0,2,2,1,1,0,0,1,0.0,False,False,GBd-TD1-01_mptf.conllu,0,1,0
pid,NOUN,advcl,0,1,0,1,1,547,2067,ābān,NOUN,nmod,2,1,2,2,1,0,0,1,0.0,False,False,GBd-TD1-01_mptf.conllu,1,0,0
dahišn,NOUN,obl,0,0,0,1,1,636,1135,gētīyān,ADJ,amod,0,1,2,1,1,0,0,1,0.5,True,False,GBd-TD1-01_mptf.conllu,0,1,0
ayārīh,NOUN,obl,0,0,0,1,1,285,65,frawardīn,PROPN,nmod,0,1,4,2,2,0,1,0,0.5384615384615384,False,False,GBd-TD1-01_mptf.conllu,1,0,0
frawahr,NOUN,acl:relcl,0,1,0,1,1,313,2060,ahlawān,NOUN,nmod,0,1,2,2,1,0,0,1,0.0,False,False,GBd-TD1-01_mptf.conllu,1,0,0
abzār,NOUN,obl,0,0,0,1,1,315,124,abr,NOUN,nmod,0,2,1,2,0,0,0,0,0.9230769230769231,True,False,GBd-TD1-01_mptf.conllu,1,0,0
dahišn,NOUN,obl,0,0,0,1,0,636,1135,gētī,NOUN,nmod,0,1,2,2,1,0,0,1,0.5,True,False,GBd-TD1-01_mptf.conllu,1,0,0
hamkārīh,NOUN,nmod,0,0,0,1,1,56,56,hamkārīh,NOUN,nmod,0,2,1,1,1,0,0,0,0.0,False,False,GBd-TD1-01_mptf.conllu,1,0,0
rašn,PROPN,obj,0,0,0,1,1,81,554,xwarrah,NOUN,appos,5,1,5,3,2,0,0,0,0.6,False,False,GBd-TD1-01_mptf.conllu,0,0,0
čīnwārpul,NOUN,nmod,0,0,0,1,1,9,9,čīnwārpul,NOUN,nmod,0,2,1,2,2,0,0,0,0.0,False,False,GBd-TD1-01_mptf.conllu,1,0,0
ruwān,NOUN,obj,0,1,0,1,1,1224,2716,mardōmān,NOUN,nmod,0,1,1,1,0,0,0,0,0.8,False,False,GBd-TD1-01_mptf.conllu,1,0,0
mēnōy,NOUN,nsubj,0,0,0,0,1,1405,1175,dām,NOUN,nmod,0,1,2,2,1,0,0,1,0.25,False,False,GBd-TD1-01_mptf.conllu,1,0,0
hamkārīh,NOUN,obl,0,1,0,1,1,56,4718,awēšān,PRON,nmod,0,2,1,2,0,0,0,0,0.5,False,False,GBd-TD1-01_mptf.conllu,1,0,0
spihr,NOUN,obl,0,1,0,1,1,102,136,axtarān,NOUN,nmod,0,1,2,2,2,0,0,1,1.0,False,False,GBd-TD1-01_mptf.conllu,1,0,0
rōz,NOUN,obj,0,1,0,1,1,985,158,mayānagān,NOUN,nmod,2,1,2,2,1,0,0,0,0.6666666666666666,False,False,GBd-TD1-01_mptf.conllu,1,0,0
bāmdād,NOUN,orphan,0,0,0,1,1,21,746,gāh,NOUN,nmod,0,1,1,1,0,0,0,0,0.0,False,False,GBd-TD1-01_mptf.conllu,1,0,0
hāwan,PROPN,conj,0,0,0,1,0,136,1550,mēnōy,NOUN,flat,0,1,3,4,0,0,0,0,0.0,False,False,GBd-TD1-01_mptf.conllu,0,0,0
nēmrōz,NOUN,orphan,0,0,0,1,1,103,746,gāh,NOUN,nmod,0,1,1,1,0,0,0,0,0.0,False,False,GBd-TD1-01_mptf.conllu,1,0,0
rapihwin,PROPN,conj,0,0,0,1,0,85,1550,mēnōy,NOUN,flat,0,1,2,3,0,0,0,0,0.0,False,False,GBd-TD1-01_mptf.conllu,0,0,0
ēbārag,NOUN,orphan,0,0,0,1,1,12,746,gāh,NOUN,nmod,0,1,1,2,0,0,0,0,0.0,False,False,GBd-TD1-01_mptf.conllu,1,0,0
uzayrin,PROPN,conj,0,0,0,1,0,48,1550,mēnōy,NOUN,flat,0,1,2,3,0,0,0,0,0.0,False,False,GBd-TD1-01_mptf.conllu,0,0,0
aybisrūsrim,PROPN,conj,0,0,0,1,0,18,1550,mēnōy,NOUN,flat,0,1,1,2,0,0,0,0,0.0,False,False,GBd-TD1-01_mptf.conllu,0,0,0
ušahin,NOUN,obj,0,0,0,1,1,51,746,gāh,NOUN,nmod,0,1,2,1,1,0,0,1,0.75,False,False,GBd-TD1-01_mptf.conllu,1,0,0
ušahin,PROPN,nsubj,0,0,0,1,0,51,1550,mēnōy,NOUN,appos,0,1,2,1,1,0,0,1,1.0,False,False,GBd-TD1-01_mptf.conllu,0,0,0
mēnōy,NOUN,obj,0,0,0,0,1,1405,1125,yazišn,NOUN,nmod,0,1,2,1,1,0,0,1,0.6666666666666666,False,True,GBd-TD1-01_mptf.conllu,1,0,0
kunišn,NOUN,obl,0,0,0,1,1,980,1125,yazišn,NOUN,nmod,0,2,1,2,0,0,0,0,0.8333333333333334,True,True,GBd-TD1-01_mptf.conllu,1,0,0
hamāg,PRON,obj,0,0,0,1,1,1065,1175,dām,NOUN,nmod,0,2,1,1,0,0,0,0,1.0,False,False,GBd-TD1-01_mptf.conllu,1,0,0
bōy,NOUN,obl,0,0,0,0,1,15,313,frawahr,NOUN,nmod,0,1,3,2,1,0,0,0,0.06666666666666667,False,False,GBd-TD1-01_mptf.conllu,1,0,0
frawahr,NOUN,nmod,0,1,0,1,1,313,2716,mardōmān,NOUN,nmod,0,1,2,1,1,0,0,1,0.0,False,False,GBd-TD1-01_mptf.conllu,1,0,0
xrad,NOUN,obj,0,0,0,1,1,654,40,harwispāgāhīh,NOUN,nmod,0,1,2,1,1,0,0,1,0.13333333333333333,False,False,GBd-TD1-01_mptf.conllu,1,0,0
hamēyīgpānagīh,NOUN,obj,0,0,0,1,1,3,181,ēbgat,NOUN,nmod,0,1,1,1,0,0,0,0,1.0,False,False,GBd-TD1-01_mptf.conllu,1,0,0
=šān,PRON,nsubj,1,0,0,1,1,4503,313,frawahr,NOUN,appos,1,1,3,1,1,0,0,0,0.16666666666666666,False,False,GBd-TD1-01_mptf.conllu,0,0,0
frawahr,NOUN,appos,0,1,0,1,1,313,2716,mardōmān,NOUN,nmod,0,1,2,1,1,0,0,1,0.0,False,False,GBd-TD1-01_mptf.conllu,1,0,0
harwispāgāhīh,NOUN,obl,0,0,0,1,1,40,654,xrad,NOUN,nmod,0,2,2,4,1,1,0,1,0.3333333333333333,False,False,GBd-TD1-01_mptf.conllu,1,0,0
anāgīh,NOUN,nsubj,0,0,0,1,1,365,915,druz,NOUN,nmod,1,1,3,1,2,0,0,0,0.5,False,False,GBd-TD1-01_mptf.conllu,1,0,0
abēhamēmālīh,NOUN,obl,0,0,0,1,1,3,180,abdom,ADJ,amod,0,2,4,4,0,0,0,0,1.0,False,False,GBd-TD1-01_mptf.conllu,1,1,0
abēhamēmālīh,NOUN,obl,0,0,0,1,1,3,333,petyārag,NOUN,nmod,1,1,4,4,2,0,0,1,1.0,False,False,GBd-TD1-01_mptf.conllu,1,1,0
bawišnīh,NOUN,conj,0,0,0,1,1,6,2253,tan,NOUN,nmod,1,1,3,4,3,0,0,1,0.0,True,False,GBd-TD1-01_mptf.conllu,2,0,0
bawišnīh,NOUN,conj,0,0,0,1,1,6,8,hamērawišnīh,NOUN,nmod,3,1,3,4,1,0,0,1,0.0,True,True,GBd-TD1-01_mptf.conllu,2,0,0
tan,NOUN,nmod,0,0,0,1,1,2253,190,pasēn,ADJ,nmod,0,1,2,3,1,0,0,1,0.0,False,False,GBd-TD1-01_mptf.conllu,1,0,0
agārīh,NOUN,obj,0,0,0,1,1,37,2375,xwēš,PRON,amod,0,1,3,2,1,0,0,0,1.0,False,False,GBd-TD1-01_mptf.conllu,1,1,0
agārīh,NOUN,obj,0,0,0,1,1,37,2069,mard,NOUN,nmod,5,1,3,2,2,0,0,0,1.0,False,False,GBd-TD1-01_mptf.conllu,1,1,0
mard,NOUN,nmod,0,0,0,1,0,2067,2060,ahlaw,ADJ,amod,0,1,2,2,2,0,0,1,0.0,False,False,GBd-TD1-01_mptf.conllu,0,1,0
kunišnīh,NOUN,obj,0,0,0,1,1,20,2375,xwēš,PRON,amod,0,1,2,1,1,0,0,1,1.0,True,False,GBd-TD1-01_mptf.conllu,0,1,0
bīm,NOUN,obl,0,0,0,1,1,301,2069,mard,NOUN,nmod,0,1,3,2,2,0,0,1,0.1111111111111111,False,False,GBd-TD1-01_mptf.conllu,1,0,0
mard,NOUN,nmod,0,0,0,1,0,2067,2060,ahlaw,ADJ,amod,0,1,2,2,1,0,0,1,0.0,False,False,GBd-TD1-01_mptf.conllu,0,1,0
ǰeh,PROPN,nsubj,0,0,0,1,1,71,657,druwand,ADJ,amod,0,1,2,1,1,0,0,1,0.16666666666666666,False,False,GBd-TD1-01_mptf.conllu,0,1,0
bowandagīh,NOUN,obl,0,0,0,1,1,59,909,sāl,NOUN,nmod,1,1,2,2,1,0,0,0,0.2222222222222222,False,False,GBd-TD1-01_mptf.conllu,1,0,0
pid,NOUN,vocative,0,1,0,1,1,547,610,amāh,PRON,nmod,0,1,2,1,1,0,0,1,0.2777777777777778,False,False,GBd-TD1-01_mptf.conllu,1,0,0
mard,NOUN,obl,0,0,0,1,0,2067,2060,ahlaw,ADJ,amod,0,1,2,3,1,0,0,1,0.5,False,False,GBd-TD1-01_mptf.conllu,0,1,0
gāw,NOUN,conj,0,0,0,0,1,459,8,warzāg,ADJ,amod,0,1,1,1,0,0,0,0,0.0,False,False,GBd-TD1-01_mptf.conllu,0,1,0
kunišn,NOUN,obl,0,0,0,1,1,980,2910,man,PRON,nmod,0,1,2,2,1,0,0,1,0.5555555555555556,True,False,GBd-TD1-01_mptf.conllu,1,0,0
dahišn,NOUN,obj,0,0,0,1,1,636,256,ohrmazddād,ADJ,amod,0,1,2,2,1,0,0,1,1.0,True,False,GBd-TD1-01_mptf.conllu,0,1,0
harwispāgāhīh,NOUN,obl,0,0,0,1,1,40,654,xrad,NOUN,nmod,0,2,1,2,0,0,0,0,0.3333333333333333,False,False,GBd-TD1-01_mptf.conllu,1,0,0
sūdīh,NOUN,obl,0,0,0,1,1,21,460,meh,ADJ,amod,0,2,2,3,1,1,0,1,0.2857142857142857,False,False,GBd-TD1-01_mptf.conllu,0,1,0
kirb,NOUN,obj,0,0,0,1,0,204,569,gannāgmēnōy,PROPN,nmod,0,2,2,3,0,1,1,0,0.42857142857142855,False,False,GBd-TD1-01_mptf.conllu,2,0,0
kirb,NOUN,obj,0,0,0,1,1,204,3,dīduddēs,NOUN,nmod,0,1,2,3,2,1,0,1,0.42857142857142855,False,False,GBd-TD1-01_mptf.conllu,2,0,0
dīduddēs,NOUN,nmod,0,0,0,1,1,3,54,wazag,NOUN,nmod,0,1,1,2,0,0,0,0,0.0,False,False,GBd-TD1-01_mptf.conllu,1,0,0
mard,NOUN,advcl,0,0,0,1,1,2067,237,homānāg,ADJ,amod,2,1,4,1,1,0,0,0,0.0,False,False,GBd-TD1-01_mptf.conllu,0,1,0
menišn,NOUN,obj,0,0,0,1,1,518,76,ǰeh,PROPN,nmod,0,2,2,2,1,1,1,1,0.8571428571428571,True,False,GBd-TD1-01_mptf.conllu,1,0,0
pedīragīh,NOUN,obl,0,1,0,1,1,6,444,rōšnān,NOUN,nmod,0,1,1,2,0,0,0,0,1.0,False,False,GBd-TD1-01_mptf.conllu,1,0,0
buništ,NOUN,ccomp,0,1,0,1,1,34,444,rōšnān,NOUN,nmod,0,1,5,5,1,0,0,0,0.0,False,False,GBd-TD1-01_mptf.conllu,1,0,0
māh,NOUN,obl:tmod,0,0,0,1,1,689,65,frawardīn,PROPN,flat,0,1,1,1,0,0,1,0,0.0,False,False,GBd-TD1-01_mptf.conllu,0,0,0
rōz,NOUN,obl:tmod,0,0,0,1,1,985,3242,ohrmazd,PROPN,flat,0,1,1,1,0,0,1,0,0.0,False,False,GBd-TD1-01_mptf.conllu,0,0,0
šab,NOUN,nmod,0,0,0,1,1,434,7,tērag,ADJ,amod,0,1,2,1,1,0,0,1,0.0,False,False,GBd-TD1-01_mptf.conllu,0,1,0
mēnōy,NOUN,dislocated:topic,0,0,0,0,1,1405,357,asmān,NOUN,flat,0,1,1,1,0,0,0,0,0.0,False,False,GBd-TD1-01_mptf.conllu,0,0,0
zamān,NOUN,obl:tmod,0,0,0,1,1,555,14,bēdom,ADJ,amod,0,2,1,1,0,0,0,0,0.0,False,False,GBd-TD1-01_mptf.conllu,0,1,0
mēnōy,NOUN,dislocated:topic,0,0,0,0,1,1405,2067,āb,NOUN,flat,0,1,1,1,0,0,0,0,0.0,False,False,GBd-TD1-01_mptf.conllu,0,0,0
dāšn,NOUN,nsubj,0,0,0,1,1,67,599,wahman,PROPN,nmod,0,1,2,1,2,0,1,0,0.4,False,False,GBd-TD1-01_mptf.conllu,1,0,0
xrafstar,NOUN,nsubj,0,0,0,1,1,216,4,gazāg,ADJ,amod,0,1,3,3,1,0,0,1,0.25,False,False,GBd-TD1-01_mptf.conllu,1,2,0
xrafstar,NOUN,nsubj,0,0,0,1,1,216,4,wišōmand,ADJ,amod,1,1,3,3,1,0,0,1,0.25,False,False,GBd-TD1-01_mptf.conllu,1,2,0
xrafstar,NOUN,nsubj,0,0,0,1,1,216,29,az,NOUN,nmod,3,1,3,3,6,0,0,0,0.25,False,False,GBd-TD1-01_mptf.conllu,1,2,0
=š,PRON,nsubj,0,0,0,1,1,18107,1276,zamīg,NOUN,appos,1,1,1,1,0,0,0,0,0.25,False,False,GBd-TD1-01_mptf.conllu,0,0,0
=š,PRON,nsubj,0,0,0,1,0,18107,1550,mēnōy,NOUN,appos,1,1,2,1,1,0,0,0,0.25,False,False,GBd-TD1-01_mptf.conllu,0,0,0
mēnōy,NOUN,appos,0,0,0,0,1,1405,641,urwar,NOUN,flat,0,1,1,1,0,0,0,0,0.0,False,False,GBd-TD1-01_mptf.conllu,0,0,0
tarsāgāhīh,NOUN,obl,0,0,0,1,0,7,18258,ōy,PRON,nmod,0,2,2,3,1,1,0,1,0.5,False,False,GBd-TD1-01_mptf.conllu,1,0,0
tan,NOUN,obl,0,0,0,1,1,2253,245,gayōmart,PROPN,nmod,0,1,2,2,1,0,1,1,1.0,False,False,GBd-TD1-01_mptf.conllu,1,0,0
madan,NOUN,obl,0,0,0,1,0,68,459,gāw,NOUN,nmod,1,1,2,2,2,0,0,1,0.08333333333333333,True,False,GBd-TD1-01_mptf.conllu,1,0,0
mang,PROPN,obj,0,0,0,1,1,9,11,bēšāz,ADJ,amod,0,1,4,2,1,0,0,1,0.25,False,False,GBd-TD1-01_mptf.conllu,0,1,0
dahišn,NOUN,obl,0,1,0,1,1,636,834,gōspandān,NOUN,nmod,0,2,2,2,1,1,0,1,0.5,True,False,GBd-TD1-01_mptf.conllu,1,0,0
kunišn,NOUN,obj,0,0,0,1,1,980,1416,kār,NOUN,nmod,0,1,1,1,0,0,0,0,1.0,True,True,GBd-TD1-01_mptf.conllu,1,0,0
madan,NOUN,obl,0,0,0,1,1,68,245,gayōmart,PROPN,nmod,1,1,2,2,2,0,1,1,0.2,True,False,GBd-TD1-01_mptf.conllu,1,0,0
mardkirb,NOUN,obl,0,0,0,1,1,18,909,sāl,NOUN,nmod,1,1,3,3,2,0,0,1,1.0,False,False,GBd-TD1-01_mptf.conllu,1,2,0
mardkirb,NOUN,obl,0,0,0,1,1,18,444,rōšn,ADJ,amod,2,1,3,3,1,0,0,1,1.0,False,False,GBd-TD1-01_mptf.conllu,1,2,0
mardkirb,NOUN,obl,0,0,0,1,1,18,136,buland,ADJ,amod,3,1,3,3,1,0,0,1,1.0,False,False,GBd-TD1-01_mptf.conllu,1,2,0
dwārišn,NOUN,obl,0,1,0,1,1,24,216,xrafstarān,NOUN,nmod,0,1,1,2,0,0,0,0,0.6,True,False,GBd-TD1-01_mptf.conllu,1,0,0
spihr,NOUN,conj,0,0,0,1,1,102,25,gardišn,NOUN,nmod,1,1,2,1,2,0,0,1,0.0,False,True,GBd-TD1-01_mptf.conllu,1,0,0
γarrānišn,NOUN,obl,0,0,0,1,1,5,184,kōxšišn,NOUN,nmod,2,1,3,2,3,0,0,1,1.0,True,True,GBd-TD1-01_mptf.conllu,1,0,0
dēwān,NOUN,nmod,1,1,0,1,1,1336,1,māzagān,PROPN,nmod,0,2,1,1,0,0,1,0,0.0,False,False,GBd-TD1-01_mptf.conllu,1,0,0
kōxšišn,NOUN,nmod,0,1,0,1,1,184,1338,dēwān,NOUN,nmod,0,2,2,3,1,0,0,0,0.0,True,False,GBd-TD1-01_mptf.conllu,2,0,0
kōxšišn,NOUN,nmod,0,1,0,1,1,184,136,axtarān,NOUN,nmod,1,1,2,3,2,0,0,1,0.0,True,False,GBd-TD1-01_mptf.conllu,2,0,0
=š,PRON,nsubj,0,0,0,1,0,18107,569,gannāgmēnōy,PROPN,appos,1,1,1,1,0,0,1,0,0.25,False,False,GBd-TD1-01_mptf.conllu,0,0,0
dāmān,NOUN,nmod,1,0,0,1,1,1172,3242,ohrmazd,PROPN,nmod,0,1,2,1,1,0,1,1,0.0,False,False,GBd-TD1-01_mptf.conllu,1,0,0
hamāg,PRON,obj,0,1,0,1,1,1065,1175,dāmān,NOUN,nmod,1,2,3,1,1,0,0,0,0.75,False,False,GBd-TD1-01_mptf.conllu,1,0,0
dēw,NOUN,conj,0,1,0,0,1,1336,4,margīhkirdārān,NOUN,nmod,0,1,1,3,0,0,0,0,0.0,False,True,GBd-TD1-01_mptf.conllu,1,0,0
zamān,NOUN,obl,0,0,0,1,1,555,82,brīn,NOUN,nmod,0,1,2,2,1,0,0,1,0.8333333333333334,False,False,GBd-TD1-01_mptf.conllu,1,0,0
čār,NOUN,obj,0,0,0,1,1,98,294,ōzadan,NOUN,nmod,0,2,1,1,0,0,0,0,1.0,True,True,GBd-TD1-01_mptf.conllu,1,0,0
zīwand,NOUN,advcl,0,0,0,1,1,4,245,gayōmart,PROPN,nmod,0,2,4,3,1,1,1,1,0.0,True,False,GBd-TD1-01_mptf.conllu,2,0,0
zīwand,NOUN,advcl,0,0,0,1,1,4,639,xwadāyīh,NOUN,nmod,0,1,4,3,2,1,0,1,0.0,True,False,GBd-TD1-01_mptf.conllu,2,0,0
madan,NOUN,obl,0,0,0,1,1,68,333,petyārag,NOUN,nmod,0,1,2,2,1,0,0,1,1.0,True,False,GBd-TD1-01_mptf.conllu,1,0,0
tōhmag,NOUN,obl,0,0,0,1,1,223,2910,man,PRON,nmod,0,1,2,2,1,0,0,1,0.6666666666666666,False,False,GBd-TD1-01_mptf.conllu,1,0,0
hamkārān,NOUN,conj,1,1,0,1,1,115,1338,dēwān,NOUN,nmod,0,2,1,3,0,0,0,0,0.0,True,False,GBd-TD1-01_mptf.conllu,1,0,0
kōxšišn,NOUN,obl,0,0,0,1,1,184,102,spihr,NOUN,nmod,0,2,2,3,0,0,0,0,1.0,True,False,GBd-TD1-01_mptf.conllu,2,0,0
kōxšišn,NOUN,obl,0,1,0,1,1,184,136,axtarān,NOUN,nmod,0,1,2,3,1,0,0,1,1.0,True,False,GBd-TD1-01_mptf.conllu,2,0,0
gāh,NOUN,obl,0,1,0,1,1,744,16,abargarān,NOUN,nmod,0,2,1,4,0,0,0,0,0.8333333333333334,False,False,GBd-TD1-01_mptf.conllu,1,0,0
mayānag,NOUN,root,0,0,0,1,1,126,1276,zamīg,NOUN,nmod,0,1,4,5,0,0,0,0,0.0,False,False,GBd-TD1-01_mptf.conllu,1,0,0
mayānag,NOUN,root,0,0,0,1,1,126,547,ānōh,ADV,appos,1,1,4,5,1,0,0,0,0.0,False,False,GBd-TD1-01_mptf.conllu,1,0,0
xīr,NOUN,obl,0,0,0,1,0,221,1135,gētī,NOUN,nmod,0,1,1,3,0,0,0,0,0.3333333333333333,False,False,GBd-TD1-01_mptf.conllu,1,0,0
gāw,NOUN,nsubj,0,0,0,0,1,459,24,ēkdād,ADJ,amod,0,1,1,1,0,0,0,0,0.5,False,False,GBd-TD1-01_mptf.conllu,0,1,0
dast,NOUN,obl,0,0,0,1,1,477,168,dašn,ADJ,amod,0,2,1,2,0,0,0,0,1.0,False,False,GBd-TD1-01_mptf.conllu,0,1,0
dast,NOUN,orphan,0,0,0,1,0,477,143,hōy,ADJ,amod,0,2,1,2,0,0,0,0,0.0,False,False,GBd-TD1-01_mptf.conllu,0,1,0
ruwān,NOUN,nsubj,0,0,0,1,0,1224,459,gāw,NOUN,nmod,0,1,2,1,2,0,0,1,0.5,False,False,GBd-TD1-01_mptf.conllu,1,0,0
gāw,NOUN,nmod,0,0,0,0,1,459,24,ēkdād,ADJ,amod,0,1,1,2,0,0,0,0,0.0,False,False,GBd-TD1-01_mptf.conllu,0,1,0
tan,NOUN,obl,0,0,0,1,0,2253,459,gāw,NOUN,nmod,0,1,1,2,0,0,0,0,0.75,False,False,GBd-TD1-01_mptf.conllu,1,0,0
sālārīh,NOUN,obj,0,0,0,1,1,288,1175,dām,NOUN,nmod,0,1,1,1,0,0,0,0,0.46153846153846156,False,False,GBd-TD1-01_mptf.conllu,1,0,0
wēmārīh,NOUN,nsubj:pass,0,1,0,1,1,128,1338,dēwān,NOUN,nmod,2,1,2,2,1,0,0,1,0.0,False,False,GBd-TD1-01_mptf.conllu,1,0,0
frawahr,NOUN,obj,0,0,0,1,1,313,1747,zardušt,PROPN,nmod,0,1,2,1,1,0,1,1,0.4,False,False,GBd-TD1-01_mptf.conllu,1,0,0
dahišnīh,NOUN,obl,0,0,0,1,1,32,834,gōspand,NOUN,nmod,3,2,3,3,0,0,0,0,1.0,True,False,GBd-TD1-01_mptf.conllu,2,0,0
dahišnīh,NOUN,obl,0,0,0,1,0,32,1135,gētī,NOUN,nmod,0,2,3,3,1,0,0,0,1.0,True,False,GBd-TD1-01_mptf.conllu,2,0,0
hamēstārīh,NOUN,root,0,1,0,1,1,107,1550,mēnōyān,NOUN,nmod,1,1,9,4,1,0,0,0,0.0,False,False,GBd-TD1-01_mptf.conllu,1,0,0
kamālagān,NOUN,nsubj,1,1,0,1,1,6,1338,dēwān,NOUN,nmod,0,1,1,1,0,0,0,0,0.3333333333333333,False,False,GBd-TD1-01_mptf.conllu,1,0,0
yazadān,NOUN,obl,1,1,0,1,1,1403,1550,mēnōyān,NOUN,nmod,0,2,1,2,0,0,0,0,0.4444444444444444,False,False,GBd-TD1-01_mptf.conllu,1,0,0
sraw,NOUN,conj,0,0,0,0,1,70,91,ǰādugīh,NOUN,nmod,0,1,3,2,1,0,0,1,0.0,False,False,GBd-TD1-01_mptf.conllu,1,0,0
mānsr,NOUN,orphan,0,0,0,1,1,93,244,abēzag,ADJ,amod,0,1,2,2,1,0,0,1,0.0,False,False,GBd-TD1-01_mptf.conllu,0,1,0
wāy,PROPN,xcomp,0,0,0,0,1,145,444,wattar,ADJ,amod,0,1,1,1,0,0,0,0,0.0,False,False,GBd-TD1-01_mptf.conllu,0,1,0
wāy,PROPN,acl:relcl,0,0,0,0,1,145,1864,weh,ADJ,amod,0,1,1,3,0,0,0,0,0.0,False,False,GBd-TD1-01_mptf.conllu,0,1,0
waran,NOUN,conj,0,0,0,1,1,141,16,arāh,ADJ,amod,0,1,2,2,1,0,0,1,0.0,False,False,GBd-TD1-01_mptf.conllu,0,1,0
mēnōy,NOUN,orphan,0,0,0,0,1,1405,15,nigerīdārīh,NOUN,nmod,0,1,1,2,0,0,0,0,0.0,False,False,GBd-TD1-01_mptf.conllu,1,0,0
waxš,NOUN,conj,0,0,0,1,1,26,25,dēwīg,ADJ,amod,0,2,3,4,0,0,0,0,0.0,False,False,GBd-TD1-01_mptf.conllu,1,1,0
waxš,NOUN,conj,0,1,0,1,1,26,1338,dēwān,NOUN,nmod,1,1,3,4,3,0,0,0,0.0,False,False,GBd-TD1-01_mptf.conllu,1,1,0
xrafstar,NOUN,conj,0,0,0,1,1,216,54,wazag,NOUN,nmod,0,1,1,2,0,0,0,0,0.0,False,False,GBd-TD1-01_mptf.conllu,1,0,0
sūy,NOUN,conj,0,0,0,0,1,8,29,tišn,NOUN,nmod,0,1,2,2,0,0,0,0,0.0,False,False,GBd-TD1-01_mptf.conllu,1,0,0
dard,NOUN,conj,0,0,0,1,1,132,790,ēwēnag,NOUN,nmod,0,1,2,2,1,0,0,0,0.0,False,False,GBd-TD1-01_mptf.conllu,1,0,0
ātaxšān,NOUN,orphan,1,0,0,1,1,1442,16587,ān,PRON,appos,0,1,5,2,1,0,0,0,0.0,False,False,GBd-TD1-01_mptf.conllu,0,0,0
sardagān,NOUN,conj,1,0,0,1,1,269,159,gurg,NOUN,nmod,0,2,1,2,0,0,0,0,0.0,False,False,GBd-TD1-01_mptf.conllu,1,0,0
xrafstar,NOUN,conj,0,0,0,1,1,216,15,parrwar,ADJ,amod,0,1,2,4,1,0,0,1,0.0,False,False,GBd-TD1-01_mptf.conllu,0,1,0
ahlomōγān,NOUN,conj,1,1,0,1,1,87,657,druwandān,ADJ,amod,0,1,3,2,1,0,0,1,0.0,False,False,GBd-TD1-01_mptf.conllu,0,1,0
ahlawān,NOUN,orphan,1,1,0,1,1,378,2069,mardān,NOUN,nmod,0,1,2,1,1,0,0,1,0.0,False,False,GBd-TD1-01_mptf.conllu,1,0,0
zīwōmandīh,NOUN,conj,0,0,0,1,1,6,123,abārōn,ADJ,amod,0,2,2,2,0,0,0,0,0.0,False,False,GBd-TD1-01_mptf.conllu,0,1,0
zīwōmandīh,NOUN,orphan,0,0,0,1,1,6,249,frārōn,ADJ,amod,0,2,1,2,0,0,0,0,0.0,False,False,GBd-TD1-01_mptf.conllu,0,1,0
druz,NOUN,conj,0,0,0,1,1,911,5,abaxšišnīh,NOUN,nmod,0,2,2,2,0,0,0,0,0.0,False,True,GBd-TD1-01_mptf.conllu,1,0,0
axw,NOUN,orphan,0,0,0,0,1,366,3,paywandrawišnīg,ADJ,amod,0,2,1,2,0,0,0,0,0.0,False,False,GBd-TD1-01_mptf.conllu,0,1,0
druz,NOUN,nsubj,0,0,0,1,1,911,168,gētīyīg,ADJ,amod,0,2,1,2,0,0,0,0,0.8888888888888888,False,False,GBd-TD1-01_mptf.conllu,0,1,0
yazadān,NOUN,obl,1,1,0,1,1,1403,1135,gētīyān,NOUN,amod,0,2,1,2,0,0,0,0,1.0,False,False,GBd-TD1-01_mptf.conllu,0,1,0
mihr,PROPN,conj,0,0,0,1,1,289,38,tamīg,ADJ,amod,0,1,2,3,1,0,0,1,0.0,False,False,GBd-TD1-01_mptf.conllu,0,1,0
māh,NOUN,nsubj,0,0,0,1,1,689,38,tamīg,ADJ,amod,0,1,2,1,1,0,0,1,0.5,False,False,GBd-TD1-01_mptf.conllu,0,1,0
māh,NOUN,obl,0,0,0,1,1,689,18,gōspandtōhmag,ADJ,amod,0,1,1,2,0,0,0,0,1.0,False,False,GBd-TD1-01_mptf.conllu,0,1,0
rah,NOUN,obl,0,0,0,1,1,57,2375,xwēš,PRON,amod,0,1,1,2,0,0,0,0,0.3333333333333333,False,False,GBd-TD1-01_mptf.conllu,0,1,0
abāxtarān,NOUN,nmod,1,0,0,1,1,154,3,ragēn,ADJ,amod,1,2,1,3,0,0,0,0,0.0,False,False,GBd-TD1-01_mptf.conllu,0,2,0
abāxtarān,NOUN,nmod,1,1,0,1,1,154,36,murnǰēnīdārān,ADJ,amod,0,2,1,3,0,0,0,0,0.0,False,True,GBd-TD1-01_mptf.conllu,0,2,0
axtarān,NOUN,conj,1,1,0,1,1,136,154,abāxtarān,NOUN,nmod,0,2,2,1,3,0,0,0,0.0,False,False,GBd-TD1-01_mptf.conllu,1,0,0
spāhbedān,NOUN,nmod,1,1,0,1,1,91,154,abāxtarān,NOUN,nmod,0,2,2,3,0,0,0,0,0.0,False,False,GBd-TD1-01_mptf.conllu,1,0,0
axtarān,NOUN,conj,1,1,0,1,1,136,91,spāhbedān,NOUN,nmod,0,2,3,1,3,0,0,0,0.0,False,False,GBd-TD1-01_mptf.conllu,1,0,0
ohrmazd,PROPN,conj,0,0,0,1,1,3237,24,abāxtarīg,ADJ,amod,0,1,2,2,1,0,0,1,0.0,False,False,GBd-TD1-01_mptf.conllu,0,1,0
wahrām,PROPN,conj,0,0,0,1,1,168,24,abāxtarīg,ADJ,amod,0,1,2,2,1,0,0,1,0.0,False,False,GBd-TD1-01_mptf.conllu,0,1,0
anāhīd,PROPN,conj,0,0,0,1,1,37,24,abāxtarīg,ADJ,amod,0,1,2,2,0,0,0,0,0.0,False,False,GBd-TD1-01_mptf.conllu,0,1,0
spāhbedān,NOUN,nmod,1,1,0,1,1,91,154,abāxtarān,NOUN,nmod,0,2,1,1,0,0,0,0,0.0,False,False,GBd-TD1-01_mptf.conllu,1,0,0
spāhbed,NOUN,acl:relcl,0,1,0,1,1,91,91,spāhbedān,NOUN,nmod,0,2,2,2,1,0,0,0,0.0,False,False,GBd-TD1-01_mptf.conllu,1,0,0
mēx,PROPN,orphan,0,0,0,1,1,24,8,asmān,NOUN,nmod,1,1,2,2,1,0,0,0,0.0,False,False,GBd-TD1-01_mptf.conllu,1,0,0
mūšparīg,PROPN,conj,0,0,1,1,1,15,17,dumbōmand,ADJ,amod,0,1,2,2,1,0,0,1,0.0,False,False,GBd-TD1-01_mptf.conllu,0,1,0
rah,NOUN,obl,0,0,0,1,1,57,2375,xwēš,PRON,amod,0,1,1,2,0,0,0,0,0.42857142857142855,False,False,GBd-TD1-01_mptf.conllu,0,1,0
ātaxš,NOUN,orphan,0,0,0,1,1,1442,45,wāzišt,ADJ,amod,0,1,2,2,1,0,0,1,0.0,False,False,GBd-TD1-01_mptf.conllu,0,1,0
apāwš,PROPN,nsubj,0,0,0,1,0,30,1338,dēw,NOUN,flat,0,1,1,1,0,0,0,0,0.5,False,False,GBd-TD1-01_mptf.conllu,0,0,0
hamkārān,NOUN,obl,1,0,0,1,1,115,152,tištar,PROPN,nmod,0,2,1,2,0,0,1,0,0.75,True,False,GBd-TD1-01_mptf.conllu,1,0,0
dēwān,NOUN,nsubj,1,1,0,1,1,1336,1,amarčašmagān,ADJ,amod,0,2,1,2,0,0,0,0,0.5,False,False,GBd-TD1-01_mptf.conllu,0,1,0
kirdārān,NOUN,nmod,1,0,0,1,1,45,422,wād,NOUN,nmod,1,2,2,1,1,0,0,0,0.0,True,False,GBd-TD1-01_mptf.conllu,1,0,0
yazadān,NOUN,obl,1,1,0,1,1,1403,71,kirdārān,NOUN,nmod,0,2,3,2,1,0,0,0,1.0,False,True,GBd-TD1-01_mptf.conllu,1,0,0
gugān,NOUN,nsubj,0,1,0,1,1,47,4718,=šān,PRON,nmod,0,2,1,1,0,0,0,0,0.3333333333333333,False,False,GBd-TD1-01_mptf.conllu,1,0,0
rawišn,NOUN,nsubj,0,1,0,1,1,127,4718,=šān,PRON,nmod,0,2,2,4,0,0,0,0,0.6666666666666666,True,False,GBd-TD1-01_mptf.conllu,2,0,0
rawišn,NOUN,nsubj,0,0,0,1,1,127,21,wihēz,NOUN,nmod,2,1,2,4,1,0,0,0,0.6666666666666666,True,False,GBd-TD1-01_mptf.conllu,2,0,0
zayǰ,NOUN,root,0,0,0,1,1,6,1249,gēhān,NOUN,nmod,0,1,2,4,1,0,0,1,0.0,False,False,GBd-TD1-01_mptf.conllu,1,0,0
māh,NOUN,obl:tmod,0,0,0,1,1,689,65,frawardīn,PROPN,flat,0,1,2,1,1,0,1,1,0.0,False,False,GBd-TD1-01_mptf.conllu,0,0,0
rōz,NOUN,obl:tmod,0,0,0,1,1,985,3242,ohrmazd,PROPN,flat,0,1,2,1,1,0,1,1,0.0,False,False,GBd-TD1-01_mptf.conllu,0,0,0
ǰānān,PROPN,root,1,0,0,1,1,423,1301,gyāg,NOUN,appos,3,1,3,4,3,0,0,0,0.0,False,False,GBd-TD1-01_mptf.conllu,0,0,0
gyāg,NOUN,appos,0,0,0,1,1,1299,1,past,NOUN,appos,3,1,2,3,0,0,0,0,0.0,False,False,GBd-TD1-01_mptf.conllu,0,0,0
xwurdag,NOUN,obl:lmod,0,0,0,1,1,51,12,azarag,PROPN,nmod,0,1,1,2,0,0,1,0,0.0,True,False,GBd-TD1-01_mptf.conllu,1,0,0
tištar,PROPN,nsubj,0,0,0,1,1,152,125,stārag,NOUN,appos,0,1,1,1,0,0,0,0,0.5,False,False,GBd-TD1-01_mptf.conllu,0,0,0
ohrmazd,PROPN,nsubj,0,1,0,1,1,3237,154,abāxtarān,NOUN,nmod,0,2,2,1,1,0,0,0,1.0,False,False,GBd-TD1-01_mptf.conllu,1,0,0
xwurdag,NOUN,obl,0,1,0,1,1,51,221,farroxān,PROPN,nmod,0,1,1,2,0,0,1,0,0.5,True,False,GBd-TD1-01_mptf.conllu,1,0,0
sar,NOUN,conj,0,0,0,1,1,700,24,gōzihr,PROPN,nmod,0,2,1,1,0,0,1,0,0.0,False,False,GBd-TD1-01_mptf.conllu,1,0,0
mihr,PROPN,conj,0,0,0,1,1,289,38,tamīg,ADJ,amod,2,1,3,3,1,0,0,0,0.0,False,False,GBd-TD1-01_mptf.conllu,0,1,0
xwaršēd,NOUN,orphan,0,0,0,1,1,420,36,šahryār,NOUN,appos,3,1,2,3,1,0,0,0,0.0,False,True,GBd-TD1-01_mptf.conllu,0,0,0
šahryār,NOUN,appos,0,1,0,1,1,36,444,rōšnān,NOUN,nmod,0,2,1,1,0,0,0,0,0.0,True,False,GBd-TD1-01_mptf.conllu,1,0,0
haftōring,PROPN,orphan,0,0,0,1,1,32,91,spāhbed,NOUN,appos,1,1,2,2,1,0,0,0,0.0,False,False,GBd-TD1-01_mptf.conllu,0,0,0
spāhbed,NOUN,appos,0,1,0,1,1,91,154,abāxtarān,NOUN,nmod,0,2,1,1,0,0,0,0,0.0,False,False,GBd-TD1-01_mptf.conllu,1,0,0
sadwēs,PROPN,orphan,0,0,0,1,1,52,91,spāhbed,NOUN,appos,1,1,2,2,2,0,0,1,0.0,False,False,GBd-TD1-01_mptf.conllu,0,0,0
spāhbed,NOUN,appos,0,0,0,1,1,91,106,nēmrōz,NOUN,nmod,0,2,1,2,0,0,0,0,0.0,False,False,GBd-TD1-01_mptf.conllu,1,0,0
waran,NOUN,orphan,0,0,0,1,1,141,91,spāhbed,NOUN,appos,1,1,2,2,2,0,0,1,0.0,False,False,GBd-TD1-01_mptf.conllu,0,0,0
spāhbed,NOUN,appos,0,0,0,1,1,91,8,xwarwarān,NOUN,nmod,0,2,1,2,0,0,0,0,0.0,False,False,GBd-TD1-01_mptf.conllu,1,0,0
tištar,PROPN,orphan,0,0,0,1,1,152,91,spāhbed,NOUN,appos,1,1,2,2,2,0,0,1,0.0,False,False,GBd-TD1-01_mptf.conllu,0,0,0
spāhbed,NOUN,appos,0,0,0,1,1,91,74,xwarāsān,NOUN,nmod,0,2,1,2,0,0,0,0,0.0,False,False,GBd-TD1-01_mptf.conllu,1,0,0
mēx,PROPN,orphan,0,0,0,1,1,24,8,asmān,NOUN,nmod,1,1,2,3,1,0,0,0,0.0,False,False,GBd-TD1-01_mptf.conllu,1,0,0
mēx,PROPN,orphan,0,0,0,1,1,24,91,spāhbed,NOUN,appos,3,1,2,3,1,0,0,0,0.0,False,False,GBd-TD1-01_mptf.conllu,1,0,0
spāhbed,NOUN,appos,0,1,0,1,1,91,91,spāhbedān,NOUN,nmod,0,2,1,1,0,0,0,0,0.0,False,False,GBd-TD1-01_mptf.conllu,1,0,0
tīr,PROPN,nsubj,0,0,0,1,1,88,91,spāhbed,NOUN,appos,1,1,4,2,1,0,0,0,1.0,False,False,GBd-TD1-01_mptf.conllu,0,0,0
spāhbed,NOUN,appos,0,0,0,1,1,91,74,xwarāsān,NOUN,nmod,0,2,1,1,0,0,0,0,0.0,False,False,GBd-TD1-01_mptf.conllu,1,0,0
mihr,PROPN,conj,0,0,0,1,1,289,38,tamīg,ADJ,amod,1,1,3,3,0,0,0,0,0.0,False,False,GBd-TD1-01_mptf.conllu,0,1,0
mihr,PROPN,conj,0,0,0,1,1,289,36,šahryār,NOUN,appos,2,1,3,3,1,0,0,0,0.0,False,True,GBd-TD1-01_mptf.conllu,0,1,0
šahryār,NOUN,appos,0,0,0,1,1,36,38,tamīgān,ADJ,nmod,0,1,2,1,1,0,0,1,0.0,True,False,GBd-TD1-01_mptf.conllu,1,0,0
dwārišn,NOUN,obl,0,0,0,1,1,24,18258,=š,PRON,nmod,0,2,2,2,0,0,0,0,0.3333333333333333,True,False,GBd-TD1-01_mptf.conllu,1,0,0
mūšparīg,PROPN,nsubj,0,0,1,1,1,15,17,dumbōmand,ADJ,amod,0,1,2,1,1,0,0,1,0.2,False,False,GBd-TD1-01_mptf.conllu,0,1,0
rah,NOUN,obl,0,0,0,1,1,57,2375,xwēš,PRON,amod,0,1,2,2,1,0,0,1,0.6,False,False,GBd-TD1-01_mptf.conllu,0,1,0
hamčašmānīh,NOUN,obl,1,0,0,1,1,4,420,xwaršēd,NOUN,nmod,0,1,2,2,1,0,0,0,0.3333333333333333,False,False,GBd-TD1-01_mptf.conllu,1,0,0
dumb,NOUN,conj,0,1,0,1,1,32,154,abāxtarān,NOUN,nmod,1,1,4,5,2,0,0,0,0.0,False,False,GBd-TD1-01_mptf.conllu,1,0,0
abāxtarān,NOUN,nmod,1,0,0,1,1,154,290,mihr,PROPN,appos,0,1,3,2,2,1,1,0,0.0,False,False,GBd-TD1-01_mptf.conllu,0,0,0
mihr,PROPN,appos,0,0,0,1,1,289,38,tamīg,ADJ,amod,0,1,2,2,1,0,0,1,0.0,False,False,GBd-TD1-01_mptf.conllu,0,1,0
rah,NOUN,orphan,0,0,0,1,1,57,420,xwaršēd,NOUN,nmod,0,1,2,2,1,0,0,1,0.0,False,False,GBd-TD1-01_mptf.conllu,1,0,0
māh,NOUN,nsubj,0,0,0,1,1,689,38,tamīg,ADJ,amod,0,1,1,2,0,0,0,0,1.0,False,False,GBd-TD1-01_mptf.conllu,0,1,0
rah,NOUN,nmod,0,0,0,1,1,57,57,rah,NOUN,nmod,0,2,1,3,3,0,0,0,0.0,False,False,GBd-TD1-01_mptf.conllu,2,0,0
rah,NOUN,nmod,0,0,0,1,1,57,690,māh,NOUN,nmod,0,1,1,3,0,0,0,0,0.0,False,False,GBd-TD1-01_mptf.conllu,2,0,0
rah,NOUN,obl,0,0,0,1,1,57,420,xwaršēd,NOUN,nmod,0,1,2,3,1,0,0,1,0.6666666666666666,False,False,GBd-TD1-01_mptf.conllu,1,0,0
sus,NOUN,orphan,0,0,0,1,1,4,290,mihr,PROPN,nmod,0,1,2,4,1,0,1,1,0.0,False,False,GBd-TD1-01_mptf.conllu,1,0,0
mihr,PROPN,nmod,0,0,0,1,1,289,290,mihr,PROPN,nmod,0,2,1,2,2,0,1,0,0.0,False,False,GBd-TD1-01_mptf.conllu,1,0,0
axtarān,NOUN,nsubj,1,0,0,1,1,136,102,spihr,NOUN,nmod,1,1,2,1,1,0,0,0,0.5,False,False,GBd-TD1-01_mptf.conllu,1,0,0
kadag,NOUN,obl,0,1,0,1,1,95,136,axtarān,NOUN,nmod,0,1,4,11,2,0,0,1,1.0,True,False,GBd-TD1-01_mptf.conllu,1,0,0
axtarān,NOUN,nmod,1,0,0,1,1,136,333,petyārag,NOUN,nmod,2,1,3,2,2,0,0,1,0.0,False,False,GBd-TD1-01_mptf.conllu,1,0,0
petyārag,NOUN,nmod,0,0,0,1,1,323,97,kadag,NOUN,nmod,0,2,2,2,1,0,0,0,0.0,False,True,GBd-TD1-01_mptf.conllu,1,0,0
ēwēnag,NOUN,conj,0,0,0,1,1,782,6,gyāggāh,NOUN,nmod,0,1,2,4,1,0,0,0,0.0,False,False,GBd-TD1-01_mptf.conllu,1,0,0
gyāggāh,NOUN,nmod,0,0,0,1,1,6,2375,xwēš,PRON,amod,0,1,1,1,0,0,0,0,0.0,False,False,GBd-TD1-01_mptf.conllu,0,1,0
rāyēnišn,NOUN,obj,0,0,0,1,1,145,179,āwām,NOUN,nmod,0,1,2,1,1,0,0,1,0.4,True,False,GBd-TD1-01_mptf.conllu,1,0,0
rawišn,NOUN,nsubj,0,1,0,1,1,127,4718,=šān,PRON,nmod,0,2,1,2,0,0,0,0,0.5,True,False,GBd-TD1-01_mptf.conllu,1,0,0
abāxtarānnāmīh,NOUN,nsubj,0,1,0,1,1,3,4718,=šān,PRON,nmod,0,2,1,1,0,0,0,0,1.0,False,False,GBd-TD1-01_mptf.conllu,1,0,0
rōšnīh,NOUN,nsubj,0,0,0,1,1,368,371,rōšnīh,NOUN,appos,3,1,7,2,4,1,0,0,0.5,False,False,GBd-TD1-01_mptf.conllu,0,0,0
rōšnīh,NOUN,appos,0,0,0,1,1,368,3,ohrmazdag,ADJ,amod,0,1,6,4,1,0,0,1,0.0,False,True,GBd-TD1-01_mptf.conllu,1,1,0
paymōzan,NOUN,obj,0,0,0,1,1,41,89,spāh,NOUN,nmod,0,1,2,1,1,0,0,1,1.0,False,False,GBd-TD1-01_mptf.conllu,1,0,0
rōšnīh,NOUN,nmod,0,0,0,1,1,368,204,čašm,NOUN,nmod,1,1,3,2,2,0,0,0,0.0,False,False,GBd-TD1-01_mptf.conllu,1,0,0
čašm,NOUN,nmod,0,1,0,1,1,201,216,xrafstarān,NOUN,nmod,0,1,2,2,1,0,0,1,0.0,False,False,GBd-TD1-01_mptf.conllu,1,0,0
sūdōmandīh,NOUN,nsubj,0,0,0,1,1,8,18258,=š,PRON,nmod,0,2,2,2,0,0,0,0,0.2,False,False,GBd-TD1-01_mptf.conllu,2,0,0
sūdōmandīh,NOUN,nsubj,0,0,0,1,1,8,18258,=iš,PRON,nmod,1,1,2,2,1,0,0,0,0.2,False,False,GBd-TD1-01_mptf.conllu,2,0,0
paymōxtan,NOUN,obl,0,0,0,1,1,7,371,rōšnīh,NOUN,nmod,1,1,2,2,2,0,0,1,0.4,True,False,GBd-TD1-01_mptf.conllu,1,0,0
dēw,NOUN,advcl,0,0,0,0,1,1336,71,kirdār,NOUN,appos,4,1,4,4,1,0,0,0,0.0,False,True,GBd-TD1-01_mptf.conllu,0,0,0
kirdār,NOUN,appos,0,0,0,1,1,45,26,zarmānīh,NOUN,nmod,2,2,3,1,1,0,0,0,0.0,True,False,GBd-TD1-01_mptf.conllu,1,0,0
spihr,NOUN,nsubj,0,0,0,1,1,102,371,rōšnīh,NOUN,nmod,0,2,1,2,0,1,0,0,1.0,False,False,GBd-TD1-01_mptf.conllu,1,0,0
wēnišn,NOUN,nsubj,0,0,0,1,1,100,204,čašm,NOUN,nmod,0,1,2,1,1,0,0,1,1.0,True,False,GBd-TD1-01_mptf.conllu,1,0,0
kōf,NOUN,nsubj,0,0,0,1,1,447,129,harborz,PROPN,nmod,0,1,2,1,1,0,1,1,0.25,False,False,GBd-TD1-01_mptf.conllu,1,0,0
kōf,NOUN,nsubj,0,0,0,1,1,447,27,tērag,PROPN,nmod,0,1,2,1,1,0,1,1,0.75,False,False,GBd-TD1-01_mptf.conllu,1,0,0
gardišn,NOUN,nsubj,0,0,0,1,1,25,420,xwaršēd,NOUN,nmod,0,2,4,2,0,0,0,0,0.25,True,False,GBd-TD1-01_mptf.conllu,2,0,0
gardišn,NOUN,nsubj,0,0,0,1,1,25,17,abesar,NOUN,nmod,1,1,4,2,2,0,0,0,0.25,True,False,GBd-TD1-01_mptf.conllu,2,0,0
abesar,NOUN,nmod,0,0,0,1,1,9,1249,gēhān,NOUN,nmod,1,1,3,2,1,0,0,0,0.0,False,False,GBd-TD1-01_mptf.conllu,1,0,0
kōf,NOUN,obl,0,0,0,1,1,447,129,harborz,PROPN,nmod,0,1,2,2,1,0,1,1,0.75,False,False,GBd-TD1-01_mptf.conllu,1,0,0
tērag,NOUN,ccomp,0,0,0,1,1,27,129,harborz,PROPN,nmod,0,1,4,3,1,0,1,1,0.0,False,False,GBd-TD1-01_mptf.conllu,1,0,0
xwaršēd,NOUN,nsubj,0,0,0,1,1,420,2910,man,PRON,nmod,0,2,2,4,0,1,0,0,1.0,False,False,GBd-TD1-01_mptf.conllu,1,0,0
band,NOUN,root,0,0,0,1,0,147,18258,ōy,PRON,nmod,3,1,3,4,1,0,0,0,0.0,False,False,GBd-TD1-01_mptf.conllu,1,0,0
xwurdag,NOUN,obl,0,0,0,1,1,51,249,nazdist,ADV,amod,0,2,2,3,0,0,0,0,0.6666666666666666,True,False,GBd-TD1-01_mptf.conllu,1,1,0
xwurdag,NOUN,obl,0,0,0,1,1,51,43,warrag,PROPN,nmod,0,1,2,3,1,0,1,1,0.6666666666666666,True,False,GBd-TD1-01_mptf.conllu,1,1,0
hangām,NOUN,obl:tmod,0,0,0,1,1,224,9,wahār,NOUN,nmod,0,1,2,1,1,0,0,1,0.0,False,True,GBd-TD1-01_mptf.conllu,1,0,0
xwurdag,NOUN,obl,0,0,0,1,1,51,249,nazdist,ADV,amod,0,2,2,3,0,0,0,0,0.5,True,False,GBd-TD1-01_mptf.conllu,1,1,0
xwurdag,NOUN,obl,0,0,0,1,1,51,37,karzang,PROPN,nmod,0,1,2,3,1,0,1,1,0.5,True,False,GBd-TD1-01_mptf.conllu,1,1,0
bun,NOUN,obl:tmod,0,0,0,1,1,959,114,hāmīn,NOUN,nmod,0,1,1,1,0,0,0,0,0.0,False,False,GBd-TD1-01_mptf.conllu,1,0,0
xwurdag,NOUN,obl,0,0,0,1,1,51,68,tarāzūg,PROPN,nmod,0,1,2,2,1,0,1,1,0.5,True,False,GBd-TD1-01_mptf.conllu,1,0,0
bun,NOUN,obl:tmod,0,0,0,1,1,959,8,pādēz,NOUN,nmod,0,1,1,1,0,0,0,0,0.0,False,False,GBd-TD1-01_mptf.conllu,1,0,0
xwurdag,NOUN,obl,0,0,0,1,1,51,25,wahīg,PROPN,nmod,0,1,2,2,1,0,1,1,0.5,True,False,GBd-TD1-01_mptf.conllu,1,0,0
bun,NOUN,obl:tmod,0,0,0,1,1,959,204,zamestān,NOUN,nmod,0,1,2,1,1,0,0,1,0.0,False,False,GBd-TD1-01_mptf.conllu,1,0,0
rōz,NOUN,conj,0,0,0,1,1,985,60,gāhānīg,ADJ,amod,0,1,2,4,1,1,0,1,0.0,False,False,GBd-TD1-01_mptf.conllu,0,1,0
rōz,NOUN,obl,0,0,0,1,1,985,147,mahist,ADJ,amod,0,1,2,2,1,0,0,1,0.6666666666666666,False,False,GBd-TD1-01_mptf.conllu,0,1,0
rōz,NOUN,obl,0,0,0,1,1,985,154,keh,ADJ,amod,0,1,2,2,1,0,0,1,1.0,False,False,GBd-TD1-01_mptf.conllu,0,1,0
xwarāsān,NOUN,root,0,0,0,1,1,74,282,kišwar,NOUN,appos,0,1,5,4,1,0,0,0,0.0,False,False,GBd-TD1-01_mptf.conllu,0,0,0
kišwar,NOUN,appos,0,0,0,1,1,281,30,arzah,PROPN,nmod,0,1,1,1,0,0,1,0,0.0,False,False,GBd-TD1-01_mptf.conllu,1,0,0
rōz,NOUN,obl,0,0,0,1,1,985,154,keh,ADJ,amod,0,1,2,2,1,0,0,1,0.5,False,False,GBd-TD1-01_mptf.conllu,0,1,0
rōz,NOUN,obl,0,0,0,1,1,985,154,keh,ADJ,amod,0,1,2,2,1,0,0,1,1.0,False,False,GBd-TD1-01_mptf.conllu,0,1,0
kust,NOUN,root,0,0,0,1,1,248,106,nēmrōz,NOUN,nmod,0,1,5,4,1,0,0,0,0.0,False,False,GBd-TD1-01_mptf.conllu,1,0,0
nēmrōz,NOUN,nmod,0,0,0,1,1,103,282,kišwar,NOUN,appos,0,1,4,1,1,0,0,0,0.0,False,False,GBd-TD1-01_mptf.conllu,0,0,0
kišwar,NOUN,appos,0,0,0,1,1,281,29,fradadafš,PROPN,nmod,0,1,3,1,2,0,1,1,0.0,False,False,GBd-TD1-01_mptf.conllu,1,0,0
rōz,NOUN,obl,0,0,0,1,1,985,154,keh,ADJ,amod,0,1,2,2,1,0,0,1,0.5,False,False,GBd-TD1-01_mptf.conllu,0,1,0
rōz,NOUN,obl,0,0,0,1,1,985,460,meh,ADJ,amod,0,1,2,2,1,0,0,1,1.0,False,False,GBd-TD1-01_mptf.conllu,0,1,0
xwarwarān,NOUN,root,0,0,0,1,1,8,282,kišwar,NOUN,appos,0,1,4,4,1,0,0,0,0.0,False,False,GBd-TD1-01_mptf.conllu,0,0,0
kišwar,NOUN,appos,0,0,0,1,1,281,33,sawah,PROPN,nmod,0,1,2,1,1,0,1,1,0.0,False,False,GBd-TD1-01_mptf.conllu,1,0,0
rōz,NOUN,obl,0,0,0,1,1,985,147,mahist,ADJ,amod,0,1,2,2,1,0,0,1,0.5,False,False,GBd-TD1-01_mptf.conllu,0,1,0
rōz,NOUN,obl,0,0,0,1,1,985,147,mahist,ADJ,amod,0,1,2,2,1,0,0,1,1.0,False,False,GBd-TD1-01_mptf.conllu,0,1,0
kust,NOUN,root,0,0,0,1,1,248,154,abāxtar,NOUN,nmod,0,1,5,4,2,0,0,1,0.0,False,False,GBd-TD1-01_mptf.conllu,1,0,0
kišwar,NOUN,conj:nmod,0,0,0,1,1,281,5,āwarišn,NOUN,nmod,0,1,2,2,2,0,0,1,0.0,False,False,GBd-TD1-01_mptf.conllu,1,0,0
kišwar,NOUN,obj,0,0,0,1,1,281,30,arzah,PROPN,nmod,0,1,3,2,3,0,1,1,1.0,False,False,GBd-TD1-01_mptf.conllu,1,0,0
kišwar,NOUN,obj,0,0,0,1,1,281,157,nēm,NOUN,appos,4,1,3,2,2,0,0,0,1.0,False,False,GBd-TD1-01_mptf.conllu,1,0,0
nēm,NOUN,appos,0,0,0,1,1,101,94,xwaniras,PROPN,nmod,2,1,2,2,1,0,1,0,0.0,False,False,GBd-TD1-01_mptf.conllu,1,0,1
kust,NOUN,obl,0,0,0,1,1,248,27,tērag,PROPN,nmod,0,1,2,2,1,0,1,1,0.5,False,False,GBd-TD1-01_mptf.conllu,1,0,0
kišwar,NOUN,obj,0,0,0,1,1,281,33,sawah,PROPN,nmod,0,1,3,2,3,0,1,1,1.0,False,False,GBd-TD1-01_mptf.conllu,1,0,0
kišwar,NOUN,obj,0,0,0,1,1,281,157,nēm,NOUN,appos,4,1,3,2,2,0,0,0,1.0,False,False,GBd-TD1-01_mptf.conllu,1,0,0
nēm,NOUN,appos,0,0,0,1,1,101,94,xwaniras,PROPN,nmod,2,1,2,2,1,0,1,0,0.0,False,False,GBd-TD1-01_mptf.conllu,1,0,1
kōf,NOUN,obl,0,0,0,1,1,447,27,tērag,PROPN,nmod,0,1,2,2,1,0,1,1,0.5,False,False,GBd-TD1-01_mptf.conllu,1,0,0
mihr,PROPN,nsubj,0,0,0,1,1,289,38,tamīg,ADJ,amod,1,1,2,2,1,0,0,1,0.6,False,False,GBd-TD1-01_mptf.conllu,0,1,0
hampaymānagīh,NOUN,obl,0,0,0,1,1,10,57,rah,NOUN,nmod,1,1,3,2,2,0,0,0,0.8,False,False,GBd-TD1-01_mptf.conllu,1,0,0
rah,NOUN,nmod,0,0,0,1,1,57,420,xwaršēd,NOUN,nmod,0,1,2,2,1,0,0,0,0.0,False,False,GBd-TD1-01_mptf.conllu,1,0,0
kirdan,NOUN,obl,0,0,0,1,1,79,1238,wināh,NOUN,nmod,0,2,1,2,0,0,0,0,1.0,True,False,GBd-TD1-01_mptf.conllu,1,0,0
mēx,PROPN,obl,0,0,0,1,1,24,4,gāh,NOUN,nmod,0,1,2,2,1,0,0,1,0.6666666666666666,False,False,GBd-TD1-01_mptf.conllu,1,0,0
wināhgārīh,NOUN,nsubj,0,1,0,1,1,111,4718,=šān,PRON,nmod,0,2,1,1,0,0,0,0,1.0,False,False,GBd-TD1-01_mptf.conllu,1,0,0
apāwš,PROPN,acl:relcl,0,0,0,1,0,30,1338,dēw,NOUN,flat,0,1,1,3,0,0,0,0,0.0,False,False,GBd-TD1-01_mptf.conllu,0,0,0
stārag,NOUN,ccomp,0,0,0,1,1,123,156,zīwandagīh,NOUN,nmod,0,1,3,4,1,0,0,1,0.0,False,False,GBd-TD1-01_mptf.conllu,1,0,0
stārag,NOUN,conj,0,0,0,1,1,123,175,margīh,NOUN,nmod,0,1,2,3,1,0,0,1,0.0,False,False,GBd-TD1-01_mptf.conllu,1,0,0
apādyāwandīh,NOUN,obl,0,0,0,1,1,7,107,hamēstārīh,NOUN,nmod,1,1,2,2,1,0,0,0,0.4,False,False,GBd-TD1-01_mptf.conllu,1,0,0
čērīh,NOUN,obl,0,0,0,1,1,35,110,hamēstār,NOUN,nmod,1,1,2,2,2,0,0,1,0.5,False,True,GBd-TD1-01_mptf.conllu,1,0,0
petyār,NOUN,parataxis,0,0,0,1,1,18,175,margīh,NOUN,appos,0,1,3,2,3,0,0,0,0.0,True,False,GBd-TD1-01_mptf.conllu,0,0,0
margīh,NOUN,appos,0,0,0,1,1,174,333,petyārag,NOUN,nmod,3,1,2,3,0,0,0,0,0.0,False,False,GBd-TD1-01_mptf.conllu,1,0,0
hamēstār,NOUN,nsubj,0,0,0,1,1,106,18258,=š,PRON,nmod,0,2,1,2,0,0,0,0,1.0,True,False,GBd-TD1-01_mptf.conllu,1,0,0
hamēstār,NOUN,nsubj,0,0,0,1,1,106,52,sadwēs,PROPN,appos,0,1,1,2,0,0,1,0,1.0,True,False,GBd-TD1-01_mptf.conllu,1,0,0
hamēstār,NOUN,nsubj,0,0,0,1,1,106,18258,=š,PRON,nmod,0,2,3,2,0,0,0,0,1.0,True,False,GBd-TD1-01_mptf.conllu,1,0,0
hamēstār,NOUN,nsubj,0,0,0,1,1,106,152,tištar,PROPN,appos,0,1,3,2,1,0,1,0,1.0,True,False,GBd-TD1-01_mptf.conllu,1,0,0
madan,NOUN,obl,0,0,0,1,1,68,333,petyārag,NOUN,nmod,0,1,2,2,1,0,0,1,0.5,True,False,GBd-TD1-01_mptf.conllu,1,0,0
sāl,NOUN,nsubj,0,0,0,1,1,909,564,zamān,NOUN,nmod,0,1,5,4,0,1,0,0,1.0,False,False,GBd-TD1-01_mptf.conllu,1,0,0
sāl,NOUN,nsubj,0,0,0,1,1,909,909,sāl,NOUN,appos,4,1,5,4,3,1,0,0,1.0,False,False,GBd-TD1-01_mptf.conllu,1,0,0
sāl,NOUN,appos,0,0,0,1,1,909,28,mēnōyīh,NOUN,nmod,1,1,4,3,1,0,0,0,0.0,False,False,GBd-TD1-01_mptf.conllu,1,0,0
sāl,NOUN,conj:appos,0,0,0,1,1,909,12,gētīyīh,NOUN,nmod,0,1,3,3,1,0,0,0,0.0,False,False,GBd-TD1-01_mptf.conllu,1,0,0
gētīyīh,NOUN,nmod,0,0,0,1,1,12,57,abēzagīh,NOUN,nmod,1,1,2,1,1,0,0,0,0.0,False,False,GBd-TD1-01_mptf.conllu,1,0,0
xwadāyīh,NOUN,nsubj,0,0,0,1,1,638,136,hazārag,NOUN,nmod,0,2,1,1,0,0,0,0,0.3333333333333333,False,False,GBd-TD1-01_mptf.conllu,1,0,0
šēb,NOUN,parataxis,0,1,0,1,1,7,3,šēbān,NOUN,nmod,0,2,2,3,0,0,0,0,0.0,False,False,GBd-TD1-01_mptf.conllu,2,0,0
šēb,NOUN,parataxis,0,0,0,1,1,7,290,mihr,PROPN,nmod,0,1,2,3,1,0,1,1,0.0,False,False,GBd-TD1-01_mptf.conllu,2,0,0
bālist,NOUN,obl,0,0,0,1,1,135,2375,xwēš,PRON,amod,0,1,2,2,1,0,0,1,0.25,False,False,GBd-TD1-01_mptf.conllu,0,1,0
xwadāyīh,NOUN,obj,0,0,0,1,1,638,136,hazārag,NOUN,nmod,0,2,1,1,0,0,0,0,1.0,False,False,GBd-TD1-01_mptf.conllu,1,0,0
kēwān,PROPN,conj,0,0,0,1,0,79,499,xwadāy,NOUN,appos,0,1,3,1,1,0,0,0,0.0,False,False,GBd-TD1-01_mptf.conllu,0,0,0
xwadāy,NOUN,appos,0,0,0,0,1,494,101,tārīkīh,NOUN,nmod,0,1,2,1,1,0,0,1,0.0,False,False,GBd-TD1-01_mptf.conllu,1,0,0
mihr,PROPN,conj,0,0,0,1,0,289,499,xwadāy,NOUN,appos,0,1,3,2,1,0,0,0,0.0,False,False,GBd-TD1-01_mptf.conllu,0,0,0
mihr,PROPN,conj,0,0,0,1,1,289,333,petyārag,NOUN,appos,4,1,3,2,1,0,0,0,0.0,False,False,GBd-TD1-01_mptf.conllu,0,0,0
xwadāy,NOUN,appos,0,0,0,0,1,494,371,rōšnīh,NOUN,nmod,0,1,2,1,1,0,0,1,0.0,False,False,GBd-TD1-01_mptf.conllu,1,0,0
petyārag,NOUN,appos,0,0,0,1,1,323,101,tārīkīh,NOUN,nmod,0,2,2,1,1,0,0,0,0.0,False,False,GBd-TD1-01_mptf.conllu,1,0,0
bālist,NOUN,orphan,0,0,0,1,1,135,79,kēwān,PROPN,nmod,0,1,3,2,0,0,1,0,0.0,False,False,GBd-TD1-01_mptf.conllu,1,0,0
nišēb,NOUN,conj,0,0,0,1,1,32,290,mihr,PROPN,nmod,0,1,2,1,1,0,1,1,0.0,False,False,GBd-TD1-01_mptf.conllu,1,0,0
bālist,NOUN,advcl,0,0,0,1,1,135,290,mihr,PROPN,nmod,0,1,3,2,1,0,1,1,0.0,False,False,GBd-TD1-01_mptf.conllu,1,0,0
nišēb,NOUN,conj,0,0,0,1,1,32,79,kēwān,PROPN,nmod,0,1,2,2,1,0,1,1,0.0,False,False,GBd-TD1-01_mptf.conllu,1,0,0
drāzīh,NOUN,obl,0,0,0,1,1,3,18,ǰuγ,NOUN,nmod,0,1,4,2,2,0,0,0,0.3333333333333333,False,False,GBd-TD1-01_mptf.conllu,1,0,0
ǰuγ,NOUN,nmod,0,0,0,1,1,18,79,kēwān,PROPN,nmod,0,1,3,2,1,0,1,1,0.0,False,False,GBd-TD1-01_mptf.conllu,1,0,0
xwadāy,NOUN,root,0,0,0,0,1,494,371,rōšnīh,NOUN,nmod,0,1,5,4,1,0,0,1,0.0,False,False,GBd-TD1-01_mptf.conllu,1,0,0
kēwān,PROPN,nsubj,0,0,0,1,0,79,499,xwadāy,NOUN,appos,0,1,3,1,1,0,0,0,1.0,False,False,GBd-TD1-01_mptf.conllu,0,0,0
xwadāy,NOUN,appos,0,0,0,0,1,494,101,tārīkīh,NOUN,nmod,0,1,2,1,1,0,0,1,0.0,False,False,GBd-TD1-01_mptf.conllu,1,0,0
hangām,NOUN,nsubj,0,0,0,1,1,224,13,šabānrōz,NOUN,nmod,0,1,2,2,1,0,0,1,1.0,False,False,GBd-TD1-01_mptf.conllu,1,0,0
kōxšišn,NOUN,obl,0,0,0,1,1,184,640,dahišn,NOUN,nmod,1,1,3,2,3,0,0,1,0.14285714285714285,True,True,GBd-TD1-01_mptf.conllu,1,0,0
dahišn,NOUN,nmod,0,0,0,1,1,636,112,hamēmāl,NOUN,nmod,2,1,2,3,2,0,0,0,0.0,True,False,GBd-TD1-01_mptf.conllu,1,0,0
hamēmāl,NOUN,nmod,0,0,0,1,1,111,2375,xwēš,PRON,amod,0,2,1,2,0,0,0,0,0.0,False,False,GBd-TD1-01_mptf.conllu,0,1,0
wehdēn,NOUN,nmod,0,0,0,1,1,71,735,wehdēn,NOUN,nmod,0,2,1,4,4,0,0,1,0.0,False,False,GBd-TD1-01_mptf.conllu,2,0,0
wehdēn,NOUN,nmod,0,1,0,1,1,71,595,mazdēsnān,NOUN,nmod,0,1,1,4,0,0,0,0,0.0,False,False,GBd-TD1-01_mptf.conllu,2,0,0
nišānag,NOUN,root,0,0,0,1,1,19,357,asmān,NOUN,nmod,1,1,5,4,1,0,0,0,0.0,False,False,GBd-TD1-01_mptf.conllu,1,0,0
rāh,NOUN,xcomp,0,0,0,1,1,587,5,kayusān,ADJ,amod,0,1,3,2,1,0,0,1,0.0,False,False,GBd-TD1-01_mptf.conllu,0,1,0
rāh,NOUN,conj,0,0,0,1,1,587,24,gōzihr,PROPN,nmod,0,1,2,2,2,0,1,1,0.0,False,False,GBd-TD1-01_mptf.conllu,1,0,0
gōzihr,PROPN,nmod,0,0,0,1,1,23,95,mār,NOUN,flat,0,1,1,2,0,0,0,0,0.0,False,True,GBd-TD1-01_mptf.conllu,0,0,0
ardīgkunišnīh,NOUN,root,0,1,0,1,1,3,640,dahišnān,NOUN,nmod,0,1,3,4,1,0,0,0,0.0,True,False,GBd-TD1-01_mptf.conllu,2,0,0
ardīgkunišnīh,NOUN,root,0,0,0,1,0,3,569,gannāgmēnōy,PROPN,nmod,3,1,3,4,1,0,1,0,0.0,True,False,GBd-TD1-01_mptf.conllu,2,0,0
dahišnān,NOUN,nmod,1,0,0,1,0,636,1135,gētī,NOUN,nmod,0,1,1,1,0,0,0,0,0.0,False,False,GBd-TD1-01_mptf.conllu,1,0,0
čimīgdahišnīh,NOUN,obj,0,0,0,1,1,3,1175,dām,NOUN,nmod,0,1,3,3,0,0,0,0,1.0,True,False,GBd-TD1-01_mptf.conllu,1,0,0
abarwēzīh,NOUN,conj,0,1,0,1,1,25,1407,yazadān,NOUN,nmod,0,1,1,1,0,0,0,0,0.0,False,False,GBd-TD1-01_mptf.conllu,1,0,0
nizōrīh,NOUN,conj,0,0,0,1,1,2,2375,xwēš,PRON,amod,0,1,2,2,1,0,0,1,0.0,False,False,GBd-TD1-01_mptf.conllu,0,1,0
mēnōy,NOUN,nsubj,0,0,0,0,1,1405,357,asmān,NOUN,nmod,0,1,2,1,1,0,0,1,0.1,False,False,GBd-TD1-01_mptf.conllu,1,0,0
artēštār,NOUN,obl,0,0,0,1,1,110,62,arwand,ADJ,amod,0,2,4,3,0,0,0,0,0.2,True,False,GBd-TD1-01_mptf.conllu,0,1,0
zrēh,NOUN,obj,0,0,0,1,1,10,9,ayōxšustēn,ADJ,amod,0,1,2,2,1,0,0,1,0.3,False,False,GBd-TD1-01_mptf.conllu,0,1,0
frawahr,NOUN,obj,0,1,0,1,1,313,111,artēštārān,NOUN,nmod,0,1,3,1,2,0,0,1,0.5,False,True,GBd-TD1-01_mptf.conllu,1,0,0
artēštārān,NOUN,nmod,1,0,0,1,1,110,7,gurd,NOUN,nmod,1,1,2,2,2,0,0,1,0.0,True,False,GBd-TD1-01_mptf.conllu,1,0,0
gurd,NOUN,nmod,0,1,0,1,1,7,2060,ahlawān,NOUN,nmod,0,2,1,2,0,0,0,0,0.0,False,False,GBd-TD1-01_mptf.conllu,1,0,0
mōy,NOUN,advcl,0,0,0,0,1,131,700,sar,NOUN,nmod,1,1,2,3,1,0,0,0,0.0,False,False,GBd-TD1-01_mptf.conllu,1,0,0
āgāhīh,NOUN,xcomp,0,1,0,1,1,221,2060,ahlawān,NOUN,nmod,0,2,1,1,0,0,0,0,0.0,False,False,GBd-TD1-01_mptf.conllu,1,0,0
=š,PRON,nsubj,0,0,0,1,0,18107,569,gannāgmēnōy,PROPN,appos,2,1,1,1,0,0,1,0,0.5,False,False,GBd-TD1-01_mptf.conllu,0,0,0
widarg,NOUN,obj,0,0,0,1,1,84,3,abāzdwārišnīh,NOUN,nmod,0,1,1,1,0,0,0,0,1.0,False,True,GBd-TD1-01_mptf.conllu,1,0,0
abesinnēnišnīh,NOUN,obj,0,1,0,1,1,1,1338,dēwān,NOUN,nmod,0,1,2,2,1,0,0,1,1.0,True,False,GBd-TD1-01_mptf.conllu,1,0,0
agārīh,NOUN,conj,0,0,0,1,1,37,2375,xwēš,PRON,amod,0,1,1,1,0,0,0,0,0.0,False,False,GBd-TD1-01_mptf.conllu,0,1,0
frazām,NOUN,orphan,0,0,0,1,1,191,52,pērōzīh,NOUN,nmod,0,1,3,2,1,0,0,0,0.0,False,False,GBd-TD1-01_mptf.conllu,1,0,0
pērōzīh,NOUN,nmod,0,0,0,1,1,50,2375,xwēš,PRON,amod,0,1,1,1,0,0,0,0,0.0,False,False,GBd-TD1-01_mptf.conllu,0,1,0
frašegirdkirdārīh,NOUN,conj,0,0,0,1,1,43,1175,dām,NOUN,nmod,0,1,2,3,0,0,0,0,0.0,False,False,GBd-TD1-01_mptf.conllu,2,0,0
frašegirdkirdārīh,NOUN,conj,0,0,0,1,1,43,43,hamēhamērawišnīh,NOUN,nmod,2,1,2,3,1,0,0,0,0.0,False,True,GBd-TD1-01_mptf.conllu,2,0,0
ardīg,NOUN,obj,0,0,1,1,1,103,249,nazdist,ADJ,amod,0,2,1,2,0,1,0,0,0.3333333333333333,False,False,GBd-TD1-01_mptf.conllu,0,1,0
mēnōy,NOUN,nsubj,0,0,0,0,1,1405,357,asmān,NOUN,nmod,0,1,1,1,0,0,0,0,0.6666666666666666,False,False,GBd-TD1-01_mptf.conllu,1,0,0
ardīg,NOUN,obj,0,0,1,1,1,103,384,dudīgar,ADJ,amod,0,2,1,1,0,0,0,0,0.5,False,False,GBd-TD1-01_mptf.conllu,0,1,0
tištar,PROPN,nsubj,0,0,0,1,1,152,125,stārag,NOUN,appos,0,1,1,1,0,0,0,0,0.25,False,False,GBd-TD1-01_mptf.conllu,0,0,0
karzang,PROPN,advcl,0,0,0,1,1,37,90,ābīg,ADJ,amod,0,1,4,6,1,0,0,1,0.0,False,False,GBd-TD1-01_mptf.conllu,1,1,0
karzang,PROPN,advcl,0,0,0,1,1,37,80,xwurdag,NOUN,nmod,2,1,4,6,2,0,0,0,0.0,False,True,GBd-TD1-01_mptf.conllu,1,1,0
xwurdag,NOUN,nmod,0,0,0,1,1,51,12,azarag,PROPN,nmod,0,1,3,2,2,0,1,1,0.0,True,False,GBd-TD1-01_mptf.conllu,1,0,0
kust,NOUN,obl,0,0,0,1,1,248,19,xwarofrān,NOUN,nmod,0,1,2,2,1,0,0,1,0.75,False,False,GBd-TD1-01_mptf.conllu,1,0,0
māh,NOUN,nsubj,0,0,0,1,1,689,88,tīr,PROPN,nmod,0,1,1,1,0,0,1,0,1.0,False,False,GBd-TD1-01_mptf.conllu,1,0,0
māhīgān,NOUN,root,0,0,0,1,1,50,157,čahārom,ADJ,amod,0,2,2,4,0,0,0,0,0.0,False,False,GBd-TD1-01_mptf.conllu,1,1,0
māhīgān,NOUN,root,0,0,0,1,1,50,909,sāl,NOUN,nmod,1,1,2,4,2,0,0,1,0.0,False,False,GBd-TD1-01_mptf.conllu,1,1,0
axtar,NOUN,root,0,0,0,1,1,136,157,čahārom,ADJ,amod,0,2,2,4,0,0,0,0,0.0,False,False,GBd-TD1-01_mptf.conllu,1,1,0
axtar,NOUN,root,0,0,0,1,1,136,43,warrag,PROPN,nmod,1,1,2,4,2,0,1,1,0.0,False,False,GBd-TD1-01_mptf.conllu,1,1,0
daxšag,NOUN,nsubj,0,0,0,1,1,216,24,wārānkirdārīh,NOUN,nmod,0,1,2,1,1,0,0,1,1.0,False,False,GBd-TD1-01_mptf.conllu,1,0,0
nērōg,NOUN,obl,0,0,0,1,1,339,422,wād,NOUN,nmod,0,1,2,2,1,0,0,1,1.0,False,False,GBd-TD1-01_mptf.conllu,1,0,0
tašt,NOUN,obl,0,0,0,1,1,27,230,wuzurg,ADJ,amod,1,1,2,3,1,0,0,1,0.75,False,False,GBd-TD1-01_mptf.conllu,1,1,1
tašt,NOUN,obl,0,0,0,1,1,27,2067,āb,NOUN,nmod,3,1,2,3,2,0,0,1,0.75,False,False,GBd-TD1-01_mptf.conllu,1,1,1
āb,NOUN,nmod,0,0,0,1,1,2066,3,ābānagān,PROPN,nmod,0,2,1,2,0,0,1,0,0.0,False,False,GBd-TD1-01_mptf.conllu,1,0,0
xrafstarān,NOUN,nsubj,1,0,0,1,1,216,1276,zamīg,NOUN,nmod,0,1,1,3,0,1,0,0,0.5,False,False,GBd-TD1-01_mptf.conllu,1,0,0
huzārag,PRON,nsubj,0,0,0,1,1,18,15,parrwar,ADJ,nmod,0,1,4,2,1,0,0,1,0.5,False,False,GBd-TD1-01_mptf.conllu,1,0,0
sūrāxīh,NOUN,obl,0,0,0,1,1,1,1276,zamīg,NOUN,nmod,0,1,2,2,1,0,0,1,1.0,False,False,GBd-TD1-01_mptf.conllu,1,0,0
mēnōy,NOUN,dislocated:topic,0,0,0,0,1,1405,422,wād,NOUN,nmod,0,1,2,1,1,0,0,1,0.0,False,False,GBd-TD1-01_mptf.conllu,1,0,0
gyān,NOUN,obl,0,0,0,1,1,423,2253,tan,NOUN,nmod,1,1,2,3,1,0,0,0,0.6666666666666666,False,False,GBd-TD1-01_mptf.conllu,1,0,0
wād,NOUN,nsubj,0,0,0,1,1,422,10,andarwāyīg,ADJ,amod,0,1,1,1,0,0,0,0,1.0,False,False,GBd-TD1-01_mptf.conllu,0,1,0
kanārag,NOUN,obl,0,0,0,1,1,41,1276,zamīg,NOUN,nmod,0,1,2,2,1,0,0,1,0.6,False,False,GBd-TD1-01_mptf.conllu,1,0,0
zrēh,NOUN,nsubj,0,0,0,1,1,287,117,frāxkard,PROPN,nmod,0,1,2,1,1,0,1,1,0.8,False,False,GBd-TD1-01_mptf.conllu,1,0,0
xrafstar,NOUN,nsubj,0,0,0,1,1,216,43,murdag,ADJ,amod,0,1,2,1,1,0,0,1,0.5,False,True,GBd-TD1-01_mptf.conllu,0,1,0
wiš,NOUN,nsubj,0,1,0,1,1,42,18258,=š,PRON,nmod,0,2,2,2,0,0,0,0,0.5,False,False,GBd-TD1-01_mptf.conllu,1,0,0
aspkirb,NOUN,obl,0,0,0,1,1,12,633,X,ADJ,amod,0,1,2,3,1,0,0,1,0.6666666666666666,False,False,GBd-TD1-01_mptf.conllu,0,2,0
aspkirb,NOUN,obl,0,0,0,1,1,12,3,drāzdumb,ADJ,amod,1,1,2,3,1,0,0,1,0.6666666666666666,False,False,GBd-TD1-01_mptf.conllu,0,2,0
apāwš,PROPN,nsubj,0,0,0,1,0,30,1338,dēw,NOUN,appos,0,1,1,1,0,0,0,0,0.6666666666666666,False,False,GBd-TD1-01_mptf.conllu,0,0,0
homānāgīh,NOUN,obl,0,0,0,1,1,43,224,asp,NOUN,nmod,0,1,3,2,2,0,0,0,1.0,False,False,GBd-TD1-01_mptf.conllu,1,0,0
asp,NOUN,nmod,0,0,0,1,0,224,63,syā,ADJ,amod,0,1,2,2,1,0,0,1,0.0,False,False,GBd-TD1-01_mptf.conllu,0,2,0
asp,NOUN,nmod,0,0,0,1,1,224,6,kūkdumb,ADJ,amod,1,1,2,2,1,0,0,1,0.0,False,False,GBd-TD1-01_mptf.conllu,0,2,0
hanǰaman,NOUN,obj,0,0,0,1,1,76,3242,ohrmazd,PROPN,nmod,0,1,2,1,1,0,1,1,0.5,False,False,GBd-TD1-01_mptf.conllu,1,0,0
asp,NOUN,nmod,0,0,0,1,1,224,49,ǰuwān,ADJ,amod,0,1,3,6,0,0,0,0,0.0,False,False,GBd-TD1-01_mptf.conllu,0,1,0
uštar,NOUN,conj:nmod,0,0,0,1,1,64,49,ǰuwān,ADJ,amod,0,1,2,3,1,0,0,1,0.0,False,False,GBd-TD1-01_mptf.conllu,0,1,0
gāw,NOUN,conj:nmod,0,0,0,0,1,459,49,ǰuwān,ADJ,amod,0,1,2,2,1,0,0,1,0.0,False,False,GBd-TD1-01_mptf.conllu,0,1,0
apāwš,PROPN,obj,0,0,0,1,0,30,1338,dēw,NOUN,appos,0,1,1,1,0,0,0,0,0.6666666666666666,False,False,GBd-TD1-01_mptf.conllu,0,0,0
abzār,NOUN,obl,0,0,0,1,1,315,1416,kār,NOUN,nmod,2,1,2,2,2,0,0,1,0.6666666666666666,True,True,GBd-TD1-01_mptf.conllu,1,0,1
srešk,NOUN,obl,0,0,0,1,0,85,50,zahā,NOUN,nmod,6,1,4,2,2,0,0,0,1.0,False,False,GBd-TD1-01_mptf.conllu,1,0,0
sar,NOUN,nmod,0,0,0,1,0,700,459,gāw,NOUN,nmod,0,2,2,2,0,0,0,0,0.0,False,False,GBd-TD1-01_mptf.conllu,1,0,0
sar,NOUN,conj:nmod,0,0,0,1,1,700,690,māh,NOUN,nmod,0,2,1,2,0,0,0,0,0.0,False,False,GBd-TD1-01_mptf.conllu,1,0,0
zahā,NOUN,nmod,0,0,0,0,1,50,700,sar,NOUN,nmod,4,2,3,2,2,0,0,0,0.0,False,False,GBd-TD1-01_mptf.conllu,1,0,0
zahā,NOUN,conj:nmod,0,0,0,0,1,50,51,must,NOUN,nmod,0,2,1,2,0,0,0,0,0.0,False,False,GBd-TD1-01_mptf.conllu,1,0,0
ātaxš,NOUN,nsubj,0,0,0,1,1,1442,45,wāzišt,ADJ,nmod,0,1,2,1,1,0,0,1,0.25,False,False,GBd-TD1-01_mptf.conllu,1,0,0
wiš,NOUN,nsubj,0,1,0,1,1,42,216,xrafstarān,NOUN,nmod,0,1,3,2,1,1,0,0,0.3333333333333333,False,False,GBd-TD1-01_mptf.conllu,1,0,0
bowandagīh,NOUN,obl,0,0,0,1,1,59,986,rōz,NOUN,nmod,1,1,2,2,1,0,0,0,0.8,False,False,GBd-TD1-01_mptf.conllu,1,0,0
kust,NOUN,obl,0,0,0,1,1,248,1276,zamīg,NOUN,nmod,1,1,1,3,0,0,0,0,1.0,False,False,GBd-TD1-01_mptf.conllu,1,0,0
zrē,NOUN,nsubj,0,0,0,0,1,287,460,meh,ADJ,amod,0,1,2,3,1,0,0,1,0.5,False,False,GBd-TD1-01_mptf.conllu,0,1,0
zrēh,NOUN,conj,0,0,0,1,1,287,154,keh,ADJ,amod,0,1,1,3,0,0,0,0,0.0,False,False,GBd-TD1-01_mptf.conllu,0,1,0
čašmag,NOUN,nsubj,0,0,0,1,1,37,287,zrēh,NOUN,nmod,0,1,2,2,1,0,0,1,0.25,False,False,GBd-TD1-01_mptf.conllu,1,0,0
bun,NOUN,nsubj,0,1,0,1,1,959,4718,=šān,PRON,nmod,0,2,2,2,0,0,0,0,1.0,False,False,GBd-TD1-01_mptf.conllu,2,0,0
bun,NOUN,nsubj,0,0,0,1,1,959,34,xān,NOUN,nmod,0,1,2,2,1,0,0,1,1.0,False,False,GBd-TD1-01_mptf.conllu,2,0,0
kust,NOUN,obl,0,0,0,1,1,248,154,abāxtar,NOUN,nmod,0,1,2,2,1,0,0,1,0.6666666666666666,False,False,GBd-TD1-01_mptf.conllu,1,0,0
arwand,PROPN,acl:relcl,0,0,0,1,1,41,347,rōd,NOUN,appos,0,1,2,5,0,0,0,0,0.0,False,False,GBd-TD1-01_mptf.conllu,0,0,0
weh,PROPN,conj,0,0,0,1,1,339,347,rōd,NOUN,appos,0,1,1,2,0,0,0,0,0.0,False,False,GBd-TD1-01_mptf.conllu,0,0,0
angust,NOUN,nmod,0,0,0,1,1,148,3242,ohrmazd,PROPN,nmod,1,1,2,2,1,0,1,1,0.0,False,False,GBd-TD1-01_mptf.conllu,1,0,0
zahā,NOUN,obl,0,0,0,0,1,50,148,angust,NOUN,nmod,0,2,3,3,2,1,0,1,0.5,False,False,GBd-TD1-01_mptf.conllu,1,0,0
sar,NOUN,obl,0,0,0,1,1,700,1276,zamīg,NOUN,nmod,0,1,2,3,1,0,0,1,0.5,False,False,GBd-TD1-01_mptf.conllu,1,0,0
zrēh,NOUN,obl,0,0,0,1,1,287,117,Frāxkard,PROPN,flat,0,1,1,2,0,0,1,0,0.75,False,False,GBd-TD1-01_mptf.conllu,0,0,0
bunxān,NOUN,obl,0,1,0,1,1,36,4718,awēšān,PRON,nmod,0,1,2,3,1,0,0,1,0.6666666666666666,False,False,GBd-TD1-01_mptf.conllu,1,0,0
rōd,NOUN,nsubj,0,0,0,1,1,347,77,ēwtāg,ADJ,amod,0,1,1,2,0,0,0,0,1.0,False,False,GBd-TD1-01_mptf.conllu,0,1,0
X,NOUN,nsubj,0,0,0,1,1,305,1249,gēhān,NOUN,nmod,0,1,3,2,1,0,0,1,1.0,False,False,GBd-TD1-01_mptf.conllu,1,0,0
frāyzīwišnīh,NOUN,conj,0,1,0,1,1,1,1175,dāmān,NOUN,nmod,0,1,2,2,1,0,0,1,0.0,True,False,GBd-TD1-01_mptf.conllu,1,0,0
ardīg,NOUN,advcl,0,0,1,1,1,103,692,fradom,ADJ,amod,0,2,1,2,0,0,0,0,0.0,False,False,GBd-TD1-01_mptf.conllu,0,1,0
ardīg,NOUN,obj,0,0,1,1,1,103,334,sidīgar,ADJ,amod,0,2,1,1,0,0,0,0,0.5,False,False,GBd-TD1-01_mptf.conllu,0,1,0
gōhr,NOUN,obj,0,0,0,1,1,153,447,kōf,NOUN,nmod,0,1,3,3,1,1,0,1,0.42857142857142855,False,False,GBd-TD1-01_mptf.conllu,1,0,0
harborz,PROPN,advcl,0,0,0,1,1,129,7,baγbaxt,ADJ,amod,0,1,4,3,0,0,0,0,0.0,False,False,GBd-TD1-01_mptf.conllu,0,1,0
kōfān,NOUN,conj,1,0,0,1,1,447,1276,zamīg,NOUN,nmod,1,1,3,4,1,0,0,0,0.0,False,False,GBd-TD1-01_mptf.conllu,1,0,0
rēšag,NOUN,obl,0,0,0,1,1,29,129,harborz,PROPN,nmod,0,1,2,2,2,0,1,1,1.0,False,False,GBd-TD1-01_mptf.conllu,1,0,0
band,NOUN,ccomp,0,0,0,1,1,147,460,meh,ADJ,amod,0,2,2,4,0,0,0,0,0.0,False,False,GBd-TD1-01_mptf.conllu,1,1,0
band,NOUN,ccomp,0,1,0,1,1,147,1276,zamīgān,NOUN,nmod,0,1,2,4,1,0,0,1,0.0,False,False,GBd-TD1-01_mptf.conllu,1,1,0
widarg,NOUN,nsubj,0,1,0,1,1,84,2067,ābān,NOUN,nmod,0,1,2,2,1,0,0,1,0.14285714285714285,False,False,GBd-TD1-01_mptf.conllu,2,0,0
widarg,NOUN,nsubj,0,0,0,1,1,84,447,kōf,NOUN,nmod,2,1,2,2,1,0,0,0,0.14285714285714285,False,False,GBd-TD1-01_mptf.conllu,2,0,0
rēšag,NOUN,obl:lmod,0,1,0,1,1,29,447,kōfān,NOUN,nmod,0,1,2,3,0,0,0,0,0.0,False,False,GBd-TD1-01_mptf.conllu,1,0,0
rēšag,NOUN,nsubj,0,1,0,1,1,29,103,draxtān,NOUN,nmod,0,1,2,1,1,0,0,1,0.42857142857142855,False,False,GBd-TD1-01_mptf.conllu,1,0,0
xōn,NOUN,obl,0,1,0,1,1,154,28,ragān,NOUN,nmod,1,1,3,3,2,0,0,1,0.7142857142857143,False,False,GBd-TD1-01_mptf.conllu,1,0,0
frayādišn,NOUN,nsubj,0,1,0,1,1,15,2716,mardōmān,NOUN,nmod,2,1,2,2,1,0,0,1,1.0,True,False,GBd-TD1-01_mptf.conllu,1,0,0
ardīg,NOUN,advcl,0,0,1,1,1,103,692,fradom,ADV,amod,0,2,1,1,0,0,0,0,0.0,False,False,GBd-TD1-01_mptf.conllu,0,1,0
ardīg,NOUN,obj,0,0,1,1,1,103,157,čahārom,ADJ,amod,0,2,1,1,0,0,0,0,0.5,False,False,GBd-TD1-01_mptf.conllu,0,1,0
amurdad,PROPN,nsubj,0,0,0,1,1,113,534,amahraspand,PROPN,flat,0,1,1,1,0,0,1,0,0.16666666666666666,False,False,GBd-TD1-01_mptf.conllu,0,0,0
mōy,NOUN,obl,0,0,0,0,1,131,700,sar,NOUN,nmod,1,1,2,2,2,0,0,0,1.0,False,False,GBd-TD1-01_mptf.conllu,1,0,0
sar,NOUN,nmod,0,1,0,1,1,700,2716,mardōmān,NOUN,nmod,0,1,1,2,0,0,0,0,0.0,False,False,GBd-TD1-01_mptf.conllu,1,0,0
sardag,NOUN,acl,0,0,0,1,1,269,109,mādagwar,ADJ,amod,0,1,1,2,0,0,0,0,0.0,True,False,GBd-TD1-01_mptf.conllu,0,1,0
abāzdārišnīh,NOUN,obl,0,0,0,1,1,24,128,wēmārīh,NOUN,nmod,1,1,4,2,2,0,0,0,0.5,True,False,GBd-TD1-01_mptf.conllu,1,0,0
sardag,NOUN,obl,0,0,0,1,1,269,641,urwar,NOUN,nmod,0,1,1,2,0,0,0,0,1.0,True,False,GBd-TD1-01_mptf.conllu,1,0,0
tōhmag,NOUN,obl,0,1,0,1,1,223,641,urwarān,NOUN,nmod,0,1,2,4,1,1,0,1,0.5,False,False,GBd-TD1-01_mptf.conllu,1,0,0
wan,NOUN,nsubj,0,0,0,1,1,52,11,wastōhmag,ADJ,amod,0,1,2,1,1,0,0,1,1.0,False,False,GBd-TD1-01_mptf.conllu,0,1,0
zrēh,NOUN,obl,0,0,0,1,1,287,117,frāxkard,PROPN,nmod,0,1,5,3,1,0,1,1,0.25,False,False,GBd-TD1-01_mptf.conllu,1,0,0
sardag,NOUN,nmod,0,0,0,1,1,269,641,urwar,NOUN,nmod,0,1,2,2,1,0,0,1,0.0,True,False,GBd-TD1-01_mptf.conllu,1,0,0
tōhmag,NOUN,nsubj,0,0,0,1,1,223,269,sardag,NOUN,nmod,1,2,3,1,2,0,0,0,0.5,False,True,GBd-TD1-01_mptf.conllu,1,0,0
gōkirn,PROPN,nsubj,0,0,0,1,1,14,103,draxt,NOUN,appos,0,1,1,1,0,0,0,0,0.6666666666666666,False,False,GBd-TD1-01_mptf.conllu,0,0,0
abāzdārišnīh,NOUN,obl,0,0,0,1,1,24,37,zarmān,NOUN,nmod,0,1,3,2,2,0,0,1,1.0,True,False,GBd-TD1-01_mptf.conllu,1,0,0
zarmān,NOUN,nmod,0,0,0,1,1,34,3,dušpad,ADJ,amod,0,1,2,2,1,0,0,1,0.0,False,False,GBd-TD1-01_mptf.conllu,0,1,0
purrfrahixtišn,NOUN,nsubj,0,0,0,1,1,3,1249,gēhān,NOUN,nmod,0,1,2,1,1,0,0,1,1.0,False,False,GBd-TD1-01_mptf.conllu,1,0,0
ardīg,NOUN,advcl,0,0,1,1,1,103,692,fradom,ADV,amod,0,2,1,1,0,0,0,0,0.0,False,False,GBd-TD1-01_mptf.conllu,0,1,0
ardīg,NOUN,obj,0,0,1,1,1,103,136,panǰom,ADJ,amod,0,2,1,1,0,0,0,0,0.5,False,False,GBd-TD1-01_mptf.conllu,0,1,0
gāw,NOUN,nsubj,0,0,0,0,1,459,24,ēkdād,ADJ,amod,0,1,1,1,0,0,0,0,1.0,False,False,GBd-TD1-01_mptf.conllu,0,1,0
hannāmān,NOUN,obl,1,0,0,1,0,138,459,gāw,NOUN,nmod,0,1,2,2,1,0,0,1,0.5,False,False,GBd-TD1-01_mptf.conllu,1,0,0
sardag,NOUN,nsubj,0,0,0,1,1,269,163,ǰōrdāg,NOUN,nmod,0,1,3,3,0,0,0,0,0.75,True,False,GBd-TD1-01_mptf.conllu,1,0,0
sardag,NOUN,conj,0,0,0,1,1,269,641,urwar,NOUN,nmod,0,1,2,3,1,0,0,0,0.0,True,False,GBd-TD1-01_mptf.conllu,1,0,0
urwar,NOUN,nmod,0,0,0,1,1,641,20,bēšaz,ADJ,amod,0,1,1,1,0,0,0,0,0.0,False,False,GBd-TD1-01_mptf.conllu,0,1,0
tohm,NOUN,acl:relcl,0,0,0,1,0,162,459,gāw,NOUN,nmod,0,1,2,4,1,0,0,1,0.0,False,False,GBd-TD1-01_mptf.conllu,1,0,0
rōšnīh,NOUN,obl,0,0,0,1,1,368,690,māh,NOUN,nmod,0,1,2,2,1,0,0,1,0.5,False,False,GBd-TD1-01_mptf.conllu,1,0,0
ǰuxt,NOUN,conj,0,0,0,1,0,49,459,gāw,NOUN,nmod,1,1,3,4,0,0,0,0,0.0,False,False,GBd-TD1-01_mptf.conllu,1,0,1
ardīg,NOUN,root,0,0,1,1,1,103,692,fradom,ADJ,amod,0,2,3,4,0,0,0,0,0.0,False,False,GBd-TD1-01_mptf.conllu,0,1,0
ardīg,NOUN,obj,0,0,1,1,1,103,58,šašom,ADJ,amod,0,2,1,1,0,0,0,0,0.16666666666666666,False,False,GBd-TD1-01_mptf.conllu,0,1,0
spihr,NOUN,obl,0,0,0,1,1,102,245,gayōmart,PROPN,nmod,0,1,2,2,1,0,1,1,0.6666666666666666,False,False,GBd-TD1-01_mptf.conllu,1,0,0
kōxšišn,NOUN,obl,0,1,0,1,1,184,136,axtarān,NOUN,nmod,0,1,2,2,1,0,0,1,1.0,True,False,GBd-TD1-01_mptf.conllu,1,0,0
gayōmart,PROPN,nsubj:pass,0,0,0,1,1,245,92,tagīg,ADJ,amod,0,1,2,1,1,0,0,1,0.0,False,False,GBd-TD1-01_mptf.conllu,0,1,0
zamestān,NOUN,obl,0,0,0,1,1,203,156,zīwandagīh,NOUN,nmod,0,1,3,2,1,0,0,0,1.0,False,False,GBd-TD1-01_mptf.conllu,1,0,0
madan,NOUN,obl,0,0,0,1,1,68,181,ēbgat,NOUN,nmod,0,1,2,2,1,0,0,1,0.14285714285714285,True,False,GBd-TD1-01_mptf.conllu,1,0,0
ohrmazd,PROPN,nsubj,0,0,0,1,1,3237,125,stārag,NOUN,appos,0,1,1,1,0,0,0,0,0.2857142857142857,False,False,GBd-TD1-01_mptf.conllu,0,0,0
karzang,PROPN,obl,0,0,0,1,1,37,90,ābīg,ADJ,amod,0,1,2,2,1,0,0,1,0.42857142857142855,False,False,GBd-TD1-01_mptf.conllu,0,1,0
bālist,NOUN,obl,0,0,0,1,1,135,2375,xwēš,PRON,amod,0,1,2,2,1,0,0,1,0.5714285714285714,False,False,GBd-TD1-01_mptf.conllu,0,1,0
pādyāwandīh,NOUN,obl,0,0,0,1,1,6,112,hamēmāl,NOUN,nmod,2,1,2,2,3,0,0,1,0.7142857142857143,False,False,GBd-TD1-01_mptf.conllu,1,0,0
hamēmāl,NOUN,nmod,0,0,0,1,1,111,18258,=š,PRON,nmod,1,2,1,3,0,0,0,0,0.0,False,False,GBd-TD1-01_mptf.conllu,1,0,0
zīndagīh,NOUN,obj,0,0,0,1,1,156,423,ǰān,NOUN,nmod,0,1,2,1,1,0,0,1,1.0,False,False,GBd-TD1-01_mptf.conllu,1,0,0
kēwān,PROPN,nsubj,0,0,0,1,1,79,125,stārag,NOUN,appos,0,1,1,1,0,0,0,0,0.14285714285714285,False,False,GBd-TD1-01_mptf.conllu,0,0,0
gyāg,NOUN,obl,0,0,0,1,1,1299,1954,pas,ADV,amod,1,1,4,4,0,0,0,0,0.42857142857142855,False,False,GBd-TD1-01_mptf.conllu,0,1,0
mēx,NOUN,nsubj,0,0,0,1,1,24,2,zamīg,NOUN,nmod,1,1,2,1,2,0,0,1,0.5714285714285714,False,False,GBd-TD1-01_mptf.conllu,1,0,0
bālist,NOUN,obl,0,0,0,1,1,135,2375,xwēš,PRON,amod,0,1,2,2,1,0,0,1,0.7142857142857143,False,False,GBd-TD1-01_mptf.conllu,0,1,0
abarwēzīh,NOUN,obl,0,0,0,1,1,25,110,hamēstār,NOUN,nmod,2,1,3,2,3,0,0,1,0.8571428571428571,False,True,GBd-TD1-01_mptf.conllu,1,0,0
hamēstār,NOUN,nmod,0,0,0,1,1,106,18258,=š,PRON,nmod,1,2,2,3,0,0,0,0,0.0,True,False,GBd-TD1-01_mptf.conllu,1,0,0
būd,NOUN,obl,0,0,0,1,1,25,3242,ohrmazd,PROPN,nmod,0,1,3,5,1,0,1,1,0.25,True,False,GBd-TD1-01_mptf.conllu,3,0,0
būd,NOUN,obl,0,0,0,1,1,25,142,bālist,NOUN,nmod,2,1,3,5,2,0,0,0,0.25,True,False,GBd-TD1-01_mptf.conllu,3,0,0
būd,NOUN,obl,0,0,0,1,1,25,24,mēx,NOUN,nmod,5,1,3,5,2,0,0,0,0.25,True,False,GBd-TD1-01_mptf.conllu,3,0,0
bālist,NOUN,nmod,0,0,0,1,1,135,2375,xwēš,PRON,amod,0,1,2,2,1,0,0,1,0.0,False,False,GBd-TD1-01_mptf.conllu,0,1,0
mēx,NOUN,nmod,0,0,0,1,1,24,423,ǰānān,PROPN,nmod,0,1,2,2,1,0,1,1,0.0,False,False,GBd-TD1-01_mptf.conllu,1,0,0
abarwēzīh,NOUN,conj,0,0,0,1,1,25,79,kēwān,PROPN,nmod,1,1,2,2,1,0,1,0,0.0,False,False,GBd-TD1-01_mptf.conllu,1,0,0
bālist,NOUN,acl:relcl,0,0,0,1,1,135,2375,xwēš,PRON,amod,0,1,2,2,1,0,0,1,0.0,False,False,GBd-TD1-01_mptf.conllu,0,1,0
nišēb,NOUN,acl:relcl,0,0,0,1,1,32,2375,xwēš,PRON,amod,0,1,2,2,1,0,0,1,0.0,False,False,GBd-TD1-01_mptf.conllu,0,1,0
abarwēzīh,NOUN,obl,0,0,0,1,1,25,79,kēwān,PROPN,nmod,0,1,2,3,0,0,1,0,0.7,False,False,GBd-TD1-01_mptf.conllu,2,0,0
abarwēzīh,NOUN,obl,0,0,0,1,1,25,3242,ohrmazd,PROPN,nmod,2,1,2,3,1,0,1,0,0.7,False,False,GBd-TD1-01_mptf.conllu,2,0,0
dast,NOUN,obl,0,0,0,1,0,477,143,hōy,ADJ,amod,0,2,1,2,0,0,0,0,1.0,False,False,GBd-TD1-01_mptf.conllu,0,1,0
tan,NOUN,nsubj,0,0,0,1,1,2253,245,gayōmart,PROPN,nmod,0,1,2,1,1,0,1,1,0.3333333333333333,False,False,GBd-TD1-01_mptf.conllu,1,0,0
tan,NOUN,obl,0,0,0,1,1,2253,245,gayōmart,PROPN,nmod,0,1,2,2,1,0,1,1,0.6666666666666666,False,False,GBd-TD1-01_mptf.conllu,1,0,0
ēwēnag,NOUN,nsubj,0,0,0,1,1,782,99,ayōxšust,NOUN,nmod,0,1,1,2,0,0,0,0,0.8333333333333334,False,False,GBd-TD1-01_mptf.conllu,1,0,0
purrrawišnīh,NOUN,nsubj,0,0,0,1,1,18,1249,gēhān,NOUN,nmod,0,1,3,3,1,0,0,1,1.0,True,False,GBd-TD1-01_mptf.conllu,1,0,0
abesīhēnišn,NOUN,conj,0,1,0,1,1,11,1338,dēwān,NOUN,nmod,0,1,1,2,0,0,0,0,0.0,True,False,GBd-TD1-01_mptf.conllu,1,0,0
agārīh,NOUN,conj,0,0,0,1,0,37,569,gannāgmēnōy,PROPN,nmod,0,1,2,2,1,0,1,1,0.0,False,False,GBd-TD1-01_mptf.conllu,1,0,0
ardīg,NOUN,obj,0,0,1,1,1,103,692,fradom,ADJ,amod,0,2,1,2,0,1,0,0,0.3333333333333333,False,False,GBd-TD1-01_mptf.conllu,0,1,0
ardīg,NOUN,obj,0,0,1,1,1,103,95,haftom,ADV,amod,0,2,1,1,0,0,0,0,0.5,False,False,GBd-TD1-01_mptf.conllu,0,1,0
ātaxš,NOUN,dislocated:topic,0,0,0,1,1,1442,45,wāzišt,ADJ,flat,0,1,1,2,0,0,0,0,0.0,False,False,GBd-TD1-01_mptf.conllu,0,0,0
ādur,NOUN,conj,0,0,0,1,0,168,38,farnbay,PROPN,nmod,0,1,3,3,3,0,1,1,0.0,False,False,GBd-TD1-01_mptf.conllu,1,0,0
winnārdārīh,NOUN,nsubj,0,0,0,1,1,6,1249,gēhān,NOUN,nmod,0,1,2,1,2,0,0,1,1.0,False,False,GBd-TD1-01_mptf.conllu,1,0,0
gēhān,NOUN,nmod,0,0,0,1,1,1249,1175,dām,NOUN,nmod,0,1,1,2,0,0,0,0,0.0,False,False,GBd-TD1-01_mptf.conllu,1,0,0
ardīg,NOUN,obj,0,0,1,1,1,103,692,fradom,ADJ,amod,0,2,1,2,0,1,0,0,0.3333333333333333,False,False,GBd-TD1-01_mptf.conllu,0,1,0
ardīg,NOUN,obj,0,0,1,1,1,103,56,haštom,ADJ,amod,0,2,1,1,0,0,0,0,0.3333333333333333,False,False,GBd-TD1-01_mptf.conllu,0,1,0
druzān,NOUN,obl,1,1,0,1,1,911,154,abāxtarān,NOUN,appos,0,1,1,2,0,0,0,0,1.0,False,False,GBd-TD1-01_mptf.conllu,0,0,0
hamēmāl,NOUN,obl,0,0,0,1,1,111,2375,xwēš,PRON,amod,0,2,1,2,0,0,0,0,0.2857142857142857,False,False,GBd-TD1-01_mptf.conllu,0,1,0
zayǰag,NOUN,obj,0,0,0,1,1,6,1249,gēhān,NOUN,nmod,0,1,2,1,1,0,0,1,1.0,False,False,GBd-TD1-01_mptf.conllu,1,0,0
ardīg,NOUN,obj,0,0,1,1,1,103,692,fradom,ADJ,amod,0,2,1,2,0,1,0,0,0.3333333333333333,False,False,GBd-TD1-01_mptf.conllu,0,1,0
mēnōy,NOUN,nsubj,1,1,0,0,1,1405,1407,yazadān,NOUN,nmod,0,1,1,1,0,0,0,0,0.6666666666666666,False,False,GBd-TD1-01_mptf.conllu,1,0,0
ardīg,NOUN,obj,0,0,1,1,1,103,54,nohom,ADJ,amod,0,2,1,1,0,0,0,0,0.2,False,False,GBd-TD1-01_mptf.conllu,0,1,0
yazadān,NOUN,nsubj,1,1,0,1,1,1403,1550,mēnōyān,ADJ,amod,0,2,1,1,0,0,0,0,0.5,False,False,GBd-TD1-01_mptf.conllu,0,1,0
starān,NOUN,nsubj,1,0,0,1,1,60,8,agumēzišn,ADJ,amod,0,1,2,1,1,0,0,1,0.25,False,False,GBd-TD1-01_mptf.conllu,0,1,0
xwarrah,NOUN,nsubj,0,0,0,1,1,554,735,wehdēn,NOUN,nmod,0,1,3,1,2,0,0,1,0.14285714285714285,False,False,GBd-TD1-01_mptf.conllu,1,0,0
wehdēn,NOUN,nmod,0,1,0,1,1,71,595,māzdēsnān,NOUN,nmod,0,1,2,2,1,0,0,1,0.0,False,False,GBd-TD1-01_mptf.conllu,1,0,0
aybyāhān,NOUN,obl,0,0,0,1,1,46,10,starpēsīd,ADJ,amod,4,1,2,3,0,0,0,0,0.2857142857142857,False,False,GBd-TD1-01_mptf.conllu,0,2,0
aybyāhān,NOUN,obl,0,0,0,1,1,46,35,tāšīd,ADJ,amod,6,1,2,3,2,0,0,1,0.2857142857142857,False,True,GBd-TD1-01_mptf.conllu,0,2,0
abēzagīh,NOUN,xcomp,0,0,0,1,1,57,74,gumēzagīh,NOUN,nmod,1,1,2,1,1,0,0,0,0.0,False,False,GBd-TD1-01_mptf.conllu,1,0,0
ēwēnag,NOUN,root,0,1,0,1,1,782,640,dahišnān,NOUN,nmod,1,1,2,3,1,0,0,0,0.0,False,True,GBd-TD1-01_mptf.conllu,1,0,0
kirb,NOUN,obj,0,1,0,1,1,204,4718,awēšān,PRON,nmod,0,2,2,2,1,1,0,1,0.4,False,False,GBd-TD1-01_mptf.conllu,1,0,0
stāragpāyag,NOUN,obl,0,1,0,1,1,5,4718,awēšān,PRON,nmod,0,2,1,2,0,0,0,0,0.6,False,False,GBd-TD1-01_mptf.conllu,1,0,0
axtarān,NOUN,nsubj,1,0,0,1,1,136,14,ābčihrag,NOUN,nmod,0,1,2,1,3,0,0,1,1.0,False,False,GBd-TD1-01_mptf.conllu,1,0,0
ābčihragān,NOUN,nsubj,1,0,0,1,1,8,152,tištar,PROPN,appos,0,1,5,2,4,1,1,0,1.0,False,False,GBd-TD1-01_mptf.conllu,0,0,0
pēšparwēz,PROPN,conj:appos,0,0,0,1,1,9,125,stārag,NOUN,appos,1,1,3,2,2,0,0,0,0.0,False,False,GBd-TD1-01_mptf.conllu,0,0,0
zamīgčihr,NOUN,nsubj,0,0,0,1,1,3,32,haftōring,PROPN,appos,0,1,3,2,1,1,1,0,1.0,False,False,GBd-TD1-01_mptf.conllu,0,0,0
ālag,NOUN,obl,0,0,0,1,1,44,106,nēmrōz,NOUN,nmod,0,2,1,2,0,0,0,0,0.6666666666666666,False,False,GBd-TD1-01_mptf.conllu,1,0,0
dast,NOUN,obl,0,0,0,1,1,477,168,dašn,ADJ,amod,0,2,1,2,0,0,0,0,1.0,False,False,GBd-TD1-01_mptf.conllu,0,1,0
pāy,NOUN,obj,0,0,0,0,1,235,168,dašn,ADJ,amod,0,2,2,2,1,1,0,1,1.0,False,False,GBd-TD1-01_mptf.conllu,0,1,0
kirb,NOUN,obj,0,0,0,1,0,204,459,gāw,NOUN,nmod,0,2,3,3,1,1,0,1,0.3333333333333333,False,False,GBd-TD1-01_mptf.conllu,1,0,0
ēwēnag,NOUN,conj,0,0,0,1,0,782,459,gāw,NOUN,nmod,0,1,2,1,1,0,0,1,0.0,False,False,GBd-TD1-01_mptf.conllu,1,0,0
māh,NOUN,ccomp,0,0,0,1,1,689,18,gōspandtōhmag,ADJ,amod,0,1,4,3,1,0,0,1,0.0,False,False,GBd-TD1-01_mptf.conllu,0,1,0
ēwēnag,NOUN,nsubj,0,1,0,1,1,782,459,gāwān,NOUN,nmod,0,1,2,1,1,0,0,0,0.5,False,False,GBd-TD1-01_mptf.conllu,1,0,0
rōn,NOUN,obl,0,0,0,1,1,54,106,nēmrōz,ADJ,amod,0,2,1,2,0,0,0,0,1.0,False,False,GBd-TD1-01_mptf.conllu,0,1,0
ālag,NOUN,obl:lmod,0,0,0,1,0,44,143,hōy,ADJ,amod,0,2,1,1,0,0,0,0,0.0,False,False,GBd-TD1-01_mptf.conllu,0,1,0
pāy,NOUN,obl,0,0,0,0,0,235,143,hōy,ADJ,amod,0,2,2,2,1,1,0,1,1.0,False,False,GBd-TD1-01_mptf.conllu,0,1,0
kirb,NOUN,obj,0,0,0,1,0,204,18258,ōy,PRON,nmod,0,2,2,2,1,1,0,1,0.5,False,False,GBd-TD1-01_mptf.conllu,1,0,0
rōšnīh,NOUN,advcl,0,0,0,1,1,368,420,xwaršēd,NOUN,nmod,0,1,3,5,1,1,0,1,0.0,False,False,GBd-TD1-01_mptf.conllu,1,0,0
buništ,NOUN,obl,0,0,0,1,1,34,2375,xwēš,DET,amod,0,2,1,2,0,0,0,0,0.4,False,False,GBd-TD1-01_mptf.conllu,0,1,0
ān,PRON,nsubj,0,0,0,1,1,1928,554,xwarrah,NOUN,nmod,0,1,2,1,1,0,0,1,0.8,False,False,GBd-TD1-01_mptf.conllu,1,0,0
pāy,NOUN,obl,0,0,0,0,1,235,168,dašn,ADJ,amod,0,2,2,3,1,1,0,1,0.42857142857142855,False,False,GBd-TD1-01_mptf.conllu,0,1,0
angust,NOUN,obl,0,0,0,1,1,148,154,keh,ADJ,amod,0,2,2,3,1,1,0,1,0.5714285714285714,False,False,GBd-TD1-01_mptf.conllu,0,1,0
ǰān,NOUN,nsubj,0,0,0,1,1,423,2253,tan,NOUN,nmod,1,1,3,1,2,0,0,0,0.9,False,False,GBd-TD1-01_mptf.conllu,1,0,0
tan,NOUN,nmod,0,0,0,1,1,2253,245,gayōmart,PROPN,nmod,0,1,2,2,1,0,1,1,0.0,False,False,GBd-TD1-01_mptf.conllu,1,0,0
bālist,NOUN,obl,0,0,0,1,1,135,700,sar,NOUN,nmod,0,1,1,2,0,0,0,0,1.0,False,False,GBd-TD1-01_mptf.conllu,1,0,0
tan,NOUN,obl,0,0,0,1,1,2253,245,gayōmart,PROPN,nmod,0,1,2,2,1,0,1,1,0.2,False,False,GBd-TD1-01_mptf.conllu,1,0,0
āhen,NOUN,obl,0,0,0,1,1,57,89,garm,ADJ,amod,0,1,2,3,1,0,0,1,0.6,False,False,GBd-TD1-01_mptf.conllu,0,2,0
āhen,NOUN,obl,0,0,0,1,1,57,40,suxr,ADJ,amod,1,1,2,3,1,0,0,1,0.6,False,False,GBd-TD1-01_mptf.conllu,0,2,0
čiyōnīh,NOUN,root,0,1,0,1,1,143,1276,zamīgān,NOUN,nmod,0,1,1,3,0,0,0,0,0.0,False,False,GBd-TD1-01_mptf.conllu,1,0,0
dar,NOUN,obl,0,0,0,1,1,332,1276,zamīg,NOUN,nmod,0,1,2,2,1,0,0,1,0.375,False,False,GBd-TD1-01_mptf.conllu,1,0,0
pārag,NOUN,conj,0,0,0,1,1,96,249,kust,NOUN,nmod,2,1,3,3,2,0,0,0,0.0,False,False,GBd-TD1-01_mptf.conllu,1,0,1
kust,NOUN,nmod,0,0,0,1,1,248,74,xwarāsān,NOUN,nmod,0,1,2,2,1,0,0,1,0.0,False,False,GBd-TD1-01_mptf.conllu,1,0,0
kišwar,NOUN,orphan,0,0,0,1,1,281,30,arzah,PROPN,nmod,0,2,1,1,0,0,1,0,0.0,False,False,GBd-TD1-01_mptf.conllu,1,0,0
pārag,NOUN,conj,0,0,0,1,1,96,249,kust,NOUN,nmod,2,1,3,3,2,0,0,0,0.0,False,False,GBd-TD1-01_mptf.conllu,1,0,1
kust,NOUN,nmod,0,0,0,1,1,248,19,xwarōrān,NOUN,nmod,0,1,2,2,1,0,0,1,0.0,False,False,GBd-TD1-01_mptf.conllu,1,0,0
kišwar,NOUN,orphan,0,0,0,1,1,281,33,sawah,PROPN,nmod,0,2,1,1,0,0,1,0,0.0,False,False,GBd-TD1-01_mptf.conllu,1,0,0
pārag,NOUN,conj,0,0,0,1,1,96,249,kust,NOUN,nmod,1,1,4,4,2,0,0,0,0.0,False,False,GBd-TD1-01_mptf.conllu,1,0,0
kust,NOUN,nmod,0,0,0,1,1,248,106,nēmrōz,NOUN,nmod,0,1,2,2,1,0,0,1,0.0,False,False,GBd-TD1-01_mptf.conllu,1,0,0
kišwar,NOUN,orphan,0,0,0,1,1,281,29,fradadafš,PROPN,nmod,2,2,3,1,1,0,1,0,0.0,False,False,GBd-TD1-01_mptf.conllu,1,0,0
pārag,NOUN,obj,0,0,0,1,1,96,249,kust,NOUN,nmod,1,1,3,2,3,0,0,1,1.0,False,False,GBd-TD1-01_mptf.conllu,1,0,0
kust,NOUN,nmod,0,0,0,1,1,248,154,abāxtar,NOUN,nmod,0,1,2,3,1,0,0,1,0.0,False,False,GBd-TD1-01_mptf.conllu,1,0,0
kišwar,NOUN,xcomp,0,0,0,1,1,281,24,wōrūbarišn,PROPN,nmod,1,2,2,1,1,0,1,0,0.0,False,False,GBd-TD1-01_mptf.conllu,1,0,0
ān,PRON,conj,0,1,0,1,1,1928,4718,awēšān,PRON,nmod,1,1,3,4,1,0,0,0,0.0,False,False,GBd-TD1-01_mptf.conllu,1,1,0
ān,PRON,conj,0,0,0,1,1,1928,72,andčand,PRON,amod,2,1,3,4,1,0,0,0,0.0,False,False,GBd-TD1-01_mptf.conllu,1,1,0
andčand,PRON,amod,0,1,0,1,1,46,4718,awēšān,PRON,nmod,1,1,2,1,1,0,0,0,0.0,False,False,GBd-TD1-01_mptf.conllu,1,0,0
parwānagīh,NOUN,obl,0,1,0,1,1,10,1407,yazadān,NOUN,nmod,0,1,1,3,0,0,0,0,1.0,False,False,GBd-TD1-01_mptf.conllu,1,0,0
bahr,NOUN,obj,0,0,0,1,1,410,287,zrēh,NOUN,nmod,2,1,3,2,2,0,0,0,1.0,False,False,GBd-TD1-01_mptf.conllu,1,0,1
zrēh,NOUN,nmod,0,0,0,1,1,287,117,frāxkard,PROPN,nmod,0,1,2,2,1,0,1,1,0.0,False,False,GBd-TD1-01_mptf.conllu,1,0,0
mayān,NOUN,obl,0,0,0,1,1,60,29,fradadafš,PROPN,nmod,0,1,2,2,1,0,1,1,0.5,False,False,GBd-TD1-01_mptf.conllu,1,0,0
kōf,NOUN,nsubj,0,0,0,1,1,447,136,buland,ADJ,amod,0,1,2,1,1,0,0,1,0.3333333333333333,False,False,GBd-TD1-01_mptf.conllu,0,1,0
dēn,NOUN,nsubj,0,0,0,1,1,2149,1864,weh,ADJ,amod,1,1,2,3,0,0,0,0,0.5,False,False,GBd-TD1-01_mptf.conllu,1,1,0
dēn,NOUN,nsubj,0,1,0,1,1,2149,595,māzdēsnān,NOUN,nmod,2,1,2,3,1,0,0,1,0.5,False,False,GBd-TD1-01_mptf.conllu,1,1,0
tan,NOUN,conj,0,0,0,1,1,2253,190,pasēn,ADJ,amod,0,1,2,1,1,0,0,1,0.0,False,False,GBd-TD1-01_mptf.conllu,0,1,0
kišwar,NOUN,obl,0,0,0,1,1,281,94,xwaniras,PROPN,nmod,0,1,2,2,1,0,1,1,0.5,False,False,GBd-TD1-01_mptf.conllu,1,0,0
kišwar,NOUN,advcl,0,1,0,1,1,281,4718,awēšān,PRON,nmod,1,2,2,2,1,0,0,0,0.0,False,False,GBd-TD1-01_mptf.conllu,1,1,0
kišwar,NOUN,advcl,0,0,0,1,1,281,180,abdom,ADJ,amod,0,1,2,2,1,0,0,1,0.0,False,False,GBd-TD1-01_mptf.conllu,1,1,0
čiyōnīh,NOUN,root,0,1,0,1,1,143,447,kōfān,NOUN,nmod,0,1,1,3,0,0,0,0,0.0,False,False,GBd-TD1-01_mptf.conllu,1,0,0
harborz,PROPN,nsubj,0,0,0,1,1,129,12,baγbaxt,ADJ,amod,0,1,2,1,1,0,0,1,0.5,False,False,GBd-TD1-01_mptf.conllu,0,1,0
bowandagīh,NOUN,obl,0,0,0,1,1,59,909,sāl,NOUN,nmod,1,1,2,2,1,0,0,0,1.0,False,False,GBd-TD1-01_mptf.conllu,1,0,0
bālist,NOUN,conj,0,0,0,1,1,135,357,asmān,NOUN,nmod,0,1,2,4,0,0,0,0,0.0,False,False,GBd-TD1-01_mptf.conllu,1,0,0
hugar,PROPN,acl:relcl,0,0,0,1,1,26,136,buland,ADJ,amod,0,1,8,25,1,0,0,1,0.0,False,False,GBd-TD1-01_mptf.conllu,0,1,0
hugar,PROPN,acl:relcl,0,0,0,1,1,26,27,tērag,NOUN,appos,1,1,8,25,1,0,0,0,0.0,False,False,GBd-TD1-01_mptf.conllu,0,1,0
tērag,NOUN,appos,0,0,0,1,1,27,129,harborz,PROPN,nmod,0,1,2,1,1,0,1,1,0.0,False,False,GBd-TD1-01_mptf.conllu,1,0,0
čagād,NOUN,conj,0,0,0,1,0,51,60,dāytī,PROPN,nmod,0,1,2,1,1,0,1,1,0.0,False,False,GBd-TD1-01_mptf.conllu,1,0,0
arzāzar,PROPN,conj,0,0,0,1,1,22,12,garīwag,NOUN,appos,0,1,1,2,0,0,0,0,0.0,False,False,GBd-TD1-01_mptf.conllu,0,0,0
usindām,PROPN,conj,0,0,0,1,1,9,447,kōf,NOUN,appos,0,1,1,1,0,0,0,0,0.0,False,False,GBd-TD1-01_mptf.conllu,0,0,0
kōf,NOUN,conj,0,0,0,1,1,447,38,abursēn,PROPN,nmod,0,1,3,1,1,0,1,0,0.0,False,False,GBd-TD1-01_mptf.conllu,1,0,0
kōf,NOUN,conj,0,0,0,1,1,447,3,zərəδaz,PROPN,nmod,0,1,3,1,2,0,1,1,0.0,False,False,GBd-TD1-01_mptf.conllu,1,0,0
kōf,NOUN,acl:relcl,0,0,0,1,1,447,24,manuš,PROPN,nmod,0,1,1,3,0,0,1,0,0.0,False,False,GBd-TD1-01_mptf.conllu,1,0,0
kōf,NOUN,conj,0,0,0,1,1,447,43,ēriǰ,PROPN,nmod,0,1,1,1,0,0,1,0,0.0,False,False,GBd-TD1-01_mptf.conllu,1,0,0
kōf,NOUN,conj,0,0,0,1,1,447,6,kaf,ADJ,nmod,0,1,3,2,1,0,0,1,0.0,False,False,GBd-TD1-01_mptf.conllu,1,0,0
kōf,NOUN,acl:relcl,0,0,0,1,1,447,10,ušdāštār,PROPN,nmod,0,1,2,4,1,0,1,1,0.0,False,True,GBd-TD1-01_mptf.conllu,1,0,0
kōf,NOUN,conj,0,0,0,1,1,447,3,arwadarbūm,PROPN,nmod,0,1,2,1,1,0,1,1,0.0,False,False,GBd-TD1-01_mptf.conllu,1,0,0
kōf,NOUN,conj,0,0,0,1,1,447,8,rōyišnōmand,PROPN,nmod,0,1,1,1,0,0,1,0,0.0,False,False,GBd-TD1-01_mptf.conllu,1,0,0
kōf,NOUN,conj,0,0,0,1,1,447,20,padišxwār,PROPN,nmod,0,1,7,2,1,0,1,1,0.0,False,True,GBd-TD1-01_mptf.conllu,1,0,0
kōf,NOUN,conj,0,0,0,1,1,447,447,kōf,NOUN,appos,1,1,7,2,1,0,0,0,0.0,False,False,GBd-TD1-01_mptf.conllu,1,0,0
kōf,NOUN,conj,0,0,0,1,1,447,14,rēwand,PROPN,nmod,0,1,2,1,1,0,1,1,0.0,False,False,GBd-TD1-01_mptf.conllu,1,0,0
kōf,NOUN,conj,0,0,0,1,1,447,3,dārspəṇt,PROPN,nmod,0,1,2,1,1,0,1,1,0.0,False,False,GBd-TD1-01_mptf.conllu,1,0,0
baγgar,PROPN,conj,0,0,0,1,1,6,447,kōf,NOUN,appos,0,1,3,1,1,0,0,0,0.0,False,False,GBd-TD1-01_mptf.conllu,0,0,0
kōf,NOUN,appos,0,0,0,1,1,447,6,wasškuft,ADJ,amod,0,1,2,1,1,0,0,1,0.0,False,False,GBd-TD1-01_mptf.conllu,0,1,0
kōf,NOUN,conj,0,0,0,1,1,447,6,gyāhōmand,PROPN,nmod,0,1,2,1,1,0,1,1,0.0,False,False,GBd-TD1-01_mptf.conllu,1,0,0
kōf,NOUN,conj,0,0,0,1,1,447,6,wafrōmand,ADJ,nmod,0,1,2,1,1,0,0,1,0.0,False,False,GBd-TD1-01_mptf.conllu,1,0,0
kōf,NOUN,conj,0,0,0,1,1,447,24,spandyād,PROPN,nmod,0,1,2,1,1,0,1,1,0.0,False,False,GBd-TD1-01_mptf.conllu,1,0,0
kōf,NOUN,conj,0,0,0,1,1,447,14,asewand,PROPN,nmod,0,1,2,1,1,0,1,1,0.0,False,False,GBd-TD1-01_mptf.conllu,1,0,0
kōf,NOUN,conj,0,0,0,1,1,447,6,kaykarās,PROPN,nmod,0,1,1,1,0,0,1,0,0.0,False,False,GBd-TD1-01_mptf.conllu,1,0,0
kōf,NOUN,conj,0,0,0,1,1,447,18,sēzdah,PROPN,nmod,0,1,1,1,0,0,1,0,0.0,False,False,GBd-TD1-01_mptf.conllu,1,0,0
kōf,NOUN,conj,0,0,0,1,1,447,1,kangdiz,PROPN,nmod,1,1,5,2,2,0,1,1,0.0,False,False,GBd-TD1-01_mptf.conllu,1,0,0
kōf,NOUN,nsubj,0,0,0,1,1,447,80,xwurdag,ADJ,amod,0,2,1,1,0,0,0,0,1.0,False,True,GBd-TD1-01_mptf.conllu,0,1,0
tērag,NOUN,nsubj,0,0,0,1,1,27,129,harborz,PROPN,nmod,0,1,2,1,1,0,1,1,0.3333333333333333,False,False,GBd-TD1-01_mptf.conllu,1,0,0
hugar,PROPN,nsubj,0,0,0,1,1,26,136,buland,ADJ,amod,0,1,1,1,0,0,0,0,0.3333333333333333,False,False,GBd-TD1-01_mptf.conllu,0,1,0
āb,NOUN,nsubj,0,0,0,1,1,2066,64,ardwīsūr,PROPN,nmod,0,1,1,1,0,0,1,0,1.0,False,False,GBd-TD1-01_mptf.conllu,1,0,0
usindām,PROPN,nsubj,0,0,0,1,1,9,447,kōf,NOUN,nmod,0,1,1,1,0,0,0,0,0.3333333333333333,False,False,GBd-TD1-01_mptf.conllu,1,0,0
ān,PRON,root,0,0,0,1,1,1928,58,āhan,NOUN,nmod,1,1,5,5,3,0,0,0,0.0,False,False,GBd-TD1-01_mptf.conllu,1,0,0
āhan,NOUN,nmod,0,0,0,1,1,57,1,muhrēn,ADJ,amod,0,1,3,3,0,0,0,0,0.0,False,False,GBd-TD1-01_mptf.conllu,0,1,0
āhan,NOUN,nmod,0,0,0,1,1,57,153,gōhr,NOUN,appos,1,1,3,3,1,0,0,0,0.0,False,False,GBd-TD1-01_mptf.conllu,0,1,0
gōhr,NOUN,appos,0,0,0,1,1,153,357,asmān,NOUN,nmod,0,1,2,1,1,0,0,1,0.0,False,False,GBd-TD1-01_mptf.conllu,1,0,0
zrēh,NOUN,nmod,0,0,0,1,1,287,117,frāxkard,PROPN,nmod,0,1,3,3,1,0,1,1,0.0,False,False,GBd-TD1-01_mptf.conllu,1,0,0
āb,NOUN,nsubj,0,0,0,1,1,2066,18258,=š,PRON,nmod,0,2,1,1,0,0,0,0,0.6666666666666666,False,False,GBd-TD1-01_mptf.conllu,1,0,0
čagād,NOUN,nsubj,0,0,0,1,0,51,60,dāytī,PROPN,nmod,0,1,2,1,1,0,1,1,0.3333333333333333,False,False,GBd-TD1-01_mptf.conllu,1,0,0
ān,PRON,root,0,0,0,1,1,1928,1249,gēhān,NOUN,nmod,0,1,3,5,1,0,0,1,0.0,False,False,GBd-TD1-01_mptf.conllu,1,0,0
činwad,PROPN,nsubj,0,0,0,1,1,18,159,puhl,NOUN,nmod,0,1,1,1,0,0,0,0,1.0,False,False,GBd-TD1-01_mptf.conllu,1,0,0
hamdwārišnīh,NOUN,nsubj,0,1,0,1,1,9,1338,dēwān,NOUN,nmod,0,1,2,1,1,0,0,1,0.5,True,False,GBd-TD1-01_mptf.conllu,1,0,0
gyāg,NOUN,nsubj,0,0,0,1,1,1299,1276,zamīg,NOUN,nmod,1,2,1,2,0,0,0,0,0.3333333333333333,False,False,GBd-TD1-01_mptf.conllu,1,0,0
arzūr,PROPN,ccomp,0,0,0,1,1,22,12,grīwag,NOUN,nmod,0,1,4,3,0,0,0,0,0.0,False,False,GBd-TD1-01_mptf.conllu,2,0,0
arzūr,PROPN,ccomp,0,0,0,1,1,22,337,dar,NOUN,nmod,2,1,4,3,2,0,0,0,0.0,False,False,GBd-TD1-01_mptf.conllu,2,0,0
dar,NOUN,nmod,0,0,0,1,1,332,371,dušox,PROPN,nmod,0,1,2,2,1,0,1,1,0.0,False,False,GBd-TD1-01_mptf.conllu,1,0,0
hamdwārišnīh,NOUN,nsubj,0,1,0,1,1,9,1338,dēwān,NOUN,nmod,0,1,2,1,1,0,0,1,1.0,True,False,GBd-TD1-01_mptf.conllu,1,0,0
abursēn,PROPN,nsubj,0,0,0,1,1,38,447,kōf,NOUN,appos,0,1,5,1,1,0,0,0,0.75,False,False,GBd-TD1-01_mptf.conllu,0,0,0
kōf,NOUN,xcomp,0,0,0,1,1,447,64,pārs,PROPN,nmod,1,1,2,2,2,0,1,1,0.0,False,False,GBd-TD1-01_mptf.conllu,1,0,0
bun,NOUN,conj,0,0,0,1,1,959,18258,=š,PRON,nmod,0,2,1,2,0,0,0,0,0.0,False,False,GBd-TD1-01_mptf.conllu,1,0,0
bun,NOUN,conj,0,0,0,1,1,959,18258,=š,PRON,nmod,0,2,2,3,0,0,0,0,0.0,False,False,GBd-TD1-01_mptf.conllu,1,0,0
sar,NOUN,conj,0,0,0,1,1,700,18258,=š,PRON,nmod,0,2,2,3,0,0,0,0,0.0,False,False,GBd-TD1-01_mptf.conllu,1,0,0
kōf,NOUN,nsubj,0,0,0,1,1,447,24,manuš,PROPN,nmod,0,1,3,2,1,0,1,1,0.3333333333333333,False,False,GBd-TD1-01_mptf.conllu,1,0,0
kōf,NOUN,nsubj,0,0,0,1,1,447,447,kōf,NOUN,appos,3,1,3,2,2,0,0,0,0.3333333333333333,False,False,GBd-TD1-01_mptf.conllu,1,0,0
kōfān,NOUN,nsubj,1,0,0,1,1,447,64,pārs,PROPN,nmod,0,1,1,2,0,0,1,0,0.5,False,False,GBd-TD1-01_mptf.conllu,1,0,0
kōf,NOUN,nsubj,0,0,0,1,1,447,43,ēriǰ,PROPN,nmod,0,1,4,2,1,0,1,1,0.5,False,False,GBd-TD1-01_mptf.conllu,2,0,0
kōf,NOUN,nsubj,0,0,0,1,0,447,3,māy,PROPN,nmod,2,1,4,2,2,0,1,0,0.5,False,False,GBd-TD1-01_mptf.conllu,2,0,0
hamadān,PROPN,conj:nmod,0,0,0,1,1,5,15,xwārizm,PROPN,nmod,0,1,2,2,1,0,1,1,0.0,False,False,GBd-TD1-01_mptf.conllu,1,0,0
kōf,NOUN,obl,0,0,0,1,1,447,38,abursēn,PROPN,nmod,0,1,2,2,1,0,1,1,1.0,False,False,GBd-TD1-01_mptf.conllu,1,0,0
kōf,NOUN,nsubj,0,0,0,1,1,447,24,manuš,PROPN,nmod,0,1,2,1,1,0,1,1,0.25,False,False,GBd-TD1-01_mptf.conllu,1,0,0
wimand,NOUN,obl,0,0,0,1,1,91,26,turkestān,PROPN,nmod,0,1,1,2,0,0,1,0,0.75,False,False,GBd-TD1-01_mptf.conllu,1,0,0
kōf,NOUN,nsubj,0,0,0,1,1,447,6,kaf,ADJ,amod,0,1,2,1,1,0,0,1,0.5,False,False,GBd-TD1-01_mptf.conllu,0,1,0
kōf,NOUN,obl,0,0,0,1,1,447,38,abursēn,PROPN,nmod,0,1,2,3,1,0,1,1,1.0,False,False,GBd-TD1-01_mptf.conllu,1,0,0
kōf,NOUN,nsubj,0,0,0,1,1,447,10,ušdāštār,PROPN,nmod,0,1,2,1,1,0,1,1,1.0,False,True,GBd-TD1-01_mptf.conllu,1,0,0
arzūr,PROPN,nsubj,0,0,0,1,1,22,447,kōf,NOUN,appos,0,1,1,1,0,0,0,0,1.0,False,False,GBd-TD1-01_mptf.conllu,0,0,0
ān,PRON,root,0,0,0,1,1,1928,249,kust,NOUN,nmod,1,1,3,3,3,0,0,1,0.0,False,False,GBd-TD1-01_mptf.conllu,1,0,0
kust,NOUN,nmod,0,0,0,1,1,248,29,hrōm,PROPN,nmod,0,1,2,3,1,0,1,1,0.0,False,False,GBd-TD1-01_mptf.conllu,1,0,0
padišxwargar,PROPN,nsubj,0,0,0,1,1,30,447,kōf,NOUN,appos,0,1,1,1,0,0,0,0,1.0,False,False,GBd-TD1-01_mptf.conllu,0,0,0
ān,PRON,root,0,0,0,1,1,1928,9,tabarestān,PROPN,nmod,1,1,3,3,3,0,1,1,0.0,False,False,GBd-TD1-01_mptf.conllu,1,0,0
rēwand,PROPN,nsubj,0,0,0,1,1,14,447,kōf,NOUN,appos,0,1,1,1,0,0,0,0,1.0,False,False,GBd-TD1-01_mptf.conllu,0,0,0
ādur,NOUN,nsubj,0,0,0,1,1,168,31,burzēnmihr,PROPN,nmod,0,1,2,1,1,0,1,1,0.3333333333333333,False,False,GBd-TD1-01_mptf.conllu,1,0,0
wādgāh,PROPN,nsubj,0,0,0,1,1,3,447,kōf,NOUN,appos,0,1,1,1,0,0,0,0,0.5,False,False,GBd-TD1-01_mptf.conllu,0,0,0
wimandān,NOUN,nmod,1,0,0,1,1,91,3,wādišān,PROPN,nmod,0,2,1,3,0,0,1,0,0.0,False,False,GBd-TD1-01_mptf.conllu,1,0,0
baγgar,PROPN,nsubj,0,0,0,1,1,6,447,kōf,NOUN,appos,0,1,1,1,0,0,0,0,0.3333333333333333,False,False,GBd-TD1-01_mptf.conllu,0,0,0
frāsyāb,PROPN,nsubj,0,0,0,1,1,83,56,tūr,PROPN,nmod,0,1,2,1,1,0,1,1,0.6666666666666666,False,False,GBd-TD1-01_mptf.conllu,1,0,0
šahr,NOUN,obj,0,0,0,1,1,192,3,rāmpērōz,PROPN,nmod,0,1,2,2,0,0,1,0,1.0,False,False,GBd-TD1-01_mptf.conllu,1,0,0
kōf,NOUN,nsubj,0,0,0,1,1,447,6,wasškuft,ADJ,amod,0,1,2,1,1,0,0,1,1.0,False,False,GBd-TD1-01_mptf.conllu,0,1,0
ān,PRON,root,0,0,0,1,1,1928,64,pārs,PROPN,nmod,0,1,3,4,1,0,1,1,0.0,False,False,GBd-TD1-01_mptf.conllu,2,0,0
ān,PRON,root,0,0,0,1,1,1928,447,kōf,NOUN,nmod,3,1,3,4,3,0,0,0,0.0,False,False,GBd-TD1-01_mptf.conllu,2,0,0
kōf,NOUN,nmod,0,0,0,1,1,447,38,abursēn,PROPN,nmod,0,1,2,3,1,0,1,1,0.0,False,False,GBd-TD1-01_mptf.conllu,1,0,0
kōf,NOUN,nsubj,0,0,0,1,1,447,6,gyāhōmand,PROPN,nmod,0,1,3,2,1,0,1,1,0.25,False,False,GBd-TD1-01_mptf.conllu,1,0,0
kōf,NOUN,conj,0,0,0,1,1,447,6,wafrōmand,PROPN,nmod,0,1,2,1,1,0,1,1,0.0,False,False,GBd-TD1-01_mptf.conllu,1,0,0
kust,NOUN,obl,0,0,0,1,1,248,5,čīn,PROPN,nmod,0,1,2,2,1,0,1,1,1.0,False,False,GBd-TD1-01_mptf.conllu,1,0,0
spandyād,PROPN,nsubj,0,0,0,1,1,24,447,kōf,NOUN,appos,0,1,1,1,0,0,0,0,1.0,False,False,GBd-TD1-01_mptf.conllu,0,0,0
war,NOUN,root,0,0,0,1,1,328,14,rēwand,PROPN,nmod,0,1,2,4,2,0,1,1,0.0,False,False,GBd-TD1-01_mptf.conllu,1,0,0
rēwand,PROPN,nmod,0,0,0,1,1,14,447,kōf,NOUN,appos,0,1,1,2,0,0,0,0,0.0,False,False,GBd-TD1-01_mptf.conllu,0,0,0
kudrawasp,PROPN,nsubj,0,0,0,1,1,6,447,kōf,NOUN,appos,0,1,4,2,0,0,0,0,0.5,False,False,GBd-TD1-01_mptf.conllu,0,0,0
tūs,PROPN,root,0,0,0,1,1,8,194,šahr,NOUN,appos,0,1,5,4,0,0,0,0,0.0,False,False,GBd-TD1-01_mptf.conllu,0,0,0
war,NOUN,nsubj,0,0,0,1,1,328,14,sūwar,PROPN,nmod,0,1,2,1,1,0,1,1,1.0,False,False,GBd-TD1-01_mptf.conllu,1,0,0
sar,NOUN,acl:relcl,0,0,0,1,1,700,18258,=š,PRON,nmod,3,2,3,4,0,0,0,0,0.0,False,False,GBd-TD1-01_mptf.conllu,1,0,0
kōf,NOUN,nsubj,0,0,0,1,1,447,6,rās,PROPN,nmod,0,1,1,1,0,0,1,0,1.0,False,False,GBd-TD1-01_mptf.conllu,1,0,0
usewand,PROPN,nsubj,0,0,0,1,1,14,447,kōf,NOUN,nmod,0,1,1,1,0,0,0,0,1.0,False,False,GBd-TD1-01_mptf.conllu,1,0,0
rōyišnōmand,PROPN,nsubj,0,0,0,1,1,7,447,kōf,NOUN,appos,0,1,1,1,0,0,0,0,0.3333333333333333,False,False,GBd-TD1-01_mptf.conllu,0,0,0
būm,NOUN,nsubj,0,0,0,1,1,103,447,kōf,NOUN,appos,0,1,1,1,0,0,0,0,0.25,False,False,GBd-TD1-01_mptf.conllu,0,0,0
kōfīhā,NOUN,obl,1,0,0,0,1,16,24,ōšmurd,ADJ,amod,0,1,2,3,1,1,0,1,0.3333333333333333,False,True,GBd-TD1-01_mptf.conllu,0,1,0
nām,NOUN,nsubj,0,1,0,1,1,528,18258,=š,PRON,nmod,0,2,2,2,1,1,0,1,0.6666666666666666,False,False,GBd-TD1-01_mptf.conllu,1,0,0
kōf,NOUN,nsubj,0,0,0,1,1,447,3,wanāft,PROPN,nmod,0,1,3,9,1,0,1,1,0.3333333333333333,False,False,GBd-TD1-01_mptf.conllu,1,0,0
kōf,NOUN,conj,0,0,0,1,1,447,6,aspranǰ,PROPN,nmod,0,1,1,1,0,0,1,0,0.0,False,False,GBd-TD1-01_mptf.conllu,1,0,0
kōf,NOUN,conj,0,0,0,1,1,447,6,pahrgar,PROPN,nmod,0,1,2,1,1,0,1,1,0.0,False,False,GBd-TD1-01_mptf.conllu,1,0,0
kōf,NOUN,conj,0,0,0,1,1,447,10,dambāwand,PROPN,nmod,0,1,2,1,1,0,1,1,0.0,False,False,GBd-TD1-01_mptf.conllu,1,0,0
kōf,NOUN,conj,0,0,0,1,1,447,9,rāzag,PROPN,nmod,0,1,2,1,1,0,1,1,0.0,False,False,GBd-TD1-01_mptf.conllu,1,0,0
kōf,NOUN,conj,0,0,0,1,1,447,75,zarrēn,PROPN,nmod,0,1,2,1,1,0,1,1,0.0,False,False,GBd-TD1-01_mptf.conllu,1,0,0
kōf,NOUN,conj,0,0,0,1,1,447,6,gēsbaxt,PROPN,nmod,0,1,2,1,1,0,1,1,0.0,False,False,GBd-TD1-01_mptf.conllu,1,0,0
kōf,NOUN,conj,0,0,0,1,1,447,6,dahnād,PROPN,nmod,0,1,2,1,1,0,1,1,0.0,False,False,GBd-TD1-01_mptf.conllu,1,0,0
kōf,NOUN,conj,0,0,0,1,1,447,6,mēzan,PROPN,nmod,0,1,2,1,1,0,1,1,0.0,False,False,GBd-TD1-01_mptf.conllu,1,0,0
dahnād,PROPN,nsubj,0,0,0,1,1,6,447,kōf,NOUN,appos,0,1,1,1,0,0,0,0,0.3333333333333333,False,False,GBd-TD1-01_mptf.conllu,0,0,0
abursēn,PROPN,obl,0,0,0,1,1,38,447,kōf,NOUN,appos,0,1,1,2,0,0,0,0,1.0,False,False,GBd-TD1-01_mptf.conllu,0,0,0
dambāwand,PROPN,nsubj,0,0,0,1,1,10,447,kōf,NOUN,appos,0,1,1,1,0,0,0,0,0.5,False,False,GBd-TD1-01_mptf.conllu,0,0,0
kōf,NOUN,nsubj,0,0,0,1,1,447,11,kōmīš,PROPN,nmod,1,1,3,2,2,0,1,1,0.3333333333333333,False,False,GBd-TD1-01_mptf.conllu,1,0,0
kōf,NOUN,obj,0,0,0,1,1,447,11,kōmīš,PROPN,nmod,0,1,2,1,1,0,1,1,0.5,False,False,GBd-TD1-01_mptf.conllu,1,0,0
kōf,NOUN,xcomp,0,0,0,1,1,447,6,madōfrayād,PROPN,nmod,0,1,2,1,1,0,1,1,0.0,False,False,GBd-TD1-01_mptf.conllu,1,0,0
kārēzār,NOUN,obl,0,0,0,1,1,29,2158,dēn,NOUN,nmod,0,1,2,2,1,0,0,1,0.14285714285714285,True,False,GBd-TD1-01_mptf.conllu,1,0,0
wanād,PROPN,nsubj,0,0,0,1,1,3,447,kōf,NOUN,appos,0,1,1,1,0,0,0,0,0.5,False,False,GBd-TD1-01_mptf.conllu,0,0,0
pušt,NOUN,root,0,0,0,1,1,88,235,wištāspān,PROPN,nmod,0,1,6,6,0,0,1,0,0.0,False,False,GBd-TD1-01_mptf.conllu,1,0,0
mān,NOUN,acl:relcl,0,0,0,1,1,413,169,ādur,NOUN,nmod,0,1,3,2,2,0,0,1,0.0,False,False,GBd-TD1-01_mptf.conllu,1,0,0
ādur,NOUN,nmod,0,0,0,1,1,168,31,burzēnmihr,PROPN,nmod,0,1,2,2,1,0,1,1,0.0,False,False,GBd-TD1-01_mptf.conllu,1,0,0
frasang,NOUN,conj,0,0,0,1,1,61,54,rōn,NOUN,nmod,2,1,5,5,2,0,0,0,0.0,False,False,GBd-TD1-01_mptf.conllu,1,0,0
rōn,NOUN,nmod,0,0,0,1,1,54,9,xwarōrān,NOUN,nmod,0,2,1,2,0,0,0,0,0.0,False,False,GBd-TD1-01_mptf.conllu,1,0,0
bašn,NOUN,nsubj,0,0,0,1,1,14,9,rāzag,PROPN,nmod,0,2,1,1,0,0,1,0,1.0,False,False,GBd-TD1-01_mptf.conllu,1,0,0
bašn,NOUN,orphan,0,0,0,1,1,14,9,rāzag,PROPN,nmod,0,2,1,1,0,0,1,0,0.0,False,False,GBd-TD1-01_mptf.conllu,1,0,0
karā,PROPN,xcomp,0,0,0,0,1,6,29,diz,NOUN,appos,0,1,1,1,0,0,0,0,0.0,False,False,GBd-TD1-01_mptf.conllu,0,0,0
būm,NOUN,root,0,0,0,1,1,103,3,sirāb,PROPN,nmod,0,2,2,4,0,0,1,0,0.0,False,False,GBd-TD1-01_mptf.conllu,1,0,0
kōf,NOUN,nsubj,0,0,0,1,1,447,6,aspranǰ,PROPN,nmod,0,1,2,1,1,0,1,1,1.0,False,False,GBd-TD1-01_mptf.conllu,1,0,0
kōf,NOUN,nsubj,0,0,0,1,1,447,5,marag,PROPN,nmod,0,1,2,1,1,0,1,1,1.0,False,False,GBd-TD1-01_mptf.conllu,1,0,0
kōf,NOUN,nsubj,0,0,0,1,1,447,75,zarrēn,PROPN,nmod,0,1,2,1,1,0,1,1,1.0,False,False,GBd-TD1-01_mptf.conllu,1,0,0
kōf,NOUN,nsubj,0,0,0,1,1,447,3,behistūn,PROPN,nmod,0,1,2,1,1,0,1,1,1.0,False,False,GBd-TD1-01_mptf.conllu,1,0,0
spāhān,PROPN,root,0,0,0,1,1,16,3,garmēnišān,PROPN,nmod,0,1,3,4,0,0,1,0,0.0,False,False,GBd-TD1-01_mptf.conllu,1,0,0
abārīg,PRON,obj,0,0,1,1,1,942,115,mar,NOUN,nmod,2,1,2,2,2,0,0,0,1.0,False,False,GBd-TD1-01_mptf.conllu,1,0,0
kōf,NOUN,xcomp,0,0,0,1,1,447,103,būm,NOUN,nmod,0,1,1,1,0,0,0,0,0.0,False,False,GBd-TD1-01_mptf.conllu,1,0,0
dēn,NOUN,obl,0,1,0,1,1,2149,595,māzdēsnān,NOUN,nmod,0,1,2,2,1,0,0,1,0.3333333333333333,False,False,GBd-TD1-01_mptf.conllu,1,0,0
čiyōnīh,NOUN,root,0,1,0,1,1,143,287,zrēyān,NOUN,nmod,0,1,1,3,0,0,0,0,0.0,False,False,GBd-TD1-01_mptf.conllu,1,0,0
zrēh,NOUN,nsubj,0,0,0,1,1,287,117,frāxkard,PROPN,nmod,0,1,2,1,1,0,1,1,0.6666666666666666,False,False,GBd-TD1-01_mptf.conllu,1,0,0
kust,NOUN,obl,0,0,0,1,1,248,106,nēmrōz,NOUN,nmod,0,1,1,2,0,0,0,0,1.0,False,False,GBd-TD1-01_mptf.conllu,1,0,0
kanārag,NOUN,obl:lmod,0,0,0,1,1,41,129,harborz,PROPN,nmod,0,1,2,1,1,0,1,1,0.0,False,False,GBd-TD1-01_mptf.conllu,1,0,0
čašmagān,NOUN,orphan,1,0,0,1,1,37,64,ardwīsūr,PROPN,nmod,0,1,2,1,1,0,1,1,0.0,False,False,GBd-TD1-01_mptf.conllu,1,0,0
xānīgān,NOUN,xcomp,1,0,0,1,1,19,328,war,NOUN,nmod,0,1,2,1,1,0,0,1,0.0,False,False,GBd-TD1-01_mptf.conllu,1,0,0
frasang,NOUN,acl:relcl,0,0,0,1,1,61,460,meh,ADJ,amod,0,1,1,4,0,0,0,0,0.0,False,False,GBd-TD1-01_mptf.conllu,0,1,0
čašmagān,NOUN,obl,1,0,0,1,1,37,64,ardwīsūr,PROPN,nmod,0,1,2,2,1,0,1,1,0.8333333333333334,False,False,GBd-TD1-01_mptf.conllu,1,0,0
kōf,NOUN,nsubj,0,0,0,1,1,447,129,harborz,PROPN,nmod,0,1,2,1,1,0,1,1,0.5,False,False,GBd-TD1-01_mptf.conllu,1,0,0
nāyīzag,NOUN,obj,0,0,0,1,1,12,75,zarrēn,ADJ,amod,0,1,2,3,1,0,0,1,1.0,False,False,GBd-TD1-01_mptf.conllu,0,1,0
hugar,PROPN,obl,0,0,0,1,1,26,136,buland,ADJ,amod,0,1,2,2,1,0,0,1,0.5,False,False,GBd-TD1-01_mptf.conllu,0,1,0
bālist,NOUN,obl,0,0,0,1,1,135,16587,ān,PRON,nmod,0,1,1,2,0,0,0,0,0.625,False,False,GBd-TD1-01_mptf.conllu,1,0,0
nāyīzag,NOUN,obl,0,0,0,1,1,12,473,ǰud,ADJ,amod,0,2,2,3,0,0,0,0,1.0,False,False,GBd-TD1-01_mptf.conllu,0,2,0
nāyīzag,NOUN,obl,0,0,0,1,1,12,75,zarrēn,ADJ,amod,0,1,2,3,1,0,0,1,1.0,False,False,GBd-TD1-01_mptf.conllu,0,2,0
bālā,NOUN,obl,0,0,0,0,1,86,2069,mard,NOUN,nmod,0,2,2,2,1,0,0,0,0.25,False,False,GBd-TD1-01_mptf.conllu,1,0,0
nāyīzag,NOUN,obl,0,0,0,1,1,12,213,tāg,NOUN,nmod,0,1,2,3,2,1,0,1,0.5,False,False,GBd-TD1-01_mptf.conllu,1,0,0
wišādag,NOUN,nsubj,0,0,0,1,1,3,75,zarrēn,ADJ,amod,0,1,2,1,1,0,0,1,0.75,True,False,GBd-TD1-01_mptf.conllu,0,1,0
kōf,NOUN,obl,0,0,0,1,1,447,9,usindām,PROPN,nmod,0,1,2,2,1,0,1,1,1.0,False,False,GBd-TD1-01_mptf.conllu,1,0,0
zrēh,NOUN,obl,0,0,0,1,1,287,117,frāxkard,PROPN,nmod,0,1,2,2,1,0,1,1,0.14285714285714285,False,False,GBd-TD1-01_mptf.conllu,1,0,0
yōǰdahrīh,NOUN,obl,0,0,0,1,1,85,287,zrēh,NOUN,nmod,0,1,1,2,0,0,0,0,0.42857142857142855,False,False,GBd-TD1-01_mptf.conllu,1,0,0
huškīh,NOUN,obj,0,0,0,1,0,67,58,andarwāy,NOUN,nmod,0,1,2,1,1,0,0,1,1.0,False,False,GBd-TD1-01_mptf.conllu,1,0,0
hugar,PROPN,ccomp,0,0,0,1,1,26,136,buland,ADJ,amod,0,1,6,3,1,0,0,1,0.0,False,False,GBd-TD1-01_mptf.conllu,0,1,0
ardwīsūr,PROPN,nsubj,0,0,0,1,1,62,21,awinast,ADJ,amod,0,1,2,1,1,0,0,1,0.6666666666666666,False,False,GBd-TD1-01_mptf.conllu,0,1,0
bālā,NOUN,obl,0,0,0,0,1,86,40,wīr,NOUN,nmod,0,2,2,1,1,0,0,0,1.0,False,False,GBd-TD1-01_mptf.conllu,1,0,0
zrēyīhā,NOUN,nsubj,1,0,0,0,1,287,17,sōr,ADJ,amod,0,1,2,1,1,0,0,1,1.0,False,False,GBd-TD1-01_mptf.conllu,0,1,0
bun,NOUN,advcl,0,0,0,1,1,959,1249,gēhān,NOUN,nmod,0,2,1,1,0,0,0,0,0.0,False,False,GBd-TD1-01_mptf.conllu,1,0,0
āb,NOUN,nsubj,0,0,0,1,1,2066,27,pūytīk,PROPN,nmod,0,2,4,2,0,0,1,0,0.3333333333333333,False,False,GBd-TD1-01_mptf.conllu,1,0,0
kust,NOUN,conj,0,0,0,1,1,248,287,zrēh,NOUN,nmod,0,1,2,2,2,0,0,1,0.0,False,False,GBd-TD1-01_mptf.conllu,1,0,0
zrēh,NOUN,nmod,0,0,0,1,1,287,117,frāxkard,PROPN,nmod,0,1,1,2,0,0,1,0,0.0,False,False,GBd-TD1-01_mptf.conllu,1,0,0
zrēh,NOUN,obl,0,0,0,1,1,287,117,frāxkard,PROPN,nmod,0,1,3,3,1,0,1,1,0.5,False,False,GBd-TD1-01_mptf.conllu,1,0,0
ān,PRON,conj,0,0,0,1,1,1928,27,pūtīk,PROPN,nmod,0,1,2,2,1,0,1,1,0.0,False,False,GBd-TD1-01_mptf.conllu,1,0,0
pahlūg,NOUN,nsubj,0,0,0,1,1,38,287,zrēh,NOUN,nmod,0,1,4,2,1,0,0,1,1.0,False,False,GBd-TD1-01_mptf.conllu,1,0,0
war,NOUN,xcomp,0,0,0,1,1,328,52,sadwēs,PROPN,nmod,0,1,2,1,1,0,1,1,0.0,False,False,GBd-TD1-01_mptf.conllu,1,0,0
zrēh,NOUN,obl,0,0,0,1,1,287,27,pūytīk,PROPN,nmod,0,1,2,2,1,0,1,1,0.6666666666666666,False,False,GBd-TD1-01_mptf.conllu,1,0,0
zrēh,NOUN,obl,0,0,0,1,1,287,117,frāxkard,PROPN,nmod,0,1,2,2,1,0,1,1,1.0,False,False,GBd-TD1-01_mptf.conllu,1,0,0
wād,NOUN,obl,0,0,0,1,1,422,230,wuzurg,ADJ,amod,0,1,2,3,1,0,0,1,0.5,False,False,GBd-TD1-01_mptf.conllu,0,2,0
wād,NOUN,obl,0,0,0,1,1,422,136,buland,ADJ,amod,1,1,2,3,1,0,0,1,0.5,False,False,GBd-TD1-01_mptf.conllu,0,2,0
war,NOUN,obl,0,0,0,1,1,328,52,sadwēs,PROPN,nmod,0,1,2,3,1,1,1,1,1.0,False,False,GBd-TD1-01_mptf.conllu,1,0,0
frāxkard,PROPN,obl,0,1,0,1,1,116,57,čašmagān,NOUN,appos,0,1,2,2,1,0,0,0,0.5,False,False,GBd-TD1-01_mptf.conllu,0,0,0
čašmagān,NOUN,appos,1,0,0,1,1,37,64,ardwīsūr,PROPN,nmod,0,1,1,1,0,0,1,0,0.0,False,False,GBd-TD1-01_mptf.conllu,1,0,0
ān,PRON,nsubj,0,0,0,1,1,1928,384,dudīgar,ADJ,amod,0,1,2,1,1,0,0,1,0.75,False,False,GBd-TD1-01_mptf.conllu,0,1,0
band,NOUN,nsubj,0,0,0,1,1,147,287,zrēh,NOUN,nmod,1,1,2,1,2,0,0,1,0.3333333333333333,False,False,GBd-TD1-01_mptf.conllu,1,0,0
gardišn,NOUN,nsubj,0,0,0,1,1,25,18258,=š,PRON,nmod,0,2,1,1,0,0,0,0,1.0,True,False,GBd-TD1-01_mptf.conllu,1,0,0
band,NOUN,nsubj,0,0,0,1,1,147,52,sadwēs,PROPN,nmod,1,1,2,2,1,0,1,1,0.16666666666666666,False,False,GBd-TD1-01_mptf.conllu,1,0,0
kust,NOUN,conj,0,0,0,1,1,248,106,nēmrōz,NOUN,nmod,0,1,1,2,0,0,0,0,0.0,False,False,GBd-TD1-01_mptf.conllu,1,0,0
kust,NOUN,nsubj,0,0,0,1,1,248,154,abāxtar,NOUN,nmod,0,1,2,2,1,0,0,1,1.0,False,False,GBd-TD1-01_mptf.conllu,1,0,0
pēš,NOUN,obl,0,0,0,1,1,7,690,māh,NOUN,nmod,0,1,2,2,1,0,0,1,0.5,False,False,GBd-TD1-01_mptf.conllu,1,0,0
māništ,NOUN,nsubj,0,1,0,1,1,24,4718,=šān,PRON,nmod,0,2,1,1,0,0,0,0,1.0,False,False,GBd-TD1-01_mptf.conllu,1,0,0
war,NOUN,acl:relcl,0,0,0,1,1,328,52,sadwēs,PROPN,nmod,0,1,2,4,1,0,1,1,0.0,False,False,GBd-TD1-01_mptf.conllu,1,0,0
ān,PRON,nsubj,0,0,0,1,1,1928,8,ulāhang,NOUN,nmod,0,1,2,1,1,0,0,1,0.3333333333333333,False,False,GBd-TD1-01_mptf.conllu,1,0,0
ān,PRON,nsubj,0,0,0,1,1,1928,8,frōdāhang,NOUN,nmod,0,1,2,1,1,0,0,1,0.6666666666666666,False,False,GBd-TD1-01_mptf.conllu,1,0,0
čiyōnīh,NOUN,nsubj,0,0,0,1,1,143,25,gardišn,NOUN,nmod,0,1,3,1,1,0,0,0,0.75,False,True,GBd-TD1-01_mptf.conllu,1,0,0
gardišn,NOUN,nmod,0,0,0,1,1,25,690,māh,NOUN,nmod,0,1,2,1,1,0,0,1,0.0,True,False,GBd-TD1-01_mptf.conllu,1,0,0
zrēh,NOUN,nsubj,0,0,0,1,1,287,6,kamrōdīg,PROPN,nmod,0,1,1,1,0,0,1,0,0.5,False,False,GBd-TD1-01_mptf.conllu,1,0,0
zrēyān,NOUN,nmod,1,0,0,1,1,287,154,keh,ADJ,amod,0,1,2,1,1,0,0,1,0.0,False,False,GBd-TD1-01_mptf.conllu,0,1,0
ān,PRON,nsubj,0,1,0,1,1,1928,287,zrēyān,NOUN,nmod,1,2,3,2,1,0,0,0,1.0,False,False,GBd-TD1-01_mptf.conllu,2,0,0
ān,PRON,nsubj,0,0,0,1,1,1928,60,warm,NOUN,nmod,0,1,3,2,1,0,0,1,1.0,False,False,GBd-TD1-01_mptf.conllu,2,0,0
zrēh,NOUN,root,0,0,0,1,0,287,23,kayānsē,PROPN,nmod,0,1,4,4,1,0,1,1,0.0,False,False,GBd-TD1-01_mptf.conllu,1,0,0
zrē,NOUN,obl,0,0,0,0,1,287,154,keh,ADJ,amod,0,1,2,2,1,0,0,1,0.5,False,False,GBd-TD1-01_mptf.conllu,0,1,0
āb,NOUN,nsubj,0,0,0,1,1,2066,31,šīrēn,ADJ,amod,0,1,1,1,0,0,0,0,1.0,False,False,GBd-TD1-01_mptf.conllu,0,1,0
zrēyīhā,NOUN,obl,1,0,0,0,1,287,17,sōr,ADJ,amod,0,1,1,2,0,1,0,0,0.3333333333333333,False,False,GBd-TD1-01_mptf.conllu,0,1,0
gandagīh,NOUN,obl,0,0,0,1,1,35,96,nazdīk,NOUN,nmod,0,2,2,2,1,0,0,0,0.6666666666666666,False,False,GBd-TD1-01_mptf.conllu,1,0,0
zanišn,NOUN,obl,0,0,0,1,1,245,633,X,NOUN,nmod,0,1,2,2,1,0,0,1,0.3333333333333333,True,False,GBd-TD1-01_mptf.conllu,1,0,0
čiyōnīh,NOUN,root,0,1,0,1,0,143,347,rōdīhā,NOUN,nmod,0,1,2,3,1,0,0,1,0.0,False,False,GBd-TD1-01_mptf.conllu,1,0,0
nēmag,NOUN,obl,0,0,0,1,1,103,154,abāxtar,NOUN,nmod,0,2,1,2,0,0,0,0,0.6,False,False,GBd-TD1-01_mptf.conllu,1,0,0
marag,NOUN,obl,0,0,0,1,1,44,833,was,ADJ,amod,0,2,1,2,0,0,0,0,1.0,False,False,GBd-TD1-01_mptf.conllu,0,1,0
āb,NOUN,nsubj,0,1,0,1,1,2066,4718,awēšān,PRON,nmod,0,2,1,2,0,0,0,0,0.5,False,False,GBd-TD1-01_mptf.conllu,1,0,0
hrang,PROPN,acl:relcl,0,0,0,1,1,15,347,rōd,NOUN,appos,0,1,2,4,0,0,0,0,0.0,False,False,GBd-TD1-01_mptf.conllu,0,0,0
kanārag,NOUN,obl,0,0,0,1,1,41,1276,zamīg,NOUN,nmod,0,1,2,2,1,0,0,1,0.6666666666666666,False,False,GBd-TD1-01_mptf.conllu,1,0,0
zrēh,NOUN,obl,0,0,0,1,1,287,117,frāxkard,PROPN,nmod,0,1,2,2,1,0,1,1,0.25,False,False,GBd-TD1-01_mptf.conllu,1,0,0
mēnōy,NOUN,nsubj,0,0,0,0,1,1405,15,hrang,PROPN,nmod,0,1,1,1,0,0,1,0,0.14285714285714285,False,False,GBd-TD1-01_mptf.conllu,1,0,0
mēnōy,NOUN,nsubj,0,0,0,0,1,1405,16,wehrōd,PROPN,nmod,1,1,1,2,0,0,1,0,0.3333333333333333,False,False,GBd-TD1-01_mptf.conllu,1,0,0
hrang,PROPN,obl,0,0,0,1,1,15,347,rōd,NOUN,appos,0,1,1,2,0,0,0,0,1.0,False,False,GBd-TD1-01_mptf.conllu,0,0,0
dōšāram,NOUN,obl,0,0,0,1,1,69,2654,ēk,NUM,nmod,1,1,3,4,0,0,0,0,0.3333333333333333,False,False,GBd-TD1-01_mptf.conllu,2,0,0
dōšāram,NOUN,obl,0,0,0,1,1,69,475,did,PRON,nmod,4,1,3,4,1,0,0,0,0.3333333333333333,False,False,GBd-TD1-01_mptf.conllu,2,0,0
zōrīh,NOUN,obl,0,0,0,1,1,12,1406,ham,DET,amod,0,2,1,2,0,0,0,0,0.6666666666666666,False,False,GBd-TD1-01_mptf.conllu,0,1,0
madan,NOUN,obl,0,0,0,1,1,68,181,ēbgat,NOUN,nmod,0,1,2,2,1,0,0,1,1.0,True,False,GBd-TD1-01_mptf.conllu,1,0,0
rōd,NOUN,dislocated:topic,0,0,0,1,1,347,109,mādagwar,ADJ,amod,0,1,4,5,1,1,0,1,0.0,False,False,GBd-TD1-01_mptf.conllu,0,1,0
arand,PROPN,dislocated:topic,0,0,0,1,1,11,347,rōd,NOUN,appos,0,1,4,24,0,0,0,0,0.0,False,False,GBd-TD1-01_mptf.conllu,0,0,0
dargam,PROPN,conj,0,0,0,1,1,3,347,rōd,NOUN,appos,0,1,1,1,0,0,0,0,0.0,False,False,GBd-TD1-01_mptf.conllu,0,0,0
zand,PROPN,conj,0,0,0,1,1,170,347,rōd,NOUN,appos,0,1,1,1,0,0,0,0,0.0,False,False,GBd-TD1-01_mptf.conllu,0,0,0
harēw,PROPN,conj,0,0,0,0,1,16,347,rōd,NOUN,appos,0,1,1,1,0,0,0,0,0.0,False,False,GBd-TD1-01_mptf.conllu,0,0,0
marw,PROPN,conj,0,0,0,0,1,18,347,rōd,NOUN,appos,0,1,1,1,0,0,0,0,0.0,False,False,GBd-TD1-01_mptf.conllu,0,0,0
hēdumand,PROPN,conj,0,0,0,1,1,8,347,rōd,NOUN,appos,0,1,1,1,0,0,0,0,0.0,False,False,GBd-TD1-01_mptf.conllu,0,0,0
axwšīr,PROPN,conj,0,0,0,1,1,6,347,rōd,NOUN,appos,0,1,1,1,0,0,0,0,0.0,False,False,GBd-TD1-01_mptf.conllu,0,0,0
wataēnī,PROPN,conj,0,0,0,0,1,9,347,rōd,NOUN,appos,0,1,1,1,0,0,0,0,0.0,False,False,GBd-TD1-01_mptf.conllu,0,0,0
zišmund,PROPN,conj,0,0,0,1,1,6,347,rōd,NOUN,appos,0,1,1,1,0,0,0,0,0.0,False,False,GBd-TD1-01_mptf.conllu,0,0,0
xwaǰand,PROPN,conj,0,0,0,1,1,9,347,rōd,NOUN,appos,0,1,1,1,0,0,0,0,0.0,False,False,GBd-TD1-01_mptf.conllu,0,0,0
baxl,PROPN,conj,0,0,0,1,1,16,347,rōd,NOUN,appos,0,1,1,1,0,0,0,0,0.0,False,False,GBd-TD1-01_mptf.conllu,0,0,0
mihrān,PROPN,conj,0,0,0,1,1,5,347,rōd,NOUN,appos,0,1,3,2,0,0,0,0,0.0,False,False,GBd-TD1-01_mptf.conllu,0,0,0
hindūgān,PROPN,xcomp,1,0,0,1,1,16,2,rōd,NOUN,appos,0,1,1,2,0,0,0,0,0.0,False,False,GBd-TD1-01_mptf.conllu,0,0,0
spēd,PROPN,conj,0,0,0,1,1,8,347,rōd,NOUN,appos,0,1,1,1,0,0,0,0,0.0,False,False,GBd-TD1-01_mptf.conllu,0,0,0
turd,PROPN,conj,0,0,0,1,1,6,347,rōd,NOUN,appos,0,1,3,2,0,0,0,0,0.0,False,False,GBd-TD1-01_mptf.conllu,0,0,0
ulē,PROPN,conj,0,0,0,0,1,12,347,rōd,NOUN,appos,0,1,3,2,0,0,0,0,0.0,False,False,GBd-TD1-01_mptf.conllu,0,0,0
araz,PROPN,conj,0,0,0,1,1,6,347,rōd,NOUN,appos,0,1,1,1,0,0,0,0,0.0,False,False,GBd-TD1-01_mptf.conllu,0,0,0
turmid,PROPN,conj,0,0,0,1,1,6,347,rōd,NOUN,appos,0,1,1,1,0,0,0,0,0.0,False,False,GBd-TD1-01_mptf.conllu,0,0,0
wandīš,PROPN,conj,0,0,0,1,1,3,347,rōd,NOUN,appos,0,1,1,1,0,0,0,0,0.0,False,False,GBd-TD1-01_mptf.conllu,0,0,0
dārāǰa,PROPN,conj,0,0,0,0,1,8,347,rōd,NOUN,appos,0,1,1,1,0,0,0,0,0.0,False,False,GBd-TD1-01_mptf.conllu,0,0,0
kāsag,PROPN,conj,0,0,0,1,1,12,347,rōd,NOUN,appos,0,1,1,1,0,0,0,0,0.0,False,False,GBd-TD1-01_mptf.conllu,0,0,0
dāyt,PROPN,conj,0,0,0,1,1,60,347,rōd,NOUN,appos,0,1,1,1,0,0,0,0,0.0,False,False,GBd-TD1-01_mptf.conllu,0,0,0
paydāgmēhan,PROPN,conj,0,0,0,1,1,6,347,rōd,NOUN,appos,0,1,1,1,0,0,0,0,0.0,False,False,GBd-TD1-01_mptf.conllu,0,0,0
čihrōmēhan,PROPN,conj,0,0,0,1,1,16,2067,āb,NOUN,appos,0,1,1,1,0,0,0,0,0.0,False,False,GBd-TD1-01_mptf.conllu,0,0,0
makurestān,PROPN,conj,0,0,0,1,1,3,347,rōd,NOUN,appos,0,1,1,1,0,0,0,0,0.0,False,False,GBd-TD1-01_mptf.conllu,0,0,0
gugān,NOUN,obj,0,1,0,1,1,47,4718,=šān,PRON,nmod,0,2,1,1,0,0,0,0,1.0,False,False,GBd-TD1-01_mptf.conllu,1,0,0
arand,PROPN,nsubj,0,0,0,1,1,11,347,rōd,NOUN,appos,0,1,1,1,0,0,0,0,0.25,False,False,GBd-TD1-01_mptf.conllu,0,0,0
būm,NOUN,obl,0,0,0,1,1,103,3,sūrag,PROPN,nmod,0,2,4,2,1,0,1,0,0.75,False,False,GBd-TD1-01_mptf.conllu,1,0,0
būm,NOUN,obl,0,0,0,1,1,103,3,yegiptos,PROPN,nmod,0,2,4,1,2,0,1,0,1.0,False,False,GBd-TD1-01_mptf.conllu,1,0,0
rōd,NOUN,xcomp,0,0,0,1,1,347,20,tag,ADJ,amod,0,1,2,2,1,0,0,1,0.0,False,True,GBd-TD1-01_mptf.conllu,0,1,0
rōd,NOUN,xcomp,0,0,0,1,1,347,3,spitōis,PROPN,appos,1,1,2,2,0,0,1,0,0.0,False,False,GBd-TD1-01_mptf.conllu,0,1,0
būm,NOUN,obl,0,0,0,1,1,103,10,sind,PROPN,nmod,0,2,1,1,0,0,1,0,0.6,False,False,GBd-TD1-01_mptf.conllu,1,0,0
mihrān,PROPN,xcomp,0,0,0,1,1,5,347,rōd,NOUN,appos,0,1,1,1,0,0,0,0,0.0,False,False,GBd-TD1-01_mptf.conllu,0,0,0
hindūgān,PROPN,xcomp,1,0,0,1,1,16,2,rōd,NOUN,appos,0,1,1,2,0,0,0,0,0.0,False,False,GBd-TD1-01_mptf.conllu,0,0,0
rōd,NOUN,nsubj,0,0,0,1,1,347,8,frād,PROPN,nmod,0,2,1,2,0,0,1,0,0.25,False,False,GBd-TD1-01_mptf.conllu,2,0,0
rōd,NOUN,nsubj,0,0,0,1,1,347,36,bunxān,NOUN,nmod,0,1,1,2,0,0,0,0,0.25,False,False,GBd-TD1-01_mptf.conllu,2,0,0
wimand,NOUN,obl,0,0,0,1,1,91,29,hrōm,PROPN,nmod,0,1,2,2,1,0,1,1,0.5,False,False,GBd-TD1-01_mptf.conllu,1,0,0
frādīh,NOUN,nsubj,0,0,0,1,1,3,18258,=š,PRON,nmod,0,2,1,1,0,0,0,0,0.3333333333333333,False,False,GBd-TD1-01_mptf.conllu,1,0,0
frād,PROPN,obj,0,0,0,1,1,8,3,purrmāhīg,ADJ,amod,0,1,4,2,1,0,0,1,0.25,False,False,GBd-TD1-01_mptf.conllu,0,1,0
ruwān,NOUN,obl,0,0,0,1,1,1224,2375,xwēš,PRON,amod,0,2,1,2,0,0,0,0,0.5,False,False,GBd-TD1-01_mptf.conllu,0,1,0
diglit,PROPN,nsubj,0,0,0,1,1,18,347,rōd,NOUN,appos,0,1,1,1,0,0,0,0,0.25,False,False,GBd-TD1-01_mptf.conllu,0,0,0
dāytī,PROPN,nsubj,0,0,0,0,1,60,347,rōd,NOUN,appos,0,1,1,1,0,0,0,0,0.3333333333333333,False,False,GBd-TD1-01_mptf.conllu,0,0,0
dāytī,PROPN,nsubj,0,0,0,0,1,60,347,rōd,NOUN,appos,0,1,1,1,0,0,0,0,1.0,False,False,GBd-TD1-01_mptf.conllu,0,0,0
dargām,PROPN,nsubj,0,0,0,1,1,3,347,rōd,NOUN,appos,0,1,1,1,0,0,0,0,1.0,False,False,GBd-TD1-01_mptf.conllu,0,0,0
zand,PROPN,nsubj,0,0,0,1,1,170,347,rōd,NOUN,appos,0,1,1,1,0,0,0,0,0.3333333333333333,False,False,GBd-TD1-01_mptf.conllu,0,0,0
kōf,NOUN,obl,0,0,0,1,1,447,3,panǰestān,PROPN,nmod,0,1,2,2,1,0,1,1,0.6666666666666666,False,False,GBd-TD1-01_mptf.conllu,1,0,0
harēw,PROPN,obl,0,0,0,0,1,16,347,rōd,NOUN,appos,0,1,2,2,0,0,0,0,1.0,False,False,GBd-TD1-01_mptf.conllu,0,0,0
harēw,PROPN,nsubj,0,0,0,0,1,16,347,rōd,NOUN,appos,0,1,1,1,0,0,0,0,0.5,False,False,GBd-TD1-01_mptf.conllu,0,0,0
hēdumand,PROPN,nsubj,0,0,0,1,1,8,347,rōd,NOUN,appos,0,1,1,1,0,0,0,0,0.5,False,False,GBd-TD1-01_mptf.conllu,0,0,0
bun,NOUN,nsubj,0,0,0,1,1,959,34,xān,NOUN,nmod,0,1,2,1,2,0,0,1,1.0,False,False,GBd-TD1-01_mptf.conllu,1,0,0
xān,NOUN,nmod,0,0,0,1,1,34,18258,=š,PRON,nmod,1,2,1,2,0,0,0,0,0.0,False,False,GBd-TD1-01_mptf.conllu,1,0,0
rōd,NOUN,nsubj,0,0,0,1,1,347,6,axwšīr,PROPN,nmod,0,1,2,1,1,0,1,1,1.0,False,False,GBd-TD1-01_mptf.conllu,1,0,0
zišmund,PROPN,nsubj,0,0,0,1,1,6,347,rōd,NOUN,appos,0,1,1,1,0,0,0,0,0.3333333333333333,False,False,GBd-TD1-01_mptf.conllu,0,0,0
kust,NOUN,obl,0,0,0,1,1,248,4,sūt,PROPN,nmod,0,1,2,2,1,0,1,1,0.6666666666666666,False,False,GBd-TD1-01_mptf.conllu,1,0,0
xwaǰand,PROPN,obl,0,0,0,1,1,9,347,rōd,NOUN,appos,0,1,2,2,0,0,0,0,1.0,False,False,GBd-TD1-01_mptf.conllu,0,0,0
xwaǰand,PROPN,nsubj,0,0,0,1,1,9,347,rōd,NOUN,appos,0,1,1,1,0,0,0,0,0.5,False,False,GBd-TD1-01_mptf.conllu,0,0,0
fragān,PROPN,obl,0,0,0,1,1,20,3,sumarkand,PROPN,nmod,0,2,1,2,0,0,1,0,1.0,False,False,GBd-TD1-01_mptf.conllu,1,0,0
rōd,NOUN,xcomp,0,0,0,1,1,347,633,X,PROPN,nmod,1,1,1,2,0,0,1,0,0.0,False,False,GBd-TD1-01_mptf.conllu,1,0,0
marw,PROPN,nsubj,0,0,0,0,1,18,347,rōd,NOUN,appos,0,1,1,2,0,0,0,0,0.3333333333333333,False,False,GBd-TD1-01_mptf.conllu,0,1,0
marw,PROPN,nsubj,0,0,0,0,1,18,89,xwarrahōmand,ADJ,amod,1,1,1,2,0,0,0,0,0.3333333333333333,False,False,GBd-TD1-01_mptf.conllu,0,1,0
baxl,PROPN,nsubj,0,0,0,1,1,16,347,rōd,NOUN,appos,0,1,1,1,0,0,0,0,0.25,False,False,GBd-TD1-01_mptf.conllu,0,0,0
kōf,NOUN,obl,0,0,0,1,1,447,3,bāmīgān,PROPN,nmod,0,1,2,1,1,0,1,1,0.75,False,False,GBd-TD1-01_mptf.conllu,1,0,0
weh,PROPN,obl,0,0,0,1,1,339,347,rōd,NOUN,appos,0,1,2,2,0,0,0,0,1.0,False,False,GBd-TD1-01_mptf.conllu,0,0,0
spēd,PROPN,nsubj,0,0,0,1,1,8,347,rōd,NOUN,appos,0,1,1,1,0,0,0,0,1.0,False,False,GBd-TD1-01_mptf.conllu,0,0,0
turd,PROPN,nsubj,0,0,0,1,1,6,347,rōd,NOUN,appos,0,1,3,2,0,0,0,0,0.3333333333333333,False,False,GBd-TD1-01_mptf.conllu,0,0,0
zrēyīh,NOUN,obl,0,0,0,1,1,10,2,sīrāb,NOUN,nmod,0,1,1,2,0,0,0,0,0.6666666666666666,False,False,GBd-TD1-01_mptf.conllu,1,0,0
zrē,NOUN,obl,0,1,0,0,1,3,1,gurgān,NOUN,nmod,0,1,2,2,2,0,0,0,1.0,False,False,GBd-TD1-01_mptf.conllu,1,0,0
zahābag,NOUN,nsubj,0,0,0,1,1,6,347,rōd,NOUN,nmod,1,1,2,1,2,0,0,1,0.25,False,False,GBd-TD1-01_mptf.conllu,1,0,0
ulē,PROPN,nsubj,0,0,0,0,1,12,347,rōd,NOUN,appos,0,1,1,1,0,0,0,0,0.2,False,False,GBd-TD1-01_mptf.conllu,0,0,0
diglit,PROPN,obl,0,0,0,1,1,18,347,rōd,NOUN,appos,0,1,2,2,0,0,0,0,1.0,False,False,GBd-TD1-01_mptf.conllu,0,0,0
misragān,PROPN,xcomp,0,0,0,1,1,6,347,rōd,NOUN,appos,0,1,1,1,0,0,0,0,0.0,False,False,GBd-TD1-01_mptf.conllu,0,0,0
araz,PROPN,nsubj,0,0,0,1,1,6,347,rōd,NOUN,appos,0,1,1,1,0,0,0,0,1.0,False,False,GBd-TD1-01_mptf.conllu,0,0,0
bunxān,NOUN,nsubj,0,0,0,1,1,36,18258,=š,PRON,nmod,0,2,1,2,0,0,0,0,1.0,False,False,GBd-TD1-01_mptf.conllu,2,0,0
bunxān,NOUN,nsubj,0,0,0,1,1,36,633,X,PROPN,nmod,0,1,1,2,0,0,1,0,1.0,False,False,GBd-TD1-01_mptf.conllu,2,0,0
kōf,NOUN,root,0,0,0,1,1,447,10,dambāwand,PROPN,nmod,0,1,2,5,0,0,1,0,0.0,False,False,GBd-TD1-01_mptf.conllu,1,0,0
turmid,PROPN,nsubj,0,0,0,1,1,6,347,rōd,NOUN,appos,1,1,1,1,0,0,0,0,0.5,False,False,GBd-TD1-01_mptf.conllu,0,0,0
weh,PROPN,obl,0,0,0,1,1,339,347,rōd,NOUN,appos,0,1,1,1,0,0,0,0,1.0,False,False,GBd-TD1-01_mptf.conllu,0,0,0
wandasiš,PROPN,nsubj,0,0,0,1,1,3,347,rōd,NOUN,appos,0,1,1,1,0,0,0,0,1.0,False,False,GBd-TD1-01_mptf.conllu,0,0,0
kāsag,PROPN,nsubj,0,0,0,1,1,12,347,rōd,NOUN,appos,0,1,1,2,0,0,0,0,0.5,False,False,GBd-TD1-01_mptf.conllu,0,0,0
šahr,NOUN,obl,0,0,0,1,1,192,633,X,PROPN,nmod,0,2,1,3,0,0,1,0,1.0,False,False,GBd-TD1-01_mptf.conllu,1,0,0
kasīb,PROPN,xcomp,0,0,0,1,1,3,347,rōd,NOUN,appos,0,1,1,1,0,0,0,0,0.0,False,False,GBd-TD1-01_mptf.conllu,0,0,0
rōd,NOUN,root,0,0,0,1,1,347,1864,weh,ADJ,nmod,0,1,1,4,0,0,0,0,0.0,False,False,GBd-TD1-01_mptf.conllu,1,0,0
wataēnī,PROPN,obl,0,0,0,0,1,9,347,rōd,NOUN,appos,0,1,1,1,0,0,0,0,0.25,False,False,GBd-TD1-01_mptf.conllu,0,0,0
paydāgmēhan,PROPN,nsubj,0,0,0,1,1,6,347,rōd,NOUN,appos,0,1,1,1,0,0,0,0,1.0,False,False,GBd-TD1-01_mptf.conllu,0,0,0
čihrōmēhan,PROPN,root,0,0,0,1,1,16,2067,āb,NOUN,appos,0,1,3,3,1,0,0,0,0.0,False,False,GBd-TD1-01_mptf.conllu,0,0,0
āb,NOUN,appos,0,0,0,1,1,2066,41,kangdiz,PROPN,nmod,1,1,2,1,2,0,1,1,0.0,False,False,GBd-TD1-01_mptf.conllu,1,0,0
dārāǰa,PROPN,nsubj,0,0,0,0,1,8,347,rōd,NOUN,appos,0,1,6,2,0,0,0,0,0.5,False,False,GBd-TD1-01_mptf.conllu,0,0,0
mān,NOUN,nsubj,0,0,0,1,1,413,76,pōrušasp,PROPN,nmod,0,1,4,1,1,0,1,0,1.0,False,False,GBd-TD1-01_mptf.conllu,1,0,0
pōrušasp,PROPN,nmod,0,0,0,1,1,76,547,pidar,NOUN,appos,0,1,3,1,2,0,0,1,0.0,False,False,GBd-TD1-01_mptf.conllu,0,0,0
pidar,NOUN,appos,0,0,0,1,1,547,1747,zarduxšt,PROPN,nmod,0,1,2,2,1,0,1,1,0.0,False,False,GBd-TD1-01_mptf.conllu,1,0,0
bār,NOUN,acl:relcl,0,0,0,1,1,518,18258,=š,PRON,nmod,5,2,5,5,0,0,0,0,0.0,True,False,GBd-TD1-01_mptf.conllu,1,0,0
āb,NOUN,root,0,0,0,1,1,2066,28,amar,ADJ,amod,0,2,3,8,0,0,0,0,0.0,False,False,GBd-TD1-01_mptf.conllu,0,1,0
zrēh,NOUN,obl,0,0,0,1,0,287,23,kayānsē,PROPN,nmod,0,1,2,2,1,0,1,1,0.75,False,False,GBd-TD1-01_mptf.conllu,1,0,0
xān,NOUN,obj,0,1,0,1,1,34,2067,ābān,NOUN,nmod,0,1,3,3,0,0,0,0,1.0,False,False,GBd-TD1-01_mptf.conllu,1,0,0
zahā,NOUN,acl:relcl,0,0,0,0,1,50,224,asp,NOUN,nmod,0,2,2,7,0,0,0,0,0.0,False,False,GBd-TD1-01_mptf.conllu,1,0,0
zahā,NOUN,conj,0,0,0,0,1,50,64,uštar,NOUN,nmod,0,2,1,2,0,0,0,0,0.0,False,False,GBd-TD1-01_mptf.conllu,1,0,0
zahā,NOUN,conj,0,0,0,0,0,50,459,gāw,NOUN,nmod,0,2,1,1,0,0,0,0,0.0,False,False,GBd-TD1-01_mptf.conllu,1,0,0
zahā,NOUN,conj,0,0,0,0,1,50,73,xar,NOUN,nmod,0,2,1,1,0,0,0,0,0.0,False,False,GBd-TD1-01_mptf.conllu,1,0,0
xān,NOUN,obj,0,0,0,1,1,34,11,zarrēnōmand,ADJ,amod,0,1,3,2,1,0,0,1,0.75,False,False,GBd-TD1-01_mptf.conllu,0,1,0
hēdumand,PROPN,obj,0,0,0,1,1,8,347,rōd,NOUN,appos,0,1,1,1,0,0,0,0,1.0,False,False,GBd-TD1-01_mptf.conllu,0,0,0
xān,NOUN,obj,0,0,0,1,0,34,9,wataēnī,PROPN,nmod,0,1,4,1,2,0,1,0,0.5,False,False,GBd-TD1-01_mptf.conllu,1,0,0
wataēnī,PROPN,nmod,0,0,0,0,1,9,347,rōd,NOUN,appos,0,1,3,2,0,0,0,0,0.0,False,False,GBd-TD1-01_mptf.conllu,0,0,0
āb,NOUN,conj:nmod,0,0,0,1,1,2066,2,nāydāg,ADJ,amod,0,1,2,3,1,0,0,1,0.0,False,False,GBd-TD1-01_mptf.conllu,0,1,0
sardag,NOUN,obj,0,0,0,1,1,269,2067,āb,NOUN,nmod,0,1,1,2,0,0,0,0,0.18181818181818182,True,False,GBd-TD1-01_mptf.conllu,1,0,0
tazišn,NOUN,conj,0,0,0,1,1,33,184,garān,ADJ,amod,0,2,2,4,1,1,0,1,0.0,True,False,GBd-TD1-01_mptf.conllu,0,1,0
āb,NOUN,conj,0,0,0,1,1,2066,12,wārānīg,ADJ,amod,0,2,2,3,1,1,0,1,0.0,False,False,GBd-TD1-01_mptf.conllu,0,1,0
ān,PRON,conj,0,0,0,1,1,1928,7,čāhīg,ADJ,amod,0,1,3,4,1,0,0,1,0.0,False,False,GBd-TD1-01_mptf.conllu,0,1,0
ān,PRON,conj,0,0,0,1,1,1928,44,armēšt,ADJ,amod,0,1,2,2,1,0,0,1,0.0,False,False,GBd-TD1-01_mptf.conllu,0,1,0
šusr,NOUN,conj,0,1,0,1,1,91,834,gōspandān,NOUN,nmod,0,1,2,2,1,0,0,0,0.0,False,False,GBd-TD1-01_mptf.conllu,1,0,0
gōmēz,NOUN,conj,0,1,0,1,1,249,834,gōspandān,NOUN,nmod,0,1,3,2,2,0,0,1,0.0,False,False,GBd-TD1-01_mptf.conllu,1,0,0
xayūg,NOUN,conj,0,1,0,1,1,7,834,gōspandān,NOUN,nmod,0,1,3,2,2,0,0,1,0.0,False,False,GBd-TD1-01_mptf.conllu,1,0,0
āb,NOUN,conj,0,0,0,1,1,2066,61,pōst,NOUN,nmod,1,1,3,1,3,0,0,1,0.0,False,False,GBd-TD1-01_mptf.conllu,1,0,0
pōst,NOUN,nmod,0,1,0,1,1,60,834,gōspandān,NOUN,nmod,0,1,2,3,2,0,0,1,0.0,False,False,GBd-TD1-01_mptf.conllu,1,0,0
ars,NOUN,conj,0,1,0,1,1,14,834,gōspandān,NOUN,nmod,0,1,3,2,2,0,0,1,0.0,False,False,GBd-TD1-01_mptf.conllu,1,0,0
xōn,NOUN,conj,0,1,0,1,1,154,834,gōspandān,NOUN,nmod,0,1,2,2,2,0,0,1,0.0,False,False,GBd-TD1-01_mptf.conllu,1,0,0
rōγn,NOUN,conj,0,0,0,1,1,30,16587,ān,PRON,appos,0,1,4,2,1,0,0,0,0.0,False,False,GBd-TD1-01_mptf.conllu,0,0,0
āb,NOUN,conj,0,0,0,1,1,2066,18,hambowišnīh,NOUN,nmod,1,1,4,2,3,0,0,1,0.0,False,True,GBd-TD1-01_mptf.conllu,1,0,0
hambowišnīh,NOUN,nmod,0,1,0,1,1,16,834,gōspandān,NOUN,nmod,0,1,3,3,1,0,0,0,0.0,True,False,GBd-TD1-01_mptf.conllu,1,0,0
xwē,NOUN,conj,0,1,0,0,1,54,834,gōspandān,NOUN,nmod,0,1,3,2,2,0,0,1,0.0,False,False,GBd-TD1-01_mptf.conllu,1,0,0
ān,PRON,conj,0,0,0,1,1,1928,9,pusyān,NOUN,nmod,1,1,5,2,3,0,0,1,0.0,False,False,GBd-TD1-01_mptf.conllu,1,0,0
pusyān,NOUN,nmod,0,1,0,1,1,9,834,gōspandān,NOUN,nmod,0,1,4,3,2,0,0,0,0.0,False,False,GBd-TD1-01_mptf.conllu,1,0,0
ān,PRON,conj,0,0,0,1,1,1928,20,ēwan,NOUN,nmod,1,1,5,3,3,0,0,1,0.0,False,False,GBd-TD1-01_mptf.conllu,1,0,0
ēwan,NOUN,nmod,0,1,0,1,1,20,641,urwarān,NOUN,nmod,0,1,2,3,1,0,0,1,0.0,False,False,GBd-TD1-01_mptf.conllu,1,0,0
srešk,NOUN,nsubj,0,0,0,1,1,85,2067,āb,NOUN,nmod,1,2,2,1,1,0,0,0,0.7272727272727273,False,False,GBd-TD1-01_mptf.conllu,1,0,1
āb,NOUN,xcomp,0,0,0,1,1,2066,2253,tan,NOUN,nmod,0,1,3,1,2,0,0,1,0.0,False,False,GBd-TD1-01_mptf.conllu,1,0,0
tan,NOUN,nmod,0,0,0,1,1,2253,243,tōhmag,NOUN,nmod,0,1,2,2,1,0,0,1,0.0,False,False,GBd-TD1-01_mptf.conllu,1,0,0
šīr,NOUN,conj,0,1,0,1,1,95,834,gōspandān,NOUN,nmod,0,1,2,2,2,0,0,1,0.0,False,False,GBd-TD1-01_mptf.conllu,1,0,0
rōd,NOUN,dislocated:topic,0,0,0,1,0,347,18,marw,PROPN,appos,0,1,3,3,2,1,1,0,0.0,False,False,GBd-TD1-01_mptf.conllu,0,0,0
marw,PROPN,appos,0,0,0,0,1,18,347,rōd,NOUN,appos,0,1,2,2,0,0,0,0,0.0,False,False,GBd-TD1-01_mptf.conllu,0,0,0
hēdumand,PROPN,conj:appos,0,0,0,1,1,8,347,rōd,NOUN,appos,0,1,1,1,0,0,0,0,0.0,False,False,GBd-TD1-01_mptf.conllu,0,0,0
mēnōy,NOUN,nsubj,0,1,0,0,1,1405,4718,awēšān,PRON,nmod,0,1,1,1,0,0,0,0,0.125,False,False,GBd-TD1-01_mptf.conllu,1,0,0
paymānag,NOUN,nmod,0,0,0,1,1,215,217,paymānag,NOUN,nmod,0,2,1,3,3,1,0,0,0.0,False,False,GBd-TD1-01_mptf.conllu,1,0,0
rōd,NOUN,obl,0,0,0,1,0,347,3,kataēnī,PROPN,nmod,0,1,2,2,1,0,1,1,0.3333333333333333,False,False,GBd-TD1-01_mptf.conllu,1,0,0
čašmagīhā,NOUN,conj,1,0,0,0,1,37,287,zrēh,NOUN,nmod,0,1,3,2,2,0,0,1,0.0,False,False,GBd-TD1-01_mptf.conllu,1,0,0
zrēh,NOUN,nmod,0,0,0,1,0,287,23,kayānsē,PROPN,nmod,0,1,2,2,1,0,1,1,0.0,False,False,GBd-TD1-01_mptf.conllu,1,0,0
čiyōnīh,NOUN,root,0,1,0,1,0,143,328,warīhā,NOUN,nmod,0,1,1,3,0,0,0,0,0.0,False,False,GBd-TD1-01_mptf.conllu,1,0,0
čašmag,NOUN,nsubj,0,1,0,1,1,37,2067,ābān,NOUN,nmod,0,1,6,4,1,1,0,1,0.5,False,False,GBd-TD1-01_mptf.conllu,1,0,0
handāzag,NOUN,obl,0,0,0,1,1,97,204,čašm,NOUN,nmod,0,1,3,1,2,0,0,1,0.75,False,False,GBd-TD1-01_mptf.conllu,1,0,0
čašm,NOUN,nmod,0,0,0,1,1,201,2716,mardōm,NOUN,nmod,0,1,2,2,1,0,0,1,0.0,False,False,GBd-TD1-01_mptf.conllu,1,0,0
war,NOUN,parataxis,0,0,0,1,1,328,22,čēčast,PROPN,nmod,0,1,3,10,1,0,1,1,0.0,False,False,GBd-TD1-01_mptf.conllu,1,0,0
war,NOUN,conj,0,0,0,1,1,328,14,sūyar,PROPN,nmod,0,1,1,1,0,0,1,0,0.0,False,False,GBd-TD1-01_mptf.conllu,1,0,0
war,NOUN,conj,0,0,0,1,1,328,15,xwārizm,PROPN,nmod,0,1,2,1,1,0,1,1,0.0,False,False,GBd-TD1-01_mptf.conllu,1,0,0
war,NOUN,conj,0,0,0,1,1,328,6,frāzdān,PROPN,nmod,0,1,2,1,1,0,1,1,0.0,False,False,GBd-TD1-01_mptf.conllu,1,0,0
war,NOUN,conj,0,0,0,1,1,328,11,zarrōmand,PROPN,nmod,0,1,1,1,0,0,1,0,0.0,False,False,GBd-TD1-01_mptf.conllu,1,0,0
war,NOUN,conj,0,0,0,1,1,328,9,aswāst,PROPN,nmod,0,1,2,1,1,0,1,1,0.0,False,False,GBd-TD1-01_mptf.conllu,1,0,0
war,NOUN,conj,0,0,0,1,0,328,51,husraw,PROPN,nmod,0,1,2,1,1,0,1,1,0.0,False,False,GBd-TD1-01_mptf.conllu,1,0,0
war,NOUN,conj,0,0,0,1,1,328,52,sadwēs,PROPN,nmod,0,1,2,1,1,0,1,1,0.0,False,False,GBd-TD1-01_mptf.conllu,1,0,0
war,NOUN,conj,0,0,0,1,1,328,15,urwiš,PROPN,nmod,0,1,2,1,1,0,1,1,0.0,False,False,GBd-TD1-01_mptf.conllu,1,0,0
gugān,NOUN,obj,0,1,0,1,1,47,4718,=šān,PRON,nmod,0,2,1,1,0,0,0,0,1.0,False,False,GBd-TD1-01_mptf.conllu,1,0,0
war,NOUN,nsubj,0,0,0,1,1,328,22,čēčist,PROPN,nmod,0,1,2,2,1,0,1,1,0.3333333333333333,False,False,GBd-TD1-01_mptf.conllu,2,0,0
war,NOUN,nsubj,0,0,0,1,1,328,22,ādurpādagān,PROPN,nmod,2,1,2,2,1,0,1,0,0.3333333333333333,False,False,GBd-TD1-01_mptf.conllu,2,0,0
bun,NOUN,nsubj,0,0,0,1,1,959,18258,=š,PRON,nmod,0,2,1,1,0,0,0,0,0.5,False,False,GBd-TD1-01_mptf.conllu,1,0,0
zrēh,NOUN,obl,0,0,0,1,1,287,117,frāxkard,PROPN,nmod,0,1,2,1,1,0,1,1,1.0,False,False,GBd-TD1-01_mptf.conllu,1,0,0
war,NOUN,nsubj,0,0,0,1,1,328,14,sūyar,PROPN,nmod,0,1,2,1,1,0,1,1,0.3333333333333333,False,False,GBd-TD1-01_mptf.conllu,1,0,0
būm,NOUN,nmod,0,0,0,1,1,103,10,abaršahr,PROPN,nmod,0,2,1,2,0,0,1,0,0.0,False,False,GBd-TD1-01_mptf.conllu,1,0,0
sar,NOUN,root,0,0,0,1,1,700,103,būm,NOUN,nmod,1,2,5,6,2,0,0,0,0.0,False,False,GBd-TD1-01_mptf.conllu,2,0,0
sar,NOUN,root,0,0,0,1,1,700,447,kōf,NOUN,nmod,0,1,5,6,1,0,0,0,0.0,False,False,GBd-TD1-01_mptf.conllu,2,0,0
kōf,NOUN,nmod,0,0,0,1,1,447,3,tōs,PROPN,nmod,0,1,2,1,1,0,1,1,0.0,False,False,GBd-TD1-01_mptf.conllu,1,0,0
war,NOUN,obl,0,0,0,1,1,328,15,xwārizm,PROPN,nmod,0,1,2,2,1,0,1,1,0.25,False,False,GBd-TD1-01_mptf.conllu,1,0,0
war,NOUN,nsubj,0,0,0,1,1,328,6,frāzdān,PROPN,nmod,0,1,2,1,1,0,1,1,1.0,False,False,GBd-TD1-01_mptf.conllu,1,0,0
mard,NOUN,dislocated:topic,0,0,0,1,0,2067,2060,ahlaw,ADJ,amod,1,1,4,3,1,0,0,1,0.0,False,False,GBd-TD1-01_mptf.conllu,0,1,1
war,NOUN,nsubj,0,0,0,1,1,328,11,zarrōmand,PROPN,nmod,0,1,2,1,1,0,1,1,1.0,False,False,GBd-TD1-01_mptf.conllu,1,0,0
war,NOUN,obl,0,0,0,1,1,328,9,aswāst,PROPN,nmod,0,1,2,2,1,0,1,1,0.14285714285714285,False,False,GBd-TD1-01_mptf.conllu,1,0,0
payrōg,NOUN,nsubj,0,0,0,1,1,23,420,xwaršēd,NOUN,nmod,0,2,1,1,0,0,0,0,0.7142857142857143,False,False,GBd-TD1-01_mptf.conllu,1,0,0
aswāst,PROPN,obj,0,0,0,1,1,9,328,war,NOUN,appos,0,1,1,1,0,0,0,0,1.0,False,False,GBd-TD1-01_mptf.conllu,0,0,0
war,NOUN,nsubj,0,0,0,1,0,328,51,husraw,PROPN,nmod,0,1,2,1,1,0,1,1,1.0,False,False,GBd-TD1-01_mptf.conllu,1,0,0
frasang,NOUN,root,0,0,0,1,1,61,328,war,NOUN,nmod,0,1,3,5,2,0,0,1,0.0,False,False,GBd-TD1-01_mptf.conllu,1,0,0
war,NOUN,nmod,0,0,0,1,1,328,22,čēčist,PROPN,nmod,0,1,1,2,0,0,1,0,0.0,False,False,GBd-TD1-01_mptf.conllu,1,0,0
war,NOUN,nsubj,0,0,0,1,1,328,52,sadwēs,PROPN,nmod,0,1,2,1,1,0,1,1,1.0,False,False,GBd-TD1-01_mptf.conllu,1,0,0
mayān,NOUN,nmod,0,0,0,1,1,60,287,zrēh,NOUN,nmod,0,1,3,2,3,0,0,1,0.0,False,False,GBd-TD1-01_mptf.conllu,1,0,0
zrēh,NOUN,nmod,0,0,0,1,1,287,117,frāxkard,PROPN,nmod,0,1,2,3,1,0,1,1,0.0,False,False,GBd-TD1-01_mptf.conllu,1,0,0
čašmag,NOUN,nsubj,0,0,0,1,1,37,371,dušox,PROPN,nmod,1,1,1,2,0,0,1,0,1.0,False,False,GBd-TD1-01_mptf.conllu,1,0,1
war,NOUN,nsubj,0,0,0,1,1,328,15,urwiš,PROPN,nmod,0,1,2,1,1,0,1,1,1.0,False,False,GBd-TD1-01_mptf.conllu,1,0,0
hugar,PROPN,root,0,0,0,1,1,26,136,buland,ADJ,amod,0,1,3,4,1,0,0,1,0.0,False,False,GBd-TD1-01_mptf.conllu,0,1,0
čiyōnīh,NOUN,root,0,1,0,1,1,143,834,gōspandān,NOUN,nmod,0,1,2,3,1,0,0,0,0.0,False,False,GBd-TD1-01_mptf.conllu,1,0,0
gōspandān,NOUN,nmod,1,0,0,1,1,831,6,panǰēwēnag,ADJ,amod,0,1,1,1,0,0,0,0,0.0,False,False,GBd-TD1-01_mptf.conllu,0,1,0
gāw,NOUN,nsubj,0,0,0,0,1,459,7,ēkdād,ADJ,amod,0,1,2,1,1,0,0,1,0.5,False,False,GBd-TD1-01_mptf.conllu,0,1,0
mazg,NOUN,nsubj,0,0,0,1,1,84,18258,=š,PRON,nmod,0,2,1,1,0,0,0,0,0.75,False,False,GBd-TD1-01_mptf.conllu,1,0,0
sardag,NOUN,conj,0,0,0,1,1,269,641,urwar,NOUN,nmod,0,1,3,2,1,0,0,0,0.0,True,False,GBd-TD1-01_mptf.conllu,1,0,0
urwar,NOUN,nmod,0,0,0,1,1,641,20,bēšaz,ADJ,amod,0,1,2,1,1,0,0,1,0.0,False,False,GBd-TD1-01_mptf.conllu,0,1,0
abzūdan,NOUN,obl,0,0,0,1,1,5,155,xōn,NOUN,nmod,0,2,1,2,0,0,0,0,1.0,True,False,GBd-TD1-01_mptf.conllu,1,0,0
mayān,NOUN,root,0,0,0,1,1,60,700,sar,NOUN,nmod,0,1,5,5,0,0,0,0,0.0,False,False,GBd-TD1-01_mptf.conllu,1,0,0
ābīšān,NOUN,nsubj,0,0,0,1,1,3,633,X,ADJ,amod,0,2,1,1,0,0,0,0,0.5,False,False,GBd-TD1-01_mptf.conllu,0,1,0
abāzdārišnīh,NOUN,obl,0,0,0,1,1,24,51,gand,NOUN,nmod,0,1,4,2,1,0,0,0,1.0,True,False,GBd-TD1-01_mptf.conllu,1,0,0
gand,NOUN,nmod,0,0,0,1,1,44,1,akōman,PROPN,nmod,0,1,2,1,1,0,1,1,0.0,False,False,GBd-TD1-01_mptf.conllu,1,0,0
padīragrasišnīh,NOUN,conj,0,0,0,1,1,8,176,bēš,NOUN,nmod,0,1,3,2,2,0,0,1,0.0,True,False,GBd-TD1-01_mptf.conllu,1,0,0
sardag,NOUN,nsubj,0,0,0,1,1,269,163,ǰōrdāg,NOUN,nmod,1,2,2,1,1,0,0,0,0.5,True,False,GBd-TD1-01_mptf.conllu,1,0,1
dād,NOUN,obl,0,1,0,1,1,217,13,aspkirbān,NOUN,nmod,0,2,1,2,0,0,0,0,1.0,True,False,GBd-TD1-01_mptf.conllu,1,0,0
arand,PROPN,obl,0,0,0,1,1,11,347,rōd,NOUN,appos,0,1,2,2,0,0,0,0,1.0,False,False,GBd-TD1-01_mptf.conllu,0,0,0
gandum,PROPN,xcomp,0,0,0,1,1,13,1,ābxwār,ADJ,amod,0,1,1,1,0,0,0,0,0.0,False,True,GBd-TD1-01_mptf.conllu,0,1,0
šusr,NOUN,nsubj:pass,0,0,0,1,0,91,459,gāw,NOUN,nmod,0,1,2,1,1,0,0,1,0.0,False,False,GBd-TD1-01_mptf.conllu,1,0,0
gōspand,NOUN,nsubj:pass,0,0,0,1,1,831,10,purrsardag,ADJ,amod,0,1,1,1,0,0,0,0,0.0,False,True,GBd-TD1-01_mptf.conllu,0,1,0
gāw,NOUN,advcl,0,0,0,0,1,459,132,nar,ADJ,appos,1,1,3,3,2,0,0,0,0.0,False,False,GBd-TD1-01_mptf.conllu,0,0,0
gōspand,NOUN,conj,0,0,0,1,1,831,10,purrsardag,ADJ,amod,0,1,1,3,0,0,0,0,0.0,False,True,GBd-TD1-01_mptf.conllu,0,1,0
ēwēnag,NOUN,nsubj,0,0,0,1,1,782,692,fradom,ADJ,amod,0,2,1,1,0,0,0,0,0.25,False,False,GBd-TD1-01_mptf.conllu,0,1,0
ēwēnag,NOUN,nsubj,0,0,0,1,1,782,384,dudīgar,ADJ,amod,0,2,1,1,0,0,0,0,0.25,False,False,GBd-TD1-01_mptf.conllu,0,1,0
asp,NOUN,nsubj,0,0,0,1,1,224,3,zabāl,PROPN,amod,0,1,2,1,1,0,1,1,0.75,False,False,GBd-TD1-01_mptf.conllu,0,1,0
xar,NOUN,nsubj,0,0,0,1,1,70,633,X,ADJ,amod,0,2,1,1,0,0,0,0,1.0,False,False,GBd-TD1-01_mptf.conllu,0,1,0
ēwēnag,NOUN,nsubj,0,0,0,1,1,782,334,sidīgar,ADJ,amod,0,2,1,1,0,0,0,0,0.25,False,False,GBd-TD1-01_mptf.conllu,0,1,0
panǰ,NOUN,root,0,0,0,1,1,3,3,panǰX,ADJ,amod,0,2,4,5,1,1,0,1,0.0,False,False,GBd-TD1-01_mptf.conllu,0,1,0
muškān,NOUN,nsubj,1,0,0,1,1,37,6,parrān,ADJ,amod,0,1,1,1,0,0,0,0,1.0,False,False,GBd-TD1-01_mptf.conllu,0,1,0
ēwēnag,NOUN,nsubj,0,0,0,1,1,782,157,čahārom,ADJ,amod,0,2,1,1,0,0,0,0,0.25,False,False,GBd-TD1-01_mptf.conllu,0,1,0
sēn,PROPN,nsubj,0,0,0,1,1,33,6,seX,ADJ,amod,0,1,2,1,1,0,0,1,0.75,False,False,GBd-TD1-01_mptf.conllu,0,1,0
ēwēnag,NOUN,nsubj,0,0,0,1,1,782,136,panǰom,ADJ,amod,0,2,1,1,0,0,0,0,0.25,False,False,GBd-TD1-01_mptf.conllu,0,1,0
ān,PRON,acl,0,0,0,1,1,1928,32,dumb,NOUN,nmod,1,1,5,5,2,0,0,1,0.0,False,False,GBd-TD1-01_mptf.conllu,1,0,0
ān,PRON,conj,0,0,0,1,1,1928,5,adumb,ADJ,amod,0,1,2,1,1,0,0,1,0.0,False,False,GBd-TD1-01_mptf.conllu,0,1,0
mēš,NOUN,conj,0,0,0,1,1,68,5,takel,ADJ,amod,0,1,1,2,0,0,0,0,0.0,False,False,GBd-TD1-01_mptf.conllu,0,1,0
manuščihr,PROPN,nsubj,0,0,0,1,1,109,20,niyāg,NOUN,appos,1,1,2,1,2,0,0,1,0.5,False,False,GBd-TD1-01_mptf.conllu,0,0,0
niyāg,NOUN,appos,0,1,0,1,0,20,610,amā,PRON,nmod,0,2,1,2,0,0,0,0,0.0,False,False,GBd-TD1-01_mptf.conllu,1,0,0
sardag,NOUN,conj,0,0,0,1,0,269,459,gāw,NOUN,nmod,0,2,1,3,0,0,0,0,0.0,True,False,GBd-TD1-01_mptf.conllu,1,0,0
sardag,NOUN,root,0,0,0,1,1,269,224,asp,NOUN,nmod,0,2,4,4,0,0,0,0,0.0,True,False,GBd-TD1-01_mptf.conllu,1,0,0
asp,NOUN,conj,0,0,0,1,1,224,3,ābīg,ADJ,nmod,0,1,2,1,1,0,0,1,0.0,False,False,GBd-TD1-01_mptf.conllu,1,0,0
sardag,NOUN,conj,0,0,0,1,1,269,224,asp,NOUN,nmod,0,2,1,2,0,0,0,0,0.0,True,False,GBd-TD1-01_mptf.conllu,1,0,0
babrag,NOUN,conj,0,0,0,1,1,11,90,ābīg,ADJ,amod,0,1,4,2,1,0,0,1,0.0,False,False,GBd-TD1-01_mptf.conllu,0,1,0
sag,NOUN,xcomp,0,0,0,1,1,564,90,ābīg,ADJ,amod,0,1,2,1,1,0,0,1,0.0,False,False,GBd-TD1-01_mptf.conllu,0,1,0
kākom,NOUN,conj,0,0,0,1,1,9,108,spēd,ADJ,amod,0,1,1,2,0,0,0,0,0.0,False,False,GBd-TD1-01_mptf.conllu,0,1,0
sardag,NOUN,conj,0,0,0,1,1,269,633,X,NOUN,nmod,0,2,1,2,0,0,0,0,0.0,True,False,GBd-TD1-01_mptf.conllu,1,0,0
mušk,NOUN,conj,0,0,0,1,1,37,29,nāfag,NOUN,nmod,0,1,2,2,1,0,0,1,0.0,False,False,GBd-TD1-01_mptf.conllu,1,0,0
ān,PRON,conj,0,0,0,1,1,1928,633,X,NOUN,nmod,2,1,2,2,2,0,0,1,0.0,False,False,GBd-TD1-01_mptf.conllu,1,0,0
mīšk,NOUN,conj,0,0,0,1,0,2,2,syā,ADJ,amod,0,1,4,2,1,0,0,1,0.0,False,False,GBd-TD1-01_mptf.conllu,0,1,0
hamēstār,NOUN,advcl,0,0,0,1,1,106,12,garzag,NOUN,nmod,0,1,2,1,1,0,0,1,0.0,True,False,GBd-TD1-01_mptf.conllu,1,0,0
kustag,NOUN,obl,0,0,0,1,0,149,26,drayā,NOUN,nmod,0,2,1,2,0,0,0,0,1.0,True,False,GBd-TD1-01_mptf.conllu,1,0,0
sardag,NOUN,conj,0,0,0,1,1,269,37,mušk,NOUN,nmod,0,2,1,2,0,0,0,0,0.0,True,False,GBd-TD1-01_mptf.conllu,1,0,0
sardag,NOUN,parataxis,0,0,0,1,0,269,23,sēnmurw,PROPN,nmod,1,1,4,3,9,0,1,0,0.0,True,False,GBd-TD1-01_mptf.conllu,1,0,0
ēwēnag,NOUN,advcl,0,0,0,1,1,782,564,sag,NOUN,nmod,4,2,3,1,2,0,0,0,0.0,False,False,GBd-TD1-01_mptf.conllu,1,0,0
dandān,NOUN,nsubj,0,0,0,1,1,62,18258,=š,PRON,nmod,2,2,1,3,0,0,0,0,0.6666666666666666,False,False,GBd-TD1-01_mptf.conllu,1,0,0
sardag,NOUN,obj,0,1,0,1,1,269,185,murwān,NOUN,nmod,0,1,3,3,0,1,0,0,0.6666666666666666,True,False,GBd-TD1-01_mptf.conllu,1,0,0
tōhm,NOUN,obj,0,0,0,1,1,162,148,angust,NOUN,nmod,1,1,2,2,1,1,0,0,0.5,False,False,GBd-TD1-01_mptf.conllu,1,0,0
māhīg,NOUN,nsubj,0,0,1,1,1,128,3,arz,NOUN,appos,0,1,4,2,4,0,0,1,1.0,False,False,GBd-TD1-01_mptf.conllu,0,0,0
nām,NOUN,conj:appos,0,0,0,1,1,528,537,abestāg,ADJ,amod,0,1,2,1,1,0,0,1,0.0,False,False,GBd-TD1-01_mptf.conllu,0,1,0
bowandagīh,NOUN,obl,0,0,0,1,1,59,269,sardag,NOUN,nmod,5,1,4,2,1,0,0,0,1.0,False,True,GBd-TD1-01_mptf.conllu,1,0,0
kustag,NOUN,obl,0,0,0,1,1,149,62,star,NOUN,nmod,0,1,3,3,2,1,0,1,0.5,True,False,GBd-TD1-01_mptf.conllu,1,0,0
star,NOUN,nmod,0,0,0,1,1,60,32,haftōring,PROPN,nmod,0,1,2,2,1,0,1,1,0.0,False,False,GBd-TD1-01_mptf.conllu,1,0,0
yuǰyast,NOUN,obl,0,1,0,1,1,9,2716,mardōmān,NOUN,nmod,1,2,2,2,1,0,0,0,0.8333333333333334,False,False,GBd-TD1-01_mptf.conllu,1,0,0
pānagīh,NOUN,obl,0,1,0,1,1,159,834,gōspandān,NOUN,nmod,0,1,1,2,0,0,0,0,1.0,False,False,GBd-TD1-01_mptf.conllu,1,0,0
gumēzag,NOUN,advcl,0,1,0,1,1,33,834,gōspandān,NOUN,nmod,1,1,3,2,2,0,0,0,0.0,False,False,GBd-TD1-01_mptf.conllu,1,0,0
ramag,NOUN,nmod,0,1,0,1,1,86,834,gōspandān,NOUN,nmod,0,1,2,1,1,0,0,1,0.0,False,False,GBd-TD1-01_mptf.conllu,1,0,0
ān,PRON,nsubj,0,0,0,1,1,1928,86,ramag,NOUN,nmod,1,2,3,1,1,0,0,0,0.25,False,False,GBd-TD1-01_mptf.conllu,1,0,0
bīm,NOUN,obl,0,0,0,1,1,301,460,meh,ADJ,amod,0,2,3,5,1,1,0,1,0.75,False,False,GBd-TD1-01_mptf.conllu,0,1,0
murw,NOUN,obj,0,0,0,0,1,185,9,warīšag,PROPN,appos,0,1,2,1,1,0,1,1,0.2727272727272727,False,False,GBd-TD1-01_mptf.conllu,0,0,0
murw,NOUN,parataxis,0,0,0,0,1,185,3,škarag,NOUN,nmod,0,1,2,2,1,0,0,1,0.0,False,False,GBd-TD1-01_mptf.conllu,1,0,0
tō,PRON,obj,0,0,0,0,0,1925,185,murw,NOUN,appos,0,1,2,1,1,0,0,0,0.45454545454545453,False,False,GBd-TD1-01_mptf.conllu,0,0,0
murw,NOUN,appos,0,0,0,0,1,185,9,warīšag,PROPN,appos,0,1,1,1,0,0,1,0,0.0,False,False,GBd-TD1-01_mptf.conllu,0,0,0
kām,NOUN,obj,0,0,0,1,0,335,569,gannāgmēnōy,PROPN,nmod,0,1,2,1,1,0,1,1,0.9090909090909091,False,False,GBd-TD1-01_mptf.conllu,1,0,0
mardōm,NOUN,obl,0,0,0,1,1,2713,657,druwand,ADJ,amod,0,1,3,3,1,0,0,1,0.25,False,False,GBd-TD1-01_mptf.conllu,0,1,0
ōzadan,NOUN,obl,0,0,0,1,0,43,185,murw,NOUN,nmod,0,2,1,2,0,0,0,0,1.0,True,False,GBd-TD1-01_mptf.conllu,1,0,0
murw,NOUN,vocative,0,0,0,0,1,185,9,warīšag,PROPN,appos,0,1,1,1,0,0,1,0,0.3333333333333333,False,False,GBd-TD1-01_mptf.conllu,0,0,0
gurg,NOUN,obj,0,0,0,1,1,159,15,parrwar,ADJ,amod,0,1,2,2,1,0,0,1,0.6666666666666666,False,False,GBd-TD1-01_mptf.conllu,1,1,0
gurg,NOUN,obj,0,0,0,1,1,159,204,kirb,NOUN,nmod,4,1,2,2,4,0,0,1,0.6666666666666666,False,False,GBd-TD1-01_mptf.conllu,1,1,1
kirb,NOUN,nmod,0,0,0,1,0,204,1925,tō,PRON,nmod,0,2,1,4,0,1,0,0,0.0,False,False,GBd-TD1-01_mptf.conllu,1,0,0
šāyistan,NOUN,obl,0,0,0,1,1,5,3,abesīhēnīd,NOUN,nmod,1,2,1,3,0,0,0,0,0.8571428571428571,True,True,GBd-TD1-01_mptf.conllu,1,0,0
kōxšišn,NOUN,obj,0,0,0,1,1,184,74,abesīhēnīd,NOUN,nmod,1,1,2,1,2,0,0,1,1.0,True,True,GBd-TD1-01_mptf.conllu,1,0,0
māh,NOUN,obl,0,0,0,1,1,689,114,hamīn,NOUN,nmod,0,2,5,4,1,1,0,1,0.75,False,False,GBd-TD1-01_mptf.conllu,1,0,0
māh,NOUN,nsubj,0,0,0,1,1,689,65,frawardīn,PROPN,appos,0,1,3,3,0,0,1,0,1.0,False,False,GBd-TD1-01_mptf.conllu,0,0,0
māh,NOUN,nsubj,0,0,0,1,1,689,971,bun,NOUN,appos,3,1,3,3,1,0,0,0,1.0,False,False,GBd-TD1-01_mptf.conllu,0,0,0
rōz,NOUN,conj,0,0,0,1,1,985,3242,ohrmazd,PROPN,appos,0,1,2,1,1,0,1,1,0.0,False,False,GBd-TD1-01_mptf.conllu,0,0,0
bun,NOUN,appos,0,0,0,1,1,959,114,hamīn,NOUN,nmod,0,1,2,1,1,0,0,1,0.0,False,False,GBd-TD1-01_mptf.conllu,1,0,0
sāl,NOUN,obl:tmod,0,0,0,1,1,909,384,dudīgar,ADJ,amod,0,1,2,2,1,0,0,1,0.0,False,False,GBd-TD1-01_mptf.conllu,0,1,0
māh,NOUN,conj,0,0,0,1,1,689,65,frawardīn,PROPN,nmod,0,2,1,1,0,0,1,0,0.0,False,False,GBd-TD1-01_mptf.conllu,1,0,0
kišwar,NOUN,obl,0,0,0,1,1,281,1276,zamīg,NOUN,nmod,0,1,1,3,0,0,0,0,1.0,False,False,GBd-TD1-01_mptf.conllu,1,0,0
karmāhīg,PROPN,nsubj,0,0,1,1,1,14,6,araz,NOUN,appos,0,1,2,1,1,0,0,1,0.3333333333333333,False,False,GBd-TD1-01_mptf.conllu,0,0,0
āb,NOUN,obl,0,0,0,1,1,2066,62,arwand,PROPN,nmod,0,1,2,2,1,0,1,1,0.6666666666666666,False,False,GBd-TD1-01_mptf.conllu,1,0,0
asp,NOUN,conj,0,0,0,1,1,224,15,nērōgōmand,ADJ,amod,0,1,3,2,1,0,0,1,0.0,False,False,GBd-TD1-01_mptf.conllu,0,1,0
drahnāy,NOUN,obl,0,0,0,0,1,118,909,sāl,NOUN,nmod,0,2,1,2,0,0,0,0,0.5,False,False,GBd-TD1-01_mptf.conllu,1,0,0
gāw,NOUN,acl:relcl,0,0,0,0,1,459,23,sargen,NOUN,amod,0,1,2,4,0,0,0,0,0.0,False,False,GBd-TD1-01_mptf.conllu,0,1,0
xar,NOUN,conj,0,0,0,1,0,70,16,sēpāy,ADJ,amod,0,1,2,3,1,0,0,1,0.0,False,False,GBd-TD1-01_mptf.conllu,0,1,0
wās,PROPN,conj,0,0,0,1,1,12,12,panǰāsadwarān,ADJ,amod,0,1,1,3,0,0,0,0,0.0,False,False,GBd-TD1-01_mptf.conllu,0,1,0
kirdārīh,NOUN,obj,0,1,0,1,1,47,4718,=šān,PRON,nmod,0,2,1,1,0,0,0,0,1.0,False,False,GBd-TD1-01_mptf.conllu,1,0,0
čiyōnīh,NOUN,root,0,1,0,1,1,143,2716,mardōmān,NOUN,nmod,0,1,1,3,0,0,0,0,0.0,False,False,GBd-TD1-01_mptf.conllu,1,0,0
dast,NOUN,obl,0,0,0,1,0,477,143,hōy,ADJ,amod,0,2,1,2,0,0,0,0,1.0,False,False,GBd-TD1-01_mptf.conllu,0,1,0
tan,NOUN,obl,0,0,0,1,1,2253,245,gayōmart,PROPN,nmod,0,1,2,2,1,0,1,1,1.0,False,False,GBd-TD1-01_mptf.conllu,1,0,0
rōšnīh,NOUN,obl,0,0,0,1,1,368,420,xwaršēd,NOUN,nmod,0,1,1,2,0,0,0,0,1.0,False,False,GBd-TD1-01_mptf.conllu,1,0,0
bahr,NOUN,obj,0,0,0,1,1,410,18258,=š,PRON,nmod,0,2,1,2,0,0,0,0,0.16666666666666666,False,False,GBd-TD1-01_mptf.conllu,1,0,0
bowandagīh,NOUN,obl,0,0,0,1,1,59,909,sāl,NOUN,nmod,1,1,2,2,2,0,0,1,0.16666666666666666,False,False,GBd-TD1-01_mptf.conllu,1,0,0
rēbāhkirb,NOUN,obl,0,0,0,1,1,3,2253,tan,NOUN,nmod,1,1,3,1,3,0,0,1,0.3333333333333333,False,False,GBd-TD1-01_mptf.conllu,1,0,0
tan,NOUN,nmod,0,0,0,1,1,2253,15,warg,NOUN,nmod,1,1,2,3,2,0,0,1,0.0,False,False,GBd-TD1-01_mptf.conllu,1,0,0
xwarrah,NOUN,obj,0,0,0,1,1,554,256,ohrmazddād,ADJ,amod,0,1,2,3,1,0,0,1,0.8,False,False,GBd-TD1-01_mptf.conllu,0,1,0
xwarrah,NOUN,csubj,0,0,0,1,1,554,2716,mardōm,NOUN,nmod,0,1,2,2,1,0,0,1,0.0,False,False,GBd-TD1-01_mptf.conllu,1,0,0
kadār,PRON,nsubj,0,0,0,1,1,57,554,xwarrah,NOUN,appos,2,1,3,1,1,0,0,0,1.0,True,False,GBd-TD1-01_mptf.conllu,0,0,0
wizārišn,NOUN,root,0,0,0,1,1,117,18258,=š,PRON,nmod,0,2,4,5,0,0,0,0,0.0,True,False,GBd-TD1-01_mptf.conllu,1,0,0
hangōšīdag,NOUN,obl,0,0,0,1,1,95,103,draxt,NOUN,nmod,0,1,4,3,1,1,0,0,0.5,True,False,GBd-TD1-01_mptf.conllu,1,0,0
bar,NOUN,nsubj,0,0,0,1,1,253,18258,=š,PRON,nmod,0,2,1,1,0,0,0,0,1.0,False,False,GBd-TD1-01_mptf.conllu,1,0,0
ēwēnag,NOUN,acl:relcl,0,0,0,1,1,782,2716,mardōm,NOUN,nmod,0,1,2,4,0,0,0,0,0.0,False,False,GBd-TD1-01_mptf.conllu,1,0,0
pidar,NOUN,root,1,0,0,1,1,547,1249,gēhān,NOUN,nmod,0,1,2,3,1,0,0,1,0.0,False,False,GBd-TD1-01_mptf.conllu,1,0,0
bowandagmenišnīh,NOUN,obj,0,0,0,1,1,144,662,pahlom,ADJ,amod,0,1,1,1,0,0,0,0,1.0,True,False,GBd-TD1-01_mptf.conllu,0,1,0
kār,NOUN,obj,0,0,0,1,1,1414,600,dādestān,NOUN,nmod,0,1,2,1,2,0,0,1,1.0,True,False,GBd-TD1-01_mptf.conllu,1,0,0
dādestān,NOUN,nmod,0,0,0,1,1,587,144,bowandagmenišnīh,NOUN,nmod,0,1,1,2,0,0,0,0,0.0,False,True,GBd-TD1-01_mptf.conllu,1,0,0
kunišn,NOUN,advcl,0,0,0,1,1,980,249,nazist,ADJ,amod,0,2,1,1,0,0,0,0,0.0,True,False,GBd-TD1-01_mptf.conllu,0,1,0
gōwišn,NOUN,advcl,0,0,0,1,1,888,249,nazdist,ADJ,amod,0,2,1,1,0,0,0,0,0.0,True,False,GBd-TD1-01_mptf.conllu,0,1,0
bun,NOUN,advcl,0,0,0,1,1,959,254,bar,NOUN,nmod,0,1,1,1,0,0,0,0,0.0,False,False,GBd-TD1-01_mptf.conllu,1,0,0
drōgōwišnīh,NOUN,nsubj:pass,0,0,0,1,1,18,249,nazdist,ADJ,amod,0,2,2,3,0,1,0,0,0.0,True,False,GBd-TD1-01_mptf.conllu,0,1,0
abāyist,NOUN,obl,0,1,0,1,1,8,1338,dēwān,NOUN,nmod,0,1,2,2,1,0,0,1,1.0,True,False,GBd-TD1-01_mptf.conllu,1,0,0
urwāhmenīh,NOUN,advcl,0,0,0,1,1,52,249,nazdist,ADJ,amod,0,2,1,1,0,0,0,0,0.0,False,False,GBd-TD1-01_mptf.conllu,0,1,0
ruwān,NOUN,nsubj,0,1,0,1,1,1224,4718,=šān,PRON,nmod,0,2,1,1,0,0,0,0,0.6666666666666666,False,False,GBd-TD1-01_mptf.conllu,1,0,0
tan,NOUN,obl,0,0,0,1,1,2253,190,pasēn,ADJ,nmod,0,1,2,2,1,0,0,1,1.0,False,False,GBd-TD1-01_mptf.conllu,1,0,0
buz,NOUN,obl,0,0,0,1,0,37,5,sipēdmōy,ADJ,amod,1,1,2,3,1,0,0,1,1.0,False,False,GBd-TD1-01_mptf.conllu,0,1,1
pēm,NOUN,obj,0,0,0,1,1,87,92,šusr,NOUN,nmod,0,2,2,2,1,1,0,1,0.6363636363636364,False,False,GBd-TD1-01_mptf.conllu,1,0,0
drōgōwišnīh,NOUN,dislocated:topic,0,0,0,1,1,18,384,dudīgar,ADJ,amod,0,2,2,3,1,1,0,1,0.0,True,False,GBd-TD1-01_mptf.conllu,0,1,0
mizag,NOUN,obj,0,0,0,1,1,50,485,xwarišn,NOUN,nmod,0,1,2,1,1,0,0,1,0.5,False,True,GBd-TD1-01_mptf.conllu,1,0,0
rōzšabān,NOUN,obl,0,0,0,1,1,40,384,dudīgar,ADJ,amod,0,1,2,3,1,0,0,1,0.3333333333333333,False,False,GBd-TD1-01_mptf.conllu,0,1,0
gōspand,NOUN,obl,0,0,0,1,1,831,10,spar,NOUN,nmod,3,1,2,4,1,0,0,1,0.6666666666666666,False,False,GBd-TD1-01_mptf.conllu,1,1,1
gōspand,NOUN,obl,0,0,0,1,1,831,6,spēdērwārag,ADJ,amod,4,1,2,4,1,0,0,1,0.6666666666666666,False,False,GBd-TD1-01_mptf.conllu,1,1,1
dār,NOUN,obl,0,0,0,1,1,127,10,kunār,NOUN,nmod,0,1,3,2,2,0,0,1,0.4,True,True,GBd-TD1-01_mptf.conllu,1,0,0
nimūdārīh,NOUN,obl,0,1,0,1,1,31,1550,mēnōyān,NOUN,nmod,0,1,1,2,0,0,0,0,0.6,False,False,GBd-TD1-01_mptf.conllu,1,0,0
čihr,NOUN,conj,0,0,0,1,1,173,5,kundur,NOUN,nmod,0,1,2,1,1,0,0,1,0.0,False,False,GBd-TD1-01_mptf.conllu,1,0,0
bahr,NOUN,ccomp,0,0,0,1,1,410,1446,ātaxš,NOUN,nmod,0,1,2,2,1,0,0,1,0.0,False,False,GBd-TD1-01_mptf.conllu,1,0,0
bahr,NOUN,ccomp,0,1,0,1,1,410,1407,yazadān,NOUN,nmod,0,1,1,3,0,1,0,0,0.0,False,False,GBd-TD1-01_mptf.conllu,1,0,0
murw,NOUN,nsubj,0,0,0,0,1,185,12,kargās,NOUN,flat,0,1,1,1,0,0,0,0,0.25,False,False,GBd-TD1-01_mptf.conllu,0,0,0
gōšt,NOUN,obj,0,0,0,1,1,148,249,nazist,ADJ,amod,0,2,1,1,0,0,0,0,0.75,False,False,GBd-TD1-01_mptf.conllu,0,1,0
wastarg,NOUN,advcl,0,0,0,1,1,219,249,nazdist,ADJ,amod,0,2,1,1,0,0,0,0,0.0,False,False,GBd-TD1-01_mptf.conllu,0,1,0
padišwar,NOUN,obj,0,0,0,1,1,8,13,dārēn,ADJ,amod,0,2,2,2,1,1,0,1,1.0,False,False,GBd-TD1-01_mptf.conllu,0,1,0
arešk,NOUN,obj,0,0,0,1,1,52,123,abārōn,ADJ,amod,0,2,2,2,1,1,0,1,1.0,False,False,GBd-TD1-01_mptf.conllu,0,1,0
arešk,NOUN,nsubj,0,1,0,1,1,52,787,=tān,PRON,nmod,0,2,1,1,0,0,0,0,1.0,False,False,GBd-TD1-01_mptf.conllu,1,0,0
šīr,NOUN,obj,0,0,0,1,0,95,459,gāw,NOUN,nmod,0,1,2,1,1,0,0,1,0.6666666666666666,False,False,GBd-TD1-01_mptf.conllu,1,0,0
rōn,NOUN,obl,0,0,0,1,1,54,154,abāxtar,NOUN,nmod,0,2,1,2,0,0,0,0,1.0,False,False,GBd-TD1-01_mptf.conllu,1,0,0
kāmag,NOUN,nsubj,0,0,0,1,1,317,8,hamgumēzišnīh,NOUN,nmod,1,1,2,1,2,0,0,1,1.0,False,True,GBd-TD1-01_mptf.conllu,1,0,0
bowandagīh,NOUN,obl,0,0,0,1,1,59,909,sāl,NOUN,nmod,1,1,2,2,2,0,0,1,0.3333333333333333,False,False,GBd-TD1-01_mptf.conllu,1,0,0
=šān,PRON,nsubj,1,0,0,1,0,4503,70,mašī,PROPN,appos,4,1,3,1,2,0,1,0,0.6666666666666666,False,False,GBd-TD1-01_mptf.conllu,0,0,0
X,NOUN,obj,0,0,0,1,0,305,1925,tō,PRON,nmod,0,2,2,2,1,1,0,1,0.75,False,False,GBd-TD1-01_mptf.conllu,1,0,0
brād,NOUN,vocative,0,0,0,1,0,192,70,mašī,PROPN,appos,0,1,1,1,0,0,1,0,0.5,False,False,GBd-TD1-01_mptf.conllu,0,0,0
X,NOUN,obj,0,0,0,1,0,305,1925,tō,PRON,nmod,0,1,1,4,0,1,0,0,0.75,False,False,GBd-TD1-01_mptf.conllu,1,1,0
X,NOUN,obj,0,0,0,1,1,305,460,meh,ADJ,amod,1,1,1,4,0,1,0,0,0.75,False,False,GBd-TD1-01_mptf.conllu,1,1,0
X,NOUN,nsubj,0,0,0,1,1,305,2910,man,PRON,nmod,0,2,1,2,0,1,0,0,1.0,False,False,GBd-TD1-01_mptf.conllu,1,0,0
kāmag,NOUN,obj,0,0,0,1,1,317,1406,ham,PRON,nmod,1,1,2,1,1,0,0,0,1.0,False,False,GBd-TD1-01_mptf.conllu,1,0,0
ǰuxt,NOUN,nsubj,0,0,0,1,1,49,890,zan,NOUN,appos,1,1,3,2,1,0,0,0,1.0,False,False,GBd-TD1-01_mptf.conllu,0,0,1
šīrēnīh,NOUN,obl,0,0,0,1,1,30,387,frazend,NOUN,nmod,0,1,2,2,1,0,0,1,0.5,False,False,GBd-TD1-01_mptf.conllu,1,0,0
menišn,NOUN,obl,0,0,0,1,1,518,12,āwurdārān,NOUN,nmod,0,1,1,2,0,0,0,0,0.6,True,True,GBd-TD1-01_mptf.conllu,1,0,0
parwarišn,NOUN,obl,0,1,0,1,1,46,387,frazendān,NOUN,nmod,0,1,2,2,1,0,0,1,0.8,True,False,GBd-TD1-01_mptf.conllu,1,0,0
ǰuxtag,NOUN,nsubj,0,0,0,1,1,49,132,nar,ADJ,appos,3,1,2,2,1,0,0,0,1.0,True,False,GBd-TD1-01_mptf.conllu,0,0,0
purrrawišnīh,NOUN,nsubj,0,0,0,1,1,18,1249,gēhān,NOUN,nmod,0,1,2,1,1,0,0,1,1.0,True,False,GBd-TD1-01_mptf.conllu,1,0,0
sardag,NOUN,obl,0,1,0,1,1,269,4718,=šān,PRON,nmod,0,1,2,4,1,1,0,1,0.16666666666666666,True,False,GBd-TD1-01_mptf.conllu,1,0,0
pušt,NOUN,obl,0,0,0,1,0,88,459,gāw,NOUN,nmod,0,1,3,1,2,0,0,1,0.5,False,False,GBd-TD1-01_mptf.conllu,1,0,0
gāw,NOUN,nmod,0,0,0,0,1,459,9,srisōg,PROPN,flat,0,1,2,2,1,0,1,1,0.0,False,False,GBd-TD1-01_mptf.conllu,0,0,0
zrēh,NOUN,obl,0,0,0,1,1,287,117,frāxkard,PROPN,nmod,0,2,2,3,1,1,1,1,0.6666666666666666,False,False,GBd-TD1-01_mptf.conllu,1,0,0
kišwar,NOUN,obl,0,0,0,1,1,281,384,dudīgar,ADJ,amod,0,1,2,4,1,1,0,1,0.8333333333333334,False,False,GBd-TD1-01_mptf.conllu,0,1,0
ǰuxt,NOUN,dislocated:topic,0,0,0,1,1,49,269,sardag,NOUN,nmod,0,2,2,2,3,0,0,0,0.0,False,True,GBd-TD1-01_mptf.conllu,1,0,0
dašt,NOUN,root,0,1,0,1,1,81,78,tāzīgān,NOUN,nmod,0,1,2,6,1,0,0,1,0.0,False,False,GBd-TD1-01_mptf.conllu,1,0,0
dašt,NOUN,obj,0,1,0,1,1,81,78,tāzīgān,NOUN,nmod,0,1,2,1,1,0,0,1,0.5,False,False,GBd-TD1-01_mptf.conllu,1,0,0
nām,NOUN,obl,0,0,0,1,0,528,18258,ōy,PRON,nmod,0,1,2,2,1,0,0,1,1.0,False,False,GBd-TD1-01_mptf.conllu,1,0,0
ān,PRON,nsubj,0,1,0,1,1,1928,348,dehān,NOUN,nmod,2,1,4,8,3,0,0,1,1.0,False,False,GBd-TD1-01_mptf.conllu,1,0,0
dehān,NOUN,nmod,1,0,0,1,1,348,152,ērān,PROPN,nmod,0,2,1,3,0,0,1,0,0.0,False,False,GBd-TD1-01_mptf.conllu,1,0,0
ān,PRON,conj,0,0,0,1,1,1928,348,deh,NOUN,nmod,2,1,2,2,2,0,0,0,0.0,False,False,GBd-TD1-01_mptf.conllu,1,0,0
deh,NOUN,nmod,0,0,0,1,1,348,160,anērān,PROPN,nmod,0,2,1,2,0,0,1,0,0.0,False,False,GBd-TD1-01_mptf.conllu,1,0,0
ān,PRON,conj,0,0,0,1,1,1928,348,deh,NOUN,nmod,2,1,2,1,3,0,0,1,0.0,False,False,GBd-TD1-01_mptf.conllu,1,0,0
deh,NOUN,nmod,0,0,0,1,1,348,56,tūr,PROPN,nmod,0,2,1,3,0,0,1,0,0.0,False,False,GBd-TD1-01_mptf.conllu,1,0,0
ān,PRON,conj,0,0,0,1,1,1928,348,deh,NOUN,nmod,2,1,3,1,4,0,0,1,0.0,False,False,GBd-TD1-01_mptf.conllu,1,0,0
deh,NOUN,nmod,0,0,0,1,1,348,18,salm,PROPN,nmod,0,2,2,4,0,0,1,0,0.0,False,False,GBd-TD1-01_mptf.conllu,1,0,0
ān,PRON,conj,0,0,0,1,1,1928,348,deh,NOUN,nmod,2,1,3,1,4,0,0,1,0.0,False,False,GBd-TD1-01_mptf.conllu,1,0,0
deh,NOUN,nmod,0,0,0,1,1,348,36,sēn,PROPN,nmod,0,2,2,4,0,0,1,0,0.0,False,False,GBd-TD1-01_mptf.conllu,1,0,0
ān,PRON,conj,0,0,0,1,1,1928,348,deh,NOUN,nmod,1,1,2,1,2,0,0,1,0.0,False,False,GBd-TD1-01_mptf.conllu,1,0,0
deh,NOUN,nmod,0,0,0,1,1,348,3,dāh,PROPN,nmod,0,2,1,2,0,0,1,0,0.0,False,False,GBd-TD1-01_mptf.conllu,1,0,0
ān,PRON,conj,0,0,0,1,1,1928,348,deh,NOUN,nmod,2,1,2,1,3,0,0,1,0.0,False,False,GBd-TD1-01_mptf.conllu,1,0,0
deh,NOUN,nmod,0,0,0,1,1,348,10,sind,PROPN,nmod,0,2,1,3,0,0,1,0,0.0,False,False,GBd-TD1-01_mptf.conllu,1,0,0
ān,PRON,conj,0,0,0,1,1,1928,282,kišwar,NOUN,nmod,4,1,3,2,5,0,0,1,0.0,False,False,GBd-TD1-01_mptf.conllu,1,0,0
kišwar,NOUN,nmod,0,0,0,1,1,281,384,dudīgar,ADJ,amod,0,1,2,5,0,1,0,0,0.0,False,False,GBd-TD1-01_mptf.conllu,0,1,0
paywand,NOUN,root,0,0,0,1,1,179,27,frawāg,PROPN,nmod,0,1,5,7,1,0,1,0,0.0,False,False,GBd-TD1-01_mptf.conllu,1,0,0
frawāg,PROPN,nmod,0,0,0,1,1,26,20,siyāmak,PROPN,nmod,0,1,3,1,2,0,1,1,0.0,False,False,GBd-TD1-01_mptf.conllu,1,0,0
siyāmak,PROPN,nmod,0,0,0,1,0,20,70,mašī,PROPN,nmod,0,1,2,2,1,0,1,1,0.0,False,False,GBd-TD1-01_mptf.conllu,1,0,0
sardag,NOUN,conj,0,0,0,1,1,269,2716,mardōm,NOUN,nmod,0,1,3,3,0,0,0,0,0.0,True,False,GBd-TD1-01_mptf.conllu,1,0,0
tōm,NOUN,obl,0,0,0,1,1,162,245,gayōmart,PROPN,nmod,0,1,2,2,1,0,1,1,0.4166666666666667,False,False,GBd-TD1-01_mptf.conllu,1,0,0
sardag,NOUN,nsubj,0,0,0,1,1,269,186,nōgtar,ADJ,amod,1,2,1,2,0,0,0,0,1.0,True,False,GBd-TD1-01_mptf.conllu,0,1,0
wihān,NOUN,obl,0,0,0,1,1,110,18,petyār,NOUN,nmod,0,1,2,2,1,0,0,1,0.5,False,True,GBd-TD1-01_mptf.conllu,1,0,0
abārīg,PRON,conj,0,0,1,1,1,942,790,ēwēnag,NOUN,nmod,2,1,2,2,3,0,0,1,0.0,False,False,GBd-TD1-01_mptf.conllu,1,0,0
sardag,NOUN,nsubj,0,1,0,1,1,269,76,ǰehān,NOUN,nmod,0,2,1,1,0,0,0,0,1.0,True,False,GBd-TD1-01_mptf.conllu,1,0,0
mizag,NOUN,obl,0,0,0,1,1,50,123,dahān,NOUN,nmod,0,2,3,3,1,0,0,0,1.0,False,False,GBd-TD1-01_mptf.conllu,2,0,0
mizag,NOUN,obl,0,1,0,1,1,50,485,xwarišnān,NOUN,nmod,0,1,3,3,2,0,0,1,1.0,False,True,GBd-TD1-01_mptf.conllu,2,0,0
xwarišnān,NOUN,nmod,1,0,0,1,1,482,31,šīrēntom,ADJ,amod,0,1,2,2,1,0,0,1,0.0,True,False,GBd-TD1-01_mptf.conllu,0,1,0
sardag,NOUN,nsubj,0,0,0,1,1,269,76,ǰeh,PROPN,nmod,0,2,2,2,1,1,1,1,1.0,True,False,GBd-TD1-01_mptf.conllu,1,0,0
petyārag,NOUN,acl:relcl,0,0,0,1,1,323,1925,=t,PRON,nmod,3,2,3,2,0,0,0,0,0.0,False,False,GBd-TD1-01_mptf.conllu,1,0,0
garān,NOUN,conj,1,0,0,1,1,72,142,bālist,ADJ,amod,0,2,1,1,0,0,0,0,0.0,False,False,GBd-TD1-01_mptf.conllu,0,1,0
rōdestāg,NOUN,conj,0,0,0,1,1,84,44,zofr,ADJ,amod,0,2,2,3,1,1,0,1,0.0,False,False,GBd-TD1-01_mptf.conllu,0,1,0
mard,NOUN,nsubj,0,0,0,1,0,2067,2060,ahlaw,ADJ,amod,0,1,2,1,1,0,0,1,0.5714285714285714,False,False,GBd-TD1-01_mptf.conllu,0,1,0
bīm,NOUN,obl,0,1,0,1,1,301,1338,dēwān,NOUN,nmod,1,1,2,2,2,0,0,1,0.4444444444444444,False,False,GBd-TD1-01_mptf.conllu,1,0,0
ǰamag,PROPN,obj,0,0,0,1,1,6,75,xwah,NOUN,appos,0,1,2,1,1,0,0,1,0.7777777777777778,False,False,GBd-TD1-01_mptf.conllu,0,0,0
sardag,NOUN,conj,0,0,0,1,1,269,5,wināhišnīg,ADJ,amod,0,2,1,2,0,0,0,0,0.0,True,False,GBd-TD1-01_mptf.conllu,0,1,0
paywand,NOUN,nsubj,0,0,0,1,1,179,18258,=š,PRON,nmod,0,2,1,1,0,0,0,0,1.0,False,False,GBd-TD1-01_mptf.conllu,1,0,0
az,NOUN,nsubj,0,0,0,1,1,19,129,dahāg,PROPN,appos,0,1,2,1,1,0,1,1,0.16666666666666666,False,False,GBd-TD1-01_mptf.conllu,0,0,0
ǰuwāndīdārīh,NOUN,obl,0,0,0,1,0,2,18258,ōy,PRON,nmod,0,1,2,2,1,0,0,1,0.6666666666666666,False,False,GBd-TD1-01_mptf.conllu,1,0,0
kunišn,NOUN,obl,0,0,0,1,1,980,186,nōg,ADJ,amod,2,2,2,4,1,1,0,0,1.0,True,False,GBd-TD1-01_mptf.conllu,0,1,0
kanārag,NOUN,obl,0,0,0,1,1,41,287,zrēh,NOUN,nmod,0,1,2,2,1,0,0,1,1.0,False,False,GBd-TD1-01_mptf.conllu,1,0,0
dwāristan,NOUN,obl,0,1,0,1,1,5,78,tāzīgān,NOUN,nmod,0,1,2,2,1,0,0,1,0.5,True,False,GBd-TD1-01_mptf.conllu,1,0,0
čiyōnīh,NOUN,root,0,1,0,1,1,143,145,zāyišnān,NOUN,nmod,0,1,3,3,2,0,0,1,0.0,False,False,GBd-TD1-01_mptf.conllu,1,0,0
zāyišnān,NOUN,nmod,1,0,0,1,1,145,269,sardag,NOUN,nmod,2,1,2,2,3,0,0,1,0.0,False,True,GBd-TD1-01_mptf.conllu,1,0,0
nazdīkīh,NOUN,obl,0,0,0,1,1,60,18258,=š,PRON,nmod,1,2,1,2,0,0,0,0,1.0,False,False,GBd-TD1-01_mptf.conllu,1,0,0
daštān,NOUN,nsubj,0,0,0,1,1,237,890,zan,NOUN,nmod,0,2,1,1,0,0,0,0,0.3333333333333333,False,False,GBd-TD1-01_mptf.conllu,1,0,0
wardagīh,NOUN,root,0,1,0,1,1,3,834,gōspandān,NOUN,nmod,0,2,3,4,0,0,0,0,0.0,False,False,GBd-TD1-01_mptf.conllu,1,0,0
tōhm,NOUN,nsubj,0,0,0,1,1,162,2069,mard,NOUN,nmod,0,1,2,1,1,0,0,1,0.375,False,False,GBd-TD1-01_mptf.conllu,1,0,0
ān,PRON,nsubj,0,0,0,1,1,1928,890,zan,NOUN,nmod,0,1,2,1,1,0,0,1,0.5,False,False,GBd-TD1-01_mptf.conllu,1,0,0
tōhm,NOUN,nsubj,0,0,0,1,1,162,34,narān,ADJ,amod,0,1,2,1,2,0,0,1,0.5,False,False,GBd-TD1-01_mptf.conllu,0,1,0
tohm,NOUN,nsubj,0,0,0,1,1,162,187,mādag,ADJ,nmod,0,1,2,1,1,0,0,1,0.5,False,True,GBd-TD1-01_mptf.conllu,1,0,0
tōhm,NOUN,nsubj,0,0,0,1,1,162,13,mādagān,ADJ,amod,0,1,2,1,1,0,0,1,0.3333333333333333,False,False,GBd-TD1-01_mptf.conllu,0,1,0
gōnag,NOUN,obl,0,0,0,1,1,85,40,suxr,ADJ,appos,0,1,3,1,1,0,0,0,1.0,False,False,GBd-TD1-01_mptf.conllu,0,0,0
tōhm,NOUN,nsubj,0,0,0,1,1,162,34,narān,ADJ,amod,0,1,2,1,1,0,0,1,0.3333333333333333,False,False,GBd-TD1-01_mptf.conllu,0,1,0
mazg,NOUN,parataxis,0,0,0,1,1,84,15,sar,NOUN,nmod,0,1,2,4,1,0,0,1,0.0,False,False,GBd-TD1-01_mptf.conllu,1,0,0
tōhm,NOUN,nsubj,0,0,0,1,1,162,13,mādagān,ADJ,amod,0,1,2,1,1,0,0,1,0.5,False,False,GBd-TD1-01_mptf.conllu,0,1,0
tōhm,NOUN,nsubj,0,1,0,1,1,162,34,narān,ADJ,amod,0,1,2,1,1,0,0,1,0.5,False,False,GBd-TD1-01_mptf.conllu,0,1,0
ragān,NOUN,obl,1,0,0,1,1,20,13,mādagān,ADJ,amod,0,1,2,2,1,0,0,1,1.0,False,False,GBd-TD1-01_mptf.conllu,0,1,0
hangām,NOUN,obl,0,0,0,1,1,224,145,zāyišn,NOUN,nmod,0,1,2,2,1,0,0,1,0.14285714285714285,False,True,GBd-TD1-01_mptf.conllu,1,0,0
tōhm,NOUN,obl,0,0,0,1,1,162,34,narān,ADJ,amod,0,1,2,2,1,0,0,1,1.0,False,False,GBd-TD1-01_mptf.conllu,0,1,0
tōhm,NOUN,nsubj,0,0,0,1,1,162,34,narān,ADJ,amod,0,1,3,4,1,1,0,1,0.5,False,False,GBd-TD1-01_mptf.conllu,0,1,0
xōn,NOUN,conj,0,0,0,1,1,154,13,mādagān,ADJ,amod,0,1,1,1,0,0,0,0,0.0,False,False,GBd-TD1-01_mptf.conllu,0,1,0
dahān,NOUN,obl,0,0,0,1,1,104,9,kadaggāh,NOUN,nmod,0,2,1,2,0,1,0,0,1.0,False,False,GBd-TD1-01_mptf.conllu,1,0,0
ān,PRON,conj,0,1,0,1,1,1928,73,xarān,NOUN,nmod,0,1,2,2,0,0,0,0,0.0,False,False,GBd-TD1-01_mptf.conllu,1,0,0
ān,PRON,conj,0,1,0,1,1,1928,2716,mardōmān,NOUN,nmod,0,1,4,2,4,0,0,1,0.0,False,False,GBd-TD1-01_mptf.conllu,1,0,0
abārīg,PRON,conj:nmod,0,0,1,1,1,942,790,ēwēnag,NOUN,nmod,2,1,2,1,2,0,0,0,0.0,False,False,GBd-TD1-01_mptf.conllu,1,0,0
ān,PRON,conj,0,1,0,1,1,1928,834,gōspandān,NOUN,nmod,0,1,2,3,1,0,0,1,0.0,False,False,GBd-TD1-01_mptf.conllu,1,0,0
ān,PRON,conj,0,1,0,1,1,1928,564,sagān,NOUN,nmod,0,1,2,3,1,0,0,1,0.0,False,False,GBd-TD1-01_mptf.conllu,1,0,0
ān,PRON,conj,0,0,0,1,1,1928,36,rōbāh,NOUN,nmod,0,1,2,3,1,0,0,1,0.0,False,False,GBd-TD1-01_mptf.conllu,1,0,0
ān,PRON,conj,0,0,0,1,1,1928,35,raspūg,NOUN,nmod,0,1,2,2,1,0,0,1,0.0,False,False,GBd-TD1-01_mptf.conllu,1,0,0
ān,PRON,nsubj,0,1,0,1,1,1928,9,mūšagān,NOUN,nmod,0,1,2,1,1,0,0,1,0.5,False,False,GBd-TD1-01_mptf.conllu,1,0,0
ān,PRON,conj,0,1,0,1,1,1928,64,uštarān,NOUN,nmod,0,1,2,2,1,0,0,1,0.0,False,False,GBd-TD1-01_mptf.conllu,1,0,0
ān,PRON,conj,0,1,0,1,1,1928,2716,mardōmān,NOUN,nmod,0,1,2,2,3,0,0,1,0.0,False,False,GBd-TD1-01_mptf.conllu,1,0,0
ān,PRON,conj,0,0,0,1,1,1928,35,raspūg,NOUN,nmod,0,1,2,2,1,0,0,1,0.0,False,False,GBd-TD1-01_mptf.conllu,1,0,0
ān,PRON,nsubj,0,1,0,1,1,1928,9,mūšagān,NOUN,nmod,0,1,2,1,1,0,0,1,0.3333333333333333,False,False,GBd-TD1-01_mptf.conllu,1,0,0
spēdag,NOUN,nsubj,0,0,0,1,1,12,18258,=š,PRON,nmod,0,2,1,1,0,0,0,0,0.3333333333333333,True,False,GBd-TD1-01_mptf.conllu,1,0,0
zardag,NOUN,nsubj,0,0,0,1,1,10,52,xāyag,NOUN,nmod,0,2,1,1,0,0,0,0,0.6666666666666666,True,False,GBd-TD1-01_mptf.conllu,1,0,0
ān,PRON,obj,0,0,0,1,1,1928,12,spēdag,NOUN,nmod,0,1,2,1,1,0,0,1,1.0,False,True,GBd-TD1-01_mptf.conllu,1,0,0
murw,NOUN,xcomp,0,0,0,0,1,185,11,parōdarš,NOUN,appos,0,1,3,1,2,0,0,1,0.0,False,False,GBd-TD1-01_mptf.conllu,0,0,0
sār,NOUN,nsubj,0,0,0,1,1,10,72,gar,NOUN,nmod,0,1,3,2,0,0,0,0,0.3333333333333333,True,False,GBd-TD1-01_mptf.conllu,1,0,0
həraidrī.,NOUN,xcomp,0,0,0,1,1,1,9,kūčak,ADJ,amod,0,1,1,2,0,0,0,0,0.0,False,False,GBd-TD1-01_mptf.conllu,0,1,0
ǰār,NOUN,obl:tmod,0,0,0,1,1,90,692,fradom,ADJ,amod,0,1,2,2,1,0,0,1,0.0,True,False,GBd-TD1-01_mptf.conllu,0,1,0
waččag,NOUN,nsubj,0,0,0,1,1,51,18258,=š,PRON,nmod,0,2,1,1,0,0,0,0,0.5,False,False,GBd-TD1-01_mptf.conllu,1,0,0
hangām,NOUN,obl,0,0,0,1,1,224,16,pusōxwāhišnīh,NOUN,nmod,0,1,2,2,1,0,0,1,0.2857142857142857,False,True,GBd-TD1-01_mptf.conllu,1,0,0
āb,NOUN,obl,0,0,0,1,1,2066,26,tazāg,ADJ,amod,0,2,2,3,1,1,0,1,0.42857142857142855,False,False,GBd-TD1-01_mptf.conllu,0,1,0
dranāy,NOUN,obl,0,0,0,0,1,118,92,hāsr,NOUN,nmod,0,2,4,1,2,0,0,0,0.5714285714285714,False,False,GBd-TD1-01_mptf.conllu,1,0,0
ēwēnag,NOUN,nsubj,0,0,0,1,0,782,55,xwēy,NOUN,nmod,0,2,1,1,0,0,0,0,1.0,False,False,GBd-TD1-01_mptf.conllu,1,0,0
zrēh,NOUN,obl,0,0,0,1,1,287,117,frāxkard,PROPN,nmod,0,1,3,4,1,0,1,1,0.25,False,False,GBd-TD1-01_mptf.conllu,1,0,0
zrēh,NOUN,conj,0,0,0,1,1,287,6,kamrōdīg,PROPN,nmod,0,1,2,1,1,0,1,1,0.0,False,False,GBd-TD1-01_mptf.conllu,1,0,0
āb,NOUN,conj,0,0,0,1,1,2066,287,zrēh,NOUN,nmod,0,1,2,2,1,0,0,1,0.0,False,False,GBd-TD1-01_mptf.conllu,1,0,0
rawišn,NOUN,conj,0,0,0,1,1,127,2067,āb,NOUN,nmod,0,1,2,2,1,0,0,1,0.0,True,False,GBd-TD1-01_mptf.conllu,1,0,0
rawišn,NOUN,obl,0,0,0,1,1,127,2067,āb,NOUN,nmod,0,1,2,3,1,1,0,1,0.3333333333333333,True,False,GBd-TD1-01_mptf.conllu,1,0,0
āb,NOUN,obl,0,0,0,1,1,2066,26,tazāg,ADJ,amod,0,2,2,3,1,1,0,1,1.0,False,False,GBd-TD1-01_mptf.conllu,0,1,0
āb,NOUN,obl,0,0,0,1,1,2066,21,tanuk,ADJ,amod,0,2,1,2,0,0,0,0,0.5,False,False,GBd-TD1-01_mptf.conllu,0,1,0
āb,NOUN,obl,0,0,0,1,1,2066,44,zofr,ADJ,amod,0,2,1,2,0,0,0,0,1.0,False,False,GBd-TD1-01_mptf.conllu,0,1,0
wās,PROPN,obl,0,0,0,1,1,12,12,punǰāsadwarm,ADJ,nmod,0,1,2,2,1,0,0,1,0.3333333333333333,False,False,GBd-TD1-01_mptf.conllu,1,0,0
karmāhīg,PROPN,obl,0,0,1,1,1,14,6,araz,PROPN,nmod,0,1,1,1,0,0,1,0,1.0,False,False,GBd-TD1-01_mptf.conllu,1,0,0
nām,NOUN,nsubj,0,1,0,1,1,528,130,māhīgān,NOUN,nmod,0,1,2,2,1,1,0,1,1.0,False,False,GBd-TD1-01_mptf.conllu,1,0,0
xāyag,NOUN,obl,0,0,0,1,1,52,49,ǰuxt,NOUN,nmod,0,1,2,3,2,1,0,1,0.5714285714285714,False,False,GBd-TD1-01_mptf.conllu,1,0,0
paymānag,NOUN,orphan,0,0,0,1,1,215,2375,xwēš,PRON,amod,0,1,2,2,1,0,0,1,0.0,False,False,GBd-TD1-01_mptf.conllu,0,1,0
sūrāg,NOUN,obl,0,0,0,1,1,61,46,aškom,NOUN,nmod,1,1,4,4,2,1,0,1,0.125,False,False,GBd-TD1-01_mptf.conllu,1,0,0
dar,NOUN,nsubj,0,0,0,1,1,332,1,xāyag,NOUN,nmod,0,1,2,1,1,0,0,1,0.25,False,False,GBd-TD1-01_mptf.conllu,1,0,0
māhīg,NOUN,nsubj,0,0,1,1,1,128,26,xwurd,ADJ,amod,0,1,2,1,1,0,0,1,0.875,False,False,GBd-TD1-01_mptf.conllu,0,1,0
tis,NOUN,nmod,0,0,0,1,1,1502,2375,xwēš,PRON,amod,0,1,1,1,0,0,0,0,0.0,False,False,GBd-TD1-01_mptf.conllu,0,1,0
paymānag,NOUN,obl,0,0,0,1,1,215,1505,tis,NOUN,nmod,1,2,2,2,1,0,0,0,1.0,False,False,GBd-TD1-01_mptf.conllu,1,0,0
āb,NOUN,obl,0,0,0,1,1,2066,44,zofr,ADJ,amod,0,2,2,3,1,1,0,1,0.5,False,False,GBd-TD1-01_mptf.conllu,0,1,0
xwadīh,NOUN,obl,0,0,0,1,1,160,1406,ham,DET,amod,0,2,1,2,0,0,0,0,0.4,False,False,GBd-TD1-01_mptf.conllu,0,1,0
māh,NOUN,obl,0,0,0,1,1,689,108,šahrewar,PROPN,nmod,0,1,4,3,0,0,1,0,0.5,False,False,GBd-TD1-01_mptf.conllu,1,0,0
māh,NOUN,acl:relcl,0,0,0,1,1,689,88,tīr,PROPN,nmod,0,1,3,4,1,0,1,0,0.0,False,False,GBd-TD1-01_mptf.conllu,1,0,0
tīr,PROPN,nmod,0,0,0,1,1,88,28,wihēzagīg,ADJ,amod,0,1,2,1,1,0,0,1,0.0,False,False,GBd-TD1-01_mptf.conllu,0,1,0
māh,NOUN,obl,0,0,0,1,1,689,65,frawardīn,PROPN,nmod,0,1,4,3,1,0,1,1,1.0,False,False,GBd-TD1-01_mptf.conllu,1,0,0
māh,NOUN,acl,0,0,0,1,1,689,189,spandarmad,PROPN,nmod,0,1,3,3,1,0,1,0,0.0,False,False,GBd-TD1-01_mptf.conllu,1,0,0
murwān,NOUN,obl,1,0,0,1,1,185,132,nar,ADJ,amod,0,1,1,2,0,0,0,0,0.3333333333333333,False,False,GBd-TD1-01_mptf.conllu,0,1,0
wēnišn,NOUN,obl,0,1,0,1,1,100,2716,mardōmān,NOUN,nmod,0,1,2,2,1,0,0,1,1.0,True,False,GBd-TD1-01_mptf.conllu,1,0,0
čiyōnīh,NOUN,root,0,1,0,1,1,143,641,urwarān,NOUN,nmod,0,1,1,3,0,0,0,0,0.0,False,False,GBd-TD1-01_mptf.conllu,1,0,0
madan,NOUN,obl,0,0,0,1,1,68,181,ēbgat,NOUN,nmod,0,1,2,2,1,0,0,1,0.5,True,False,GBd-TD1-01_mptf.conllu,1,0,0
čand,PRON,nsubj,0,0,0,1,1,782,641,urwar,NOUN,nmod,0,2,2,2,0,0,0,0,0.4,False,False,GBd-TD1-01_mptf.conllu,1,0,0
sardag,NOUN,obl,0,0,0,1,1,269,163,ǰōrdāg,NOUN,nmod,0,1,4,5,0,0,0,0,0.25,True,False,GBd-TD1-01_mptf.conllu,1,0,0
sardag,NOUN,conj,0,0,0,1,1,269,641,urwar,NOUN,nmod,0,1,3,3,1,0,0,0,0.0,True,False,GBd-TD1-01_mptf.conllu,1,0,0
urwar,NOUN,nmod,0,0,0,1,1,641,11,bēšāz,ADJ,amod,0,1,2,1,1,0,0,1,0.0,False,False,GBd-TD1-01_mptf.conllu,0,1,0
gāw,NOUN,obl,0,0,0,0,1,459,24,ēkdād,ADJ,amod,0,1,2,2,1,0,0,1,0.5,False,False,GBd-TD1-01_mptf.conllu,0,1,0
urwar,NOUN,advcl,0,0,0,1,1,641,109,mādagwar,ADJ,amod,0,1,2,1,1,0,0,1,0.0,False,False,GBd-TD1-01_mptf.conllu,0,1,0
sardag,NOUN,conj,0,0,0,1,1,269,269,sardag,NOUN,nmod,1,1,3,3,3,0,0,1,0.0,True,True,GBd-TD1-01_mptf.conllu,1,0,0
sardag,NOUN,nmod,0,0,0,1,1,269,641,urwar,NOUN,nmod,0,1,1,3,0,0,0,0,0.0,True,False,GBd-TD1-01_mptf.conllu,1,0,0
wanand,PROPN,nsubj,0,0,0,1,1,22,11,wastōhmag,ADJ,amod,0,1,1,1,0,0,0,0,0.6666666666666666,False,False,GBd-TD1-01_mptf.conllu,0,1,0
gāw,NOUN,obl,0,0,0,0,1,459,24,ēkdād,ADJ,amod,0,1,1,2,0,0,0,0,0.3333333333333333,False,False,GBd-TD1-01_mptf.conllu,0,1,0
āb,NOUN,obl,0,0,0,1,1,2066,12,wārānīg,ADJ,amod,0,1,2,2,1,0,0,1,0.6666666666666666,False,False,GBd-TD1-01_mptf.conllu,0,1,0
hōm,PROPN,nsubj,0,0,0,1,1,265,15,spēd,ADJ,amod,0,1,3,1,3,0,0,1,1.0,False,False,GBd-TD1-01_mptf.conllu,0,1,0
draxt,NOUN,xcomp,0,0,0,1,1,103,14,gōkirn,PROPN,nmod,0,2,1,1,0,0,1,0,0.0,False,False,GBd-TD1-01_mptf.conllu,1,0,0
hōm,PROPN,dislocated:topic,0,0,0,1,1,265,23,dūrōš,ADJ,amod,0,1,2,1,1,0,0,1,0.0,False,False,GBd-TD1-01_mptf.conllu,0,1,0
rad,NOUN,root,0,1,0,1,1,756,641,urwarān,NOUN,nmod,0,2,1,3,0,0,0,0,0.0,False,False,GBd-TD1-01_mptf.conllu,1,0,0
ēwēnag,NOUN,nsubj,0,0,0,1,1,782,129,dār,NOUN,appos,2,1,4,3,8,1,0,0,1.0,False,True,GBd-TD1-01_mptf.conllu,0,0,0
gugān,NOUN,obj,0,0,0,1,1,47,18258,=š,PRON,nmod,0,2,1,1,0,0,0,0,1.0,False,False,GBd-TD1-01_mptf.conllu,1,0,0
bar,NOUN,nsubj,0,0,0,1,1,253,18258,=š,PRON,nmod,0,2,1,1,0,0,0,0,0.5,False,False,GBd-TD1-01_mptf.conllu,1,0,0
xwārbārīh,NOUN,obl,0,1,0,1,1,2,2716,mardōmān,NOUN,nmod,0,1,1,2,0,0,0,0,0.75,False,False,GBd-TD1-01_mptf.conllu,1,0,0
abārīg,PRON,conj,0,0,1,1,1,942,790,ēwēnag,NOUN,nmod,2,1,2,1,2,0,0,0,0.0,False,False,GBd-TD1-01_mptf.conllu,1,0,0
bar,NOUN,nsubj,0,0,0,1,1,253,18258,=š,PRON,nmod,0,2,1,1,0,0,0,0,0.4,False,False,GBd-TD1-01_mptf.conllu,1,0,0
xwārbār,NOUN,obl,0,1,0,1,1,12,2716,mardōmān,NOUN,nmod,0,1,1,2,0,0,0,0,0.6,True,False,GBd-TD1-01_mptf.conllu,1,0,0
pih,NOUN,obl,0,0,0,1,1,78,3,rōzwārag,ADJ,amod,0,1,2,2,1,0,0,1,0.6,False,False,GBd-TD1-01_mptf.conllu,0,1,0
abārīg,PRON,conj,0,0,1,1,1,942,63,šōn,NOUN,nmod,2,1,2,1,2,0,0,0,0.0,False,False,GBd-TD1-01_mptf.conllu,1,0,0
warz,NOUN,obl,0,1,0,1,1,20,2716,mardōmān,NOUN,nmod,0,1,1,2,0,0,0,0,0.75,False,False,GBd-TD1-01_mptf.conllu,1,0,0
abārīg,PRON,conj:appos,0,0,1,1,1,942,63,šōn,NOUN,nmod,2,1,2,1,2,0,0,0,0.0,False,False,GBd-TD1-01_mptf.conllu,1,0,0
harw,PRON,obj,0,0,0,0,0,112,75,hubōy,ADJ,amod,3,1,5,2,0,0,0,0,0.25,False,False,GBd-TD1-01_mptf.conllu,0,1,0
bar,NOUN,obl,0,0,0,1,1,253,18258,=š,PRON,nmod,0,2,2,3,0,0,0,0,0.75,False,False,GBd-TD1-01_mptf.conllu,1,0,0
škōfag,NOUN,conj,0,0,0,1,0,4,75,hubōy,ADJ,amod,0,1,1,2,0,0,0,0,0.0,False,False,GBd-TD1-01_mptf.conllu,0,1,0
dastwarz,NOUN,obl,0,1,0,1,1,3,143,stōrān,NOUN,nmod,0,1,3,1,2,0,0,1,1.0,False,False,GBd-TD1-01_mptf.conllu,1,0,0
mazg,NOUN,nsubj,0,0,0,1,1,84,18258,=š,PRON,nmod,0,2,1,1,0,0,0,0,0.6666666666666666,False,False,GBd-TD1-01_mptf.conllu,1,0,0
abārīg,PRON,conj,0,0,1,1,1,942,63,šōn,NOUN,nmod,2,1,2,1,2,0,0,0,0.0,False,False,GBd-TD1-01_mptf.conllu,1,0,0
rēšag,NOUN,nsubj,0,0,0,1,0,29,3378,čē,PRON,nmod,0,2,2,3,0,0,0,0,0.6666666666666666,False,False,GBd-TD1-01_mptf.conllu,1,0,0
abārīg,PRON,conj,0,0,1,1,1,942,63,šōn,NOUN,nmod,2,1,2,1,2,0,0,0,0.0,False,False,GBd-TD1-01_mptf.conllu,1,0,0
dōsēn,NOUN,obl,0,0,0,1,1,9,641,urwar,NOUN,nmod,1,1,2,2,2,0,0,1,1.0,False,False,GBd-TD1-01_mptf.conllu,1,0,0
hamāg,PRON,appos,0,0,0,1,1,1065,1514,hamāg,PRON,appos,0,2,1,1,1,0,0,0,0.0,False,False,GBd-TD1-01_mptf.conllu,0,0,0
mēwag,NOUN,nsubj,0,0,0,1,1,27,109,mādagwar,ADJ,amod,0,1,1,1,0,0,0,0,1.0,False,False,GBd-TD1-01_mptf.conllu,0,1,0
ēwēnag,NOUN,obj,0,0,0,1,1,782,18258,=š,PRON,nmod,1,2,1,2,0,0,0,0,0.5,False,False,GBd-TD1-01_mptf.conllu,1,0,0
wan,NOUN,conj,0,0,0,1,1,52,7,gurgānīg,ADJ,amod,0,1,3,3,1,0,0,1,0.0,False,False,GBd-TD1-01_mptf.conllu,0,1,0
abārīg,PRON,conj,0,0,1,1,1,942,63,šōn,NOUN,nmod,2,1,2,2,2,0,0,0,0.0,False,False,GBd-TD1-01_mptf.conllu,1,0,0
ast,NOUN,obj,0,0,0,1,1,37,18258,=š,PRON,nmod,0,2,1,1,0,0,0,0,0.3333333333333333,False,False,GBd-TD1-01_mptf.conllu,1,0,0
X,NOUN,conj,0,0,0,1,1,305,108,spēd,ADJ,amod,0,1,2,2,1,0,0,1,0.0,False,False,GBd-TD1-01_mptf.conllu,0,1,0
murw,NOUN,conj,0,0,0,0,1,9,1,spēd,ADJ,amod,0,1,2,2,1,0,0,1,0.0,False,False,GBd-TD1-01_mptf.conllu,0,1,0
xērīg,NOUN,conj,0,0,1,1,1,5,40,suxr,ADJ,amod,0,1,2,2,1,0,0,1,0.0,False,False,GBd-TD1-01_mptf.conllu,0,1,0
wahārīg,NOUN,conj,0,0,1,1,1,2,32,zard,ADJ,amod,0,1,2,2,1,0,0,1,0.0,False,False,GBd-TD1-01_mptf.conllu,0,1,0
gul,NOUN,conj,0,0,0,1,1,15,2,ēwsadwarg,ADJ,amod,0,1,2,2,1,0,0,1,0.0,False,False,GBd-TD1-01_mptf.conllu,0,1,0
hōm,NOUN,conj,0,0,0,1,1,265,15,spēd,ADJ,amod,0,1,2,2,1,0,0,1,0.0,False,False,GBd-TD1-01_mptf.conllu,0,1,0
murw,NOUN,conj,0,0,0,0,1,9,2,ardaxšīrān,PROPN,amod,0,1,2,2,1,0,1,1,0.0,False,False,GBd-TD1-01_mptf.conllu,0,1,0
hōm,PROPN,nsubj,0,0,0,1,1,265,790,ēwēnag,NOUN,nmod,2,1,2,1,2,0,0,0,1.0,False,False,GBd-TD1-01_mptf.conllu,1,0,0
mardōmān,NOUN,nmod,1,1,0,1,1,2713,2716,mardōmān,NOUN,nmod,0,2,1,1,1,0,0,0,0.0,False,False,GBd-TD1-01_mptf.conllu,1,0,0
fradom,PRON,amod,0,0,0,1,1,19,692,fradom,PRON,amod,0,2,1,1,1,0,0,0,0.0,False,False,GBd-TD1-01_mptf.conllu,0,1,0
buzān,NOUN,nmod,1,1,0,1,1,37,39,buzān,NOUN,nmod,0,2,1,1,1,0,0,0,0.0,False,False,GBd-TD1-01_mptf.conllu,1,0,0
sard,NOUN,nmod,0,0,0,1,1,269,269,sard,NOUN,nmod,0,2,1,1,1,0,0,0,0.0,False,False,GBd-TD1-01_mptf.conllu,1,0,0
spar,NOUN,amod,0,0,0,1,1,10,10,spar,NOUN,amod,0,2,1,1,1,0,0,0,0.0,False,False,GBd-TD1-01_mptf.conllu,0,1,0
mēšān,NOUN,nmod,1,1,0,1,1,68,70,mēšān,NOUN,nmod,0,2,1,1,1,0,0,0,0.0,False,False,GBd-TD1-01_mptf.conllu,1,0,0
sard,NOUN,nmod,0,0,0,1,1,269,269,sard,NOUN,nmod,0,2,1,1,1,0,0,0,0.0,False,False,GBd-TD1-01_mptf.conllu,1,0,0
uštarān,NOUN,nmod,1,1,0,1,1,64,64,uštarān,NOUN,nmod,0,2,1,1,1,0,0,0,0.0,False,False,GBd-TD1-01_mptf.conllu,1,0,0
gāwān,NOUN,nmod,1,1,0,1,1,459,459,gāwān,NOUN,nmod,0,2,1,1,1,0,0,0,0.0,False,False,GBd-TD1-01_mptf.conllu,1,0,0
xarān,NOUN,nmod,1,1,0,1,1,70,73,xarān,NOUN,nmod,0,2,1,1,1,0,0,0,0.0,False,False,GBd-TD1-01_mptf.conllu,1,0,0
sagān,NOUN,nmod,1,1,0,1,1,564,564,sagān,NOUN,nmod,0,2,1,1,1,0,0,0,0.0,False,False,GBd-TD1-01_mptf.conllu,1,0,0
sagān,NOUN,nmod,1,1,0,1,1,564,564,sagān,NOUN,nmod,0,2,1,1,1,0,0,0,0.0,False,False,GBd-TD1-01_mptf.conllu,1,0,0
araz,PROPN,flat,0,0,0,1,1,6,6,araz,PROPN,flat,0,2,1,1,1,0,1,0,0.0,False,False,GBd-TD1-01_mptf.conllu,0,0,0
dāmān,NOUN,nmod,1,1,0,1,1,1172,1175,dāmān,NOUN,nmod,0,2,1,1,1,0,0,0,0.0,False,False,GBd-TD1-01_mptf.conllu,1,0,0
rōd,NOUN,flat,0,0,0,1,1,347,347,rōd,NOUN,flat,0,2,1,1,1,0,0,0,0.0,False,False,GBd-TD1-01_mptf.conllu,0,0,0
ābān,NOUN,nmod,1,1,0,1,1,2066,2067,ābān,NOUN,nmod,0,2,1,1,1,0,0,0,0.0,False,False,GBd-TD1-01_mptf.conllu,1,0,0
arzišn,NOUN,nsubj,0,0,0,1,1,2,18258,=iš,PRON,nmod,0,2,1,1,0,0,0,0,1.0,True,False,GBd-TD1-01_mptf.conllu,1,0,0
gētī,NOUN,nmod,0,0,0,0,0,1041,1135,gētī,NOUN,nmod,0,2,1,1,1,0,0,0,0.0,False,False,GBd-TD1-01_mptf.conllu,1,0,0
wād,NOUN,nmod,0,0,0,1,1,422,422,wād,NOUN,nmod,0,2,1,1,1,0,0,0,0.0,False,False,GBd-TD1-01_mptf.conllu,1,0,0
dēwān,NOUN,nmod,1,1,0,1,1,1336,1338,dēwān,NOUN,nmod,0,2,1,1,1,0,0,0,0.0,False,False,GBd-TD1-01_mptf.conllu,1,0,0
āb,NOUN,nmod,0,0,0,1,1,2066,2067,āb,NOUN,nmod,0,2,1,1,1,0,0,0,0.0,False,False,GBd-TD1-01_mptf.conllu,1,0,0
wād,NOUN,nmod,0,0,0,1,1,422,422,wād,NOUN,nmod,0,2,1,1,1,0,0,0,0.0,False,False,GBd-TD1-01_mptf.conllu,1,0,0
=tān,PRON,nmod,1,1,0,1,1,787,787,=tān,PRON,nmod,0,2,1,1,1,0,0,0,0.0,False,False,GBd-TD1-01_mptf.conllu,1,0,0
mardōmān,NOUN,nmod,1,1,0,1,1,2713,2716,mardōmān,NOUN,nmod,0,2,1,1,1,0,0,0,0.0,False,False,GBd-TD1-01_mptf.conllu,1,0,0
xwaniras,PROPN,nmod,0,0,0,1,1,93,94,xwaniras,PROPN,nmod,0,2,1,1,1,0,1,0,0.0,False,False,GBd-TD1-01_mptf.conllu,1,0,0
āwāmwinnārišn,NOUN,nmod,0,0,0,1,1,176,179,āwāmwinnārišn,NOUN,nmod,0,2,1,1,1,0,0,0,0.0,False,False,GBd-TD1-01_mptf.conllu,1,0,0
tabišn,NOUN,obl,0,0,0,1,1,2,1446,ātaxš,NOUN,nmod,0,1,3,2,2,0,0,1,0.3333333333333333,True,False,GBd-TD1-01_mptf.conllu,1,0,0
ātaxš,NOUN,nmod,0,0,0,1,0,1442,58,andarwāy,NOUN,nmod,0,1,2,2,1,0,0,1,0.0,False,False,GBd-TD1-01_mptf.conllu,1,0,0
yazadān,NOUN,nmod,1,1,0,1,1,1403,1407,yazadān,NOUN,nmod,0,2,1,1,1,0,0,0,0.0,False,False,GBd-TD1-01_mptf.conllu,1,0,0
xwēš,PRON,nmod,0,0,0,1,1,2327,2375,xwēš,PRON,nmod,0,2,1,1,1,0,0,0,0.0,False,False,GBd-TD1-01_mptf.conllu,1,0,0
=š,PRON,nmod,0,0,0,1,1,18107,18258,=š,PRON,nmod,0,2,1,1,1,0,0,0,0.0,False,False,GBd-TD1-01_mptf.conllu,1,0,0
dāmān,NOUN,nmod,1,1,0,1,1,1172,1175,dāmān,NOUN,nmod,0,2,1,1,1,0,0,0,0.0,False,False,GBd-TD1-01_mptf.conllu,1,0,0
dāmān,NOUN,nmod,1,1,0,1,1,1172,1175,dāmān,NOUN,nmod,0,2,1,1,1,0,0,0,0.0,False,False,GBd-TD1-01_mptf.conllu,1,0,0
sūd,NOUN,nmod,0,0,0,1,1,327,330,sūd,NOUN,nmod,0,2,1,1,1,0,0,0,0.0,False,False,GBd-TD1-01_mptf.conllu,1,0,0
kayān,PROPN,nmod,1,1,0,1,1,137,141,kayān,PROPN,nmod,0,2,1,1,1,0,1,0,0.0,False,False,GBd-TD1-01_mptf.conllu,1,0,0
ērān,NOUN,nmod,1,1,0,1,1,25,34,ērān,NOUN,nmod,0,2,1,1,1,0,0,0,0.0,False,False,GBd-TD1-01_mptf.conllu,1,0,0
kayān,PROPN,nmod,1,1,0,1,1,137,141,kayān,PROPN,nmod,0,2,1,1,1,0,1,0,0.0,False,False,GBd-TD1-01_mptf.conllu,1,0,0
kayān,PROPN,nmod,1,1,0,1,1,137,141,kayān,PROPN,nmod,0,2,1,1,1,0,1,0,0.0,False,False,GBd-TD1-01_mptf.conllu,1,0,0
ērān,NOUN,nmod,1,1,0,1,1,25,34,ērān,NOUN,nmod,0,2,1,1,1,0,0,0,0.0,False,False,GBd-TD1-01_mptf.conllu,1,0,0
āsrōnān,NOUN,nmod,1,1,0,1,1,138,139,āsrōnān,NOUN,nmod,0,2,1,1,1,0,0,0,0.0,False,False,GBd-TD1-01_mptf.conllu,1,0,0
ohrmazd,PROPN,nmod,0,0,0,1,1,3237,3242,ohrmazd,PROPN,nmod,0,2,1,1,1,0,1,0,0.0,False,False,GBd-TD1-01_mptf.conllu,1,0,0
ohrmazd,PROPN,nmod,0,0,0,1,1,3237,3242,ohrmazd,PROPN,nmod,0,2,1,1,1,0,1,0,0.0,False,False,GBd-TD1-01_mptf.conllu,1,0,0
ohrmazd,PROPN,nmod,0,0,0,1,1,3237,3242,ohrmazd,PROPN,nmod,0,2,1,1,1,0,1,0,0.0,False,False,GBd-TD1-01_mptf.conllu,1,0,0
ohrmazd,PROPN,nmod,0,0,0,1,1,3237,3242,ohrmazd,PROPN,nmod,0,2,1,1,1,0,1,0,0.0,False,False,GBd-TD1-01_mptf.conllu,1,0,0
=š,PRON,nmod,0,0,0,1,1,18107,18258,=š,PRON,nmod,0,2,1,1,1,0,0,0,0.0,False,False,GBd-TD1-01_mptf.conllu,1,0,0
wahman,PROPN,nmod,0,0,0,1,1,598,599,wahman,PROPN,nmod,0,2,1,1,1,0,1,0,0.0,False,False,GBd-TD1-01_mptf.conllu,1,0,0
yazad,NOUN,flat,0,0,0,1,1,1403,1407,yazad,NOUN,flat,0,2,1,1,1,0,0,0,0.0,False,False,GBd-TD1-01_mptf.conllu,0,0,0
mihr,PROPN,nmod,0,0,0,1,1,289,290,mihr,PROPN,nmod,0,2,1,1,1,0,1,0,0.0,False,False,GBd-TD1-01_mptf.conllu,1,0,0
=š,PRON,nmod,0,0,0,1,1,18107,18258,=š,PRON,nmod,0,2,1,1,1,0,0,0,0.0,False,False,GBd-TD1-01_mptf.conllu,1,0,0
māh,NOUN,nmod,0,0,0,1,1,689,690,māh,NOUN,nmod,0,2,1,1,1,0,0,0,0.0,False,False,GBd-TD1-01_mptf.conllu,1,0,0
ahreman,PROPN,nmod,0,0,0,1,1,322,323,ahreman,PROPN,nmod,0,2,1,1,1,0,1,0,0.0,False,False,GBd-TD1-01_mptf.conllu,1,0,0
ohrmazd,PROPN,nmod,0,0,0,1,1,3237,3242,ohrmazd,PROPN,nmod,0,2,1,1,1,0,1,0,0.0,False,False,GBd-TD1-01_mptf.conllu,1,0,0
=š,PRON,nmod,0,0,0,1,1,18107,18258,=š,PRON,nmod,0,2,1,1,1,0,0,0,0.0,False,False,GBd-TD1-01_mptf.conllu,1,0,0
wazaγ,NOUN,nmod,0,0,0,1,1,54,54,wazaγ,NOUN,nmod,0,2,1,1,1,0,0,0,0.0,False,False,GBd-TD1-01_mptf.conllu,1,0,0
dām,NOUN,nmod,0,0,0,1,1,1172,1175,dām,NOUN,nmod,0,2,1,1,1,0,0,0,0.0,False,False,GBd-TD1-01_mptf.conllu,1,0,0
ohrmazd,PROPN,nmod,0,0,0,1,1,3237,3242,ohrmazd,PROPN,nmod,0,2,1,1,1,0,1,0,0.0,False,False,GBd-TD1-01_mptf.conllu,1,0,0
=š,PRON,nmod,0,0,0,1,1,18107,18258,=š,PRON,nmod,0,2,1,1,1,0,0,0,0.0,False,False,GBd-TD1-01_mptf.conllu,1,0,0
anāmurzīdārīh,NOUN,nmod,0,0,0,1,1,8,8,anāmurzīdārīh,NOUN,nmod,0,2,1,1,1,0,0,0,0.0,False,False,GBd-TD1-01_mptf.conllu,1,0,0
ohrmazd,PROPN,nmod,0,0,0,1,1,3237,3242,ohrmazd,PROPN,nmod,0,2,1,1,1,0,1,0,0.0,False,False,GBd-TD1-01_mptf.conllu,1,0,0
dām,NOUN,nmod,0,0,0,1,1,1172,1175,dām,NOUN,nmod,0,2,1,1,1,0,0,0,0.0,False,False,GBd-TD1-01_mptf.conllu,1,0,0
dāmān,NOUN,nmod,1,1,0,1,1,1172,1175,dāmān,NOUN,nmod,0,2,1,1,1,0,0,0,0.0,False,False,GBd-TD1-01_mptf.conllu,1,0,0
xwēš,PRON,nmod,0,0,0,1,1,2327,2375,xwēš,PRON,nmod,0,2,1,1,1,0,0,0,0.0,False,False,GBd-TD1-01_mptf.conllu,1,0,0
xwēš,PRON,nmod,0,0,0,1,1,2327,2375,xwēš,PRON,nmod,0,2,1,1,1,0,0,0,0.0,False,False,GBd-TD1-01_mptf.conllu,1,0,0
ohrmazd,PROPN,nmod,0,0,0,1,1,3237,3242,ohrmazd,PROPN,nmod,0,2,1,1,1,0,1,0,0.0,False,False,GBd-TD1-01_mptf.conllu,1,0,0
ohrmazd,PROPN,nmod,0,0,0,1,1,3237,3242,ohrmazd,PROPN,nmod,0,2,1,1,1,0,1,0,0.0,False,False,GBd-TD1-01_mptf.conllu,1,0,0
ahreman,PROPN,nmod,0,0,0,1,1,322,323,ahreman,PROPN,nmod,0,2,1,1,1,0,1,0,0.0,False,False,GBd-TD1-01_mptf.conllu,1,0,0
mardōmān,NOUN,nmod,1,1,0,1,1,2713,2716,mardōmān,NOUN,nmod,0,2,1,1,1,0,0,0,0.0,False,False,GBd-TD1-01_mptf.conllu,1,0,0
ohrmazd,PROPN,nmod,0,0,0,1,1,3237,3242,ohrmazd,PROPN,nmod,0,2,1,1,1,0,1,0,0.0,False,False,GBd-TD1-01_mptf.conllu,1,0,0
akōman,PROPN,nmod,0,0,0,1,1,107,107,akōman,PROPN,nmod,0,2,1,1,1,0,1,0,0.0,False,False,GBd-TD1-01_mptf.conllu,1,0,0
indar,PROPN,nmod,0,0,0,1,1,19,20,indar,PROPN,nmod,0,2,1,1,1,0,1,0,0.0,False,False,GBd-TD1-01_mptf.conllu,1,0,0
dēw,NOUN,appos,0,0,0,0,0,1336,1338,dēw,NOUN,appos,0,2,1,1,1,0,0,0,0.0,False,False,GBd-TD1-01_mptf.conllu,0,0,0
dāmān,NOUN,nmod,1,1,0,1,1,1172,1175,dāmān,NOUN,nmod,0,2,1,1,1,0,0,0,0.0,False,False,GBd-TD1-01_mptf.conllu,1,0,0
frārōnīh,NOUN,nmod,0,0,0,1,1,229,229,frārōnīh,NOUN,nmod,0,2,1,1,1,0,0,0,0.0,False,False,GBd-TD1-01_mptf.conllu,1,0,0
kird,NOUN,nmod,0,0,0,1,1,17,53,kird,NOUN,nmod,0,2,1,1,1,0,0,0,0.0,True,True,GBd-TD1-01_mptf.conllu,1,0,0
mardōmān,NOUN,nmod,1,1,0,1,1,2713,2716,mardōmān,NOUN,nmod,0,2,1,1,1,0,0,0,0.0,False,False,GBd-TD1-01_mptf.conllu,1,0,0
sāwul,PROPN,nmod,0,0,0,1,1,19,20,sāwul,PROPN,nmod,0,2,1,1,1,0,1,0,0.0,False,False,GBd-TD1-01_mptf.conllu,1,0,0
dēw,NOUN,flat,0,0,0,0,0,1336,1338,dēw,NOUN,flat,0,2,1,1,1,0,0,0,0.0,False,False,GBd-TD1-01_mptf.conllu,0,0,0
sālār,NOUN,appos,0,0,0,1,1,233,233,sālār,NOUN,appos,0,2,1,1,1,0,0,0,0.0,True,True,GBd-TD1-01_mptf.conllu,0,0,0
dēwān,NOUN,nmod,1,1,0,1,1,1336,1338,dēwān,NOUN,nmod,0,2,1,1,1,0,0,0,0.0,False,False,GBd-TD1-01_mptf.conllu,1,0,0
nānghāiϑ,PROPN,nmod,0,0,0,1,1,18,18,nānghāiϑ,PROPN,nmod,0,2,1,1,1,0,1,0,0.0,False,False,GBd-TD1-01_mptf.conllu,1,0,0
dēw,NOUN,flat,0,0,0,0,0,1336,1338,dēw,NOUN,flat,0,2,1,1,1,0,0,0,0.0,False,False,GBd-TD1-01_mptf.conllu,0,0,0
dēw,NOUN,appos,0,0,0,0,0,1336,1338,dēw,NOUN,appos,0,2,1,1,1,0,0,0,0.0,False,False,GBd-TD1-01_mptf.conllu,0,0,0
tarwēnīdār,NOUN,appos,0,0,0,1,1,7,14,tarwēnīdār,NOUN,appos,0,2,1,1,1,0,0,0,0.0,True,True,GBd-TD1-01_mptf.conllu,0,0,0
zahrkirdār,NOUN,appos,0,0,0,1,1,3,3,zahrkirdār,NOUN,appos,0,2,1,1,1,0,0,0,0.0,True,True,GBd-TD1-01_mptf.conllu,0,0,0
awēšān,PRON,nmod,1,1,0,1,1,4503,4718,awēšān,PRON,nmod,0,2,1,1,1,0,0,0,0.0,False,False,GBd-TD1-01_mptf.conllu,1,0,0
mōg,NOUN,nmod,0,0,0,1,1,6,7,mōg,NOUN,nmod,0,2,1,1,1,0,0,0,0.0,False,False,GBd-TD1-01_mptf.conllu,1,0,0
druz,NOUN,flat,0,0,0,1,1,911,915,druz,NOUN,flat,0,2,1,1,1,0,0,0,0.0,False,False,GBd-TD1-01_mptf.conllu,0,0,0
dēw,NOUN,flat,0,0,0,0,0,1336,1338,dēw,NOUN,flat,0,2,1,1,1,0,0,0,0.0,False,False,GBd-TD1-01_mptf.conllu,0,0,0
dēw,NOUN,flat,0,0,0,0,0,1336,1338,dēw,NOUN,flat,0,2,1,1,1,0,0,0,0.0,False,False,GBd-TD1-01_mptf.conllu,0,0,0
gumānīgīh,NOUN,nmod,0,0,0,1,1,22,23,gumānīgīh,NOUN,nmod,0,2,1,1,1,0,0,0,0.0,False,False,GBd-TD1-01_mptf.conllu,1,0,0
dēw,NOUN,flat,0,0,0,0,0,1336,1338,dēw,NOUN,flat,0,2,1,1,1,0,0,0,0.0,False,False,GBd-TD1-01_mptf.conllu,0,0,0
kēnwarīh,NOUN,nmod,0,0,0,1,1,10,12,kēnwarīh,NOUN,nmod,0,2,1,1,1,0,0,0,0.0,False,False,GBd-TD1-01_mptf.conllu,1,0,0
adahm,PROPN,nmod,0,0,0,1,1,1,4,adahm,PROPN,nmod,0,2,1,1,1,0,1,0,0.0,False,False,GBd-TD1-01_mptf.conllu,1,0,0
dēw,NOUN,flat,0,0,0,0,0,1336,1338,dēw,NOUN,flat,0,2,1,1,1,0,0,0,0.0,False,False,GBd-TD1-01_mptf.conllu,0,0,0
hešm,NOUN,nmod,0,0,0,1,1,27,27,hešm,NOUN,nmod,0,2,1,1,1,0,0,0,0.0,False,False,GBd-TD1-01_mptf.conllu,1,0,0
xwēš,PRON,nmod,0,0,0,1,1,2327,2375,xwēš,PRON,nmod,0,2,1,1,1,0,0,0,0.0,False,False,GBd-TD1-01_mptf.conllu,1,0,0
zōr,NOUN,nmod,0,0,0,1,1,283,290,zōr,NOUN,nmod,0,2,1,1,1,0,0,0,0.0,False,False,GBd-TD1-01_mptf.conllu,1,0,0
dāmān,NOUN,nmod,1,1,0,1,1,1172,1175,dāmān,NOUN,nmod,0,2,1,1,1,0,0,0,0.0,False,False,GBd-TD1-01_mptf.conllu,1,0,0
ohrmazd,PROPN,nmod,0,0,0,1,1,3237,3242,ohrmazd,PROPN,nmod,0,2,1,1,1,0,1,0,0.0,False,False,GBd-TD1-01_mptf.conllu,1,0,0
kayān,PROPN,nmod,1,1,0,1,1,137,141,kayān,PROPN,nmod,0,2,1,1,1,0,1,0,0.0,False,False,GBd-TD1-01_mptf.conllu,1,0,0
hešm,PROPN,nmod,0,0,0,1,1,27,27,hešm,PROPN,nmod,0,2,1,1,1,0,1,0,0.0,False,False,GBd-TD1-01_mptf.conllu,1,0,0
dēw,NOUN,flat,0,0,0,0,0,1336,1338,dēw,NOUN,flat,0,2,1,1,1,0,0,0,0.0,False,False,GBd-TD1-01_mptf.conllu,0,0,0
mardōmān,NOUN,nmod,1,1,0,1,1,2713,2716,mardōmān,NOUN,nmod,0,2,1,1,1,0,0,0,0.0,False,False,GBd-TD1-01_mptf.conllu,1,0,0
dušox,PROPN,nmod,0,0,0,1,1,371,371,dušox,PROPN,nmod,0,2,1,1,1,0,1,0,0.0,False,False,GBd-TD1-01_mptf.conllu,1,0,0
dēw,NOUN,flat,0,0,0,0,0,1336,1338,dēw,NOUN,flat,0,2,1,1,1,0,0,0,0.0,False,False,GBd-TD1-01_mptf.conllu,0,0,0
nakkīrāyīh,NOUN,nmod,0,0,0,1,1,10,10,nakkīrāyīh,NOUN,nmod,0,2,1,1,1,0,0,0,0.0,False,False,GBd-TD1-01_mptf.conllu,1,0,0
dēw,NOUN,flat,0,0,0,0,0,1336,1338,dēw,NOUN,flat,0,2,1,1,1,0,0,0,0.0,False,False,GBd-TD1-01_mptf.conllu,0,0,0
čarm,NOUN,nmod,0,0,0,1,1,3,5,čarm,NOUN,nmod,0,2,1,1,1,0,0,0,0.0,False,False,GBd-TD1-01_mptf.conllu,1,0,0
sar,NOUN,nmod,0,0,0,1,1,700,700,sar,NOUN,nmod,0,2,1,1,1,0,0,0,0.0,False,False,GBd-TD1-01_mptf.conllu,1,0,0
abr,NOUN,nmod,0,0,0,1,1,124,124,abr,NOUN,nmod,0,2,1,1,1,0,0,0,0.0,False,False,GBd-TD1-01_mptf.conllu,1,0,0
dēw,NOUN,flat,0,0,0,0,0,1336,1338,dēw,NOUN,flat,0,2,1,1,1,0,0,0,0.0,False,False,GBd-TD1-01_mptf.conllu,0,0,0
dēw,NOUN,flat,0,0,0,0,0,1336,1338,dēw,NOUN,flat,0,2,1,1,1,0,0,0,0.0,False,False,GBd-TD1-01_mptf.conllu,0,0,0
dēw,NOUN,flat,0,0,0,0,0,1336,1338,dēw,NOUN,flat,0,2,1,1,1,0,0,0,0.0,False,False,GBd-TD1-01_mptf.conllu,0,0,0
dēw,NOUN,flat,0,0,0,0,0,1336,1338,dēw,NOUN,flat,0,2,1,1,1,0,0,0,0.0,False,False,GBd-TD1-01_mptf.conllu,0,0,0
gētī,NOUN,nmod,0,0,0,0,0,1041,1135,gētī,NOUN,nmod,0,2,1,1,1,0,0,0,0.0,False,False,GBd-TD1-01_mptf.conllu,1,0,0
āzwarān,NOUN,nmod,1,1,0,1,1,5,7,āzwarān,NOUN,nmod,0,2,1,1,1,0,0,0,0.0,False,False,GBd-TD1-01_mptf.conllu,1,0,0
dēw,NOUN,flat,0,0,0,0,0,1336,1338,dēw,NOUN,flat,0,2,1,1,1,0,0,0,0.0,False,False,GBd-TD1-01_mptf.conllu,0,0,0
tan,NOUN,nmod,0,0,0,1,1,2253,2253,tan,NOUN,nmod,0,2,1,1,1,0,0,0,0.0,False,False,GBd-TD1-01_mptf.conllu,1,0,0
xwēš,PRON,nmod,0,0,0,1,1,2327,2375,xwēš,PRON,nmod,0,2,1,1,1,0,0,0,0.0,False,False,GBd-TD1-01_mptf.conllu,1,0,0
kasān,PRON,nmod,1,1,0,1,1,1086,1092,kasān,PRON,nmod,0,2,1,1,1,0,0,0,0.0,False,False,GBd-TD1-01_mptf.conllu,1,0,0
dēw,NOUN,flat,0,0,0,0,0,1336,1338,dēw,NOUN,flat,0,2,1,1,1,0,0,0,0.0,False,False,GBd-TD1-01_mptf.conllu,0,0,0
dēw,NOUN,flat,0,0,0,0,0,1336,1338,dēw,NOUN,flat,0,2,1,1,1,0,0,0,0.0,False,False,GBd-TD1-01_mptf.conllu,0,0,0
dēw,NOUN,flat,0,0,0,0,0,1336,1338,dēw,NOUN,flat,0,2,1,1,1,0,0,0,0.0,False,False,GBd-TD1-01_mptf.conllu,0,0,0
dēw,NOUN,flat,0,0,0,0,0,1336,1338,dēw,NOUN,flat,0,2,1,1,1,0,0,0,0.0,False,False,GBd-TD1-01_mptf.conllu,0,0,0
dēw,NOUN,flat,0,0,0,0,0,1336,1338,dēw,NOUN,flat,0,2,1,1,1,0,0,0,0.0,False,False,GBd-TD1-01_mptf.conllu,0,0,0
dēw,NOUN,flat,0,0,0,0,0,1336,1338,dēw,NOUN,flat,0,2,1,1,1,0,0,0,0.0,False,False,GBd-TD1-01_mptf.conllu,0,0,0
=š,PRON,nmod,0,0,0,1,1,18107,18258,=š,PRON,nmod,0,2,1,1,1,0,0,0,0.0,False,False,GBd-TD1-01_mptf.conllu,1,0,0
mardōm,NOUN,nmod,0,0,0,1,1,2713,2716,mardōm,NOUN,nmod,0,2,1,1,1,0,0,0,0.0,False,False,GBd-TD1-01_mptf.conllu,1,0,0
dēw,NOUN,flat,0,0,0,0,0,1336,1338,dēw,NOUN,flat,0,2,1,1,1,0,0,0,0.0,False,False,GBd-TD1-01_mptf.conllu,0,0,0
yazadān,NOUN,nmod,1,1,0,1,1,1403,1407,yazadān,NOUN,nmod,0,2,1,1,1,0,0,0,0.0,False,False,GBd-TD1-01_mptf.conllu,1,0,0
hamāg,PRON,appos,0,0,0,1,1,1065,1514,hamāg,PRON,appos,0,2,1,1,1,0,0,0,0.0,False,False,GBd-TD1-01_mptf.conllu,0,0,0
mardōmān,NOUN,nmod,1,1,0,1,1,2713,2716,mardōmān,NOUN,nmod,0,2,1,1,1,0,0,0,0.0,False,False,GBd-TD1-01_mptf.conllu,1,0,0
dēw,NOUN,flat,0,0,0,0,0,1336,1338,dēw,NOUN,flat,0,2,1,1,1,0,0,0,0.0,False,False,GBd-TD1-01_mptf.conllu,0,0,0
dēw,NOUN,flat,0,0,0,0,0,1336,1338,dēw,NOUN,flat,0,2,1,1,1,0,0,0,0.0,False,False,GBd-TD1-01_mptf.conllu,0,0,0
gannāgmēnōy,PROPN,nmod,0,0,0,0,0,567,569,gannāgmēnōy,PROPN,nmod,0,2,1,1,1,0,1,0,0.0,False,False,GBd-TD1-01_mptf.conllu,1,0,0
man,PRON,nmod,0,0,0,1,1,2907,2910,man,PRON,nmod,0,2,1,1,1,0,0,0,0.0,False,False,GBd-TD1-01_mptf.conllu,1,0,0
dēw,NOUN,flat,0,0,0,0,0,1336,1338,dēw,NOUN,flat,0,2,1,1,1,0,0,0,0.0,False,False,GBd-TD1-01_mptf.conllu,0,0,0
bārag,NOUN,nmod,0,0,0,1,1,22,23,bārag,NOUN,nmod,0,2,1,1,1,0,0,0,0.0,False,False,GBd-TD1-01_mptf.conllu,1,0,0
ǰādūgān,NOUN,nmod,1,1,0,1,1,165,172,ǰādūgān,NOUN,nmod,0,2,1,1,1,0,0,0,0.0,False,False,GBd-TD1-01_mptf.conllu,1,0,0
marag,NOUN,nmod,0,0,0,1,1,44,68,marag,NOUN,nmod,0,2,1,1,1,0,0,0,0.0,False,False,GBd-TD1-01_mptf.conllu,1,0,0
awēšān,PRON,nmod,1,1,0,1,1,4503,4718,awēšān,PRON,nmod,0,2,1,1,1,0,0,0,0.0,False,False,GBd-TD1-01_mptf.conllu,1,0,0
gōzihr,PROPN,nmod,0,0,0,1,1,23,24,gōzihr,PROPN,nmod,0,2,1,1,1,0,1,0,0.0,False,False,GBd-TD1-01_mptf.conllu,1,0,0
ēwtāgīh,NOUN,nmod,0,0,0,1,1,4,5,ēwtāgīh,NOUN,nmod,0,2,1,1,1,0,0,0,0.0,False,False,GBd-TD1-01_mptf.conllu,1,0,0
=š,PRON,nmod,0,0,0,1,1,18107,18258,=š,PRON,nmod,0,2,1,1,1,0,0,0,0.0,False,False,GBd-TD1-01_mptf.conllu,1,0,0
mardōmān,NOUN,nmod,1,1,0,1,1,2713,2716,mardōmān,NOUN,nmod,0,2,1,1,1,0,0,0,0.0,False,False,GBd-TD1-01_mptf.conllu,1,0,0
gētī,NOUN,nmod,0,0,0,0,0,1041,1135,gētī,NOUN,nmod,0,2,1,1,1,0,0,0,0.0,False,False,GBd-TD1-01_mptf.conllu,1,0,0
āb,NOUN,nmod,0,0,0,1,1,2066,2067,āb,NOUN,nmod,0,2,1,1,1,0,0,0,0.0,False,False,GBd-TD1-01_mptf.conllu,1,0,0
āb,NOUN,nmod,0,0,0,1,1,2066,2067,āb,NOUN,nmod,0,2,1,1,1,0,0,0,0.0,False,False,GBd-TD1-01_mptf.conllu,1,0,0
āb,NOUN,nmod,0,0,0,1,1,2066,2067,āb,NOUN,nmod,0,2,1,1,1,0,0,0,0.0,False,False,GBd-TD1-01_mptf.conllu,1,0,0
rōzan,NOUN,appos,0,0,0,1,1,21,21,rōzan,NOUN,appos,0,2,1,1,1,0,0,0,0.0,False,False,GBd-TD1-01_mptf.conllu,0,0,0
garōdmān,PROPN,nmod,0,0,0,1,1,134,134,garōdmān,PROPN,nmod,0,2,1,1,1,0,1,0,0.0,False,False,GBd-TD1-01_mptf.conllu,1,0,0
nawā,NOUN,nmod,0,0,0,0,0,3,3,nawā,NOUN,nmod,0,2,1,1,1,0,0,0,0.0,False,False,GBd-TD1-01_mptf.conllu,1,0,0
damīg,NOUN,nmod,0,0,1,1,1,3,10,damīg,NOUN,nmod,0,2,1,1,1,0,0,0,0.0,False,False,GBd-TD1-01_mptf.conllu,1,0,0
garōdmān,PROPN,nmod,0,0,0,1,1,134,134,garōdmān,PROPN,nmod,0,2,1,1,1,0,1,0,0.0,False,False,GBd-TD1-01_mptf.conllu,1,0,0
gōnag,NOUN,nmod,0,0,0,1,1,85,90,gōnag,NOUN,nmod,0,2,1,1,1,0,0,0,0.0,False,False,GBd-TD1-01_mptf.conllu,1,0,0
urwāhmenīh,NOUN,nmod,0,0,0,1,1,52,52,urwāhmenīh,NOUN,nmod,0,2,1,1,1,0,0,0,0.0,False,False,GBd-TD1-01_mptf.conllu,1,0,0
garōdmān,PROPN,nmod,0,0,0,1,1,134,134,garōdmān,PROPN,nmod,0,2,1,1,1,0,1,0,0.0,False,False,GBd-TD1-01_mptf.conllu,1,0,0
gōnag,NOUN,nmod,0,0,0,1,1,85,90,gōnag,NOUN,nmod,0,2,1,1,1,0,0,0,0.0,False,False,GBd-TD1-01_mptf.conllu,1,0,0
zamīg,NOUN,nmod,0,0,1,1,1,1266,1276,zamīg,NOUN,nmod,0,2,1,1,1,0,0,0,0.0,False,False,GBd-TD1-01_mptf.conllu,1,0,0
tan,NOUN,nmod,0,0,0,1,1,2253,2253,tan,NOUN,nmod,0,2,1,1,1,0,0,0,0.0,False,False,GBd-TD1-01_mptf.conllu,1,0,0
tan,NOUN,nmod,0,0,0,1,1,2253,2253,tan,NOUN,nmod,0,2,1,1,1,0,0,0,0.0,False,False,GBd-TD1-01_mptf.conllu,1,0,0
sar,NOUN,nmod,0,0,0,1,1,15,15,sar,NOUN,nmod,0,2,1,1,1,0,0,0,0.0,False,False,GBd-TD1-01_mptf.conllu,1,0,0
dušox,PROPN,nmod,0,0,0,1,1,371,371,dušox,PROPN,nmod,0,2,1,1,1,0,1,0,0.0,False,False,GBd-TD1-01_mptf.conllu,1,0,0
dānāgīh,NOUN,nmod,0,0,0,1,1,253,253,dānāgīh,NOUN,nmod,0,2,1,1,1,0,0,0,0.0,False,False,GBd-TD1-01_mptf.conllu,1,0,0
ōš,NOUN,nmod,0,0,0,1,1,143,143,ōš,NOUN,nmod,0,2,1,1,1,0,0,0,0.0,False,False,GBd-TD1-01_mptf.conllu,1,0,0
mazg,NOUN,nmod,0,0,0,1,1,84,84,mazg,NOUN,nmod,0,2,1,1,1,0,0,0,0.0,False,False,GBd-TD1-01_mptf.conllu,1,0,0
sar,NOUN,nmod,0,0,0,1,1,15,15,sar,NOUN,nmod,0,2,1,1,1,0,0,0,0.0,False,False,GBd-TD1-01_mptf.conllu,1,0,0
bazag,NOUN,nmod,0,0,0,1,1,93,95,bazag,NOUN,nmod,0,2,1,1,1,0,0,0,0.0,False,False,GBd-TD1-01_mptf.conllu,1,0,0
bazag,NOUN,nmod,0,0,0,1,1,93,95,bazag,NOUN,nmod,0,2,1,1,1,0,0,0,0.0,False,False,GBd-TD1-01_mptf.conllu,1,0,0
tan,NOUN,nmod,0,0,0,1,1,2253,2253,tan,NOUN,nmod,0,2,1,1,1,0,0,0,0.0,False,False,GBd-TD1-01_mptf.conllu,1,0,0
gētī,NOUN,nmod,0,0,0,0,0,1041,1135,gētī,NOUN,nmod,0,2,1,1,1,0,0,0,0.0,False,False,GBd-TD1-01_mptf.conllu,1,0,0
grih,NOUN,nmod,0,0,0,1,1,39,39,grih,NOUN,nmod,0,2,1,1,1,0,0,0,0.0,False,False,GBd-TD1-01_mptf.conllu,1,0,0
čihr,NOUN,nmod,0,0,0,1,1,173,177,čihr,NOUN,nmod,0,2,1,1,1,0,0,0,0.0,False,False,GBd-TD1-01_mptf.conllu,1,0,0
mardōmīh,NOUN,nmod,0,0,0,1,1,23,23,mardōmīh,NOUN,nmod,0,2,1,1,1,0,0,0,0.0,False,False,GBd-TD1-01_mptf.conllu,1,0,0
gumēzagīh,NOUN,nmod,0,0,0,1,1,74,74,gumēzagīh,NOUN,nmod,0,2,1,1,1,0,0,0,0.0,False,False,GBd-TD1-01_mptf.conllu,1,0,0
gētī,NOUN,nmod,0,0,0,0,0,1041,1135,gētī,NOUN,nmod,0,2,1,1,1,0,0,0,0.0,False,False,GBd-TD1-01_mptf.conllu,1,0,0
amahraspand,PROPN,nmod,0,0,0,1,1,533,534,amahraspand,PROPN,nmod,0,2,1,1,1,0,1,0,0.0,False,False,GBd-TD1-01_mptf.conllu,1,0,0
bun,NOUN,appos,0,0,0,1,1,959,971,bun,NOUN,appos,0,2,1,1,1,0,0,0,0.0,False,False,GBd-TD1-01_mptf.conllu,0,0,0
amahraspandān,PROPN,nmod,1,1,0,1,1,533,534,amahraspandān,PROPN,nmod,0,2,1,1,1,0,1,0,0.0,False,False,GBd-TD1-01_mptf.conllu,1,0,0
agumēzišn,NOUN,nmod,0,0,0,1,1,3,8,agumēzišn,NOUN,nmod,0,2,1,1,1,0,0,0,0.0,False,False,GBd-TD1-01_mptf.conllu,1,0,0
nēmrōz,NOUN,nmod,0,0,0,1,1,103,106,nēmrōz,NOUN,nmod,0,2,1,1,1,0,0,0,0.0,False,False,GBd-TD1-01_mptf.conllu,1,0,0
abāxtar,NOUN,nmod,0,0,0,1,1,154,154,abāxtar,NOUN,nmod,0,2,1,1,1,0,0,0,0.0,False,False,GBd-TD1-01_mptf.conllu,1,0,0
bunkadag,NOUN,appos,0,0,0,1,1,17,17,bunkadag,NOUN,appos,0,2,1,1,1,0,0,0,0.0,True,True,GBd-TD1-01_mptf.conllu,0,0,0
xwēš,PRON,nmod,0,0,0,1,1,2327,2375,xwēš,PRON,nmod,0,2,1,1,1,0,0,0,0.0,False,False,GBd-TD1-01_mptf.conllu,1,0,0
dēwān,NOUN,nmod,1,1,0,1,1,1336,1338,dēwān,NOUN,nmod,0,2,1,1,1,0,0,0,0.0,False,False,GBd-TD1-01_mptf.conllu,1,0,0
wourubaršn,PROPN,nmod,0,0,0,1,1,24,24,wourubaršn,PROPN,nmod,0,2,1,1,1,0,1,0,0.0,False,False,GBd-TD1-01_mptf.conllu,1,0,0
mardōmān,NOUN,nmod,1,1,0,1,1,2713,2716,mardōmān,NOUN,nmod,0,2,1,1,1,0,0,0,0.0,False,False,GBd-TD1-01_mptf.conllu,1,0,0
mar,NOUN,nmod,0,0,0,1,1,115,115,mar,NOUN,nmod,0,2,1,1,1,0,0,0,0.0,False,False,GBd-TD1-01_mptf.conllu,1,0,0
kišwarān,NOUN,nmod,1,1,0,1,1,281,282,kišwarān,NOUN,nmod,0,2,1,1,1,0,0,0,0.0,False,False,GBd-TD1-01_mptf.conllu,1,0,0
kišwarān,NOUN,nmod,1,1,0,1,1,281,282,kišwarān,NOUN,nmod,0,2,1,1,1,0,0,0,0.0,False,False,GBd-TD1-01_mptf.conllu,1,0,0
arzah,PROPN,nmod,0,0,0,1,1,30,30,arzah,PROPN,nmod,0,2,1,1,1,0,1,0,0.0,False,False,GBd-TD1-01_mptf.conllu,1,0,0
nēvandān,PROPN,flat,0,0,0,1,1,3,3,nēvandān,PROPN,flat,0,2,1,1,1,0,1,0,0.0,False,False,GBd-TD1-01_mptf.conllu,0,0,0
sawah,PROPN,nmod,0,0,0,1,1,33,33,sawah,PROPN,nmod,0,2,1,1,1,0,1,0,0.0,False,False,GBd-TD1-01_mptf.conllu,1,0,0
parēštaro,PROPN,flat,0,0,0,0,0,3,3,parēštaro,PROPN,flat,0,2,1,1,1,0,1,0,0.0,False,False,GBd-TD1-01_mptf.conllu,0,0,0
fradadafš,PROPN,nmod,0,0,0,1,1,29,29,fradadafš,PROPN,nmod,0,2,1,1,1,0,1,0,0.0,False,False,GBd-TD1-01_mptf.conllu,1,0,0
uspansenān,PROPN,nmod,0,0,0,1,1,6,6,uspansenān,PROPN,nmod,0,2,1,1,1,0,1,0,0.0,False,False,GBd-TD1-01_mptf.conllu,1,0,0
wīdadafš,PROPN,nmod,0,0,0,1,1,26,26,wīdadafš,PROPN,nmod,0,2,1,1,1,0,1,0,0.0,False,False,GBd-TD1-01_mptf.conllu,1,0,0
uspansenān,PROPN,flat,0,0,0,1,1,6,6,uspansenān,PROPN,flat,0,2,1,1,1,0,1,0,0.0,False,False,GBd-TD1-01_mptf.conllu,0,0,0
wōrūbaršn,PROPN,nmod,0,0,0,1,1,24,24,wōrūbaršn,PROPN,nmod,0,2,1,1,1,0,1,0,0.0,False,False,GBd-TD1-01_mptf.conllu,1,0,0
kišwar,NOUN,nmod,0,0,0,1,1,281,282,kišwar,NOUN,nmod,0,2,1,1,1,0,0,0,0.0,False,False,GBd-TD1-01_mptf.conllu,1,0,0
xwaniras,PROPN,nmod,0,0,0,1,1,93,94,xwaniras,PROPN,nmod,0,2,1,1,1,0,1,0,0.0,False,False,GBd-TD1-01_mptf.conllu,1,0,0
ahlawān,NOUN,nmod,1,1,0,1,1,378,2060,ahlawān,NOUN,nmod,0,2,1,1,1,0,0,0,0.0,False,False,GBd-TD1-01_mptf.conllu,1,0,0
xwaniras,PROPN,nmod,0,0,0,1,1,93,94,xwaniras,PROPN,nmod,0,2,1,1,1,0,1,0,0.0,False,False,GBd-TD1-01_mptf.conllu,1,0,0
stahmagkōxšišn,NOUN,nmod,0,0,0,1,1,3,3,stahmagkōxšišn,NOUN,nmod,0,2,1,1,1,0,0,0,0.0,False,False,GBd-TD1-01_mptf.conllu,1,0,0
petyārag,NOUN,nmod,0,0,0,1,1,323,333,petyārag,NOUN,nmod,0,2,1,1,1,0,0,0,0.0,False,False,GBd-TD1-01_mptf.conllu,1,0,0
wištāspān,PROPN,nmod,0,0,0,1,1,18,18,wištāspān,PROPN,nmod,0,2,1,1,1,0,1,0,0.0,False,False,GBd-TD1-01_mptf.conllu,1,0,0
pašangān,PROPN,nmod,0,0,0,1,1,3,3,pašangān,PROPN,nmod,0,2,1,1,1,0,1,0,0.0,False,False,GBd-TD1-01_mptf.conllu,1,0,0
suγdestān,PROPN,nmod,0,0,0,1,1,3,3,suγdestān,PROPN,nmod,0,2,1,1,1,0,1,0,0.0,False,False,GBd-TD1-01_mptf.conllu,1,0,0
xumbīgān,PROPN,nmod,0,0,0,1,1,6,7,xumbīgān,PROPN,nmod,0,2,1,1,1,0,1,0,0.0,False,False,GBd-TD1-01_mptf.conllu,1,0,0
pēšāndas,PROPN,nmod,0,0,0,1,1,13,13,pēšāndas,PROPN,nmod,0,2,1,1,1,0,1,0,0.0,False,False,GBd-TD1-01_mptf.conllu,1,0,0
āyišm,NOUN,nmod,0,0,0,1,1,6,6,āyišm,NOUN,nmod,0,2,1,1,1,0,0,0,0.0,False,False,GBd-TD1-01_mptf.conllu,1,0,0
zarduxšt,PROPN,nmod,0,0,0,1,1,1746,1747,zarduxšt,PROPN,nmod,0,2,1,1,1,0,1,0,0.0,False,False,GBd-TD1-01_mptf.conllu,1,0,0
wīwanghānān,PROPN,nmod,0,0,0,1,1,13,13,wīwanghānān,PROPN,nmod,0,2,1,1,1,0,1,0,0.0,False,False,GBd-TD1-01_mptf.conllu,1,0,0
nōdarān,PROPN,nmod,0,0,0,1,1,3,4,nōdarān,PROPN,nmod,0,2,1,1,1,0,1,0,0.0,False,False,GBd-TD1-01_mptf.conllu,1,0,0
gōdarzān,PROPN,nmod,0,0,0,1,1,3,3,gōdarzān,PROPN,nmod,0,2,1,1,1,0,1,0,0.0,False,False,GBd-TD1-01_mptf.conllu,1,0,0
kōxšišnkirdār,NOUN,appos,0,0,0,1,1,3,3,kōxšišnkirdār,NOUN,appos,0,2,1,1,1,0,0,0,0.0,True,True,GBd-TD1-01_mptf.conllu,0,0,0
pus,NOUN,appos,0,0,0,1,1,604,604,pus,NOUN,appos,0,2,1,1,1,0,0,0,0.0,False,False,GBd-TD1-01_mptf.conllu,0,0,0
pourudāxštān,PROPN,nmod,0,0,0,1,1,4,4,pourudāxštān,PROPN,nmod,0,2,1,1,1,0,1,0,0.0,False,False,GBd-TD1-01_mptf.conllu,1,0,0
sōšāns,PROPN,nmod,0,0,0,1,1,234,235,sōšāns,PROPN,nmod,0,2,1,1,1,0,1,0,0.0,False,False,GBd-TD1-01_mptf.conllu,1,0,0
māzdēsnān,NOUN,nmod,1,1,0,1,1,372,595,māzdēsnān,NOUN,nmod,0,2,1,1,1,0,0,0,0.0,False,False,GBd-TD1-01_mptf.conllu,1,0,0
pēšāndas,PROPN,nmod,0,0,0,1,1,13,13,pēšāndas,PROPN,nmod,0,2,1,1,1,0,1,0,0.0,False,False,GBd-TD1-01_mptf.conllu,1,0,0
garmaγ,PROPN,nmod,0,0,0,1,1,6,6,garmaγ,PROPN,nmod,0,2,1,1,1,0,1,0,0.0,False,False,GBd-TD1-01_mptf.conllu,1,0,0
ahlawān,NOUN,nmod,1,1,0,1,1,378,2060,ahlawān,NOUN,nmod,0,2,1,1,1,0,0,0,0.0,False,False,GBd-TD1-01_mptf.conllu,1,0,0
damāwand,PROPN,nmod,0,0,0,1,1,8,8,damāwand,PROPN,nmod,0,2,1,1,1,0,1,0,0.0,False,False,GBd-TD1-01_mptf.conllu,1,0,0
=š,PRON,nmod,0,0,0,1,1,18107,18258,=š,PRON,nmod,0,2,1,1,1,0,0,0,0.0,False,False,GBd-TD1-01_mptf.conllu,1,0,0
xwarāsān,NOUN,nmod,0,0,0,1,1,74,74,xwarāsān,NOUN,nmod,0,2,1,1,1,0,0,0,0.0,False,False,GBd-TD1-01_mptf.conllu,1,0,0
zrēy,NOUN,nmod,0,0,0,0,0,287,287,zrēy,NOUN,nmod,0,2,1,1,1,0,0,0,0.0,False,False,GBd-TD1-01_mptf.conllu,1,0,0
frāxkard,PROPN,nmod,0,0,0,1,1,116,117,frāxkard,PROPN,nmod,0,2,1,1,1,0,1,0,0.0,False,False,GBd-TD1-01_mptf.conllu,1,0,0
kāwulestān,PROPN,nmod,0,0,0,1,1,12,12,kāwulestān,PROPN,nmod,0,2,1,1,1,0,1,0,0.0,False,False,GBd-TD1-01_mptf.conllu,1,0,0
pēšāndas,PROPN,nmod,0,0,0,1,1,13,13,pēšāndas,PROPN,nmod,0,2,1,1,1,0,1,0,0.0,False,False,GBd-TD1-01_mptf.conllu,1,0,0
ādurpādagān,PROPN,nmod,0,0,0,1,1,22,22,ādurpādagān,PROPN,nmod,0,2,1,1,1,0,1,0,0.0,False,False,GBd-TD1-01_mptf.conllu,1,0,0
X,PROPN,nmod,0,0,0,1,1,305,633,X,PROPN,nmod,0,2,1,1,1,0,1,0,0.0,False,False,GBd-TD1-01_mptf.conllu,1,0,0
turkestān,PROPN,nmod,0,0,0,1,1,26,26,turkestān,PROPN,nmod,0,2,1,1,1,0,1,0,0.0,False,False,GBd-TD1-01_mptf.conllu,1,0,0
abāxtar,NOUN,nmod,0,0,0,1,1,154,154,abāxtar,NOUN,nmod,0,2,1,1,1,0,0,0,0.0,False,False,GBd-TD1-01_mptf.conllu,1,0,0
pārs,PROPN,nmod,0,0,0,1,1,63,64,pārs,PROPN,nmod,0,2,1,1,1,0,1,0,0.0,False,False,GBd-TD1-01_mptf.conllu,1,0,0
kōf,NOUN,nmod,0,0,0,1,1,447,447,kōf,NOUN,nmod,0,2,1,1,1,0,0,0,0.0,False,False,GBd-TD1-01_mptf.conllu,1,0,0
čamagān,PROPN,nmod,0,0,0,1,1,2,2,čamagān,PROPN,nmod,0,2,1,1,1,0,1,0,0.0,False,False,GBd-TD1-01_mptf.conllu,1,0,0
ruwān,NOUN,nmod,0,0,0,1,1,1224,1226,ruwān,NOUN,nmod,0,2,1,1,1,0,0,0,0.0,False,False,GBd-TD1-01_mptf.conllu,1,0,0
widardagān,NOUN,nmod,1,1,0,1,1,16,33,widardagān,NOUN,nmod,0,2,1,1,1,0,0,0,0.0,True,True,GBd-TD1-01_mptf.conllu,1,0,0
mard,NOUN,nmod,0,0,0,1,1,2067,2069,mard,NOUN,nmod,0,2,1,1,1,0,0,0,0.0,False,False,GBd-TD1-01_mptf.conllu,1,0,0
bālā,NOUN,nmod,0,0,0,0,0,86,93,bālā,NOUN,nmod,0,2,1,1,1,0,0,0,0.0,False,False,GBd-TD1-01_mptf.conllu,1,0,0
gēhān,NOUN,nmod,0,0,0,1,1,1249,1249,gēhān,NOUN,nmod,0,2,1,1,1,0,0,0,0.0,False,False,GBd-TD1-01_mptf.conllu,1,0,0
dāytī,PROPN,nmod,0,0,0,0,0,60,60,dāytī,PROPN,nmod,0,2,1,1,1,0,1,0,0.0,False,False,GBd-TD1-01_mptf.conllu,1,0,0
šamšēr,NOUN,nmod,0,0,0,1,1,6,10,šamšēr,NOUN,nmod,0,2,1,1,1,0,0,0,0.0,False,False,GBd-TD1-01_mptf.conllu,1,0,0
nēzag,NOUN,nmod,0,0,0,1,1,7,10,nēzag,NOUN,nmod,0,2,1,1,1,0,0,0,0.0,False,False,GBd-TD1-01_mptf.conllu,1,0,0
ahlawān,NOUN,nmod,1,1,0,1,1,378,2060,ahlawān,NOUN,nmod,0,2,1,1,1,0,0,0,0.0,False,False,GBd-TD1-01_mptf.conllu,1,0,0
puhl,NOUN,nmod,0,0,0,1,1,159,159,puhl,NOUN,nmod,0,2,1,1,1,0,0,0,0.0,False,False,GBd-TD1-01_mptf.conllu,1,0,0
puhl,NOUN,nmod,0,0,0,1,1,159,159,puhl,NOUN,nmod,0,2,1,1,1,0,0,0,0.0,False,False,GBd-TD1-01_mptf.conllu,1,0,0
tan,NOUN,nmod,0,0,0,1,1,2253,2253,tan,NOUN,nmod,0,2,1,1,1,0,0,0,0.0,False,False,GBd-TD1-01_mptf.conllu,1,0,0
=š,PRON,nmod,0,0,0,1,1,18107,18258,=š,PRON,nmod,0,2,1,1,1,0,0,0,0.0,False,False,GBd-TD1-01_mptf.conllu,1,0,0
dēw,NOUN,flat,0,0,0,0,0,1336,1338,dēw,NOUN,flat,0,2,1,1,1,0,0,0,0.0,False,False,GBd-TD1-01_mptf.conllu,0,0,0
=š,PRON,nmod,0,0,0,1,1,18107,18258,=š,PRON,nmod,0,2,1,1,1,0,0,0,0.0,False,False,GBd-TD1-01_mptf.conllu,1,0,0
wahrām,PROPN,nmod,0,0,0,1,1,168,168,wahrām,PROPN,nmod,0,2,1,1,1,0,1,0,0.0,False,False,GBd-TD1-01_mptf.conllu,1,0,0
=š,PRON,nmod,0,0,0,1,1,18107,18258,=š,PRON,nmod,0,2,1,1,1,0,0,0,0.0,False,False,GBd-TD1-01_mptf.conllu,1,0,0
ōy,PRON,nmod,0,0,0,0,0,18107,18258,ōy,PRON,nmod,0,2,1,1,1,0,0,0,0.0,False,False,GBd-TD1-01_mptf.conllu,1,0,0
man,PRON,nmod,0,0,0,1,1,2907,2910,man,PRON,nmod,0,2,1,1,1,0,0,0,0.0,False,False,GBd-TD1-01_mptf.conllu,1,0,0
ǰān,NOUN,nmod,0,0,0,1,1,423,423,ǰān,NOUN,nmod,0,2,1,1,1,0,0,0,0.0,False,False,GBd-TD1-01_mptf.conllu,1,0,0
gētī,NOUN,nmod,0,0,0,0,0,1041,1135,gētī,NOUN,nmod,0,2,1,1,1,0,0,0,0.0,False,False,GBd-TD1-01_mptf.conllu,1,0,0
gētī,NOUN,nmod,0,0,0,0,0,1041,1135,gētī,NOUN,nmod,0,2,1,1,1,0,0,0,0.0,False,False,GBd-TD1-01_mptf.conllu,1,0,0
frabīh,NOUN,nmod,0,0,0,1,1,4,24,frabīh,NOUN,nmod,0,2,1,1,1,0,0,0,0.0,False,False,GBd-TD1-01_mptf.conllu,1,0,0
gēhān,NOUN,nmod,0,0,0,1,1,1249,1249,gēhān,NOUN,nmod,0,2,1,1,1,0,0,0,0.0,False,False,GBd-TD1-01_mptf.conllu,1,0,0
kē,PRON,nmod,0,0,0,0,0,475,8908,kē,PRON,nmod,0,2,1,1,1,0,0,0,0.0,False,False,GBd-TD1-01_mptf.conllu,1,0,0
druwand,NOUN,amod,0,0,0,1,1,234,657,druwand,NOUN,amod,0,2,1,1,1,0,0,0,0.0,False,False,GBd-TD1-01_mptf.conllu,0,1,0
tarsišn,NOUN,nmod,0,0,0,1,1,9,9,tarsišn,NOUN,nmod,0,2,1,1,1,0,0,0,0.0,True,True,GBd-TD1-01_mptf.conllu,1,0,0
āmār,NOUN,nmod,0,0,0,1,1,199,199,āmār,NOUN,nmod,0,2,1,1,1,0,0,0,0.0,True,True,GBd-TD1-01_mptf.conllu,1,0,0
tō,PRON,nmod,0,0,0,0,0,1925,1925,tō,PRON,nmod,0,2,1,1,1,0,0,0,0.0,False,False,GBd-TD1-01_mptf.conllu,1,0,0
=t,PRON,nmod,0,0,0,1,1,1925,1925,=t,PRON,nmod,0,2,1,1,1,0,0,0,0.0,False,False,GBd-TD1-01_mptf.conllu,1,0,0
xwēš,PRON,nmod,0,0,0,1,1,2327,2375,xwēš,PRON,nmod,0,2,1,1,1,0,0,0,0.0,False,False,GBd-TD1-01_mptf.conllu,1,0,0
xwēš,PRON,nmod,0,0,0,1,1,2327,2375,xwēš,PRON,nmod,0,2,1,1,1,0,0,0,0.0,False,False,GBd-TD1-01_mptf.conllu,1,0,0
kōf,NOUN,nmod,0,0,0,1,1,447,447,kōf,NOUN,nmod,0,2,1,1,1,0,0,0,0.0,False,False,GBd-TD1-01_mptf.conllu,1,0,0
harborz,PROPN,nmod,0,0,0,1,1,129,129,harborz,PROPN,nmod,0,2,1,1,1,0,1,0,0.0,False,False,GBd-TD1-01_mptf.conllu,1,0,0
ǰuγ,NOUN,nmod,0,0,0,1,1,18,18,ǰuγ,NOUN,nmod,0,2,1,1,1,0,0,0,0.0,False,False,GBd-TD1-01_mptf.conllu,1,0,0
čagād,NOUN,nmod,0,0,0,1,1,51,51,čagād,NOUN,nmod,0,2,1,1,1,0,0,0,0.0,False,False,GBd-TD1-01_mptf.conllu,1,0,0
farnbay,PROPN,nmod,0,0,0,0,0,37,38,farnbay,PROPN,nmod,0,2,1,1,1,0,1,0,0.0,False,False,GBd-TD1-01_mptf.conllu,1,0,0
harborz,PROPN,nmod,0,0,0,1,1,129,129,harborz,PROPN,nmod,0,2,1,1,1,0,1,0,0.0,False,False,GBd-TD1-01_mptf.conllu,1,0,0
xwēš,PRON,nmod,0,0,0,1,1,2327,2375,xwēš,PRON,nmod,0,2,1,1,1,0,0,0,0.0,False,False,GBd-TD1-01_mptf.conllu,1,0,0
puhl,NOUN,nmod,0,0,0,1,1,159,159,puhl,NOUN,nmod,0,2,1,1,1,0,0,0,0.0,False,False,GBd-TD1-01_mptf.conllu,1,0,0
tēx,NOUN,nmod,0,0,0,1,1,98,98,tēx,NOUN,nmod,0,2,1,1,1,0,0,0,0.0,False,False,GBd-TD1-01_mptf.conllu,1,0,0
ruwān,NOUN,nmod,0,0,0,1,1,1224,1226,ruwān,NOUN,nmod,0,2,1,1,1,0,0,0,0.0,False,False,GBd-TD1-01_mptf.conllu,1,0,0
=š,PRON,nmod,0,0,0,1,1,18107,18258,=š,PRON,nmod,0,2,1,1,1,0,0,0,0.0,False,False,GBd-TD1-01_mptf.conllu,1,0,0
=šān,PRON,nmod,1,1,0,1,1,4503,4718,=šān,PRON,nmod,0,2,1,1,1,0,0,0,0.0,False,False,GBd-TD1-01_mptf.conllu,1,0,0
ērānšahr,PROPN,nmod,0,0,0,1,1,139,139,ērānšahr,PROPN,nmod,0,2,1,1,1,0,1,0,0.0,False,False,GBd-TD1-01_mptf.conllu,1,0,0
kayān,PROPN,nmod,1,1,0,1,1,137,141,kayān,PROPN,nmod,0,2,1,1,1,0,1,0,0.0,False,False,GBd-TD1-01_mptf.conllu,1,0,0
būm,NOUN,nmod,0,0,0,1,1,103,103,būm,NOUN,nmod,0,2,1,1,1,0,0,0,0.0,False,False,GBd-TD1-01_mptf.conllu,1,0,0
parrag,NOUN,nmod,0,0,0,1,1,18,22,parrag,NOUN,nmod,0,2,1,1,1,0,0,0,0.0,False,False,GBd-TD1-01_mptf.conllu,1,0,0
parrag,NOUN,nmod,0,0,0,1,1,18,22,parrag,NOUN,nmod,0,2,1,1,1,0,0,0,0.0,False,False,GBd-TD1-01_mptf.conllu,1,0,0
day,PROPN,nmod,0,0,0,0,0,72,72,day,PROPN,nmod,0,2,1,1,1,0,1,0,0.0,False,False,GBd-TD1-01_mptf.conllu,1,0,0
māh,NOUN,nmod,0,0,0,1,1,689,690,māh,NOUN,nmod,0,2,1,1,1,0,0,0,0.0,False,False,GBd-TD1-01_mptf.conllu,1,0,0
sūrīg,PROPN,nmod,0,0,1,1,1,6,6,sūrīg,PROPN,nmod,0,2,1,1,1,0,1,0,0.0,False,False,GBd-TD1-01_mptf.conllu,1,0,0
mānišn,NOUN,nmod,0,0,0,1,1,50,50,mānišn,NOUN,nmod,0,2,1,1,1,0,0,0,0.0,False,False,GBd-TD1-01_mptf.conllu,1,0,0
=š,PRON,nmod,0,0,0,1,1,18107,18258,=š,PRON,nmod,0,2,1,1,1,0,0,0,0.0,False,False,GBd-TD1-01_mptf.conllu,1,0,0
=š,PRON,nmod,0,0,0,1,1,18107,18258,=š,PRON,nmod,0,2,1,1,1,0,0,0,0.0,False,False,GBd-TD1-01_mptf.conllu,1,0,0
=š,PRON,nmod,0,0,0,1,1,18107,18258,=š,PRON,nmod,0,2,1,1,1,0,0,0,0.0,False,False,GBd-TD1-01_mptf.conllu,1,0,0
marz,NOUN,nmod,0,0,0,1,1,11,11,marz,NOUN,nmod,0,2,1,1,1,0,0,0,0.0,False,False,GBd-TD1-01_mptf.conllu,1,0,0
=š,PRON,nmod,0,0,0,1,1,18107,18258,=š,PRON,nmod,0,2,1,1,1,0,0,0,0.0,False,False,GBd-TD1-01_mptf.conllu,1,0,0
marw,PROPN,nmod,0,0,0,0,0,18,18,marw,PROPN,nmod,0,2,1,1,1,0,1,0,0.0,False,False,GBd-TD1-01_mptf.conllu,1,0,0
=š,PRON,nmod,0,0,0,1,1,18107,18258,=š,PRON,nmod,0,2,1,1,1,0,0,0,0.0,False,False,GBd-TD1-01_mptf.conllu,1,0,0
tis,NOUN,nmod,0,0,0,1,1,1502,1505,tis,NOUN,nmod,0,2,1,1,1,0,0,0,0.0,False,False,GBd-TD1-01_mptf.conllu,1,0,0
yazadān,NOUN,nmod,1,1,0,1,1,1403,1407,yazadān,NOUN,nmod,0,2,1,1,1,0,0,0,0.0,False,False,GBd-TD1-01_mptf.conllu,1,0,0
=š,PRON,nmod,0,0,0,1,1,18107,18258,=š,PRON,nmod,0,2,1,1,1,0,0,0,0.0,False,False,GBd-TD1-01_mptf.conllu,1,0,0
šab,NOUN,nmod,0,0,0,1,1,434,434,šab,NOUN,nmod,0,2,1,1,1,0,0,0,0.0,False,False,GBd-TD1-01_mptf.conllu,1,0,0
šab,NOUN,nmod,0,0,0,1,1,434,434,šab,NOUN,nmod,0,2,1,1,1,0,0,0,0.0,False,False,GBd-TD1-01_mptf.conllu,1,0,0
draxtān,NOUN,nmod,1,1,0,1,1,103,103,draxtān,NOUN,nmod,0,2,1,1,1,0,0,0,0.0,False,False,GBd-TD1-01_mptf.conllu,1,0,0
=š,PRON,nmod,0,0,0,1,1,18107,18258,=š,PRON,nmod,0,2,1,1,1,0,0,0,0.0,False,False,GBd-TD1-01_mptf.conllu,1,0,0
=š,PRON,nmod,0,0,0,1,1,18107,18258,=š,PRON,nmod,0,2,1,1,1,0,0,0,0.0,False,False,GBd-TD1-01_mptf.conllu,1,0,0
ēwkardagīh,NOUN,nmod,0,0,0,1,1,77,77,ēwkardagīh,NOUN,nmod,0,2,1,1,1,0,0,0,0.0,False,False,GBd-TD1-01_mptf.conllu,1,0,0
gurgānīg,NOUN,nmod,0,0,1,1,1,3,7,gurgānīg,NOUN,nmod,0,2,1,1,1,0,0,0,0.0,False,False,GBd-TD1-01_mptf.conllu,1,0,0
=š,PRON,nmod,0,0,0,1,1,18107,18258,=š,PRON,nmod,0,2,1,1,1,0,0,0,0.0,False,False,GBd-TD1-01_mptf.conllu,1,0,0
=š,PRON,nmod,0,0,0,1,1,18107,18258,=š,PRON,nmod,0,2,1,1,1,0,0,0,0.0,False,False,GBd-TD1-01_mptf.conllu,1,0,0
sagestān,PROPN,nmod,0,0,0,1,1,35,35,sagestān,PROPN,nmod,0,2,1,1,1,0,1,0,0.0,False,False,GBd-TD1-01_mptf.conllu,1,0,0
=š,PRON,nmod,0,0,0,1,1,18107,18258,=š,PRON,nmod,0,2,1,1,1,0,0,0,0.0,False,False,GBd-TD1-01_mptf.conllu,1,0,0
=š,PRON,nmod,0,0,0,1,1,18107,18258,=š,PRON,nmod,0,2,1,1,1,0,0,0,0.0,False,False,GBd-TD1-01_mptf.conllu,1,0,0
kayān,PROPN,nmod,1,1,0,1,1,137,141,kayān,PROPN,nmod,0,2,1,1,1,0,1,0,0.0,False,False,GBd-TD1-01_mptf.conllu,1,0,0
harborz,PROPN,nmod,0,0,0,1,1,129,129,harborz,PROPN,nmod,0,2,1,1,1,0,1,0,0.0,False,False,GBd-TD1-01_mptf.conllu,1,0,0
frēdōn,PROPN,nmod,0,0,0,1,1,119,119,frēdōn,PROPN,nmod,0,2,1,1,1,0,1,0,0.0,False,False,GBd-TD1-01_mptf.conllu,1,0,0
padišxwārgar,PROPN,nmod,0,0,0,1,1,30,30,padišxwārgar,PROPN,nmod,0,2,1,1,1,0,1,0,0.0,False,False,GBd-TD1-01_mptf.conllu,1,0,0
dambāwand,PROPN,appos,0,0,0,1,1,8,8,dambāwand,PROPN,appos,0,2,1,1,1,0,1,0,0.0,False,False,GBd-TD1-01_mptf.conllu,0,0,0
tūr,PROPN,nmod,0,0,0,1,1,53,56,tūr,PROPN,nmod,0,2,1,1,1,0,1,0,0.0,False,False,GBd-TD1-01_mptf.conllu,1,0,0
ǰādūg,NOUN,appos,0,0,0,1,1,165,172,ǰādūg,NOUN,appos,0,2,1,1,1,0,0,0,0.0,False,False,GBd-TD1-01_mptf.conllu,0,0,0
zamīg,NOUN,nmod,0,0,1,1,1,1266,1276,zamīg,NOUN,nmod,0,2,1,1,1,0,0,0,0.0,False,False,GBd-TD1-01_mptf.conllu,1,0,0
zamīg,NOUN,nmod,0,0,1,1,1,1266,1276,zamīg,NOUN,nmod,0,2,1,1,1,0,0,0,0.0,False,False,GBd-TD1-01_mptf.conllu,1,0,0
gētī,NOUN,nmod,0,0,0,0,0,1041,1135,gētī,NOUN,nmod,0,2,1,1,1,0,0,0,0.0,False,False,GBd-TD1-01_mptf.conllu,1,0,0
kayus,PROPN,nmod,0,0,0,1,1,21,21,kayus,PROPN,nmod,0,2,1,1,1,0,1,0,0.0,False,False,GBd-TD1-01_mptf.conllu,1,0,0
=š,PRON,nmod,0,0,0,1,1,18107,18258,=š,PRON,nmod,0,2,1,1,1,0,0,0,0.0,False,False,GBd-TD1-01_mptf.conllu,1,0,0
aspestān,NOUN,appos,0,0,0,1,1,5,5,aspestān,NOUN,appos,0,2,1,1,1,0,0,0,0.0,False,False,GBd-TD1-01_mptf.conllu,0,0,0
=š,PRON,nmod,0,0,0,1,1,18107,18258,=š,PRON,nmod,0,2,1,1,1,0,0,0,0.0,False,False,GBd-TD1-01_mptf.conllu,1,0,0
ramag,NOUN,appos,0,0,0,1,1,86,86,ramag,NOUN,appos,0,2,1,1,1,0,0,0,0.0,False,False,GBd-TD1-01_mptf.conllu,0,0,0
rāstān,NOUN,nmod,1,1,0,1,1,17,465,rāstān,NOUN,nmod,0,2,1,1,1,0,0,0,0.0,False,False,GBd-TD1-01_mptf.conllu,1,0,0
frāsyāb,PROPN,nmod,0,0,0,1,1,83,83,frāsyāb,PROPN,nmod,0,2,1,1,1,0,1,0,0.0,False,False,GBd-TD1-01_mptf.conllu,1,0,0
zamīg,NOUN,nmod,0,0,1,1,1,1266,1276,zamīg,NOUN,nmod,0,2,1,1,1,0,0,0,0.0,False,False,GBd-TD1-01_mptf.conllu,1,0,0
mān,NOUN,nmod,0,0,0,1,1,413,413,mān,NOUN,nmod,0,2,1,1,1,0,0,0,0.0,False,False,GBd-TD1-01_mptf.conllu,1,0,0
dahāg,PROPN,nmod,0,0,0,1,1,127,129,dahāg,PROPN,nmod,0,2,1,1,1,0,1,0,0.0,False,False,GBd-TD1-01_mptf.conllu,1,0,0
bābēl,PROPN,nmod,0,0,0,1,1,9,10,bābēl,PROPN,nmod,0,2,1,1,1,0,1,0,0.0,False,False,GBd-TD1-01_mptf.conllu,1,0,0
kuling,PROPN,nmod,0,0,0,1,1,6,6,kuling,PROPN,nmod,0,2,1,1,1,0,1,0,0.0,False,False,GBd-TD1-01_mptf.conllu,1,0,0
wizend,NOUN,nmod,0,0,0,1,1,109,111,wizend,NOUN,nmod,0,2,1,1,1,0,0,0,0.0,False,False,GBd-TD1-01_mptf.conllu,1,0,0
hazārag,NOUN,nmod,0,0,0,1,1,136,136,hazārag,NOUN,nmod,0,2,1,1,1,0,0,0,0.0,False,False,GBd-TD1-01_mptf.conllu,1,0,0
ērānšahr,PROPN,nmod,0,0,0,1,1,139,139,ērānšahr,PROPN,nmod,0,2,1,1,1,0,1,0,0.0,False,False,GBd-TD1-01_mptf.conllu,1,0,0
hazārag,NOUN,nmod,0,0,0,1,1,136,136,hazārag,NOUN,nmod,0,2,1,1,1,0,0,0,0.0,False,False,GBd-TD1-01_mptf.conllu,1,0,0
gayōmart,PROPN,nmod,0,0,0,1,1,245,245,gayōmart,PROPN,nmod,0,2,1,1,1,0,1,0,0.0,False,False,GBd-TD1-01_mptf.conllu,1,0,0
hazārag,NOUN,nmod,0,0,0,1,1,136,136,hazārag,NOUN,nmod,0,2,1,1,1,0,0,0,0.0,False,False,GBd-TD1-01_mptf.conllu,1,0,0
hazārag,NOUN,nmod,0,0,0,1,1,136,136,hazārag,NOUN,nmod,0,2,1,1,1,0,0,0,0.0,False,False,GBd-TD1-01_mptf.conllu,1,0,0
hazārag,NOUN,nmod,0,0,0,1,1,136,136,hazārag,NOUN,nmod,0,2,1,1,1,0,0,0,0.0,False,False,GBd-TD1-01_mptf.conllu,1,0,0
hazārag,NOUN,nmod,0,0,0,1,1,136,136,hazārag,NOUN,nmod,0,2,1,1,1,0,0,0,0.0,False,False,GBd-TD1-01_mptf.conllu,1,0,0
ēriǰ,PROPN,nmod,0,0,0,1,1,43,43,ēriǰ,PROPN,nmod,0,2,1,1,1,0,1,0,0.0,False,False,GBd-TD1-01_mptf.conllu,1,0,0
manuščihr,PROPN,nmod,0,0,0,1,1,109,109,manuščihr,PROPN,nmod,0,2,1,1,1,0,1,0,0.0,False,False,GBd-TD1-01_mptf.conllu,1,0,0
pus,NOUN,appos,0,0,0,1,1,604,604,pus,NOUN,appos,0,2,1,1,1,0,0,0,0.0,False,False,GBd-TD1-01_mptf.conllu,0,0,0
kawād,PROPN,nmod,0,0,0,1,1,28,28,kawād,PROPN,nmod,0,2,1,1,1,0,1,0,0.0,False,False,GBd-TD1-01_mptf.conllu,1,0,0
X,PROPN,nmod,0,0,0,1,1,305,633,X,PROPN,nmod,0,2,1,1,1,0,1,0,0.0,False,False,GBd-TD1-01_mptf.conllu,1,0,0
tāzīgān,NOUN,nmod,1,1,0,1,1,63,78,tāzīgān,NOUN,nmod,0,2,1,1,1,0,0,0,0.0,False,False,GBd-TD1-01_mptf.conllu,1,0,0
ērānšahr,PROPN,nmod,0,0,0,1,1,139,139,ērānšahr,PROPN,nmod,0,2,1,1,1,0,1,0,0.0,False,False,GBd-TD1-01_mptf.conllu,1,0,0
ērānšahr,PROPN,nmod,0,0,0,1,1,139,139,ērānšahr,PROPN,nmod,0,2,1,1,1,0,1,0,0.0,False,False,GBd-TD1-01_mptf.conllu,1,0,0
ulē,PROPN,nmod,0,0,0,0,0,12,12,ulē,PROPN,nmod,0,2,1,1,1,0,1,0,0.0,False,False,GBd-TD1-01_mptf.conllu,1,0,0
siyāwaš,PROPN,flat,0,0,0,1,1,45,46,siyāwaš,PROPN,flat,0,2,1,1,1,0,1,0,0.0,False,False,GBd-TD1-01_mptf.conllu,0,0,0
sūdābī,PROPN,nmod,0,0,0,0,0,3,3,sūdābī,PROPN,nmod,0,2,1,1,1,0,1,0,0.0,False,False,GBd-TD1-01_mptf.conllu,1,0,0
zan,NOUN,appos,0,0,0,1,1,890,890,zan,NOUN,appos,0,2,1,1,1,0,0,0,0.0,False,False,GBd-TD1-01_mptf.conllu,0,0,0
kayus,PROPN,nmod,0,0,0,1,1,21,21,kayus,PROPN,nmod,0,2,1,1,1,0,1,0,0.0,False,False,GBd-TD1-01_mptf.conllu,1,0,0
frāsyāb,PROPN,nmod,0,0,0,1,1,83,83,frāsyāb,PROPN,nmod,0,2,1,1,1,0,1,0,0.0,False,False,GBd-TD1-01_mptf.conllu,1,0,0
hazārag,NOUN,nmod,0,0,0,1,1,136,136,hazārag,NOUN,nmod,0,2,1,1,1,0,0,0,0.0,False,False,GBd-TD1-01_mptf.conllu,1,0,0
hazārag,NOUN,nmod,0,0,0,1,1,136,136,hazārag,NOUN,nmod,0,2,1,1,1,0,0,0,0.0,False,False,GBd-TD1-01_mptf.conllu,1,0,0
xwadāyīh,NOUN,nmod,0,0,0,1,1,638,639,xwadāyīh,NOUN,nmod,0,2,1,1,1,0,0,0,0.0,False,False,GBd-TD1-01_mptf.conllu,1,0,0
wahman,PROPN,nmod,0,0,0,1,1,598,599,wahman,PROPN,nmod,0,2,1,1,1,0,1,0,0.0,False,False,GBd-TD1-01_mptf.conllu,1,0,0
duxt,NOUN,appos,0,0,0,1,1,307,308,duxt,NOUN,appos,0,2,1,1,1,0,0,0,0.0,False,False,GBd-TD1-01_mptf.conllu,0,0,0
dārā,PROPN,nmod,0,0,0,0,0,15,16,dārā,PROPN,nmod,0,2,1,1,1,0,1,0,0.0,False,False,GBd-TD1-01_mptf.conllu,1,0,0
dārāyān,PROPN,nmod,0,0,0,1,1,6,7,dārāyān,PROPN,nmod,0,2,1,1,1,0,1,0,0.0,False,False,GBd-TD1-01_mptf.conllu,1,0,0
kēsar,PROPN,flat,0,0,0,1,1,3,5,kēsar,PROPN,flat,0,2,1,1,1,0,1,0,0.0,False,False,GBd-TD1-01_mptf.conllu,0,0,0
šāh,NOUN,appos,0,0,0,1,1,152,155,šāh,NOUN,appos,0,2,1,1,1,0,0,0,0.0,False,False,GBd-TD1-01_mptf.conllu,0,0,0
xwadāyān,NOUN,nmod,1,1,0,1,1,494,499,xwadāyān,NOUN,nmod,0,2,1,1,1,0,0,0,0.0,False,False,GBd-TD1-01_mptf.conllu,1,0,0
ērānšahr,PROPN,nmod,0,0,0,1,1,139,139,ērānšahr,PROPN,nmod,0,2,1,1,1,0,1,0,0.0,False,False,GBd-TD1-01_mptf.conllu,1,0,0
ātaxš,NOUN,nmod,0,0,0,1,1,1442,1446,ātaxš,NOUN,nmod,0,2,1,1,1,0,0,0,0.0,False,False,GBd-TD1-01_mptf.conllu,1,0,0
dēn,NOUN,nmod,0,0,0,1,1,2149,2158,dēn,NOUN,nmod,0,2,1,1,1,0,0,0,0.0,False,False,GBd-TD1-01_mptf.conllu,1,0,0
māzdēsnān,NOUN,nmod,1,1,0,1,1,372,595,māzdēsnān,NOUN,nmod,0,2,1,1,1,0,0,0,0.0,False,False,GBd-TD1-01_mptf.conllu,1,0,0
bābagān,PROPN,nmod,0,0,0,1,1,6,6,bābagān,PROPN,nmod,0,2,1,1,1,0,1,0,0.0,False,False,GBd-TD1-01_mptf.conllu,1,0,0
māzdēsnān,NOUN,nmod,1,1,0,1,1,372,595,māzdēsnān,NOUN,nmod,0,2,1,1,1,0,0,0,0.0,False,False,GBd-TD1-01_mptf.conllu,1,0,0
ōy,PRON,nmod,0,0,0,0,0,18107,18258,ōy,PRON,nmod,0,2,1,1,1,0,0,0,0.0,False,False,GBd-TD1-01_mptf.conllu,1,0,0
šabuhr,PROPN,nmod,0,0,0,1,1,15,15,šabuhr,PROPN,nmod,0,2,1,1,1,0,1,0,0.0,False,False,GBd-TD1-01_mptf.conllu,1,0,0
ohrmazdān,PROPN,nmod,0,0,0,1,1,15,16,ohrmazdān,PROPN,nmod,0,2,1,1,1,0,1,0,0.0,False,False,GBd-TD1-01_mptf.conllu,1,0,0
ulē,PROPN,nmod,0,0,0,0,0,12,12,ulē,PROPN,nmod,0,2,1,1,1,0,1,0,0.0,False,False,GBd-TD1-01_mptf.conllu,1,0,0
tāzīgān,NOUN,nmod,1,1,0,1,1,63,78,tāzīgān,NOUN,nmod,0,2,1,1,1,0,0,0,0.0,False,False,GBd-TD1-01_mptf.conllu,1,0,0
pērōz,PROPN,nmod,0,0,0,1,1,16,16,pērōz,PROPN,nmod,0,2,1,1,1,0,1,0,0.0,False,False,GBd-TD1-01_mptf.conllu,1,0,0
yazdegirdān,PROPN,nmod,0,0,0,1,1,3,3,yazdegirdān,PROPN,nmod,0,2,1,1,1,0,1,0,0.0,False,False,GBd-TD1-01_mptf.conllu,1,0,0
hēftālān,NOUN,nmod,1,1,0,1,1,6,6,hēftālān,NOUN,nmod,0,2,1,1,1,0,0,0,0.0,False,False,GBd-TD1-01_mptf.conllu,1,0,0
xwadāy,NOUN,appos,0,0,0,0,0,494,499,xwadāy,NOUN,appos,0,2,1,1,1,0,0,0,0.0,False,False,GBd-TD1-01_mptf.conllu,0,0,0
kawād,PROPN,nmod,0,0,0,1,1,28,28,kawād,PROPN,nmod,0,2,1,1,1,0,1,0,0.0,False,False,GBd-TD1-01_mptf.conllu,1,0,0
bāmdādān,PROPN,nmod,0,0,0,1,1,5,5,bāmdādān,PROPN,nmod,0,2,1,1,1,0,1,0,0.0,False,False,GBd-TD1-01_mptf.conllu,1,0,0
mazdakīh,NOUN,nmod,0,0,0,1,1,3,3,mazdakīh,NOUN,nmod,0,2,1,1,1,0,0,0,0.0,False,False,GBd-TD1-01_mptf.conllu,1,0,0
māzdēsnān,NOUN,nmod,1,1,0,1,1,372,595,māzdēsnān,NOUN,nmod,0,2,1,1,1,0,0,0,0.0,False,False,GBd-TD1-01_mptf.conllu,1,0,0
husraw,PROPN,flat,0,0,0,0,0,36,51,husraw,PROPN,flat,0,2,1,1,1,0,1,0,0.0,False,False,GBd-TD1-01_mptf.conllu,0,0,0
kawādān,PROPN,nmod,0,0,0,1,1,3,3,kawādān,PROPN,nmod,0,2,1,1,1,0,1,0,0.0,False,False,GBd-TD1-01_mptf.conllu,1,0,0
māzdēsnān,NOUN,nmod,1,1,0,1,1,372,595,māzdēsnān,NOUN,nmod,0,2,1,1,1,0,0,0,0.0,False,False,GBd-TD1-01_mptf.conllu,1,0,0
awēšān,PRON,nmod,1,1,0,1,1,4503,4718,awēšān,PRON,nmod,0,2,1,1,1,0,0,0,0.0,False,False,GBd-TD1-01_mptf.conllu,1,0,0
ayārīh,NOUN,nmod,0,0,0,1,1,285,285,ayārīh,NOUN,nmod,0,2,1,1,1,0,0,0,0.0,False,False,GBd-TD1-01_mptf.conllu,1,0,0
yazdgerd,PROPN,nmod,0,0,0,1,1,19,20,yazdgerd,PROPN,nmod,0,2,1,1,1,0,1,0,0.0,False,False,GBd-TD1-01_mptf.conllu,1,0,0
xwarāsān,PROPN,nmod,0,0,0,1,1,74,74,xwarāsān,PROPN,nmod,0,2,1,1,1,0,1,0,0.0,False,False,GBd-TD1-01_mptf.conllu,1,0,0
xwēš,PRON,amod,0,0,0,1,1,2327,2375,xwēš,PRON,amod,0,2,1,1,1,0,0,0,0.0,False,False,GBd-TD1-01_mptf.conllu,0,1,0
pēšānagān,NOUN,nmod,1,1,0,1,1,43,60,pēšānagān,NOUN,nmod,0,2,1,1,1,0,0,0,0.0,False,False,GBd-TD1-01_mptf.conllu,1,0,0
māzdēsnān,NOUN,nmod,1,1,0,1,1,372,595,māzdēsnān,NOUN,nmod,0,2,1,1,1,0,0,0,0.0,False,False,GBd-TD1-01_mptf.conllu,1,0,0
dušpādixšāyīh,NOUN,nmod,0,0,0,1,1,22,24,dušpādixšāyīh,NOUN,nmod,0,2,1,1,1,0,0,0,0.0,False,False,GBd-TD1-01_mptf.conllu,1,0,0
awēšān,PRON,nmod,1,1,0,1,1,4503,4718,awēšān,PRON,nmod,0,2,1,1,1,0,0,0,0.0,False,False,GBd-TD1-01_mptf.conllu,1,0,0
ērānšahr,PROPN,nmod,0,0,0,1,1,139,139,ērānšahr,PROPN,nmod,0,2,1,1,1,0,1,0,0.0,False,False,GBd-TD1-01_mptf.conllu,1,0,0
xwarāsān,NOUN,nmod,0,0,0,1,1,74,74,xwarāsān,NOUN,nmod,0,2,1,1,1,0,0,0,0.0,False,False,GBd-TD1-01_mptf.conllu,1,0,0
kāzrūn,PROPN,nmod,0,0,0,1,1,3,3,kāzrūn,PROPN,nmod,0,2,1,1,1,0,1,0,0.0,False,False,GBd-TD1-01_mptf.conllu,1,0,0
drayā,NOUN,nmod,0,0,0,0,0,23,26,drayā,NOUN,nmod,0,2,1,1,1,0,0,0,0.0,False,False,GBd-TD1-01_mptf.conllu,1,0,0
bārīhā,NOUN,nmod,1,1,0,0,0,518,521,bārīhā,NOUN,nmod,0,2,1,1,1,0,0,0,0.0,True,True,GBd-TD1-01_mptf.conllu,1,0,0
marag,NOUN,nmod,0,0,0,1,1,44,68,marag,NOUN,nmod,0,2,1,1,1,0,0,0,0.0,False,False,GBd-TD1-01_mptf.conllu,1,0,0
ērānšahr,PROPN,nmod,0,0,0,1,1,139,139,ērānšahr,PROPN,nmod,0,2,1,1,1,0,1,0,0.0,False,False,GBd-TD1-01_mptf.conllu,1,0,0
kāwulestān,PROPN,nmod,0,0,0,1,1,12,12,kāwulestān,PROPN,nmod,0,2,1,1,1,0,1,0,0.0,False,False,GBd-TD1-01_mptf.conllu,1,0,0
dūdag,NOUN,nmod,0,0,0,1,1,181,181,dūdag,NOUN,nmod,0,2,1,1,1,0,0,0,0.0,True,True,GBd-TD1-01_mptf.conllu,1,0,0
bayān,NOUN,nmod,1,1,0,1,1,32,38,bayān,NOUN,nmod,0,2,1,1,1,0,0,0,0.0,False,False,GBd-TD1-01_mptf.conllu,1,0,0
wahrām,PROPN,flat,0,0,0,1,1,168,168,wahrām,PROPN,flat,0,2,1,1,1,0,1,0,0.0,False,False,GBd-TD1-01_mptf.conllu,0,0,0
kust,NOUN,appos,0,0,0,1,1,248,249,kust,NOUN,appos,0,2,1,1,1,0,0,0,0.0,False,False,GBd-TD1-01_mptf.conllu,0,0,0
zarduxšt,PROPN,nmod,0,0,0,1,1,1746,1747,zarduxšt,PROPN,nmod,0,2,1,1,1,0,1,0,0.0,False,False,GBd-TD1-01_mptf.conllu,1,0,0
wištāspān,PROPN,nmod,0,0,0,1,1,18,18,wištāspān,PROPN,nmod,0,2,1,1,1,0,1,0,0.0,False,False,GBd-TD1-01_mptf.conllu,1,0,0
kangdiz,PROPN,nmod,0,0,0,1,1,41,41,kangdiz,PROPN,nmod,0,2,1,1,1,0,1,0,0.0,False,False,GBd-TD1-01_mptf.conllu,1,0,0
awēšān,PRON,nmod,1,1,0,1,1,4503,4718,awēšān,PRON,nmod,0,2,1,1,1,0,0,0,0.0,False,False,GBd-TD1-01_mptf.conllu,1,0,0
warehrān,PROPN,nmod,0,0,0,1,1,168,168,warehrān,PROPN,nmod,0,2,1,1,1,0,1,0,0.0,False,False,GBd-TD1-01_mptf.conllu,1,0,0
hamāg,PRON,appos,0,0,0,1,1,1065,1514,hamāg,PRON,appos,0,2,1,1,1,0,0,0,0.0,False,False,GBd-TD1-01_mptf.conllu,0,0,0
hazārag,NOUN,nmod,0,0,0,1,1,136,136,hazārag,NOUN,nmod,0,2,1,1,1,0,0,0,0.0,False,False,GBd-TD1-01_mptf.conllu,1,0,0
ušēdarān,PROPN,nmod,1,1,0,1,1,49,53,ušēdarān,PROPN,nmod,0,2,1,1,1,0,1,0,0.0,False,False,GBd-TD1-01_mptf.conllu,1,0,0
zarduxštān,PROPN,nmod,0,0,0,1,1,44,49,zarduxštān,PROPN,nmod,0,2,1,1,1,0,1,0,0.0,False,False,GBd-TD1-01_mptf.conllu,1,0,0
dēn,NOUN,nmod,0,0,0,1,1,2149,2158,dēn,NOUN,nmod,0,2,1,1,1,0,0,0,0.0,False,False,GBd-TD1-01_mptf.conllu,1,0,0
dāitaēi,PROPN,nmod,0,0,0,0,0,3,3,dāitaēi,PROPN,nmod,0,2,1,1,1,0,1,0,0.0,False,False,GBd-TD1-01_mptf.conllu,1,0,0
kayānsē,PROPN,nmod,0,0,0,0,0,23,23,kayānsē,PROPN,nmod,0,2,1,1,1,0,1,0,0.0,False,False,GBd-TD1-01_mptf.conllu,1,0,0
asmān,NOUN,nmod,0,0,0,1,1,357,357,asmān,NOUN,nmod,0,2,1,1,1,0,0,0,0.0,False,False,GBd-TD1-01_mptf.conllu,1,0,0
gurg,NOUN,nmod,0,0,0,1,1,159,159,gurg,NOUN,nmod,0,2,1,1,1,0,0,0,0.0,False,False,GBd-TD1-01_mptf.conllu,1,0,0
hamāg,PRON,appos,0,0,0,1,1,1065,1514,hamāg,PRON,appos,0,2,1,1,1,0,0,0,0.0,False,False,GBd-TD1-01_mptf.conllu,0,0,0
hazārag,NOUN,nmod,0,0,0,1,1,136,136,hazārag,NOUN,nmod,0,2,1,1,1,0,0,0,0.0,False,False,GBd-TD1-01_mptf.conllu,1,0,0
ušēdar,PROPN,nmod,0,0,0,1,1,49,53,ušēdar,PROPN,nmod,0,2,1,1,1,0,1,0,0.0,False,False,GBd-TD1-01_mptf.conllu,1,0,0
tōhmag,NOUN,nmod,0,0,0,1,1,223,243,tōhmag,NOUN,nmod,0,2,1,1,1,0,0,0,0.0,False,False,GBd-TD1-01_mptf.conllu,1,0,0
tūr,PROPN,nmod,0,0,0,1,1,53,56,tūr,PROPN,nmod,0,2,1,1,1,0,1,0,0.0,False,False,GBd-TD1-01_mptf.conllu,1,0,0
brātrōxš,PROPN,nmod,0,0,0,1,1,14,14,brātrōxš,PROPN,nmod,0,2,1,1,1,0,1,0,0.0,False,False,GBd-TD1-01_mptf.conllu,1,0,0
zardušt,PROPN,nmod,0,0,0,1,1,1746,1747,zardušt,PROPN,nmod,0,2,1,1,1,0,1,0,0.0,False,False,GBd-TD1-01_mptf.conllu,1,0,0
hazārag,NOUN,nmod,0,0,0,1,1,136,136,hazārag,NOUN,nmod,0,2,1,1,1,0,0,0,0.0,False,False,GBd-TD1-01_mptf.conllu,1,0,0
ušēdarmāh,PROPN,nmod,0,0,0,1,1,45,50,ušēdarmāh,PROPN,nmod,0,2,1,1,1,0,1,0,0.0,False,False,GBd-TD1-01_mptf.conllu,1,0,0
ušēdarmāh,PROPN,nmod,0,0,0,1,1,45,50,ušēdarmāh,PROPN,nmod,0,2,1,1,1,0,1,0,0.0,False,False,GBd-TD1-01_mptf.conllu,1,0,0
zarduxšt,PROPN,nmod,0,0,0,1,1,1746,1747,zarduxšt,PROPN,nmod,0,2,1,1,1,0,1,0,0.0,False,False,GBd-TD1-01_mptf.conllu,1,0,0
ohrmazd,PROPN,nmod,0,0,0,1,1,3237,3242,ohrmazd,PROPN,nmod,0,2,1,1,1,0,1,0,0.0,False,False,GBd-TD1-01_mptf.conllu,1,0,0
asmān,NOUN,nmod,0,0,0,1,1,357,357,asmān,NOUN,nmod,0,2,1,1,1,0,0,0,0.0,False,False,GBd-TD1-01_mptf.conllu,1,0,0
hazārag,NOUN,nmod,0,0,0,1,1,136,136,hazārag,NOUN,nmod,0,2,1,1,1,0,0,0,0.0,False,False,GBd-TD1-01_mptf.conllu,1,0,0
ušēdarmāh,PROPN,nmod,0,0,0,1,1,45,50,ušēdarmāh,PROPN,nmod,0,2,1,1,1,0,1,0,0.0,False,False,GBd-TD1-01_mptf.conllu,1,0,0
zarduxšt,PROPN,nmod,0,0,0,1,1,1746,1747,zarduxšt,PROPN,nmod,0,2,1,1,1,0,1,0,0.0,False,False,GBd-TD1-01_mptf.conllu,1,0,0
asmān,NOUN,nmod,0,0,0,1,1,357,357,asmān,NOUN,nmod,0,2,1,1,1,0,0,0,0.0,False,False,GBd-TD1-01_mptf.conllu,1,0,0
sāmān,PROPN,nmod,0,0,0,1,1,11,11,sāmān,PROPN,nmod,0,2,1,1,1,0,1,0,0.0,False,False,GBd-TD1-01_mptf.conllu,1,0,0
garšasp,PROPN,nmod,0,0,0,1,1,5,7,garšasp,PROPN,nmod,0,2,1,1,1,0,1,0,0.0,False,False,GBd-TD1-01_mptf.conllu,1,0,0
bun,NOUN,nmod,0,0,0,1,1,959,971,bun,NOUN,nmod,0,2,1,1,1,0,0,0,0.0,False,False,GBd-TD1-01_mptf.conllu,1,0,0
zrēy,NOUN,nmod,0,0,0,0,0,287,287,zrēy,NOUN,nmod,0,2,1,1,1,0,0,0,0.0,False,False,GBd-TD1-01_mptf.conllu,1,0,0
xwad,PRON,nmod,0,0,0,1,1,737,770,xwad,PRON,nmod,0,2,1,1,1,0,0,0,0.0,False,False,GBd-TD1-01_mptf.conllu,1,0,0
kayānsē,PROPN,nmod,0,0,0,0,0,23,23,kayānsē,PROPN,nmod,0,2,1,1,1,0,1,0,0.0,False,False,GBd-TD1-01_mptf.conllu,1,0,0
xwēš,PRON,nmod,0,0,0,1,1,2327,2375,xwēš,PRON,nmod,0,2,1,1,1,0,0,0,0.0,False,False,GBd-TD1-01_mptf.conllu,1,0,0
=š,PRON,nmod,0,0,0,1,1,18107,18258,=š,PRON,nmod,0,2,1,1,1,0,0,0,0.0,False,False,GBd-TD1-01_mptf.conllu,1,0,0
mard,NOUN,appos,0,0,0,1,1,2067,2069,mard,NOUN,appos,0,2,1,1,1,0,0,0,0.0,False,False,GBd-TD1-01_mptf.conllu,0,0,0
mānbedān,NOUN,nmod,1,1,0,1,1,61,61,mānbedān,NOUN,nmod,0,2,1,1,1,0,0,0,0.0,False,False,GBd-TD1-01_mptf.conllu,1,0,0
waybōxtān,PROPN,nmod,0,0,0,1,1,3,3,waybōxtān,PROPN,nmod,0,2,1,1,1,0,1,0,0.0,False,False,GBd-TD1-01_mptf.conllu,1,0,0
ādurbandag,PROPN,nmod,0,0,0,1,1,3,3,ādurbandag,PROPN,nmod,0,2,1,1,1,0,1,0,0.0,True,True,GBd-TD1-01_mptf.conllu,1,0,0
māhdād,PROPN,nmod,0,0,0,1,1,3,4,māhdād,PROPN,nmod,0,2,1,1,1,0,1,0,0.0,False,False,GBd-TD1-01_mptf.conllu,1,0,0
maydyōmāh,PROPN,nmod,0,0,0,1,1,100,100,maydyōmāh,PROPN,nmod,0,2,1,1,1,0,1,0,0.0,False,False,GBd-TD1-01_mptf.conllu,1,0,0
frāywaxšwindād,PROPN,nmod,0,0,0,1,1,3,3,frāywaxšwindād,PROPN,nmod,0,2,1,1,1,0,1,0,0.0,False,False,GBd-TD1-01_mptf.conllu,1,0,0
maydyōmāh,PROPN,nmod,0,0,0,1,1,100,100,maydyōmāh,PROPN,nmod,0,2,1,1,1,0,1,0,0.0,False,False,GBd-TD1-01_mptf.conllu,1,0,0
kād,PROPN,nmod,0,0,0,1,1,6,6,kād,PROPN,nmod,0,2,1,1,1,0,1,0,0.0,False,False,GBd-TD1-01_mptf.conllu,1,0,0
maydyōmāh,PROPN,nmod,0,0,0,1,1,100,100,maydyōmāh,PROPN,nmod,0,2,1,1,1,0,1,0,0.0,False,False,GBd-TD1-01_mptf.conllu,1,0,0
ārāspē,PROPN,nmod,0,0,0,0,0,10,10,ārāspē,PROPN,nmod,0,2,1,1,1,0,1,0,0.0,False,False,GBd-TD1-01_mptf.conllu,1,0,0
pītarasp,PROPN,nmod,0,0,0,1,1,11,11,pītarasp,PROPN,nmod,0,2,1,1,1,0,1,0,0.0,False,False,GBd-TD1-01_mptf.conllu,1,0,0
ohrmazdān,PROPN,nmod,0,0,0,1,1,15,16,ohrmazdān,PROPN,nmod,0,2,1,1,1,0,1,0,0.0,False,False,GBd-TD1-01_mptf.conllu,1,0,0
mānbedān,NOUN,nmod,1,1,0,1,1,61,61,mānbedān,NOUN,nmod,0,2,1,1,1,0,0,0,0.0,False,False,GBd-TD1-01_mptf.conllu,1,0,0
mazdēsnān,NOUN,nmod,1,1,0,1,1,372,595,mazdēsnān,NOUN,nmod,0,2,1,1,1,0,0,0,0.0,False,False,GBd-TD1-01_mptf.conllu,1,0,0
tāzīgān,NOUN,nmod,1,1,0,1,1,63,78,tāzīgān,NOUN,nmod,0,2,1,1,1,0,0,0,0.0,False,False,GBd-TD1-01_mptf.conllu,1,0,0
zamān,NOUN,nmod,0,0,0,1,1,555,564,zamān,NOUN,nmod,0,2,1,1,1,0,0,0,0.0,False,False,GBd-TD1-01_mptf.conllu,1,0,0
sāl,NOUN,nmod,0,0,0,1,1,909,909,sāl,NOUN,nmod,0,2,1,1,1,0,0,0,0.0,False,False,GBd-TD1-01_mptf.conllu,1,0,0
hazārag,NOUN,nmod,0,0,0,1,1,136,136,hazārag,NOUN,nmod,0,2,1,1,1,0,0,0,0.0,False,False,GBd-TD1-01_mptf.conllu,1,0,0
warrag,PROPN,nmod,0,0,0,1,1,43,43,warrag,PROPN,nmod,0,2,1,1,1,0,1,0,0.0,False,False,GBd-TD1-01_mptf.conllu,1,0,0
hazārag,NOUN,nmod,0,0,0,1,1,136,136,hazārag,NOUN,nmod,0,2,1,1,1,0,0,0,0.0,False,False,GBd-TD1-01_mptf.conllu,1,0,0
hazārag,NOUN,nmod,0,0,0,1,1,136,136,hazārag,NOUN,nmod,0,2,1,1,1,0,0,0,0.0,False,False,GBd-TD1-01_mptf.conllu,1,0,0
hazārag,NOUN,nmod,0,0,0,1,1,136,136,hazārag,NOUN,nmod,0,2,1,1,1,0,0,0,0.0,False,False,GBd-TD1-01_mptf.conllu,1,0,0
sām,PROPN,nmod,0,0,0,1,1,23,23,sām,PROPN,nmod,0,2,1,1,1,0,1,0,0.0,False,False,GBd-TD1-01_mptf.conllu,1,0,0
uzaw,PROPN,nmod,0,0,0,0,0,28,31,uzaw,PROPN,nmod,0,2,1,1,1,0,1,0,0.0,False,False,GBd-TD1-01_mptf.conllu,1,0,0
kawād,PROPN,nmod,0,0,0,1,1,28,28,kawād,PROPN,nmod,0,2,1,1,1,0,1,0,0.0,False,False,GBd-TD1-01_mptf.conllu,1,0,0
hazārag,NOUN,nmod,0,0,0,1,1,136,136,hazārag,NOUN,nmod,0,2,1,1,1,0,0,0,0.0,False,False,GBd-TD1-01_mptf.conllu,1,0,0
spitāmān,PROPN,nmod,0,0,0,1,1,356,359,spitāmān,PROPN,nmod,0,2,1,1,1,0,1,0,0.0,False,False,GBd-TD1-01_mptf.conllu,1,0,0
dādār,NOUN,nmod,0,0,0,1,1,998,1006,dādār,NOUN,nmod,0,2,1,1,1,0,0,0,0.0,True,True,GBd-TD1-01_mptf.conllu,1,0,0
ohrmazd,PROPN,flat,0,0,0,1,1,3237,3242,ohrmazd,PROPN,flat,0,2,1,1,1,0,1,0,0.0,False,False,GBd-TD1-01_mptf.conllu,0,0,0
šāh,NOUN,flat,0,0,0,1,1,152,155,šāh,NOUN,flat,0,2,1,1,1,0,0,0,0.0,False,False,GBd-TD1-01_mptf.conllu,0,0,0
pābagān,PROPN,nmod,0,0,0,1,1,6,6,pābagān,PROPN,nmod,0,2,1,1,1,0,1,0,0.0,False,False,GBd-TD1-01_mptf.conllu,1,0,0
tāzīgān,NOUN,nmod,1,1,0,1,1,63,78,tāzīgān,NOUN,nmod,0,2,1,1,1,0,0,0,0.0,False,False,GBd-TD1-01_mptf.conllu,1,0,0
pārsīgān,NOUN,nmod,1,1,0,1,1,5,14,pārsīgān,NOUN,nmod,0,2,1,1,1,0,0,0,0.0,False,False,GBd-TD1-01_mptf.conllu,1,0,0
xwadāy,NOUN,nmod,0,0,0,0,0,494,499,xwadāy,NOUN,nmod,0,2,1,1,1,0,0,0,0.0,False,False,MHD-MHDC-01_mptf.conllu,1,0,0
bahr,NOUN,nmod,0,0,0,1,1,410,411,bahr,NOUN,nmod,0,2,1,1,1,0,0,0,0.0,False,False,MHD-MHDC-01_mptf.conllu,1,0,0
bahr,NOUN,nmod,0,0,0,1,1,410,411,bahr,NOUN,nmod,0,2,1,1,1,0,0,0,0.0,False,False,MHD-MHDC-01_mptf.conllu,1,0,0
frazend,NOUN,nmod,0,0,0,1,1,387,387,frazend,NOUN,nmod,0,2,1,1,1,0,0,0,0.0,False,False,MHD-MHDC-01_mptf.conllu,1,0,0
bahr,NOUN,nmod,0,0,0,1,1,410,411,bahr,NOUN,nmod,0,2,1,1,1,0,0,0,0.0,False,False,MHD-MHDC-01_mptf.conllu,1,0,0
bahr,NOUN,nmod,0,0,0,1,1,410,411,bahr,NOUN,nmod,0,2,1,1,1,0,0,0,0.0,False,False,MHD-MHDC-01_mptf.conllu,1,0,0
hudēnān,NOUN,nmod,1,1,0,1,1,94,106,hudēnān,NOUN,nmod,0,2,1,1,1,0,0,0,0.0,False,False,MHD-MHDC-01_mptf.conllu,1,0,0
anšahrīg,NOUN,nmod,0,0,1,1,1,92,92,anšahrīg,NOUN,nmod,0,2,1,1,1,0,0,0,0.0,False,False,MHD-MHDC-01_mptf.conllu,1,0,0
kas,PRON,nmod,0,0,0,1,1,1086,1092,kas,PRON,nmod,0,2,1,1,1,0,0,0,0.0,False,False,MHD-MHDC-01_mptf.conllu,1,0,0
xwēš,PRON,nmod,0,0,0,1,1,2327,2375,xwēš,PRON,nmod,0,2,1,1,1,0,0,0,0.0,False,False,MHD-MHDC-01_mptf.conllu,1,0,0
zamān,NOUN,nmod,0,0,0,1,1,555,564,zamān,NOUN,nmod,0,2,1,1,1,0,0,0,0.0,False,False,MHD-MHDC-01_mptf.conllu,1,0,0
agdēn,NOUN,nmod,0,0,0,1,1,37,83,agdēn,NOUN,nmod,0,2,1,1,1,0,0,0,0.0,False,False,MHD-MHDC-01_mptf.conllu,1,0,0
tis,NOUN,nmod,0,0,0,1,1,1502,1505,tis,NOUN,nmod,0,2,1,1,1,0,0,0,0.0,False,False,MHD-MHDC-01_mptf.conllu,1,0,0
mard,NOUN,nmod,0,0,0,1,1,2067,2069,mard,NOUN,nmod,0,2,1,1,1,0,0,0,0.0,False,False,MHD-MHDC-01_mptf.conllu,1,0,0
xwāstag,NOUN,nmod,0,0,0,1,1,1099,1100,xwāstag,NOUN,nmod,0,2,1,1,1,0,0,0,0.0,True,True,MHD-MHDC-01_mptf.conllu,1,0,0
pidarān,NOUN,nmod,1,1,0,1,1,547,547,pidarān,NOUN,nmod,0,2,1,1,1,0,0,0,0.0,False,False,MHD-MHDC-01_mptf.conllu,1,0,0
xwāstagdār,NOUN,nmod,0,0,0,1,1,31,33,xwāstagdār,NOUN,nmod,0,2,1,1,1,0,0,0,0.0,True,True,MHD-MHDC-01_mptf.conllu,1,0,0
dibīr,PROPN,nmod,0,0,0,1,1,8,10,dibīr,PROPN,nmod,0,2,1,1,1,0,1,0,0.0,False,False,MHD-MHDC-01_mptf.conllu,1,0,0
wizīr,NOUN,nmod,0,0,0,1,1,331,331,wizīr,NOUN,nmod,0,2,1,1,1,0,0,0,0.0,False,False,MHD-MHDC-01_mptf.conllu,1,0,0
pēšagsālārān,NOUN,nmod,1,1,0,1,1,2,2,pēšagsālārān,NOUN,nmod,0,2,1,1,1,0,0,0,0.0,True,True,MHD-MHDC-01_mptf.conllu,1,0,0
dahībedān,NOUN,nmod,1,1,0,1,1,244,244,dahībedān,NOUN,nmod,0,2,1,1,1,0,0,0,0.0,False,False,MHD-MHDC-01_mptf.conllu,1,0,0
wizīr,NOUN,nmod,0,0,0,1,1,331,331,wizīr,NOUN,nmod,0,2,1,1,1,0,0,0,0.0,False,False,MHD-MHDC-01_mptf.conllu,1,0,0
xwāhišn,NOUN,nmod,0,0,0,1,1,7,794,xwāhišn,NOUN,nmod,0,2,1,1,1,0,0,0,0.0,True,True,MHD-MHDC-01_mptf.conllu,1,0,0
drōš,NOUN,nmod,0,0,0,1,1,23,23,drōš,NOUN,nmod,0,2,1,1,1,0,0,0,0.0,False,False,MHD-MHDC-01_mptf.conllu,1,0,0
hunsandīh,NOUN,nmod,0,0,0,1,1,106,106,hunsandīh,NOUN,nmod,0,2,1,1,1,0,0,0,0.0,False,False,MHD-MHDC-01_mptf.conllu,1,0,0
wizīr,NOUN,nmod,0,0,0,1,1,331,331,wizīr,NOUN,nmod,0,2,1,1,1,0,0,0,0.0,False,False,MHD-MHDC-01_mptf.conllu,1,0,0
hišt,NOUN,nmod,0,0,0,1,1,11,12,hišt,NOUN,nmod,0,2,1,1,1,0,0,0,0.0,True,True,MHD-MHDC-01_mptf.conllu,1,0,0
zanīh,NOUN,nmod,0,0,0,1,1,174,175,zanīh,NOUN,nmod,0,2,1,1,1,0,0,0,0.0,False,False,MHD-MHDC-01_mptf.conllu,1,0,0
xwēštan,PRON,nmod,0,0,0,1,1,58,62,xwēštan,PRON,nmod,0,2,1,1,1,0,0,0,0.0,False,False,MHD-MHDC-01_mptf.conllu,1,0,0
šōy,NOUN,nmod,0,0,0,0,0,265,265,šōy,NOUN,nmod,0,2,1,1,1,0,0,0,0.0,False,False,MHD-MHDC-01_mptf.conllu,1,0,0
čagar,NOUN,nmod,0,0,0,1,1,29,33,čagar,NOUN,nmod,0,2,1,1,1,0,0,0,0.0,False,False,MHD-MHDC-01_mptf.conllu,1,0,0
kirdan,NOUN,nmod,0,0,0,1,1,1,1,kirdan,NOUN,nmod,0,2,1,1,1,0,0,0,0.0,True,True,MHD-MHDC-01_mptf.conllu,1,0,0
mard,NOUN,nmod,0,0,0,1,1,2067,2069,mard,NOUN,nmod,0,2,1,1,1,0,0,0,0.0,False,False,MHD-MHDC-01_mptf.conllu,1,0,0
zanīh,NOUN,nmod,0,0,0,1,1,174,175,zanīh,NOUN,nmod,0,2,1,1,1,0,0,0,0.0,False,False,MHD-MHDC-01_mptf.conllu,1,0,0
xwāstag,NOUN,nmod,0,0,0,1,1,1099,1100,xwāstag,NOUN,nmod,0,2,1,1,1,0,0,0,0.0,True,True,MHD-MHDC-01_mptf.conllu,1,0,0
dastwar,NOUN,nmod,0,0,0,1,1,480,481,dastwar,NOUN,nmod,0,2,1,1,1,0,0,0,0.0,False,False,MHD-MHDC-01_mptf.conllu,1,0,0
xwēšīh,NOUN,nmod,0,0,0,1,1,282,282,xwēšīh,NOUN,nmod,0,2,1,1,1,0,0,0,0.0,False,False,MHD-MHDC-01_mptf.conllu,1,0,0
xwēš,PRON,nmod,0,0,0,1,1,2327,2375,xwēš,PRON,nmod,0,2,1,1,1,0,0,0,0.0,False,False,MHD-MHDC-01_mptf.conllu,1,0,0
dastwar,NOUN,nmod,0,0,0,1,1,480,481,dastwar,NOUN,nmod,0,2,1,1,1,0,0,0,0.0,False,False,MHD-MHDC-01_mptf.conllu,1,0,0
=š,PRON,nmod,0,0,0,1,1,18107,18258,=š,PRON,nmod,0,2,1,1,1,0,0,0,0.0,False,False,MHD-MHDC-01_mptf.conllu,1,0,0
dastwar,NOUN,nmod,0,0,0,1,1,480,481,dastwar,NOUN,nmod,0,2,1,1,1,0,0,0,0.0,False,False,MHD-MHDC-01_mptf.conllu,1,0,0
dastwar,NOUN,nmod,0,0,0,1,1,480,481,dastwar,NOUN,nmod,0,2,1,1,1,0,0,0,0.0,False,False,MHD-MHDC-01_mptf.conllu,1,0,0
dastwar,NOUN,nmod,0,0,0,1,1,480,481,dastwar,NOUN,nmod,0,2,1,1,1,0,0,0,0.0,False,False,MHD-MHDC-01_mptf.conllu,1,0,0
dastwar,NOUN,nmod,0,0,0,1,1,480,481,dastwar,NOUN,nmod,0,2,1,1,1,0,0,0,0.0,False,False,MHD-MHDC-01_mptf.conllu,1,0,0
ādurfarnbay,PROPN,nmod,0,0,0,0,0,66,67,ādurfarnbay,PROPN,nmod,0,2,1,1,1,0,1,0,0.0,False,False,MHD-MHDC-01_mptf.conllu,1,0,0
windišn,NOUN,nmod,0,0,0,1,1,104,105,windišn,NOUN,nmod,0,2,1,1,1,0,0,0,0.0,True,True,MHD-MHDC-01_mptf.conllu,1,0,0
anšahrīg,NOUN,nmod,0,0,1,1,1,92,92,anšahrīg,NOUN,nmod,0,2,1,1,1,0,0,0,0.0,False,False,MHD-MHDC-01_mptf.conllu,1,0,0
dastwar,NOUN,nmod,0,0,0,1,1,480,481,dastwar,NOUN,nmod,0,2,1,1,1,0,0,0,0.0,False,False,MHD-MHDC-01_mptf.conllu,1,0,0
pasēmāl,NOUN,nmod,0,0,0,1,1,144,144,pasēmāl,NOUN,nmod,0,2,1,1,1,0,0,0,0.0,False,False,MHD-MHDC-01_mptf.conllu,1,0,0
xwāstag,NOUN,nmod,0,0,0,1,1,1099,1100,xwāstag,NOUN,nmod,0,2,1,1,1,0,0,0,0.0,True,True,MHD-MHDC-01_mptf.conllu,1,0,0
dastwar,NOUN,nmod,0,0,0,1,1,480,481,dastwar,NOUN,nmod,0,2,1,1,1,0,0,0,0.0,False,False,MHD-MHDC-01_mptf.conllu,1,0,0
mādag,NOUN,nmod,0,0,0,1,1,28,28,mādag,NOUN,nmod,0,2,1,1,1,0,0,0,0.0,True,True,MHD-MHDC-01_mptf.conllu,1,0,0
=iš,PRON,nmod,0,0,0,1,1,18107,18258,=iš,PRON,nmod,0,2,1,1,1,0,0,0,0.0,False,False,MHD-MHDC-01_mptf.conllu,1,0,0
pasēmāl,NOUN,nmod,0,0,0,1,1,144,144,pasēmāl,NOUN,nmod,0,2,1,1,1,0,0,0,0.0,False,False,MHD-MHDC-01_mptf.conllu,1,0,0
dastwarān,NOUN,nmod,1,1,0,1,1,480,481,dastwarān,NOUN,nmod,0,2,1,1,1,0,0,0,0.0,False,False,MHD-MHDC-01_mptf.conllu,1,0,0
dastwar,NOUN,nmod,0,0,0,1,1,480,481,dastwar,NOUN,nmod,0,2,1,1,1,0,0,0,0.0,False,False,MHD-MHDC-01_mptf.conllu,1,0,0
mādag,NOUN,nmod,0,0,0,1,1,28,28,mādag,NOUN,nmod,0,2,1,1,1,0,0,0,0.0,True,True,MHD-MHDC-01_mptf.conllu,1,0,0
tan,NOUN,nmod,0,0,0,1,1,2253,2253,tan,NOUN,nmod,0,2,1,1,1,0,0,0,0.0,False,False,MHD-MHDC-01_mptf.conllu,1,0,0
waštagīh,NOUN,nmod,0,0,0,1,1,31,31,waštagīh,NOUN,nmod,0,2,1,1,1,0,0,0,0.0,False,False,MHD-MHDC-01_mptf.conllu,1,0,0
dādestān,NOUN,nmod,0,0,0,1,1,587,600,dādestān,NOUN,nmod,0,2,1,1,1,0,0,0,0.0,False,False,MHD-MHDC-01_mptf.conllu,1,0,0
dādestān,NOUN,nmod,0,0,0,1,1,587,600,dādestān,NOUN,nmod,0,2,1,1,1,0,0,0,0.0,False,False,MHD-MHDC-01_mptf.conllu,1,0,0
sāl,NOUN,nmod,0,0,0,1,1,909,909,sāl,NOUN,nmod,0,2,1,1,1,0,0,0,0.0,False,False,MHD-MHDC-01_mptf.conllu,1,0,0
sāl,NOUN,nmod,0,0,0,1,1,909,909,sāl,NOUN,nmod,0,2,1,1,1,0,0,0,0.0,False,False,MHD-MHDC-01_mptf.conllu,1,0,0
ēwēnag,NOUN,nmod,0,0,0,1,1,782,790,ēwēnag,NOUN,nmod,0,2,1,1,1,0,0,0,0.0,False,False,MHD-MHDC-01_mptf.conllu,1,0,0
xwēšīh,NOUN,nmod,0,0,0,1,1,3,3,xwēšīh,NOUN,nmod,0,2,1,1,1,0,0,0,0.0,False,False,MHD-MHDC-01_mptf.conllu,1,0,0
tō,PRON,nmod,0,0,0,0,0,1925,1925,tō,PRON,nmod,0,2,1,1,1,0,0,0,0.0,False,False,MHD-MHDC-01_mptf.conllu,1,0,0
tō,PRON,nmod,0,0,0,0,0,1925,1925,tō,PRON,nmod,0,2,1,1,1,0,0,0,0.0,False,False,MHD-MHDC-01_mptf.conllu,1,0,0
azišmānd,NOUN,nmod,0,0,0,1,1,43,43,azišmānd,NOUN,nmod,0,2,1,1,1,0,0,0,0.0,False,False,MHD-MHDC-01_mptf.conllu,1,0,0
dārišn,NOUN,nmod,0,0,0,1,1,399,401,dārišn,NOUN,nmod,0,2,1,1,1,0,0,0,0.0,True,True,MHD-MHDC-01_mptf.conllu,1,0,0
dādestān,NOUN,nmod,0,0,0,1,1,587,600,dādestān,NOUN,nmod,0,2,1,1,1,0,0,0,0.0,False,False,MHD-MHDC-01_mptf.conllu,1,0,0
dādestān,NOUN,nmod,0,0,0,1,1,587,600,dādestān,NOUN,nmod,0,2,1,1,1,0,0,0,0.0,False,False,MHD-MHDC-01_mptf.conllu,1,0,0
awēšān,PRON,nmod,1,1,0,1,1,4503,4718,awēšān,PRON,nmod,0,2,1,1,1,0,0,0,0.0,False,False,MHD-MHDC-01_mptf.conllu,1,0,0
abārīg,PRON,nmod,0,0,1,1,1,942,1310,abārīg,PRON,nmod,0,2,1,1,1,0,0,0,0.0,False,False,MHD-MHDC-01_mptf.conllu,1,0,0
dādestān,NOUN,nmod,0,0,0,1,1,587,600,dādestān,NOUN,nmod,0,2,1,1,1,0,0,0,0.0,False,False,MHD-MHDC-01_mptf.conllu,1,0,0
man,PRON,nmod,0,0,0,1,1,2907,2910,man,PRON,nmod,0,2,1,1,1,0,0,0,0.0,False,False,MHD-MHDC-01_mptf.conllu,1,0,0
man,PRON,nmod,0,0,0,1,1,2907,2910,man,PRON,nmod,0,2,1,1,1,0,0,0,0.0,False,False,MHD-MHDC-01_mptf.conllu,1,0,0
dādestān,NOUN,nmod,0,0,0,1,1,587,600,dādestān,NOUN,nmod,0,2,1,1,1,0,0,0,0.0,False,False,MHD-MHDC-01_mptf.conllu,1,0,0
pēšēmāl,NOUN,nmod,0,0,0,1,1,128,128,pēšēmāl,NOUN,nmod,0,2,1,1,1,0,0,0,0.0,False,False,MHD-MHDC-01_mptf.conllu,1,0,0
gād,NOUN,nmod,0,0,0,1,1,11,11,gād,NOUN,nmod,0,2,1,1,1,0,0,0,0.0,False,False,MHD-MHDC-01_mptf.conllu,1,0,0
drahm,NOUN,nmod,0,0,0,1,1,94,94,drahm,NOUN,nmod,0,2,1,1,1,0,0,0,0.0,False,False,MHD-MHDC-01_mptf.conllu,1,0,0
man,PRON,nmod,0,0,0,1,1,2907,2910,man,PRON,nmod,0,2,1,1,1,0,0,0,0.0,False,False,MHD-MHDC-01_mptf.conllu,1,0,0
=iš,PRON,nmod,0,0,0,1,1,18107,18258,=iš,PRON,nmod,0,2,1,1,1,0,0,0,0.0,False,False,MHD-MHDC-01_mptf.conllu,1,0,0
tōzišn,NOUN,nmod,0,0,0,1,1,313,315,tōzišn,NOUN,nmod,0,2,1,1,1,0,0,0,0.0,True,True,MHD-MHDC-01_mptf.conllu,1,0,0
pidarān,NOUN,nmod,1,1,0,1,1,547,547,pidarān,NOUN,nmod,0,2,1,1,1,0,0,0,0.0,False,False,MHD-MHDC-01_mptf.conllu,1,0,0
nēēdōnīh,NOUN,nmod,0,0,0,1,1,3,3,nēēdōnīh,NOUN,nmod,0,2,1,1,1,0,0,0,0.0,False,False,MHD-MHDC-01_mptf.conllu,1,0,0
ādurfarnbay,PROPN,nmod,0,0,0,0,0,66,67,ādurfarnbay,PROPN,nmod,0,2,1,1,1,0,1,0,0.0,False,False,MHD-MHDC-01_mptf.conllu,1,0,0
āzādmardān,PROPN,nmod,0,0,0,1,1,15,15,āzādmardān,PROPN,nmod,0,2,1,1,1,0,1,0,0.0,False,False,MHD-MHDC-01_mptf.conllu,1,0,0
pasēmāl,NOUN,nmod,0,0,0,1,1,144,144,pasēmāl,NOUN,nmod,0,2,1,1,1,0,0,0,0.0,False,False,MHD-MHDC-01_mptf.conllu,1,0,0
wizīr,NOUN,nmod,0,0,0,1,1,331,331,wizīr,NOUN,nmod,0,2,1,1,1,0,0,0,0.0,False,False,MHD-MHDC-01_mptf.conllu,1,0,0
dādwarān,NOUN,nmod,1,1,0,1,1,202,203,dādwarān,NOUN,nmod,0,2,1,1,1,0,0,0,0.0,False,False,MHD-MHDC-01_mptf.conllu,1,0,0
dādwarān,NOUN,nmod,1,1,0,1,1,202,203,dādwarān,NOUN,nmod,0,2,1,1,1,0,0,0,0.0,False,False,MHD-MHDC-01_mptf.conllu,1,0,0
tōzišn,NOUN,nmod,0,0,0,1,1,313,315,tōzišn,NOUN,nmod,0,2,1,1,1,0,0,0,0.0,True,True,MHD-MHDC-01_mptf.conllu,1,0,0
xīr,NOUN,nmod,0,0,0,1,1,221,222,xīr,NOUN,nmod,0,2,1,1,1,0,0,0,0.0,False,False,MHD-MHDC-01_mptf.conllu,1,0,0
dūdag,NOUN,nmod,0,0,0,1,1,181,181,dūdag,NOUN,nmod,0,2,1,1,1,0,0,0,0.0,True,True,MHD-MHDC-01_mptf.conllu,1,0,0
kadagxwadāy,NOUN,nmod,0,0,0,0,0,61,62,kadagxwadāy,NOUN,nmod,0,2,1,1,1,0,0,0,0.0,False,False,MHD-MHDC-01_mptf.conllu,1,0,0
dūdag,NOUN,nmod,0,0,0,1,1,181,181,dūdag,NOUN,nmod,0,2,1,1,1,0,0,0,0.0,True,True,MHD-MHDC-01_mptf.conllu,1,0,0
dādestān,NOUN,nmod,0,0,0,1,1,587,600,dādestān,NOUN,nmod,0,2,1,1,1,0,0,0,0.0,False,False,MHD-MHDC-01_mptf.conllu,1,0,0
xwāstag,NOUN,nmod,0,0,0,1,1,1099,1100,xwāstag,NOUN,nmod,0,2,1,1,1,0,0,0,0.0,True,True,MHD-MHDC-01_mptf.conllu,1,0,0
pidar,NOUN,nmod,0,0,0,1,1,547,547,pidar,NOUN,nmod,0,2,1,1,1,0,0,0,0.0,False,False,MHD-MHDC-01_mptf.conllu,1,0,0
dūdag,NOUN,nmod,0,0,0,1,1,181,181,dūdag,NOUN,nmod,0,2,1,1,1,0,0,0,0.0,True,True,MHD-MHDC-01_mptf.conllu,1,0,0
pid,NOUN,nmod,0,0,0,1,1,547,547,pid,NOUN,nmod,0,2,1,1,1,0,0,0,0.0,False,False,MHD-MHDC-01_mptf.conllu,1,0,0
dūdag,NOUN,nmod,0,0,0,1,1,181,181,dūdag,NOUN,nmod,0,2,1,1,1,0,0,0,0.0,True,True,MHD-MHDC-01_mptf.conllu,1,0,0
pus,NOUN,nmod,0,0,0,1,1,604,604,pus,NOUN,nmod,0,2,1,1,1,0,0,0,0.0,False,False,MHD-MHDC-01_mptf.conllu,1,0,0
pus,NOUN,nmod,0,0,0,1,1,604,604,pus,NOUN,nmod,0,2,1,1,1,0,0,0,0.0,False,False,MHD-MHDC-01_mptf.conllu,1,0,0
pid,NOUN,nmod,0,0,0,1,1,547,547,pid,NOUN,nmod,0,2,1,1,1,0,0,0,0.0,False,False,MHD-MHDC-01_mptf.conllu,1,0,0
burzādurfarnbayān,PROPN,nmod,0,0,0,1,1,7,7,burzādurfarnbayān,PROPN,nmod,0,2,1,1,1,0,1,0,0.0,False,False,MHD-MHDC-01_mptf.conllu,1,0,0
pus,NOUN,nmod,0,0,0,1,1,604,604,pus,NOUN,nmod,0,2,1,1,1,0,0,0,0.0,False,False,MHD-MHDC-01_mptf.conllu,1,0,0
pid,NOUN,nmod,0,0,0,1,1,547,547,pid,NOUN,nmod,0,2,1,1,1,0,0,0,0.0,False,False,MHD-MHDC-01_mptf.conllu,1,0,0
kadagbānūg,NOUN,nmod,0,0,0,1,1,86,87,kadagbānūg,NOUN,nmod,0,2,1,1,1,0,0,0,0.0,False,False,MHD-MHDC-01_mptf.conllu,1,0,0
dādestān,NOUN,nmod,0,0,0,1,1,587,600,dādestān,NOUN,nmod,0,2,1,1,1,0,0,0,0.0,False,False,MHD-MHDC-01_mptf.conllu,1,0,0
dādestān,NOUN,nmod,0,0,0,1,1,587,600,dādestān,NOUN,nmod,0,2,1,1,1,0,0,0,0.0,False,False,MHD-MHDC-01_mptf.conllu,1,0,0
tis,NOUN,nmod,0,0,0,1,1,1502,1505,tis,NOUN,nmod,0,2,1,1,1,0,0,0,0.0,False,False,MHD-MHDC-01_mptf.conllu,1,0,0
dūdag,NOUN,nmod,0,0,0,1,1,181,181,dūdag,NOUN,nmod,0,2,1,1,1,0,0,0,0.0,True,True,MHD-MHDC-01_mptf.conllu,1,0,0
sālār,NOUN,nmod,0,0,0,1,1,233,233,sālār,NOUN,nmod,0,2,1,1,1,0,0,0,0.0,True,True,MHD-MHDC-01_mptf.conllu,1,0,0
kadagbānūg,NOUN,nmod,0,0,0,1,1,86,87,kadagbānūg,NOUN,nmod,0,2,1,1,1,0,0,0,0.0,False,False,MHD-MHDC-01_mptf.conllu,1,0,0
sālār,NOUN,nmod,0,0,0,1,1,233,233,sālār,NOUN,nmod,0,2,1,1,1,0,0,0,0.0,True,True,MHD-MHDC-01_mptf.conllu,1,0,0
gyāg,NOUN,nmod,0,0,0,1,1,1299,1301,gyāg,NOUN,nmod,0,2,1,1,1,0,0,0,0.0,False,False,MHD-MHDC-01_mptf.conllu,1,0,0
hamābēr,NOUN,nmod,0,0,0,1,1,2,2,hamābēr,NOUN,nmod,0,2,1,1,1,0,0,0,0.0,False,False,MHD-MHDC-01_mptf.conllu,1,0,0
mānišn,NOUN,nmod,0,0,0,1,1,50,50,mānišn,NOUN,nmod,0,2,1,1,1,0,0,0,0.0,False,False,MHD-MHDC-01_mptf.conllu,1,0,0
āzādmardān,PROPN,nmod,0,0,0,1,1,15,15,āzādmardān,PROPN,nmod,0,2,1,1,1,0,1,0,0.0,False,False,MHD-MHDC-01_mptf.conllu,1,0,0
=š,PRON,nmod,0,0,0,1,1,18107,18258,=š,PRON,nmod,0,2,1,1,1,0,0,0,0.0,False,False,MHD-MHDC-01_mptf.conllu,1,0,0
hambaragān,NOUN,nmod,1,1,0,1,1,3,5,hambaragān,NOUN,nmod,0,2,1,1,1,0,0,0,0.0,False,False,MHD-MHDC-01_mptf.conllu,1,0,0
kasān,PRON,nmod,1,1,0,1,1,1086,1092,kasān,PRON,nmod,0,2,1,1,1,0,0,0,0.0,False,False,MHD-MHDC-01_mptf.conllu,1,0,0
pid,NOUN,nmod,0,0,0,1,1,547,547,pid,NOUN,nmod,0,2,1,1,1,0,0,0,0.0,False,False,MHD-MHDC-01_mptf.conllu,1,0,0
aburnāyīg,NOUN,nmod,0,0,1,1,1,87,146,aburnāyīg,NOUN,nmod,0,2,1,1,1,0,0,0,0.0,False,False,MHD-MHDC-01_mptf.conllu,1,0,0
bun,NOUN,nmod,0,0,0,1,1,959,971,bun,NOUN,nmod,0,2,1,1,1,0,0,0,0.0,False,False,MHD-MHDC-01_mptf.conllu,1,0,0
xwēšīh,NOUN,nmod,0,0,0,1,1,282,282,xwēšīh,NOUN,nmod,0,2,1,1,1,0,0,0,0.0,False,False,MHD-MHDC-01_mptf.conllu,1,0,0
man,PRON,nmod,0,0,0,1,1,2907,2910,man,PRON,nmod,0,2,1,1,1,0,0,0,0.0,False,False,MHD-MHDC-01_mptf.conllu,1,0,0
hampāyēnānīh,NOUN,nmod,0,0,0,1,1,1,1,hampāyēnānīh,NOUN,nmod,0,2,1,1,1,0,0,0,0.0,False,False,MHD-MHDC-01_mptf.conllu,1,0,0
did,PRON,nmod,0,0,0,1,1,127,475,did,PRON,nmod,0,2,1,1,1,0,0,0,0.0,False,False,MHD-MHDC-01_mptf.conllu,1,0,0
wāhmān,PRON,nmod,0,0,0,1,1,35,44,wāhmān,PRON,nmod,0,2,1,1,1,0,0,0,0.0,False,False,MHD-MHDC-01_mptf.conllu,1,0,0
ōy,PRON,nmod,0,0,0,0,0,18107,18258,ōy,PRON,nmod,0,2,1,1,1,0,0,0,0.0,False,False,MHD-MHDC-01_mptf.conllu,1,0,0
pāyēnān,NOUN,nmod,0,0,0,1,1,9,10,pāyēnān,NOUN,nmod,0,2,1,1,1,0,0,0,0.0,False,False,MHD-MHDC-01_mptf.conllu,1,0,0
=š,PRON,nmod,0,0,0,1,1,18107,18258,=š,PRON,nmod,0,2,1,1,1,0,0,0,0.0,False,False,MHD-MHDC-01_mptf.conllu,1,0,0
tōzišn,NOUN,nmod,0,0,0,1,1,313,315,tōzišn,NOUN,nmod,0,2,1,1,1,0,0,0,0.0,True,True,MHD-MHDC-01_mptf.conllu,1,0,0
mihrēn,PROPN,nmod,0,0,0,1,1,213,214,mihrēn,PROPN,nmod,0,2,1,1,1,0,1,0,0.0,False,False,MHD-MHDC-01_mptf.conllu,1,0,0
mihrēn,PROPN,nmod,0,0,0,1,1,213,214,mihrēn,PROPN,nmod,0,2,1,1,1,0,1,0,0.0,False,False,MHD-MHDC-01_mptf.conllu,1,0,0
farrox,PROPN,nmod,0,0,0,1,1,186,221,farrox,PROPN,nmod,0,2,1,1,1,0,1,0,0.0,False,False,MHD-MHDC-01_mptf.conllu,1,0,0
xwāstagdārišn,NOUN,nmod,0,0,0,1,1,2,2,xwāstagdārišn,NOUN,nmod,0,2,1,1,1,0,0,0,0.0,False,False,MHD-MHDC-01_mptf.conllu,1,0,0
xwāstag,NOUN,nmod,0,0,0,1,1,1099,1100,xwāstag,NOUN,nmod,0,2,1,1,1,0,0,0,0.0,True,True,MHD-MHDC-01_mptf.conllu,1,0,0
pidar,NOUN,nmod,0,0,0,1,1,547,547,pidar,NOUN,nmod,0,2,1,1,1,0,0,0,0.0,False,False,MHD-MHDC-01_mptf.conllu,1,0,0
pidar,NOUN,nmod,0,0,0,1,1,547,547,pidar,NOUN,nmod,0,2,1,1,1,0,0,0,0.0,False,False,MHD-MHDC-01_mptf.conllu,1,0,0
xwēš,PRON,nmod,0,0,0,1,1,2327,2375,xwēš,PRON,nmod,0,2,1,1,1,0,0,0,0.0,False,False,MHD-MHDC-01_mptf.conllu,1,0,0
kadagxwadāy,NOUN,nmod,0,0,0,0,0,61,62,kadagxwadāy,NOUN,nmod,0,2,1,1,1,0,0,0,0.0,False,False,MHD-MHDC-01_mptf.conllu,1,0,0
=š,PRON,nmod,0,0,0,1,1,18107,18258,=š,PRON,nmod,0,2,1,1,1,0,0,0,0.0,False,False,MHD-MHDC-01_mptf.conllu,1,0,0
šahr,NOUN,nmod,0,0,0,1,1,11,11,šahr,NOUN,nmod,0,2,1,1,1,0,0,0,0.0,False,False,MHD-MHDC-01_mptf.conllu,1,0,0
pus,NOUN,nmod,0,0,0,1,1,604,604,pus,NOUN,nmod,0,2,1,1,1,0,0,0,0.0,False,False,MHD-MHDC-01_mptf.conllu,1,0,0
pus,NOUN,nmod,0,0,0,1,1,604,604,pus,NOUN,nmod,0,2,1,1,1,0,0,0,0.0,False,False,MHD-MHDC-01_mptf.conllu,1,0,0
šahr,NOUN,nmod,0,0,0,1,1,11,11,šahr,NOUN,nmod,0,2,1,1,1,0,0,0,0.0,False,False,MHD-MHDC-01_mptf.conllu,1,0,0
xwāstag,NOUN,nmod,0,0,0,1,1,1099,1100,xwāstag,NOUN,nmod,0,2,1,1,1,0,0,0,0.0,True,True,MHD-MHDC-01_mptf.conllu,1,0,0
pid,NOUN,nmod,0,0,0,1,1,547,547,pid,NOUN,nmod,0,2,1,1,1,0,0,0,0.0,False,False,MHD-MHDC-01_mptf.conllu,1,0,0
pid,NOUN,nmod,0,0,0,1,1,547,547,pid,NOUN,nmod,0,2,1,1,1,0,0,0,0.0,False,False,MHD-MHDC-01_mptf.conllu,1,0,0
pid,NOUN,nmod,0,0,0,1,1,547,547,pid,NOUN,nmod,0,2,1,1,1,0,0,0,0.0,False,False,MHD-MHDC-01_mptf.conllu,1,0,0
šahr,NOUN,nmod,0,0,0,1,1,11,11,šahr,NOUN,nmod,0,2,1,1,1,0,0,0,0.0,False,False,MHD-MHDC-01_mptf.conllu,1,0,0
šahr,NOUN,nmod,0,0,0,1,1,11,11,šahr,NOUN,nmod,0,2,1,1,1,0,0,0,0.0,False,False,MHD-MHDC-01_mptf.conllu,1,0,0
dād,NOUN,nmod,0,0,0,1,1,217,232,dād,NOUN,nmod,0,2,1,1,1,0,0,0,0.0,True,True,MHD-MHDC-01_mptf.conllu,1,0,0
did,PRON,nmod,0,0,0,1,1,127,475,did,PRON,nmod,0,2,1,1,1,0,0,0,0.0,False,False,MHD-MHDC-01_mptf.conllu,1,0,0
=iš,PRON,nmod,0,0,0,1,1,18107,18258,=iš,PRON,nmod,0,2,1,1,1,0,0,0,0.0,False,False,MHD-MHDC-01_mptf.conllu,1,0,0
ādurzandān,PROPN,nmod,0,0,0,1,1,1,1,ādurzandān,PROPN,nmod,0,2,1,1,1,0,1,0,0.0,False,False,MHD-MHDC-01_mptf.conllu,1,0,0
dādfarrox,PROPN,nmod,0,0,0,1,1,1,1,dādfarrox,PROPN,nmod,0,2,1,1,1,0,1,0,0.0,False,False,MHD-MHDC-01_mptf.conllu,1,0,0
frazendān,NOUN,nmod,1,1,0,1,1,387,387,frazendān,NOUN,nmod,0,2,1,1,1,0,0,0,0.0,False,False,MHD-MHDC-01_mptf.conllu,1,0,0
zan,NOUN,nmod,0,0,0,1,1,890,890,zan,NOUN,nmod,0,2,1,1,1,0,0,0,0.0,False,False,MHD-MHDC-01_mptf.conllu,1,0,0
zan,NOUN,nmod,0,0,0,1,1,890,890,zan,NOUN,nmod,0,2,1,1,1,0,0,0,0.0,False,False,MHD-MHDC-01_mptf.conllu,1,0,0
frazendān,NOUN,nmod,1,1,0,1,1,387,387,frazendān,NOUN,nmod,0,2,1,1,1,0,0,0,0.0,False,False,MHD-MHDC-01_mptf.conllu,1,0,0
anšahrīgān,NOUN,nmod,1,1,0,1,1,92,92,anšahrīgān,NOUN,nmod,0,2,1,1,1,0,0,0,0.0,False,False,MHD-MHDC-01_mptf.conllu,1,0,0
ān,PRON,nmod,0,0,0,1,1,1928,16587,ān,PRON,nmod,0,2,1,1,1,0,0,0,0.0,False,False,MHD-MHDC-01_mptf.conllu,1,0,0
zanān,NOUN,nmod,1,1,0,1,1,890,890,zanān,NOUN,nmod,0,2,1,1,1,0,0,0,0.0,False,False,MHD-MHDC-01_mptf.conllu,1,0,0
=šān,PRON,nmod,1,1,0,1,1,4503,4718,=šān,PRON,nmod,0,2,1,1,1,0,0,0,0.0,False,False,MYF-K20-01_mptf.conllu,1,0,0
frašnwizārān,NOUN,nmod,1,1,0,1,1,5,5,frašnwizārān,NOUN,nmod,0,2,1,1,1,0,0,0,0.0,True,True,MYF-K20-01_mptf.conllu,1,0,0
ǰādūg,NOUN,appos,0,0,0,1,1,165,172,ǰādūg,NOUN,appos,0,2,1,1,1,0,0,0,0.0,False,False,MYF-K20-01_mptf.conllu,0,0,0
frašnwizārān,NOUN,nmod,1,1,0,1,1,5,5,frašnwizārān,NOUN,nmod,0,2,1,1,1,0,0,0,0.0,True,True,MYF-K20-01_mptf.conllu,1,0,0
ǰādūg,NOUN,appos,0,0,0,1,1,165,172,ǰādūg,NOUN,appos,0,2,1,1,1,0,0,0,0.0,False,False,MYF-K20-01_mptf.conllu,0,0,0
friyān,PROPN,nmod,0,0,0,1,1,65,65,friyān,PROPN,nmod,0,2,1,1,1,0,1,0,0.0,False,False,MYF-K20-01_mptf.conllu,1,0,0
man,PRON,nmod,0,0,0,1,1,2907,2910,man,PRON,nmod,0,2,1,1,1,0,0,0,0.0,False,False,MYF-K20-01_mptf.conllu,1,0,0
friyān,PROPN,nmod,0,0,0,1,1,65,65,friyān,PROPN,nmod,0,2,1,1,1,0,1,0,0.0,False,False,MYF-K20-01_mptf.conllu,1,0,0
axt,PROPN,nmod,0,0,0,1,1,40,40,axt,PROPN,nmod,0,2,1,1,1,0,1,0,0.0,False,False,MYF-K20-01_mptf.conllu,1,0,0
ǰādūg,NOUN,appos,0,0,0,1,1,165,172,ǰādūg,NOUN,appos,0,2,1,1,1,0,0,0,0.0,False,False,MYF-K20-01_mptf.conllu,0,0,0
ǰādūg,NOUN,nmod,0,0,0,1,1,165,172,ǰādūg,NOUN,nmod,0,2,1,1,1,0,0,0,0.0,False,False,MYF-K20-01_mptf.conllu,1,0,0
mardōmān,NOUN,nmod,1,1,0,1,1,2713,2716,mardōmān,NOUN,nmod,0,2,1,1,1,0,0,0,0.0,False,False,MYF-K20-01_mptf.conllu,1,0,0
wistarg,NOUN,nmod,0,0,0,1,1,15,26,wistarg,NOUN,nmod,0,2,1,1,1,0,0,0,0.0,False,False,MYF-K20-01_mptf.conllu,1,0,0
ǰādug,NOUN,nmod,0,0,0,1,1,165,172,ǰādug,NOUN,nmod,0,2,1,1,1,0,0,0,0.0,False,False,MYF-K20-01_mptf.conllu,1,0,0
mardōmān,NOUN,nmod,1,1,0,1,1,2713,2716,mardōmān,NOUN,nmod,0,2,1,1,1,0,0,0,0.0,False,False,MYF-K20-01_mptf.conllu,1,0,0
wistarg,NOUN,nmod,0,0,0,1,1,15,26,wistarg,NOUN,nmod,0,2,1,1,1,0,0,0,0.0,False,False,MYF-K20-01_mptf.conllu,1,0,0
mardōmān,NOUN,nmod,1,1,0,1,1,2713,2716,mardōmān,NOUN,nmod,0,2,1,1,1,0,0,0,0.0,False,False,MYF-K20-01_mptf.conllu,1,0,0
man,PRON,nmod,0,0,0,1,1,2907,2910,man,PRON,nmod,0,2,1,1,1,0,0,0,0.0,False,False,MYF-K20-01_mptf.conllu,1,0,0
ǰādug,NOUN,appos,0,0,0,1,1,165,172,ǰādug,NOUN,appos,0,2,1,1,1,0,0,0,0.0,False,False,MYF-K20-01_mptf.conllu,0,0,0
friyān,PROPN,nmod,0,0,0,1,1,65,65,friyān,PROPN,nmod,0,2,1,1,1,0,1,0,0.0,False,False,MYF-K20-01_mptf.conllu,1,0,0
bālišn,NOUN,nmod,0,0,0,1,1,43,44,bālišn,NOUN,nmod,0,2,1,1,1,0,0,0,0.0,False,False,MYF-K20-01_mptf.conllu,1,0,0
friyān,PROPN,nmod,0,0,0,1,1,65,65,friyān,PROPN,nmod,0,2,1,1,1,0,1,0,0.0,False,False,MYF-K20-01_mptf.conllu,1,0,0
sāstār,NOUN,appos,0,0,0,1,1,70,70,sāstār,NOUN,appos,0,2,1,1,1,0,0,0,0.0,True,True,MYF-K20-01_mptf.conllu,0,0,0
mardōmān,NOUN,nmod,1,1,0,1,1,2713,2716,mardōmān,NOUN,nmod,0,2,1,1,1,0,0,0,0.0,False,False,MYF-K20-01_mptf.conllu,1,0,0
man,PRON,nmod,0,0,0,1,1,2907,2910,man,PRON,nmod,0,2,1,1,1,0,0,0,0.0,False,False,MYF-K20-01_mptf.conllu,1,0,0
man,PRON,nmod,0,0,0,1,1,2907,2910,man,PRON,nmod,0,2,1,1,1,0,0,0,0.0,False,False,MYF-K20-01_mptf.conllu,1,0,0
ǰādūg,NOUN,appos,0,0,0,1,1,165,172,ǰādūg,NOUN,appos,0,2,1,1,1,0,0,0,0.0,False,False,MYF-K20-01_mptf.conllu,0,0,0
friyān,PROPN,nmod,0,0,0,1,1,65,65,friyān,PROPN,nmod,0,2,1,1,1,0,1,0,0.0,False,False,MYF-K20-01_mptf.conllu,1,0,0
ǰādūg,NOUN,appos,0,0,0,1,1,165,172,ǰādūg,NOUN,appos,0,2,1,1,1,0,0,0,0.0,False,False,MYF-K20-01_mptf.conllu,0,0,0
friyān,PROPN,nmod,0,0,0,1,1,65,65,friyān,PROPN,nmod,0,2,1,1,1,0,1,0,0.0,False,False,MYF-K20-01_mptf.conllu,1,0,0
gētīg,NOUN,nmod,0,0,1,1,1,1041,1135,gētīg,NOUN,nmod,0,2,1,1,1,0,0,0,0.0,False,False,MYF-K20-01_mptf.conllu,1,0,0
mēnōy,NOUN,nmod,0,0,0,0,0,1405,1550,mēnōy,NOUN,nmod,0,2,1,1,1,0,0,0,0.0,False,False,MYF-K20-01_mptf.conllu,1,0,0
friyān,PROPN,nmod,0,0,0,1,1,65,65,friyān,PROPN,nmod,0,2,1,1,1,0,1,0,0.0,False,False,MYF-K20-01_mptf.conllu,1,0,0
sāstār,NOUN,appos,0,0,0,1,1,70,70,sāstār,NOUN,appos,0,2,1,1,1,0,0,0,0.0,True,True,MYF-K20-01_mptf.conllu,0,0,0
gētīg,NOUN,nmod,0,0,1,1,1,1041,1135,gētīg,NOUN,nmod,0,2,1,1,1,0,0,0,0.0,False,False,MYF-K20-01_mptf.conllu,1,0,0
mēnōy,NOUN,nmod,0,0,0,0,0,1405,1550,mēnōy,NOUN,nmod,0,2,1,1,1,0,0,0,0.0,False,False,MYF-K20-01_mptf.conllu,1,0,0
=š,PRON,nmod,0,0,0,1,1,18107,18258,=š,PRON,nmod,0,2,1,1,1,0,0,0,0.0,False,False,MYF-K20-01_mptf.conllu,1,0,0
=š,PRON,nmod,0,0,0,1,1,18107,18258,=š,PRON,nmod,0,2,1,1,1,0,0,0,0.0,False,False,MYF-K20-01_mptf.conllu,1,0,0
mēnōy,NOUN,nmod,0,0,0,0,0,1405,1550,mēnōy,NOUN,nmod,0,2,1,1,1,0,0,0,0.0,False,False,MYF-K20-01_mptf.conllu,1,0,0
murwag,NOUN,appos,0,0,0,1,1,1,4,murwag,NOUN,appos,0,2,1,1,1,0,0,0,0.0,False,False,MYF-K20-01_mptf.conllu,0,0,0
srōšahlaw,PROPN,nmod,0,0,0,0,0,7,7,srōšahlaw,PROPN,nmod,0,2,1,1,1,0,1,0,0.0,False,False,MYF-K20-01_mptf.conllu,1,0,0
ohrmazd,PROPN,nmod,0,0,0,1,1,3237,3242,ohrmazd,PROPN,nmod,0,2,1,1,1,0,1,0,0.0,False,False,MYF-K20-01_mptf.conllu,1,0,0
zanān,NOUN,nmod,1,1,0,1,1,890,890,zanān,NOUN,nmod,0,2,1,1,1,0,0,0,0.0,False,False,MYF-K20-01_mptf.conllu,1,0,0
yazadān,NOUN,nmod,1,1,0,1,1,1403,1407,yazadān,NOUN,nmod,0,2,1,1,1,0,0,0,0.0,False,False,MYF-K20-01_mptf.conllu,1,0,0
wehān,NOUN,amod,1,1,0,1,1,339,1864,wehān,NOUN,amod,0,2,1,1,1,0,0,0,0.0,False,False,MYF-K20-01_mptf.conllu,0,1,0
dahībedān,NOUN,nmod,1,1,0,1,1,244,244,dahībedān,NOUN,nmod,0,2,1,1,1,0,0,0,0.0,False,False,MYF-K20-01_mptf.conllu,1,0,0
dar,NOUN,nmod,0,0,0,1,1,332,337,dar,NOUN,nmod,0,2,1,1,1,0,0,0,0.0,False,False,MYF-K20-01_mptf.conllu,1,0,0
wēn,NOUN,nmod,0,0,0,1,1,12,12,wēn,NOUN,nmod,0,2,1,1,1,0,0,0,0.0,False,False,MYF-K20-01_mptf.conllu,1,0,0
tan,NOUN,nmod,0,0,0,1,1,2253,2253,tan,NOUN,nmod,0,2,1,1,1,0,0,0,0.0,False,False,MYF-K20-01_mptf.conllu,1,0,0
mardōm,NOUN,nmod,0,0,0,1,1,2713,2716,mardōm,NOUN,nmod,0,2,1,1,1,0,0,0,0.0,False,False,MYF-K20-01_mptf.conllu,1,0,0
dast,NOUN,nmod,0,0,0,1,1,477,481,dast,NOUN,nmod,0,2,1,1,1,0,0,0,0.0,False,False,MYF-K20-01_mptf.conllu,1,0,0
mardōm,NOUN,nmod,0,0,0,1,1,2713,2716,mardōm,NOUN,nmod,0,2,1,1,1,0,0,0,0.0,False,False,MYF-K20-01_mptf.conllu,1,0,0
mard,NOUN,nmod,0,0,0,1,1,2067,2069,mard,NOUN,nmod,0,2,1,1,1,0,0,0,0.0,False,False,MYF-K20-01_mptf.conllu,1,0,0
=š,PRON,nmod,0,0,0,1,1,18107,18258,=š,PRON,nmod,0,2,1,1,1,0,0,0,0.0,False,False,MYF-K20-01_mptf.conllu,1,0,0
axt,PROPN,appos,0,0,0,1,1,40,40,axt,PROPN,appos,0,2,1,1,1,0,1,0,0.0,False,False,MYF-K20-01_mptf.conllu,0,0,0
ǰādūg,NOUN,appos,0,0,0,1,1,165,172,ǰādūg,NOUN,appos,0,2,1,1,1,0,0,0,0.0,False,False,MYF-K20-01_mptf.conllu,0,0,0
ǰādug,NOUN,appos,0,0,0,1,1,165,172,ǰādug,NOUN,appos,0,2,1,1,1,0,0,0,0.0,False,False,MYF-K20-01_mptf.conllu,0,0,0
xwēš,PRON,nmod,0,0,0,1,1,2327,2375,xwēš,PRON,nmod,0,2,1,1,1,0,0,0,0.0,False,False,MYF-K20-01_mptf.conllu,1,0,0
friyān,PROPN,nmod,0,0,0,1,1,65,65,friyān,PROPN,nmod,0,2,1,1,1,0,1,0,0.0,False,False,MYF-K20-01_mptf.conllu,1,0,0
mard,NOUN,nmod,0,0,0,1,1,2067,2069,mard,NOUN,nmod,0,2,1,1,1,0,0,0,0.0,False,False,MYF-K20-01_mptf.conllu,1,0,0
tō,PRON,nmod,0,0,0,0,0,1925,1925,tō,PRON,nmod,0,2,1,1,1,0,0,0,0.0,False,False,MYF-K20-01_mptf.conllu,1,0,0
axt,PROPN,appos,0,0,0,1,1,40,40,axt,PROPN,appos,0,2,1,1,1,0,1,0,0.0,False,False,MYF-K20-01_mptf.conllu,0,0,0
ǰādūg,NOUN,appos,0,0,0,1,1,165,172,ǰādūg,NOUN,appos,0,2,1,1,1,0,0,0,0.0,False,False,MYF-K20-01_mptf.conllu,0,0,0
brād,NOUN,nmod,0,0,0,1,1,192,192,brād,NOUN,nmod,0,2,1,1,1,0,0,0,0.0,False,False,MYF-K20-01_mptf.conllu,1,0,0
mēš,NOUN,nmod,0,0,0,1,1,68,70,mēš,NOUN,nmod,0,2,1,1,1,0,0,0,0.0,False,False,MYF-K20-01_mptf.conllu,1,0,0
mardōmān,NOUN,nmod,1,1,0,1,1,2713,2716,mardōmān,NOUN,nmod,0,2,1,1,1,0,0,0,0.0,False,False,MYF-K20-01_mptf.conllu,1,0,0
mēš,NOUN,nmod,0,0,0,1,1,68,70,mēš,NOUN,nmod,0,2,1,1,1,0,0,0,0.0,False,False,MYF-K20-01_mptf.conllu,1,0,0
spandarmad,PROPN,nmod,0,0,0,1,1,189,189,spandarmad,PROPN,nmod,0,2,1,1,1,0,1,0,0.0,False,False,MYF-K20-01_mptf.conllu,1,0,0
yazad,NOUN,flat,0,0,0,1,1,1403,1407,yazad,NOUN,flat,0,2,1,1,1,0,0,0,0.0,False,False,MYF-K20-01_mptf.conllu,0,0,0
āb,NOUN,nmod,0,0,0,1,1,2066,2067,āb,NOUN,nmod,0,2,1,1,1,0,0,0,0.0,False,False,MYF-K20-01_mptf.conllu,1,0,0
ǰādug,NOUN,appos,0,0,0,1,1,165,172,ǰādug,NOUN,appos,0,2,1,1,1,0,0,0,0.0,False,False,MYF-K20-01_mptf.conllu,0,0,0
hufrīy,PROPN,nmod,0,0,0,0,0,7,7,hufrīy,PROPN,nmod,0,2,1,1,1,0,1,0,0.0,False,False,MYF-K20-01_mptf.conllu,1,0,0
tō,PRON,nmod,0,0,0,0,0,1925,1925,tō,PRON,nmod,0,2,1,1,1,0,0,0,0.0,False,False,MYF-K20-01_mptf.conllu,1,0,0
xwah,NOUN,appos,0,0,0,1,1,75,75,xwah,NOUN,appos,0,2,1,1,1,0,0,0,0.0,False,False,MYF-K20-01_mptf.conllu,0,0,0
man,PRON,nmod,0,0,0,1,1,2907,2910,man,PRON,nmod,0,2,1,1,1,0,0,0,0.0,False,False,MYF-K20-01_mptf.conllu,1,0,0
ōy,PRON,nmod,0,0,0,0,0,18107,18258,ōy,PRON,nmod,0,2,1,1,1,0,0,0,0.0,False,False,MYF-K20-01_mptf.conllu,1,0,0
friyan,PROPN,nmod,0,0,0,1,1,65,65,friyan,PROPN,nmod,0,2,1,1,1,0,1,0,0.0,False,False,MYF-K20-01_mptf.conllu,1,0,0
ǰādūg,NOUN,appos,0,0,0,1,1,165,172,ǰādūg,NOUN,appos,0,2,1,1,1,0,0,0,0.0,False,False,MYF-K20-01_mptf.conllu,0,0,0
friyān,PROPN,nmod,0,0,0,1,1,65,65,friyān,PROPN,nmod,0,2,1,1,1,0,1,0,0.0,False,False,MYF-K20-01_mptf.conllu,1,0,0
hufrīy,PROPN,nmod,0,0,0,0,0,7,7,hufrīy,PROPN,nmod,0,2,1,1,1,0,1,0,0.0,False,False,MYF-K20-01_mptf.conllu,1,0,0
=im,PRON,nmod,0,0,0,1,1,2907,2910,=im,PRON,nmod,0,2,1,1,1,0,0,0,0.0,False,False,MYF-K20-01_mptf.conllu,1,0,0
rāstīh,NOUN,nmod,0,0,0,1,1,199,199,rāstīh,NOUN,nmod,0,2,1,1,1,0,0,0,0.0,False,False,MYF-K20-01_mptf.conllu,1,0,0
zanān,NOUN,nmod,1,1,0,1,1,890,890,zanān,NOUN,nmod,0,2,1,1,1,0,0,0,0.0,False,False,MYF-K20-01_mptf.conllu,1,0,0
rāmišn,NOUN,nmod,0,0,0,1,1,359,366,rāmišn,NOUN,nmod,0,2,1,1,1,0,0,0,0.0,False,False,MYF-K20-01_mptf.conllu,1,0,0
gōnag,NOUN,amod,0,0,0,1,1,85,90,gōnag,NOUN,amod,0,2,1,1,1,0,0,0,0.0,False,False,MYF-K20-01_mptf.conllu,0,1,0
ān,PRON,nmod,0,0,0,1,1,1928,16587,ān,PRON,nmod,0,2,1,1,1,0,0,0,0.0,False,False,MYF-K20-01_mptf.conllu,1,0,0
ǰādūg,NOUN,appos,0,0,0,1,1,165,172,ǰādūg,NOUN,appos,0,2,1,1,1,0,0,0,0.0,False,False,MYF-K20-01_mptf.conllu,0,0,0
hufrīy,PROPN,nmod,0,0,0,0,0,7,7,hufrīy,PROPN,nmod,0,2,1,1,1,0,1,0,0.0,False,False,MYF-K20-01_mptf.conllu,1,0,0
axt,PROPN,appos,0,0,0,1,1,40,40,axt,PROPN,appos,0,2,1,1,1,0,1,0,0.0,False,False,MYF-K20-01_mptf.conllu,0,0,0
ǰādūg,NOUN,appos,0,0,0,1,1,165,172,ǰādūg,NOUN,appos,0,2,1,1,1,0,0,0,0.0,False,False,MYF-K20-01_mptf.conllu,0,0,0
ǰādūg,NOUN,appos,0,0,0,1,1,165,172,ǰādūg,NOUN,appos,0,2,1,1,1,0,0,0,0.0,False,False,MYF-K20-01_mptf.conllu,0,0,0
friyān,PROPN,nmod,0,0,0,1,1,65,65,friyān,PROPN,nmod,0,2,1,1,1,0,1,0,0.0,False,False,MYF-K20-01_mptf.conllu,1,0,0
sāstār,NOUN,appos,0,0,0,1,1,70,70,sāstār,NOUN,appos,0,2,1,1,1,0,0,0,0.0,True,True,MYF-K20-01_mptf.conllu,0,0,0
xwadāy,NOUN,flat,0,0,0,0,0,494,499,xwadāy,NOUN,flat,0,2,1,1,1,0,0,0,0.0,False,False,MYF-K20-01_mptf.conllu,0,0,0
friyān,PROPN,nmod,0,0,0,1,1,65,65,friyān,PROPN,nmod,0,2,1,1,1,0,1,0,0.0,False,False,MYF-K20-01_mptf.conllu,1,0,0
gāw,NOUN,nmod,0,0,0,0,0,459,459,gāw,NOUN,nmod,0,2,1,1,1,0,0,0,0.0,False,False,MYF-K20-01_mptf.conllu,1,0,0
mard,NOUN,nmod,0,0,0,1,1,2067,2069,mard,NOUN,nmod,0,2,1,1,1,0,0,0,0.0,False,False,MYF-K20-01_mptf.conllu,1,0,0
warz,NOUN,nmod,0,0,0,1,1,20,20,warz,NOUN,nmod,0,2,1,1,1,0,0,0,0.0,False,False,MYF-K20-01_mptf.conllu,1,0,0
friyān,PROPN,nmod,0,0,0,1,1,65,65,friyān,PROPN,nmod,0,2,1,1,1,0,1,0,0.0,False,False,MYF-K20-01_mptf.conllu,1,0,0
=šān,PRON,nmod,1,1,0,1,1,4503,4718,=šān,PRON,nmod,0,2,1,1,1,0,0,0,0.0,False,False,MYF-K20-01_mptf.conllu,1,0,0
sāstār,NOUN,appos,0,0,0,1,1,70,70,sāstār,NOUN,appos,0,2,1,1,1,0,0,0,0.0,True,True,MYF-K20-01_mptf.conllu,0,0,0
yōšt,PROPN,nmod,0,0,0,1,1,58,58,yōšt,PROPN,nmod,0,2,1,1,1,0,1,0,0.0,False,False,MYF-K20-01_mptf.conllu,1,0,0
friyān,PROPN,nmod,0,0,0,1,1,65,65,friyān,PROPN,nmod,0,2,1,1,1,0,1,0,0.0,False,False,MYF-K20-01_mptf.conllu,1,0,0
xwadāy,NOUN,flat,0,0,0,0,0,494,499,xwadāy,NOUN,flat,0,2,1,1,1,0,0,0,0.0,False,False,MYF-K20-01_mptf.conllu,0,0,0
gāw,NOUN,nmod,0,0,0,0,0,459,459,gāw,NOUN,nmod,0,2,1,1,1,0,0,0,0.0,False,False,MYF-K20-01_mptf.conllu,1,0,0
mard,NOUN,nmod,0,0,0,1,1,2067,2069,mard,NOUN,nmod,0,2,1,1,1,0,0,0,0.0,False,False,MYF-K20-01_mptf.conllu,1,0,0
friyān,PROPN,nmod,0,0,0,1,1,65,65,friyān,PROPN,nmod,0,2,1,1,1,0,1,0,0.0,False,False,MYF-K20-01_mptf.conllu,1,0,0
axt,PROPN,nmod,0,0,0,1,1,40,40,axt,PROPN,nmod,0,2,1,1,1,0,1,0,0.0,False,False,MYF-K20-01_mptf.conllu,1,0,0
ǰādūg,NOUN,appos,0,0,0,1,1,165,172,ǰādūg,NOUN,appos,0,2,1,1,1,0,0,0,0.0,False,False,MYF-K20-01_mptf.conllu,0,0,0
sāstār,NOUN,appos,0,0,0,1,1,70,70,sāstār,NOUN,appos,0,2,1,1,1,0,0,0,0.0,True,True,MYF-K20-01_mptf.conllu,0,0,0
frašn,NOUN,nmod,0,0,0,1,1,147,147,frašn,NOUN,nmod,0,2,1,1,1,0,0,0,0.0,False,False,MYF-K20-01_mptf.conllu,1,0,0
gāw,NOUN,nmod,0,0,0,0,0,459,459,gāw,NOUN,nmod,0,2,1,1,1,0,0,0,0.0,False,False,MYF-K20-01_mptf.conllu,1,0,0
mard,NOUN,nmod,0,0,0,1,1,2067,2069,mard,NOUN,nmod,0,2,1,1,1,0,0,0,0.0,False,False,MYF-K20-01_mptf.conllu,1,0,0
warz,NOUN,nmod,0,0,0,1,1,20,20,warz,NOUN,nmod,0,2,1,1,1,0,0,0,0.0,False,False,MYF-K20-01_mptf.conllu,1,0,0
ǰādūg,NOUN,appos,0,0,0,1,1,165,172,ǰādūg,NOUN,appos,0,2,1,1,1,0,0,0,0.0,False,False,MYF-K20-01_mptf.conllu,0,0,0
gušn,NOUN,amod,0,0,0,1,1,64,87,gušn,NOUN,amod,0,2,1,1,1,0,0,0,0.0,False,False,MYF-K20-01_mptf.conllu,0,1,0
gušt,NOUN,nmod,0,0,0,1,1,1,1,gušt,NOUN,nmod,0,2,1,1,1,0,0,0,0.0,False,False,MYF-K20-01_mptf.conllu,1,0,0
gōhr,NOUN,nmod,0,0,0,1,1,153,153,gōhr,NOUN,nmod,0,2,1,1,1,0,0,0,0.0,False,False,MYF-K20-01_mptf.conllu,1,0,0
aspān,NOUN,nmod,1,1,0,1,1,224,224,aspān,NOUN,nmod,0,2,1,1,1,0,0,0,0.0,False,False,MYF-K20-01_mptf.conllu,1,0,0
friyān,PROPN,nmod,0,0,0,1,1,65,65,friyān,PROPN,nmod,0,2,1,1,1,0,1,0,0.0,False,False,MYF-K20-01_mptf.conllu,1,0,0
ǰādūg,NOUN,appos,0,0,0,1,1,165,172,ǰādūg,NOUN,appos,0,2,1,1,1,0,0,0,0.0,False,False,MYF-K20-01_mptf.conllu,0,0,0
friyān,PROPN,nmod,0,0,0,1,1,65,65,friyān,PROPN,nmod,0,2,1,1,1,0,1,0,0.0,False,False,MYF-K20-01_mptf.conllu,1,0,0
zamīg,NOUN,nmod,0,0,1,1,1,1266,1276,zamīg,NOUN,nmod,0,2,1,1,1,0,0,0,0.0,False,False,MYF-K20-01_mptf.conllu,1,0,0
dast,NOUN,nmod,0,0,0,1,1,477,481,dast,NOUN,nmod,0,2,1,1,1,0,0,0,0.0,False,False,MYF-K20-01_mptf.conllu,1,0,0
tōhm,NOUN,nmod,0,0,0,1,1,162,162,tōhm,NOUN,nmod,0,2,1,1,1,0,0,0,0.0,False,False,MYF-K20-01_mptf.conllu,1,0,0
gāw,NOUN,nmod,0,0,0,0,0,459,459,gāw,NOUN,nmod,0,2,1,1,1,0,0,0,0.0,False,False,MYF-K20-01_mptf.conllu,1,0,0
xwēdōdah,NOUN,nmod,0,0,0,1,1,64,64,xwēdōdah,NOUN,nmod,0,2,1,1,1,0,0,0,0.0,False,False,MYF-K20-01_mptf.conllu,1,0,0
kār,NOUN,nmod,0,0,0,1,1,1414,1416,kār,NOUN,nmod,0,2,1,1,1,0,0,0,0.0,True,True,MYF-K20-01_mptf.conllu,1,0,0
friyān,PROPN,nmod,0,0,0,1,1,65,65,friyān,PROPN,nmod,0,2,1,1,1,0,1,0,0.0,False,False,MYF-K20-01_mptf.conllu,1,0,0
ǰādūg,NOUN,appos,0,0,0,1,1,165,172,ǰādūg,NOUN,appos,0,2,1,1,1,0,0,0,0.0,False,False,MYF-K20-01_mptf.conllu,0,0,0
zamīg,NOUN,nmod,0,0,1,1,1,1266,1276,zamīg,NOUN,nmod,0,2,1,1,1,0,0,0,0.0,False,False,MYF-K20-01_mptf.conllu,1,0,0
dast,NOUN,nmod,0,0,0,1,1,477,481,dast,NOUN,nmod,0,2,1,1,1,0,0,0,0.0,False,False,MYF-K20-01_mptf.conllu,1,0,0
tōhm,NOUN,nmod,0,0,0,1,1,162,162,tōhm,NOUN,nmod,0,2,1,1,1,0,0,0,0.0,False,False,MYF-K20-01_mptf.conllu,1,0,0
gāw,NOUN,nmod,0,0,0,0,0,459,459,gāw,NOUN,nmod,0,2,1,1,1,0,0,0,0.0,False,False,MYF-K20-01_mptf.conllu,1,0,0
xwēdōdah,NOUN,nmod,0,0,0,1,1,64,64,xwēdōdah,NOUN,nmod,0,2,1,1,1,0,0,0,0.0,False,False,MYF-K20-01_mptf.conllu,1,0,0
kār,NOUN,nmod,0,0,0,1,1,1414,1416,kār,NOUN,nmod,0,2,1,1,1,0,0,0,0.0,True,True,MYF-K20-01_mptf.conllu,1,0,0
ǰādūg,NOUN,appos,0,0,0,1,1,165,172,ǰādūg,NOUN,appos,0,2,1,1,1,0,0,0,0.0,False,False,MYF-K20-01_mptf.conllu,0,0,0
man,PRON,nmod,0,0,0,1,1,2907,2910,man,PRON,nmod,0,2,1,1,1,0,0,0,0.0,False,False,MYF-K20-01_mptf.conllu,1,0,0
xwad,PRON,nmod,0,0,0,1,1,737,770,xwad,PRON,nmod,0,2,1,1,1,0,0,0,0.0,False,False,MYF-K20-01_mptf.conllu,1,0,0
ohrmazd,PROPN,nmod,0,0,0,1,1,3237,3242,ohrmazd,PROPN,nmod,0,2,1,1,1,0,1,0,0.0,False,False,MYF-K20-01_mptf.conllu,1,0,0
tō,PRON,nmod,0,0,0,0,0,1925,1925,tō,PRON,nmod,0,2,1,1,1,0,0,0,0.0,False,False,MYF-K20-01_mptf.conllu,1,0,0
tō,PRON,nmod,0,0,0,0,0,1925,1925,tō,PRON,nmod,0,2,1,1,1,0,0,0,0.0,False,False,MYF-K20-01_mptf.conllu,1,0,0
nām,NOUN,root,0,0,0,1,1,528,1006,dādār,NOUN,nmod,2,1,3,7,2,0,0,1,0.0,False,True,NM-K35-01_mptf.conllu,1,0,0
dādār,NOUN,nmod,0,0,0,1,1,998,3242,ohrmazd,PROPN,flat,0,1,1,2,0,0,1,0,0.0,True,False,NM-K35-01_mptf.conllu,0,0,0
yazadān,NOUN,conj,1,0,0,1,1,1403,1550,mēnōyān,NOUN,nmod,0,1,2,2,1,0,0,1,0.0,False,False,NM-K35-01_mptf.conllu,1,0,0
yazadān,NOUN,conj,1,0,0,1,1,1403,1135,gētīyān,NOUN,nmod,0,1,1,1,0,0,0,0,0.0,False,False,NM-K35-01_mptf.conllu,1,0,0
paččēn,NOUN,root,0,0,0,1,1,46,79,nāmag,NOUN,nmod,0,1,8,2,2,0,0,0,0.0,False,False,NM-K35-01_mptf.conllu,1,0,0
nāmag,NOUN,nmod,0,0,0,1,1,79,176,hērbed,NOUN,nmod,0,1,7,2,2,0,0,1,0.0,False,False,NM-K35-01_mptf.conllu,1,0,0
hērbed,NOUN,nmod,0,0,0,1,1,174,109,manuščihr,PROPN,flat,0,1,3,2,1,0,1,0,0.0,False,False,NM-K35-01_mptf.conllu,0,0,0
manuščihr,PROPN,flat,0,0,0,1,1,109,20,ǰuwānǰamān,PROPN,nmod,0,1,2,1,1,0,1,1,0.0,False,False,NM-K35-01_mptf.conllu,1,0,0
wehān,NOUN,obl,1,0,0,1,1,339,14,sīrgān,PROPN,nmod,0,1,2,2,1,0,1,1,0.5,False,False,NM-K35-01_mptf.conllu,1,0,0
hērbed,NOUN,nsubj,0,0,0,1,1,174,19,zādspram,PROPN,flat,0,1,3,1,1,0,1,0,1.0,False,False,NM-K35-01_mptf.conllu,0,0,0
zādspram,PROPN,flat,0,0,0,1,1,19,20,ǰuwānǰamān,PROPN,nmod,0,1,2,1,1,0,1,1,0.0,False,False,NM-K35-01_mptf.conllu,1,0,0
nām,NOUN,root,0,1,0,1,1,528,1407,yazadān,NOUN,nmod,0,1,6,2,2,0,0,1,0.0,False,False,NM-K35-01_mptf.conllu,1,0,0
abrang,NOUN,conj,0,0,0,1,1,6,2,brāzišnīg,ADJ,amod,0,2,1,1,0,0,0,0,0.0,False,False,NM-K35-01_mptf.conllu,0,1,0
farroxīh,NOUN,nmod,0,0,0,1,1,18,18,parwast,ADJ,amod,0,1,1,1,0,0,0,0,0.0,False,True,NM-K35-01_mptf.conllu,0,1,0
ābādīh,NOUN,obl,0,0,0,1,1,307,18,farroxīh,NOUN,nmod,2,2,2,3,1,0,0,0,0.6666666666666666,False,False,NM-K35-01_mptf.conllu,1,1,0
ābādīh,NOUN,obl,0,0,0,1,1,307,214,abzōnīg,ADJ,amod,0,2,2,3,0,0,0,0,0.6666666666666666,False,False,NM-K35-01_mptf.conllu,1,1,0
nēkīh,NOUN,obl,0,0,0,1,1,529,6,dōaxwānīg,ADJ,amod,1,2,2,4,3,0,0,0,1.0,False,False,NM-K35-01_mptf.conllu,0,2,0
nēkīh,NOUN,obl,0,0,0,1,1,529,6263,abardar,ADV,amod,0,2,2,4,0,0,0,0,1.0,False,False,NM-K35-01_mptf.conllu,0,2,0
bahr,NOUN,conj,0,0,0,1,1,410,29,spurr,ADJ,amod,0,2,1,1,0,0,0,0,0.0,False,False,NM-K35-01_mptf.conllu,0,1,0
burzišn,NOUN,conj,0,0,0,1,1,29,460,meh,ADJ,amod,0,2,1,2,0,0,0,0,0.0,True,False,NM-K35-01_mptf.conllu,0,1,0
āgāhīh,NOUN,obl,0,0,0,1,1,221,2,zarīgēnāg,ADJ,amod,0,2,3,5,0,0,0,0,0.25,False,False,NM-K35-01_mptf.conllu,0,1,0
mādagīh,NOUN,conj,0,0,0,1,1,18,230,wuzurg,ADJ,amod,0,2,2,2,0,0,0,0,0.0,False,False,NM-K35-01_mptf.conllu,0,1,0
arzīh,NOUN,conj,0,0,0,1,1,3,460,meh,ADJ,amod,0,2,1,1,0,0,0,0,0.0,False,False,NM-K35-01_mptf.conllu,0,1,0
nāzišn,NOUN,obl,0,0,0,1,1,2,56,čihrīg,ADJ,amod,1,2,2,3,0,0,0,0,0.5,True,False,NM-K35-01_mptf.conllu,0,1,0
āgāhīh,NOUN,nmod,0,0,0,1,1,221,1,drōdīg,ADJ,amod,0,2,1,2,0,0,0,0,0.0,False,False,NM-K35-01_mptf.conllu,1,1,0
āgāhīh,NOUN,nmod,0,0,0,1,1,221,221,āgāhīh,NOUN,nmod,0,2,1,2,2,0,0,0,0.0,False,False,NM-K35-01_mptf.conllu,1,1,0
drōdōmandīh,NOUN,obl,0,1,0,1,1,6,787,=tān,PRON,nmod,1,2,2,4,0,0,0,0,0.875,False,False,NM-K35-01_mptf.conllu,1,0,0
winnārdagīh,NOUN,conj,0,0,0,1,1,3,390,xūb,ADJ,amod,0,2,1,1,0,0,0,0,0.0,False,False,NM-K35-01_mptf.conllu,0,1,0
rāmišn,NOUN,obj,0,0,0,1,1,359,81,nāmčištīg,ADJ,amod,0,2,1,1,0,0,0,0,1.0,False,False,NM-K35-01_mptf.conllu,0,1,0
razmīg,NOUN,obl,0,0,1,1,1,4,1505,tis,NOUN,nmod,3,1,3,3,3,0,0,1,0.125,False,False,NM-K35-01_mptf.conllu,1,0,0
razmīg,NOUN,obl,0,1,1,1,1,4,222,xīrān,NOUN,appos,5,1,3,3,1,0,0,0,0.125,False,False,NM-K35-01_mptf.conllu,1,0,0
axwān,NOUN,nmod,0,0,0,1,1,320,14,gumēzišnīg,ADJ,amod,0,2,1,2,0,1,0,0,0.0,False,False,NM-K35-01_mptf.conllu,0,1,0
tis,NOUN,nmod,0,0,0,1,1,1502,320,axwān,NOUN,nmod,0,2,2,3,2,0,0,0,0.0,False,False,NM-K35-01_mptf.conllu,1,0,0
xīrān,NOUN,appos,1,0,0,1,0,221,1135,gētī,NOUN,nmod,0,1,2,1,1,0,0,1,0.0,False,False,NM-K35-01_mptf.conllu,1,0,0
ayārīh,NOUN,obl,0,0,0,1,1,285,654,xrad,NOUN,nmod,0,2,1,2,0,0,0,0,0.25,False,False,NM-K35-01_mptf.conllu,1,0,0
rāmišn,NOUN,obj,0,0,0,1,1,359,249,frārōn,ADJ,amod,0,2,2,3,0,0,0,0,0.375,False,False,NM-K35-01_mptf.conllu,0,1,0
sūd,NOUN,conj,0,0,0,1,1,327,15,dādīh,NOUN,nmod,0,2,1,1,0,0,0,0,0.0,False,False,NM-K35-01_mptf.conllu,1,0,0
kirbag,NOUN,conj,0,0,0,1,1,1055,11,asazišnīg,ADJ,amod,0,2,1,1,0,0,0,0,0.0,False,False,NM-K35-01_mptf.conllu,0,1,0
čihr,NOUN,obl,0,1,0,1,1,173,301,dānāgān,NOUN,nmod,0,1,2,3,2,0,0,1,0.625,False,False,NM-K35-01_mptf.conllu,1,0,0
rāyēnišn,NOUN,obl,0,1,0,1,1,145,222,xīrān,NOUN,nmod,1,1,3,2,3,0,0,1,0.75,True,False,NM-K35-01_mptf.conllu,1,0,0
xīrān,NOUN,nmod,1,0,0,1,1,221,33,gumēzag,NOUN,nmod,0,2,2,3,0,0,0,0,0.0,False,False,NM-K35-01_mptf.conllu,1,1,0
xīrān,NOUN,nmod,1,0,0,1,1,221,3,āhōgēnīdag,ADJ,amod,0,1,2,3,1,0,0,1,0.0,False,True,NM-K35-01_mptf.conllu,1,1,0
nērōg,NOUN,obl,0,0,0,1,1,339,654,xrad,NOUN,nmod,0,1,2,2,1,0,0,1,0.875,False,False,NM-K35-01_mptf.conllu,1,0,0
xīr,NOUN,conj,0,0,0,1,1,221,14,sag,NOUN,nmod,0,2,2,1,1,0,0,0,0.0,False,False,NM-K35-01_mptf.conllu,1,0,0
zarr,NOUN,conj,0,0,0,1,1,50,2,wispgen,ADJ,amod,0,2,1,1,0,0,0,0,0.0,False,False,NM-K35-01_mptf.conllu,0,1,0
āgāhīh,NOUN,obl,0,0,0,1,1,221,28,drōd,NOUN,nmod,0,2,1,4,0,0,0,0,1.0,False,False,NM-K35-01_mptf.conllu,1,0,0
madan,NOUN,obl,0,0,0,1,1,68,221,āgāhīh,NOUN,nmod,4,1,2,4,1,0,0,1,0.25,True,False,NM-K35-01_mptf.conllu,1,0,0
dēnmenīdārīh,NOUN,obj,0,0,0,1,1,2,230,wuzurg,ADJ,amod,0,2,1,1,0,0,0,0,0.75,False,False,NM-K35-01_mptf.conllu,0,1,0
wāspuhragānīh,NOUN,conj,0,1,0,1,1,3,1407,yazadān,NOUN,nmod,0,2,1,2,0,0,0,0,0.0,False,False,NM-K35-01_mptf.conllu,1,0,0
abzōn,NOUN,obl,0,0,0,1,1,107,2,wispfarroxīh,NOUN,nmod,1,1,3,2,1,0,0,0,1.0,False,False,NM-K35-01_mptf.conllu,1,0,0
wispfarroxīh,NOUN,nmod,0,1,0,1,1,2,787,=tān,PRON,nmod,0,2,2,1,1,0,0,1,0.0,False,False,NM-K35-01_mptf.conllu,1,0,0
sūd,NOUN,obj,0,0,0,1,1,327,2158,dēn,NOUN,nmod,0,2,2,2,1,0,0,0,0.3333333333333333,False,False,NM-K35-01_mptf.conllu,1,0,0
urwāhm,NOUN,conj,0,0,0,1,1,9,1226,ruwān,NOUN,nmod,0,2,1,4,0,0,0,0,0.0,False,False,NM-K35-01_mptf.conllu,1,0,0
kām,NOUN,obl,0,1,0,1,1,335,1407,yazadān,NOUN,nmod,0,2,1,2,0,0,0,0,1.0,False,False,NM-K35-01_mptf.conllu,1,0,0
zarīg,NOUN,nmod,0,0,1,1,1,12,2,dušoxtār,NOUN,nmod,0,2,1,1,0,0,0,0,0.0,False,True,NM-K35-01_mptf.conllu,1,0,0
wēnišn,NOUN,obj,0,0,0,1,1,100,12,zarīg,NOUN,nmod,0,2,2,4,1,0,0,0,0.5,True,False,NM-K35-01_mptf.conllu,1,0,0
tarāzūg,NOUN,nmod,0,0,0,1,1,68,2,rašnōmand,ADJ,amod,0,2,1,2,0,0,0,0,0.0,False,False,NM-K35-01_mptf.conllu,1,1,0
tarāzūg,NOUN,nmod,0,0,0,1,1,68,6,adrōzišn,NOUN,nmod,0,1,1,2,0,0,0,0,0.0,False,True,NM-K35-01_mptf.conllu,1,1,0
passāxt,NOUN,obl,0,0,0,1,1,39,68,tarāzūg,NOUN,nmod,1,2,2,2,2,0,0,0,0.3,False,False,NM-K35-01_mptf.conllu,1,0,0
zūrspāhīh,NOUN,obl,0,0,0,1,1,2,770,xwad,PRON,amod,0,1,3,3,1,0,0,1,0.4,False,False,NM-K35-01_mptf.conllu,0,1,0
nērōgīh,NOUN,conj,0,0,0,1,1,3,465,rāst,ADJ,amod,0,2,2,3,0,0,0,0,0.0,False,False,NM-K35-01_mptf.conllu,1,1,0
nērōgīh,NOUN,conj,0,0,0,1,1,3,53,hambadīg,NOUN,nmod,0,1,2,3,1,0,0,1,0.0,False,False,NM-K35-01_mptf.conllu,1,1,0
kēnwišāgīh,NOUN,obl,0,0,0,1,1,1,2,xwāstēn,ADJ,amod,0,2,1,2,0,0,0,0,0.5,False,False,NM-K35-01_mptf.conllu,0,1,0
druz,NOUN,obl,0,0,0,1,1,911,12,wasōz,ADJ,amod,0,2,8,4,0,0,0,0,0.6,False,False,NM-K35-01_mptf.conllu,0,1,0
bun,NOUN,compound:lvc,0,0,0,1,1,959,18258,=š,PRON,amod,2,2,1,2,0,0,0,0,0.0,False,False,NM-K35-01_mptf.conllu,0,1,0
āb,NOUN,obl,0,0,0,1,1,2066,10,nasāōmand,ADJ,amod,0,2,1,2,0,0,0,0,0.6923076923076923,False,False,NM-K35-01_mptf.conllu,0,1,0
tārīk,NOUN,obl,0,0,0,1,1,3,28,nihuftag,ADJ,amod,0,2,1,2,0,0,0,0,0.8461538461538461,False,True,NM-K35-01_mptf.conllu,0,1,0
kām,NOUN,nsubj,0,0,0,1,0,335,47,mow,NOUN,nmod,0,2,2,1,1,0,0,0,0.75,False,False,NM-K35-01_mptf.conllu,1,0,0
druwistrawišnīh,NOUN,obl,0,0,0,1,1,9,2253,tan,NOUN,nmod,0,2,1,2,0,0,0,0,0.5,True,False,NM-K35-01_mptf.conllu,1,0,0
dagrzīwišnīh,NOUN,obl,0,0,0,1,1,16,423,ǰān,NOUN,nmod,0,2,1,3,0,0,0,0,0.75,True,False,NM-K35-01_mptf.conllu,1,0,0
frārāstīh,NOUN,nsubj,0,0,0,1,1,1,18258,=š,PRON,amod,0,2,3,3,0,0,0,0,1.0,False,False,NM-K35-01_mptf.conllu,0,1,0
abzārān,NOUN,acl:relcl,1,0,0,1,1,315,18258,=š,PRON,amod,2,2,2,5,0,0,0,0,0.0,True,False,NM-K35-01_mptf.conllu,1,1,0
abzārān,NOUN,acl:relcl,1,0,0,1,1,315,2253,tan,NOUN,nmod,0,2,2,5,0,0,0,0,0.0,True,False,NM-K35-01_mptf.conllu,1,1,0
abzārān,NOUN,conj,1,0,0,1,1,315,423,ǰān,NOUN,nmod,0,2,1,2,0,0,0,0,0.0,True,False,NM-K35-01_mptf.conllu,1,0,0
šnāyišn,NOUN,nmod,0,1,0,1,1,97,1407,yazadān,NOUN,nmod,0,1,5,3,1,0,0,1,0.0,True,False,NM-K35-01_mptf.conllu,1,0,0
warzišn,NOUN,conj:nmod,0,0,0,1,1,30,2158,dēn,NOUN,nmod,0,1,2,2,1,0,0,1,0.0,True,False,NM-K35-01_mptf.conllu,1,0,0
wābarīgānīh,NOUN,conj:nmod,0,0,0,1,1,35,239,čāštag,NOUN,nmod,0,1,3,2,2,0,0,1,0.0,False,True,NM-K35-01_mptf.conllu,1,0,0
čāštag,NOUN,nmod,0,1,0,1,1,239,481,dastwarān,NOUN,nmod,1,1,2,2,2,0,0,1,0.0,True,False,NM-K35-01_mptf.conllu,1,0,0
dastwarān,NOUN,nmod,1,0,0,1,1,480,465,rāst,ADJ,amod,0,2,1,2,0,0,0,0,0.0,False,False,NM-K35-01_mptf.conllu,0,1,0
hamēšagkārīh,NOUN,obl,0,0,0,1,1,2,18258,=š,PRON,nmod,3,1,2,4,1,0,0,1,0.3333333333333333,False,False,NM-K35-01_mptf.conllu,1,0,0
abarg,NOUN,obl,0,0,0,1,1,110,2158,dēn,NOUN,nmod,0,1,2,2,1,0,0,1,0.6666666666666666,False,False,NM-K35-01_mptf.conllu,1,0,0
ērang,NOUN,nsubj,0,0,0,1,1,28,2,ǰudpahikārišn,NOUN,nmod,0,1,2,1,1,0,0,1,1.0,False,True,NM-K35-01_mptf.conllu,1,0,0
andarg,NOUN,nsubj,0,1,0,1,1,5,4718,awēšān,PRON,nmod,0,1,4,1,2,0,0,1,0.4,False,False,NM-K35-01_mptf.conllu,1,0,0
kār,NOUN,obj,0,0,0,1,1,1414,18258,=iš,PRON,nmod,1,2,4,3,0,0,0,0,0.5,True,False,NM-K35-01_mptf.conllu,2,1,0
kār,NOUN,obj,0,0,0,1,1,1414,230,wuzurg,ADJ,amod,0,2,4,3,0,0,0,0,0.5,True,False,NM-K35-01_mptf.conllu,2,1,0
kār,NOUN,obj,0,0,0,1,1,1414,43,yōǰdāsrgarīh,NOUN,nmod,1,1,4,3,3,0,0,1,0.5,True,False,NM-K35-01_mptf.conllu,2,1,0
šustārīh,NOUN,acl:relcl,0,0,0,1,0,8,4,dēnīgnērangīhā,ADV,amod,0,1,2,4,1,0,0,1,0.0,False,False,NM-K35-01_mptf.conllu,0,1,0
pēšag,NOUN,obl,0,0,0,1,1,205,53,āsrōnīh,NOUN,nmod,0,2,1,2,0,0,0,0,0.6666666666666666,False,False,NM-K35-01_mptf.conllu,1,0,0
abzār,NOUN,xcomp,0,0,0,1,1,315,109,mādagwar,ADJ,amod,0,2,2,3,0,0,0,0,0.0,True,False,NM-K35-01_mptf.conllu,0,2,0
abzār,NOUN,xcomp,0,0,0,1,0,315,1,ruwānbōzišnīhā,ADV,amod,0,1,2,3,1,0,0,1,0.0,True,False,NM-K35-01_mptf.conllu,0,2,0
nēkīh,NOUN,conj,0,0,0,1,1,529,55,pāšom,ADJ,amod,0,2,1,1,0,0,0,0,0.0,False,False,NM-K35-01_mptf.conllu,0,1,0
yōǰdāsrgarīh,NOUN,obj,0,1,0,1,1,43,2716,mardōmān,NOUN,nmod,0,2,2,3,0,0,0,0,1.0,False,False,NM-K35-01_mptf.conllu,2,0,0
yōǰdāsrgarīh,NOUN,obj,0,1,0,1,1,43,2716,mardōmān,NOUN,nmod,0,1,2,3,1,0,0,1,1.0,False,False,NM-K35-01_mptf.conllu,2,0,0
yōǰdāsrgarīh,NOUN,nsubj,0,1,0,1,1,43,2716,mardōmān,NOUN,nmod,0,1,2,1,1,0,0,1,0.5,False,False,NM-K35-01_mptf.conllu,1,0,0
yōǰdāsrīh,NOUN,obl,0,0,0,1,1,85,2253,tan,NOUN,nmod,0,1,2,2,1,0,0,1,1.0,False,False,NM-K35-01_mptf.conllu,1,0,0
ōy,PRON,obl,0,0,0,0,1,18107,2253,tan,NOUN,nmod,1,1,2,2,2,0,0,1,1.0,False,False,NM-K35-01_mptf.conllu,1,0,0
tan,NOUN,nmod,0,0,0,1,1,2253,123,rist,ADJ,amod,0,2,1,2,0,0,0,0,0.0,False,False,NM-K35-01_mptf.conllu,0,1,0
tan,NOUN,nsubj,0,0,0,1,1,2253,18258,=š,PRON,nmod,0,2,1,1,0,0,0,0,0.2,False,False,NM-K35-01_mptf.conllu,1,0,0
ruwān,NOUN,obj,0,0,0,1,1,1224,18258,=š,PRON,nmod,0,2,1,1,0,0,0,0,0.6,False,False,NM-K35-01_mptf.conllu,1,0,0
yōǰdāsrīh,NOUN,obl,0,0,0,1,1,85,1226,ruwān,NOUN,nmod,0,1,2,2,1,0,0,1,0.7,False,False,NM-K35-01_mptf.conllu,1,0,0
ān,PRON,obl,0,0,0,1,1,1928,85,yōǰdāsrīh,NOUN,nmod,1,1,4,3,2,0,0,1,0.8,False,False,NM-K35-01_mptf.conllu,1,0,0
yōǰdāsrīh,NOUN,nmod,0,0,0,1,1,85,2253,tan,NOUN,nmod,0,2,1,2,0,0,0,0,0.0,False,False,NM-K35-01_mptf.conllu,1,0,0
yōǰdāsrēnīdārīh,NOUN,nsubj,0,0,0,1,1,8,18258,=š,PRON,nmod,0,2,2,2,0,0,0,0,0.9,False,False,NM-K35-01_mptf.conllu,2,0,0
yōǰdāsrēnīdārīh,NOUN,nsubj,0,0,0,1,1,8,2158,dēn,NOUN,nmod,0,1,2,2,1,0,0,1,0.9,False,False,NM-K35-01_mptf.conllu,2,0,0
nērang,NOUN,obl,0,0,0,1,1,190,140,dēnīg,ADJ,amod,0,2,1,3,0,0,0,0,1.0,False,False,NM-K35-01_mptf.conllu,0,1,0
dēn,NOUN,obl,0,1,0,1,1,2149,595,mazdēsnān,NOUN,nmod,0,1,1,2,0,0,0,0,0.6666666666666666,False,False,NM-K35-01_mptf.conllu,1,0,0
mard,NOUN,conj,0,0,0,1,0,2067,2060,ahlaw,ADJ,amod,0,1,3,4,8,0,0,1,0.0,False,False,NM-K35-01_mptf.conllu,0,1,0
zōhrārāstār,NOUN,obl,0,0,0,1,1,2,5,staft,ADJ,amod,0,2,1,1,0,0,0,0,0.6,True,False,NM-K35-01_mptf.conllu,0,1,0
menišn,NOUN,obj,0,1,0,1,1,518,1864,wehān,NOUN,nmod,0,1,1,1,0,0,0,0,0.8,True,False,NM-K35-01_mptf.conllu,1,0,0
winnārdan,NOUN,obl,0,0,0,1,1,9,208,pēšag,NOUN,nmod,2,1,2,3,2,0,0,1,1.0,True,False,NM-K35-01_mptf.conllu,1,0,0
pēšag,NOUN,nmod,0,0,0,1,1,205,2,hamfrārōn,ADJ,amod,0,2,1,2,0,0,0,0,0.0,False,False,NM-K35-01_mptf.conllu,0,1,0
šahrān,NOUN,obl,1,0,0,1,1,192,74,frahist,ADJ,amod,0,2,1,2,0,0,0,0,0.3333333333333333,False,False,NM-K35-01_mptf.conllu,0,1,0
bēš,NOUN,advcl,0,0,0,1,1,176,184,garān,ADJ,amod,0,2,2,6,0,0,0,0,0.0,False,False,NM-K35-01_mptf.conllu,0,1,0
ārāstār,NOUN,obj,0,0,0,1,1,40,1907,ēd,PRON,nmod,0,1,4,1,2,0,0,1,0.75,True,False,NM-K35-01_mptf.conllu,1,0,0
ristag,NOUN,conj:nmod,0,0,0,1,1,25,140,dēnīg,ADJ,amod,0,2,2,3,0,0,0,0,0.0,True,False,NM-K35-01_mptf.conllu,0,1,0
nām,NOUN,obl,0,1,0,1,1,528,1407,yazadān,NOUN,nmod,0,2,2,6,0,0,0,0,1.0,False,False,NM-K35-01_mptf.conllu,1,0,0
tuwāngarīh,NOUN,conj,0,0,0,1,1,19,460,meh,ADJ,amod,0,2,1,2,0,0,0,0,0.0,False,False,NM-K35-01_mptf.conllu,0,1,0
paččēn,NOUN,root,0,0,0,1,1,46,79,nāmag,NOUN,nmod,0,1,4,3,2,0,0,1,0.0,False,False,NM-K35-01_mptf.conllu,1,0,0
nāmag,NOUN,nmod,0,0,0,1,1,79,109,manuščihr,PROPN,nmod,1,1,3,2,2,0,1,0,0.0,False,False,NM-K35-01_mptf.conllu,1,0,0
manuščihr,PROPN,nmod,0,0,0,1,1,109,176,hērbed,NOUN,nmod,0,2,2,2,1,0,0,1,0.0,False,False,NM-K35-01_mptf.conllu,2,0,0
manuščihr,PROPN,nmod,0,0,0,1,1,109,20,ǰuwānǰamān,PROPN,nmod,0,1,2,2,0,0,1,0,0.0,False,False,NM-K35-01_mptf.conllu,2,0,0
brād,NOUN,obl,0,0,0,1,1,192,176,hērbed,NOUN,nmod,0,2,1,3,0,0,0,0,1.0,False,False,NM-K35-01_mptf.conllu,1,0,0
brād,NOUN,obl,0,0,0,1,1,192,19,zādspram,PROPN,appos,0,1,1,3,0,0,1,0,1.0,False,False,NM-K35-01_mptf.conllu,1,0,0
nām,NOUN,root,0,1,0,1,1,528,1407,yazadān,NOUN,nmod,0,1,4,3,1,0,0,1,0.0,False,False,NM-K35-01_mptf.conllu,1,0,0
hērbed,NOUN,iobj,0,0,0,1,0,174,499,xwadāy,NOUN,nmod,0,1,2,1,1,0,0,1,0.3333333333333333,False,False,NM-K35-01_mptf.conllu,1,0,0
pērōzgarīh,NOUN,obj,0,0,0,1,1,77,6263,abardom,ADJ,amod,0,2,2,2,0,0,0,0,0.6666666666666666,False,False,NM-K35-01_mptf.conllu,0,1,0
burzišnīh,NOUN,conj,0,0,0,1,1,2,3,kāmaghanǰām,ADJ,amod,0,2,1,1,0,0,0,0,0.0,True,False,NM-K35-01_mptf.conllu,0,1,0
hērbed,NOUN,obl,0,0,0,1,0,174,499,xwadāy,NOUN,nmod,0,1,2,2,1,0,0,1,0.4,False,False,NM-K35-01_mptf.conllu,1,0,0
māh,NOUN,obl,0,0,0,1,1,689,51,ābān,PROPN,flat,0,1,1,2,0,0,1,0,0.75,False,False,NM-K35-01_mptf.conllu,0,0,0
kišwar,NOUN,nmod,0,0,0,1,1,281,176,hērbed,NOUN,nmod,5,1,3,2,2,0,0,1,0.0,False,False,NM-K35-01_mptf.conllu,1,0,0
arz,NOUN,obl,0,0,0,1,1,107,282,kišwar,NOUN,nmod,0,2,4,3,2,0,0,0,0.25,False,False,NM-K35-01_mptf.conllu,1,0,0
hērbed,NOUN,nmod,0,0,0,1,0,174,499,xwadāy,NOUN,appos,0,1,2,2,1,0,0,1,0.0,False,False,NM-K35-01_mptf.conllu,0,0,0
yazadān,NOUN,nmod,1,1,0,1,1,1403,1407,yazadān,NOUN,nmod,0,2,1,2,2,0,0,0,0.0,False,False,NM-K35-01_mptf.conllu,1,0,0
āgāhīh,NOUN,obj,0,0,0,1,1,221,2375,xwēš,PRON,nmod,0,1,1,1,0,0,0,0,0.625,False,False,NM-K35-01_mptf.conllu,1,0,0
nibēsišn,NOUN,nsubj,0,0,0,1,1,30,79,nāmag,NOUN,nmod,0,1,2,1,2,0,0,1,0.75,True,False,NM-K35-01_mptf.conllu,1,0,0
nāmag,NOUN,nmod,0,1,0,1,1,79,787,=tān,PRON,nmod,1,2,1,2,0,0,0,0,0.0,False,False,NM-K35-01_mptf.conllu,1,0,0
wizēhišn,NOUN,nsubj:outer,0,0,0,1,1,6,2910,=m,PRON,nmod,0,2,1,1,0,0,0,0,0.0,True,False,NM-K35-01_mptf.conllu,1,0,0
hērbed,NOUN,obj,0,0,0,1,0,174,499,xwadāy,NOUN,appos,0,1,1,1,0,0,0,0,0.1111111111111111,False,False,NM-K35-01_mptf.conllu,0,0,0
wehān,NOUN,obl,1,0,0,1,1,339,14,sīrgān,PROPN,nmod,0,1,1,2,0,0,1,0,0.6666666666666666,False,False,NM-K35-01_mptf.conllu,1,0,0
hangōšīdag,NOUN,advcl,0,0,0,1,1,95,18258,=š,PRON,nmod,0,2,1,2,0,0,0,0,0.0,True,False,NM-K35-01_mptf.conllu,1,0,0
pidarān,NOUN,nsubj,1,0,0,1,1,547,23,hufraward,ADJ,amod,0,2,1,1,0,0,0,0,0.8888888888888888,False,False,NM-K35-01_mptf.conllu,0,1,0
axwān,NOUN,obl,0,0,0,1,1,320,363,astōmand,ADJ,amod,0,2,1,2,0,0,0,0,1.0,False,False,NM-K35-01_mptf.conllu,0,1,0
akārīh,NOUN,nsubj,0,0,0,1,1,29,204,čašm,NOUN,nmod,0,1,2,1,1,0,0,1,0.3333333333333333,False,False,NM-K35-01_mptf.conllu,1,0,0
zanišnīh,NOUN,advcl,0,0,0,1,1,10,104,hāwand,ADJ,amod,0,1,3,6,1,0,0,1,0.0,True,False,NM-K35-01_mptf.conllu,0,1,0
zanišnīh,NOUN,root,0,0,0,1,1,10,104,hāwand,ADJ,amod,0,1,5,6,1,0,0,1,0.0,True,False,NM-K35-01_mptf.conllu,0,1,0
wimand,NOUN,obl,0,0,0,1,1,91,140,āstxrad,NOUN,nmod,1,1,2,2,2,0,0,1,0.25,False,False,NM-K35-01_mptf.conllu,1,0,0
āstxrad,NOUN,nmod,0,0,0,1,1,137,244,abēzag,ADJ,amod,0,2,1,2,0,0,0,0,0.0,False,False,NM-K35-01_mptf.conllu,0,1,0
ārāstīh,NOUN,nsubj,0,0,0,1,1,2,249,bowandag,ADJ,amod,0,1,3,3,0,0,0,0,0.5,False,True,NM-K35-01_mptf.conllu,1,1,0
ārāstīh,NOUN,nsubj,0,0,0,1,1,2,93,mānsr,NOUN,nmod,1,1,3,3,2,0,0,1,0.5,False,False,NM-K35-01_mptf.conllu,1,1,0
āgāhīh,NOUN,obl,0,0,0,1,1,221,147,mahist,ADJ,amod,0,2,3,4,1,1,0,1,1.0,False,False,NM-K35-01_mptf.conllu,1,1,0
āgāhīh,NOUN,obl,0,0,0,1,1,221,2158,dēn,NOUN,nmod,0,1,3,4,2,1,0,1,1.0,False,False,NM-K35-01_mptf.conllu,1,1,0
dēn,NOUN,nmod,0,1,0,1,1,2149,595,mazdēsnān,NOUN,nmod,0,1,2,2,1,0,0,1,0.0,False,False,NM-K35-01_mptf.conllu,1,0,0
pasxradīh,NOUN,nsubj,0,0,0,1,1,3,82,andak,ADV,amod,1,2,2,2,1,0,0,0,1.0,False,False,NM-K35-01_mptf.conllu,0,1,0
andōh,NOUN,nsubj:outer,0,0,0,1,1,11,2910,=m,PRON,nmod,2,2,2,2,1,0,0,0,0.0,False,False,NM-K35-01_mptf.conllu,1,1,0
andōh,NOUN,nsubj:outer,0,0,0,1,1,11,692,fradom,ADJ,amod,1,2,2,2,1,0,0,0,0.0,False,False,NM-K35-01_mptf.conllu,1,1,0
ulmatīh,NOUN,obj,0,0,0,1,1,2,34,spurrīg,ADJ,amod,0,2,2,2,0,0,0,0,0.5,False,False,NM-K35-01_mptf.conllu,0,1,0
rōšnīh,NOUN,conj,0,0,0,1,1,368,692,fradom,ADJ,amod,0,2,1,2,0,0,0,0,0.0,False,False,NM-K35-01_mptf.conllu,1,1,0
rōšnīh,NOUN,conj,0,0,0,1,1,368,2375,xwēš,PRON,nmod,0,1,1,2,0,0,0,0,0.0,False,False,NM-K35-01_mptf.conllu,1,1,0
dudīgarīh,NOUN,obj,0,0,0,1,1,2,2910,man,PRON,nmod,0,1,2,1,1,0,0,1,1.0,False,False,NM-K35-01_mptf.conllu,1,0,0
dād,NOUN,xcomp,0,0,0,1,1,217,282,kišwar,NOUN,nmod,1,1,3,3,1,0,0,1,0.0,False,False,NM-K35-01_mptf.conllu,1,0,1
dādestān,NOUN,conj,0,0,0,1,0,587,2,gēhānmasāy,NOUN,nmod,1,1,2,3,1,0,0,1,0.0,False,False,NM-K35-01_mptf.conllu,1,0,1
šādurwān,NOUN,obl,0,0,0,1,1,11,76,hanǰaman,NOUN,nmod,1,1,4,3,2,0,0,0,0.125,False,False,NM-K35-01_mptf.conllu,1,0,0
hanǰaman,NOUN,nmod,0,1,0,1,1,76,47,mowān,NOUN,nmod,0,2,3,2,1,0,0,1,0.0,False,False,NM-K35-01_mptf.conllu,2,0,0
hanǰaman,NOUN,nmod,0,0,0,1,1,76,337,dar,NOUN,nmod,1,1,3,2,1,0,0,0,0.0,False,False,NM-K35-01_mptf.conllu,2,0,0
dar,NOUN,nmod,0,0,0,1,1,332,64,pārs,PROPN,nmod,0,2,2,1,1,0,1,1,0.0,False,False,NM-K35-01_mptf.conllu,1,0,0
mow,NOUN,nsubj,0,0,0,0,1,47,106,hudēn,ADJ,amod,0,2,2,2,0,0,0,0,0.25,False,False,NM-K35-01_mptf.conllu,0,1,0
sarān,NOUN,nsubj,1,1,0,1,1,700,47,mowān,NOUN,nmod,0,1,3,2,1,0,0,0,0.625,False,False,NM-K35-01_mptf.conllu,1,0,0
mowān,NOUN,nmod,1,0,0,1,1,47,2158,dēn,NOUN,nmod,0,1,2,1,1,0,0,1,0.0,False,False,NM-K35-01_mptf.conllu,1,0,0
magīhā,NOUN,nsubj,0,0,0,0,1,130,2253,tan,NOUN,nmod,0,1,2,1,1,0,0,1,0.5,False,False,NM-K35-01_mptf.conllu,1,0,0
wizēn,NOUN,obl,0,1,0,1,1,16,55,pāšomān,NOUN,nmod,1,1,3,2,3,0,0,1,0.6666666666666666,False,False,NM-K35-01_mptf.conllu,1,0,0
pāšomān,NOUN,nmod,1,0,0,1,1,8,179,zamānag,NOUN,nmod,0,1,2,3,1,0,0,1,0.0,False,False,NM-K35-01_mptf.conllu,1,0,0
dastwar,NOUN,nmod,0,0,0,1,1,480,2158,dēn,NOUN,nmod,0,2,2,2,1,0,0,1,0.0,False,False,NM-K35-01_mptf.conllu,1,0,0
dādestānīh,NOUN,nsubj,0,0,0,1,1,16,481,dastwar,NOUN,nmod,0,2,3,2,2,1,0,1,0.8333333333333334,False,False,NM-K35-01_mptf.conllu,1,0,0
ēwēnag,NOUN,ccomp,0,0,0,1,1,782,282,kišwar,NOUN,nmod,2,1,2,3,1,0,0,1,0.0,False,False,NM-K35-01_mptf.conllu,1,0,0
uskār,NOUN,obl,0,1,0,1,1,24,55,pāšomān,NOUN,nmod,1,1,2,2,2,0,0,1,1.0,True,False,NM-K35-01_mptf.conllu,1,0,0
wis,NOUN,obl,0,0,0,1,1,97,22,stāyīdār,NOUN,nmod,0,1,3,2,2,0,0,1,0.8333333333333334,False,True,NM-K35-01_mptf.conllu,1,0,0
stāyīdār,NOUN,nmod,0,0,0,1,1,21,38,hanǰamanīg,ADJ,amod,0,1,2,2,1,0,0,1,0.0,True,False,NM-K35-01_mptf.conllu,0,1,0
=iš,PRON,nmod,0,0,0,1,1,18107,18258,=iš,PRON,nmod,0,2,1,1,1,0,0,0,0.0,False,False,NM-K35-01_mptf.conllu,1,0,0
hanǰaman,NOUN,obl,0,0,0,1,1,76,2,tuγzγuz,PROPN,nmod,0,1,2,2,1,0,1,1,0.75,False,False,NM-K35-01_mptf.conllu,1,0,0
zarduxšt,PROPN,nmod,0,0,0,1,0,1746,67,ādurfarnbay,PROPN,nmod,0,1,2,2,1,0,1,1,0.0,False,False,NM-K35-01_mptf.conllu,1,0,0
pāsox,NOUN,nsubj,0,1,0,1,1,558,249,kustān,NOUN,nmod,1,1,2,1,2,0,0,1,1.0,False,False,NM-K35-01_mptf.conllu,1,0,0
dusrawīh,NOUN,nsubj,0,1,0,1,1,17,2716,mardōmān,NOUN,nmod,1,1,2,1,2,0,0,1,1.0,False,False,NM-K35-01_mptf.conllu,1,0,0
bār,NOUN,nsubj,0,0,0,1,1,518,1226,ruwān,NOUN,nmod,1,1,2,1,2,0,0,1,1.0,True,False,NM-K35-01_mptf.conllu,1,0,0
darrišn,NOUN,nsubj,0,0,0,1,1,13,3242,ohrmazd,PROPN,nmod,1,1,3,2,2,0,1,1,1.0,True,False,NM-K35-01_mptf.conllu,1,0,0
hangōšīdag,NOUN,obl,0,0,0,1,1,95,2,tanbuzišk,NOUN,nmod,1,1,4,3,1,1,0,0,0.42857142857142855,True,False,NM-K35-01_mptf.conllu,1,0,0
zad,NOUN,obl,0,0,0,1,1,16,1,dandāndard,NOUN,nmod,0,2,1,2,0,0,0,0,0.7142857142857143,True,False,NM-K35-01_mptf.conllu,1,0,0
dandān,NOUN,obj,0,0,0,1,1,62,39,wēmār,ADJ,amod,1,1,2,2,1,0,0,1,1.0,False,True,NM-K35-01_mptf.conllu,0,1,0
hudēnān,NOUN,nsubj,1,0,0,1,1,94,139,ērānšahr,PROPN,nmod,1,1,2,2,1,0,1,1,0.125,False,False,NM-K35-01_mptf.conllu,1,0,0
frazānagīh,NOUN,obj,0,0,0,1,1,62,176,hērbed,NOUN,nmod,2,1,3,2,2,0,0,1,0.25,False,False,NM-K35-01_mptf.conllu,1,0,0
hērbed,NOUN,nmod,0,0,0,1,0,174,499,xwadāy,NOUN,appos,0,1,2,2,1,0,0,1,0.0,False,False,NM-K35-01_mptf.conllu,0,0,0
pēšag,NOUN,iobj,0,0,0,1,1,205,39,wēmār,ADJ,amod,1,1,2,2,1,0,0,1,0.375,False,True,NM-K35-01_mptf.conllu,0,1,0
wirāyišn,NOUN,obj,0,0,0,1,1,53,45,darmān,NOUN,nmod,0,2,1,2,0,0,0,0,0.5,True,False,NM-K35-01_mptf.conllu,1,0,0
xrad,NOUN,obl,0,0,0,1,1,654,176,hērbed,NOUN,nmod,1,1,2,3,2,0,0,1,1.0,False,False,NM-K35-01_mptf.conllu,1,0,0
hērbed,NOUN,nmod,0,0,0,1,0,174,499,xwadāy,NOUN,appos,0,1,1,2,0,0,0,0,0.0,False,False,NM-K35-01_mptf.conllu,0,0,0
āwāmīg,NOUN,nsubj,0,1,1,1,0,3,910,pādixšāyīhā,NOUN,amod,1,1,3,2,1,0,0,1,0.3333333333333333,False,False,NM-K35-01_mptf.conllu,0,1,0
gōnag,NOUN,obj,0,1,0,1,0,85,22,wasīhā,ADJ,amod,0,2,4,2,0,0,0,0,0.5,False,False,NM-K35-01_mptf.conllu,0,2,0
gōnag,NOUN,obj,0,1,0,1,0,85,1135,gētīyīhā,ADJ,amod,0,1,4,2,2,0,0,1,0.5,False,False,NM-K35-01_mptf.conllu,0,2,0
gōwišn,NOUN,obl,0,1,0,1,1,888,97,frazānagān,NOUN,nmod,0,1,3,2,1,0,0,0,0.5,True,False,NM-K35-01_mptf.conllu,1,0,0
andarkārdārišnīh,NOUN,obj,0,0,0,1,1,2,34,spurrīg,ADJ,amod,0,2,4,3,0,0,0,0,0.6,True,False,NM-K35-01_mptf.conllu,1,1,0
andarkārdārišnīh,NOUN,obj,0,0,0,1,1,2,2067,āb,NOUN,nmod,0,1,4,3,2,0,0,1,0.6,True,False,NM-K35-01_mptf.conllu,1,1,0
nērang,NOUN,conj,0,0,0,1,1,190,205,pahrēz,NOUN,nmod,4,2,3,1,3,0,0,0,0.0,False,False,NM-K35-01_mptf.conllu,1,0,0
xwēšīhišnīh,NOUN,obl,0,0,0,1,1,2,36,hamdādestānīh,NOUN,nmod,0,2,1,1,0,0,0,0,0.6666666666666666,True,False,NM-K35-01_mptf.conllu,1,0,0
kirdan,NOUN,nsubj,0,0,0,1,1,79,30,nibēsišn,NOUN,nmod,0,2,1,1,0,0,0,0,0.25,True,True,NM-K35-01_mptf.conllu,1,0,0
sampadīrišnīh,NOUN,obl,0,1,0,1,1,2,158,yōǰdāsrgarān,NOUN,nmod,0,1,4,4,1,0,0,1,0.5,True,False,NM-K35-01_mptf.conllu,1,0,0
wirāyišn,NOUN,conj,0,0,0,1,1,53,16587,ān,PRON,nmod,0,2,1,1,0,0,0,0,0.0,True,False,NM-K35-01_mptf.conllu,1,0,0
kirdan,NOUN,conj,0,0,0,1,1,79,1473,paydāg,ADJ,amod,0,2,3,2,0,0,0,0,0.0,True,False,NM-K35-01_mptf.conllu,0,1,0
škefthandēšišnīh,NOUN,conj,0,1,0,1,1,2,2716,mardōmān,NOUN,nmod,0,1,1,1,0,0,0,0,0.0,True,False,NM-K35-01_mptf.conllu,1,0,0
dusrawīh,NOUN,conj,0,0,0,1,1,17,3,wizīrgar,NOUN,nmod,0,1,2,2,1,0,0,1,0.0,False,False,NM-K35-01_mptf.conllu,1,0,0
wišeg,NOUN,conj,0,1,0,1,1,4,158,yōǰdāsrgarān,NOUN,nmod,0,1,2,1,1,0,0,1,0.0,False,False,NM-K35-01_mptf.conllu,1,0,0
nibišt,NOUN,nsubj,0,1,0,1,1,25,787,=tān,PRON,nmod,0,2,1,1,0,0,0,0,0.5,True,False,NM-K35-01_mptf.conllu,1,0,0
nērang,NOUN,nsubj,0,0,0,1,1,190,18258,=š,PRON,nmod,0,2,1,1,0,0,0,0,0.3333333333333333,False,False,NM-K35-01_mptf.conllu,1,0,0
dādestān,NOUN,obl,0,0,0,1,1,587,890,gōwišn,NOUN,nmod,0,1,3,4,2,1,0,1,0.5,False,True,NM-K35-01_mptf.conllu,1,0,0
gōwišn,NOUN,nmod,0,0,0,1,1,888,134,abarg,PROPN,nmod,0,1,2,2,1,0,1,1,0.0,True,False,NM-K35-01_mptf.conllu,1,0,0
čāštag,NOUN,iobj,0,0,0,1,1,239,18258,=iš,PRON,nmod,0,2,1,1,0,0,0,0,0.5,True,False,NM-K35-01_mptf.conllu,1,0,0
hamgugāh,NOUN,nsubj,0,0,0,1,1,8,481,dastwar,NOUN,nmod,2,1,2,2,1,0,0,0,0.5,False,False,NM-K35-01_mptf.conllu,1,0,0
kār,NOUN,advcl,0,0,0,1,0,1414,2,bi.vīkaiiehe,NOUN,nmod,0,2,1,2,0,0,0,0,0.0,True,False,NM-K35-01_mptf.conllu,1,0,0
čāštag,NOUN,obl,0,0,0,1,1,239,134,abarg,PROPN,nmod,0,1,2,2,1,0,1,1,0.7142857142857143,True,False,NM-K35-01_mptf.conllu,1,0,0
abarg,PROPN,obl,0,0,0,1,1,110,128,pēšēmāl,NOUN,nmod,0,1,3,2,2,0,0,1,0.8571428571428571,False,False,NM-K35-01_mptf.conllu,1,0,0
pēšēmāl,NOUN,nmod,0,0,0,1,1,128,158,yōǰdāsrgar,NOUN,nmod,1,1,2,2,1,0,0,0,0.0,False,False,NM-K35-01_mptf.conllu,1,0,0
mēdyōmāh,PROPN,obl,0,0,0,1,1,100,66,gugāh,NOUN,nmod,1,1,3,2,1,0,0,0,1.0,False,False,NM-K35-01_mptf.conllu,1,0,0
gugāh,NOUN,nmod,0,0,0,1,1,61,666,wēš,ADJ,amod,0,2,2,1,1,0,0,1,0.0,False,False,NM-K35-01_mptf.conllu,0,1,0
estišn,NOUN,dislocated,0,1,0,1,1,65,136,axtarān,NOUN,nmod,0,1,2,2,0,0,0,0,0.0,True,False,NM-K35-01_mptf.conllu,1,0,0
zīg,NOUN,orphan,0,1,1,1,1,28,36,šahriyārān,NOUN,nmod,0,1,2,2,1,0,0,1,0.0,False,True,NM-K35-01_mptf.conllu,1,0,0
zīg,NOUN,orphan,0,0,1,1,1,28,23,hindūg,ADJ,amod,0,1,2,2,1,0,0,1,0.0,False,False,NM-K35-01_mptf.conllu,0,1,0
zīg,NOUN,obl,0,0,1,1,1,28,6,ptalmayōš,PROPN,nmod,0,1,2,2,1,0,1,1,0.5,False,False,NM-K35-01_mptf.conllu,1,0,0
zīg,NOUN,nsubj,0,1,1,1,1,28,36,šahryārān,NOUN,nmod,0,1,2,1,1,0,0,1,0.25,False,True,NM-K35-01_mptf.conllu,1,0,0
zīg,NOUN,nsubj,0,0,1,1,1,28,23,hindūg,ADJ,amod,0,1,2,1,1,0,0,1,0.25,False,False,NM-K35-01_mptf.conllu,0,1,0
zīg,NOUN,nsubj,0,0,1,1,1,28,6,ptalmayōs,PROPN,nmod,0,1,2,1,1,0,1,1,0.2,False,False,NM-K35-01_mptf.conllu,1,0,0
zīg,NOUN,obl,0,1,1,1,1,28,36,šahryārān,NOUN,nmod,0,1,2,2,1,0,0,1,0.5,False,True,NM-K35-01_mptf.conllu,1,0,0
zīg,NOUN,obl,0,0,1,1,1,28,6,ptalmayōš,PROPN,nmod,0,1,2,2,1,0,1,1,1.0,False,False,NM-K35-01_mptf.conllu,1,0,0
hangōšīdag,NOUN,obj,0,0,0,1,1,95,239,čāštag,NOUN,nmod,1,1,3,2,3,1,0,1,0.5,True,True,NM-K35-01_mptf.conllu,1,0,0
abāznimūdārān,NOUN,obl,1,0,0,1,1,2,170,āhōg,NOUN,nmod,0,2,1,2,0,0,0,0,0.6,True,False,NM-K35-01_mptf.conllu,1,0,0
dād,NOUN,obl,0,1,0,1,1,217,60,pēšēnīgān,NOUN,nmod,0,2,1,3,0,1,0,0,1.0,False,False,NM-K35-01_mptf.conllu,1,0,0
xrad,NOUN,obl,0,1,0,1,1,654,60,pēšēnīgān,NOUN,nmod,0,2,1,3,0,1,0,0,0.5,False,False,NM-K35-01_mptf.conllu,1,0,0
wēšīh,NOUN,obl,0,0,0,1,1,11,2,xwēštanmenīh,NOUN,nmod,0,2,3,3,0,0,0,0,0.625,False,False,NM-K35-01_mptf.conllu,1,0,0
dād,NOUN,obl,0,0,0,1,1,217,186,nōg,ADJ,amod,0,2,3,5,0,0,0,0,0.42857142857142855,False,False,NM-K35-01_mptf.conllu,0,1,0
ārzōg,NOUN,conj,0,0,0,1,1,54,2,dādnihišnīh,NOUN,nmod,1,1,2,3,1,0,0,1,0.0,False,True,NM-K35-01_mptf.conllu,1,0,0
dād,NOUN,obl,0,0,0,1,1,217,186,nōg,ADJ,amod,0,1,2,2,1,0,0,1,1.0,False,False,NM-K35-01_mptf.conllu,0,1,0
kunišn,NOUN,obj,0,0,0,1,1,980,1238,wināh,NOUN,nmod,2,1,2,3,1,1,0,1,0.8571428571428571,True,False,NM-K35-01_mptf.conllu,1,0,0
šnāyēnīdārīh,NOUN,nsubj,0,0,0,1,1,186,460,meh,ADJ,amod,0,2,4,2,0,0,0,0,1.0,False,False,NM-K35-01_mptf.conllu,1,1,0
šnāyēnīdārīh,NOUN,nsubj,0,0,0,1,1,186,1446,ātaxš,NOUN,nmod,0,1,4,2,6,0,0,1,1.0,False,False,NM-K35-01_mptf.conllu,1,1,0
nar,NOUN,conj:nmod,0,0,0,1,0,55,2060,ahlaw,ADJ,amod,0,1,1,1,0,0,0,0,0.0,False,False,NM-K35-01_mptf.conllu,0,1,0
nārīg,NOUN,conj:nmod,0,0,1,1,0,149,2060,ahlaw,ADJ,amod,0,1,2,2,1,0,0,1,0.0,False,False,NM-K35-01_mptf.conllu,0,1,0
arz,NOUN,root,0,0,0,1,1,107,230,wuzurg,ADJ,amod,0,2,5,4,0,0,0,0,0.0,False,False,NM-K35-01_mptf.conllu,0,1,0
yōǰdāsrīh,NOUN,nsubj,0,0,0,1,1,85,2253,tan,NOUN,nmod,0,1,2,1,1,0,0,1,0.3333333333333333,False,False,NM-K35-01_mptf.conllu,1,0,0
kirdārīh,NOUN,obj,0,0,0,1,1,47,6263,abardom,ADJ,amod,0,2,4,6,0,1,0,0,0.09090909090909091,False,False,NM-K35-01_mptf.conllu,0,1,0
āgāhīh,NOUN,conj,0,0,0,1,1,221,55,pāšom,ADJ,amod,0,2,1,3,0,1,0,0,0.0,False,False,NM-K35-01_mptf.conllu,0,1,0
sālārīh,NOUN,conj,0,0,0,1,1,288,147,mahist,ADJ,amod,0,2,2,2,1,1,0,1,0.0,False,False,NM-K35-01_mptf.conllu,0,1,0
nām,NOUN,obl,0,0,0,1,1,528,288,sālārīh,NOUN,nmod,0,1,2,3,1,0,0,1,0.6363636363636364,False,True,NM-K35-01_mptf.conllu,1,0,0
kas,PRON,nsubj,0,0,0,1,1,1086,1925,=it,PRON,nmod,0,2,1,1,0,0,0,0,0.8181818181818182,False,False,NM-K35-01_mptf.conllu,1,0,0
dīd,NOUN,obl,0,1,0,1,1,17,787,ašmāh,PRON,nmod,0,1,1,2,0,0,0,0,0.9090909090909091,False,False,NM-K35-01_mptf.conllu,1,0,0
dēnāgāhīh,NOUN,conj,0,0,0,1,1,22,2186,frāzdom,ADJ,amod,0,2,1,1,0,0,0,0,0.0,False,False,NM-K35-01_mptf.conllu,0,1,0
drōnyāz,NOUN,obj,0,0,0,1,1,2,2375,xwēš,PRON,amod,0,1,4,2,1,0,0,1,0.6666666666666666,False,False,NM-K35-01_mptf.conllu,0,1,0
maγ,NOUN,obj,0,0,0,1,1,130,186,nōg,ADJ,amod,0,1,1,2,0,0,0,0,0.6,False,False,NM-K35-01_mptf.conllu,0,1,0
ašmāh,PRON,nsubj,1,0,0,1,1,787,154,kustag,NOUN,nmod,1,1,2,2,1,0,0,1,0.1111111111111111,False,True,NM-K35-01_mptf.conllu,1,0,0
yōǰdāsrgarīh,NOUN,obl,0,1,0,1,1,43,787,=tān,PRON,nmod,0,1,4,3,1,0,0,1,0.2222222222222222,False,False,NM-K35-01_mptf.conllu,1,0,0
šustārīh,NOUN,nmod,0,1,0,1,1,8,787,=tān,PRON,nmod,2,2,1,2,0,0,0,0,0.0,False,False,NM-K35-01_mptf.conllu,1,0,0
rāh,NOUN,obl,0,0,0,1,1,587,8,šustārīh,NOUN,nmod,0,2,2,1,2,0,0,0,0.4444444444444444,False,False,NM-K35-01_mptf.conllu,1,0,0
kunišn,NOUN,nsubj,0,1,0,1,1,980,787,ašmāh,PRON,nmod,0,2,2,2,1,1,0,1,0.8888888888888888,True,False,NM-K35-01_mptf.conllu,1,0,0
nibēsišn,NOUN,nsubj,0,1,0,1,1,30,787,ašmāh,PRON,nmod,0,2,2,2,1,1,0,1,1.0,True,False,NM-K35-01_mptf.conllu,1,0,0
yōǰdāsrēnīdārīh,NOUN,conj,0,0,0,1,1,8,208,pēšag,NOUN,nmod,0,2,2,1,1,0,0,0,0.0,False,False,NM-K35-01_mptf.conllu,1,0,0
čāštag,NOUN,conj,0,0,0,1,1,239,481,dastwar,NOUN,nmod,0,2,2,1,1,0,0,0,0.0,True,False,NM-K35-01_mptf.conllu,1,0,0
pōryōtkēšān,NOUN,conj,1,0,0,1,1,101,14,passandišnīg,ADJ,amod,0,1,2,2,1,0,0,1,0.0,False,False,NM-K35-01_mptf.conllu,0,1,0
dāmān,NOUN,conj,1,0,0,1,1,1172,1864,weh,ADJ,amod,0,2,2,1,1,0,0,0,0.0,False,False,NM-K35-01_mptf.conllu,0,1,0
čašm,NOUN,obl,0,1,0,1,1,201,1864,wehān,NOUN,nmod,0,1,3,2,1,0,0,0,0.6666666666666666,False,False,NM-K35-01_mptf.conllu,1,0,0
wāy,PROPN,obl,0,0,0,0,1,145,55,anāg,ADJ,amod,0,2,1,2,0,0,0,0,1.0,False,False,NM-K35-01_mptf.conllu,0,1,0
saxwan,NOUN,nsubj,0,1,0,1,1,306,787,=tān,PRON,nmod,0,2,1,1,0,0,0,0,0.2,False,False,NM-K35-01_mptf.conllu,1,0,0
ālūd,NOUN,obj,0,0,0,1,1,8,18258,=š,PRON,nmod,0,2,1,1,0,0,0,0,1.0,False,False,NM-K35-01_mptf.conllu,1,0,0
ālūd,NOUN,obj,0,0,0,1,0,8,1533,dō,NUM,appos,2,1,2,2,1,0,0,0,1.0,False,False,NM-K35-01_mptf.conllu,0,0,0
dād,NOUN,obl,0,0,0,1,1,217,1747,zarduxšt,PROPN,nmod,0,1,2,2,1,0,1,1,0.4,False,False,NM-K35-01_mptf.conllu,1,0,0
čāštag,NOUN,obj,0,0,0,1,1,239,537,abestāg,NOUN,nmod,0,2,1,1,0,0,0,0,1.0,True,False,NM-K35-01_mptf.conllu,1,0,0
dēn,NOUN,advcl,0,0,0,1,1,2149,1747,zarduxšt,PROPN,nmod,0,1,2,4,1,0,1,1,0.0,False,False,NM-K35-01_mptf.conllu,1,0,0
bār,NOUN,obj,0,0,0,1,1,518,4,ulīg,ADJ,amod,0,1,3,4,1,0,0,1,1.0,True,False,NM-K35-01_mptf.conllu,0,1,0
bār,NOUN,conj,0,0,0,1,1,518,2,frōdēn,ADJ,amod,0,1,2,3,1,0,0,1,0.0,True,False,NM-K35-01_mptf.conllu,0,1,0
zard,NOUN,obj,0,0,0,1,1,2,10,zargōn,ADJ,amod,1,1,2,2,1,0,0,1,0.8,False,False,NM-K35-01_mptf.conllu,0,1,1
pāk,NOUN,root,0,0,0,1,1,3,121,yōǰdāsr,ADJ,amod,1,1,3,6,0,0,0,0,0.0,False,False,NM-K35-01_mptf.conllu,0,1,1
yōǰdāsrgarān,NOUN,nsubj,1,0,0,1,1,158,139,ērānšahr,NOUN,nmod,0,1,2,2,1,0,0,1,0.8333333333333334,False,False,NM-K35-01_mptf.conllu,1,0,0
rāyēnišn,NOUN,nmod,0,0,0,1,1,145,231,xānag,NOUN,nmod,0,1,2,1,1,0,0,1,0.0,True,False,NM-K35-01_mptf.conllu,1,0,0
kadagxwadāy,NOUN,advcl,0,0,0,0,1,61,2375,xwēš,PRON,nmod,0,1,2,1,1,0,0,1,0.0,False,False,NM-K35-01_mptf.conllu,1,0,0
āgāhī,NOUN,nsubj,0,1,0,0,1,221,787,=itān,PRON,nmod,5,2,3,3,0,0,0,0,0.4,False,False,NM-K35-01_mptf.conllu,2,1,0
āgāhī,NOUN,nsubj,0,0,0,0,1,221,149,rāyēnišn,NOUN,nmod,4,2,3,3,1,0,0,0,0.4,False,True,NM-K35-01_mptf.conllu,2,1,0
āgāhī,NOUN,nsubj,0,0,0,0,1,221,249,bowandag,ADJ,amod,0,2,3,3,0,0,0,0,0.4,False,True,NM-K35-01_mptf.conllu,2,1,0
wizōyišn,NOUN,obl,0,1,0,1,1,7,787,=itān,PRON,nmod,0,2,1,2,0,0,0,0,0.6,True,False,NM-K35-01_mptf.conllu,1,0,0
yōǰdāsrgarān,NOUN,obl,1,0,0,1,1,158,139,ērānšahr,NOUN,nmod,0,1,2,4,1,0,0,1,1.0,False,False,NM-K35-01_mptf.conllu,1,0,0
wizōyišn,NOUN,nsubj,0,1,0,1,1,7,787,=tān,PRON,nmod,0,2,1,2,0,0,0,0,0.25,True,False,NM-K35-01_mptf.conllu,1,0,0
šōyišnīh,NOUN,advcl,0,1,0,1,1,9,158,yōǰdāsrgarān,NOUN,nmod,0,1,3,2,2,0,0,1,0.0,True,False,NM-K35-01_mptf.conllu,1,0,0
yōǰdāsrgarān,NOUN,nmod,1,0,0,1,1,158,139,ērānšahr,NOUN,nmod,0,1,2,2,1,0,0,1,0.0,False,False,NM-K35-01_mptf.conllu,1,0,0
dānišn,NOUN,obl,0,1,0,1,1,274,787,=itān,PRON,nmod,6,2,1,2,0,0,0,0,0.625,True,False,NM-K35-01_mptf.conllu,1,0,0
nām,NOUN,obj,0,1,0,1,1,528,4718,=šān,PRON,nmod,0,2,1,3,0,0,0,0,0.75,False,False,NM-K35-01_mptf.conllu,1,0,0
xēm,NOUN,obl,0,0,0,1,1,243,983,kunišn,NOUN,nmod,2,1,2,3,1,0,0,0,0.875,False,True,NM-K35-01_mptf.conllu,1,0,0
kunišn,NOUN,nmod,0,1,0,1,1,980,4718,=šān,PRON,nmod,3,2,1,1,0,0,0,0,0.0,True,False,NM-K35-01_mptf.conllu,1,0,0
dānišn,NOUN,advcl,0,0,0,1,1,274,2,sūdabgār,ADJ,amod,1,1,3,4,1,0,0,1,0.0,True,True,NM-K35-01_mptf.conllu,0,1,1
saraxs,PROPN,obl,0,0,0,1,1,2,8,sarāz,PROPN,appos,0,1,1,2,0,0,1,0,0.6,False,False,NM-K35-01_mptf.conllu,0,0,0
uskār,NOUN,obl,0,0,0,1,1,24,2910,man,PRON,nmod,1,1,4,2,3,0,0,1,1.0,True,False,NM-K35-01_mptf.conllu,1,0,0
pāyag,NOUN,obl,0,0,0,1,1,120,2,hašāgirdīh,NOUN,nmod,0,1,3,3,1,0,0,1,1.0,False,False,NM-K35-01_mptf.conllu,1,0,0
madan,NOUN,obl,0,1,0,1,1,68,787,ašmāh,PRON,nmod,0,1,2,2,1,0,0,1,0.3333333333333333,True,False,NM-K35-01_mptf.conllu,1,0,0
hambār,NOUN,obj,0,0,0,1,1,57,200,zyān,NOUN,nmod,1,1,3,3,2,0,0,1,0.5,True,False,NM-K35-01_mptf.conllu,1,0,0
nibišt,NOUN,obl,0,0,0,1,1,25,53,kird,ADJ,amod,0,1,1,2,0,0,0,0,1.0,False,True,NM-K35-01_mptf.conllu,0,1,0
hamayārīh,NOUN,obl,0,0,0,1,1,28,2910,man,PRON,nmod,0,1,2,2,1,0,0,1,0.6666666666666666,False,False,NM-K35-01_mptf.conllu,1,0,0
wizīr,NOUN,obj,0,0,0,1,1,331,85,dādīg,ADJ,amod,0,2,1,3,0,1,0,0,1.0,False,False,NM-K35-01_mptf.conllu,0,1,0
nimāyišn,NOUN,nsubj,0,0,0,1,1,63,140,dēnīg,ADJ,amod,0,1,2,1,1,0,0,1,0.16666666666666666,True,False,NM-K35-01_mptf.conllu,0,1,0
wizīr,NOUN,obl,0,0,0,1,1,331,2158,dēn,NOUN,nmod,1,1,2,3,1,0,0,1,1.0,False,False,NM-K35-01_mptf.conllu,1,0,0
āgāhīh,NOUN,acl:relcl,0,0,0,1,1,221,173,kam,ADJ,amod,0,1,3,3,1,0,0,1,0.0,False,False,NM-K35-01_mptf.conllu,0,1,0
pāsox,NOUN,nsubj,0,0,0,1,1,558,132,druwist,ADJ,amod,0,1,2,1,1,0,0,1,0.75,False,False,NM-K35-01_mptf.conllu,0,1,0
nibēg,NOUN,obl,0,0,0,1,1,54,22,zišt,ADJ,amod,0,1,3,3,0,0,0,0,0.6666666666666666,False,False,NM-K35-01_mptf.conllu,0,1,0
windišn,NOUN,nsubj,0,0,0,1,1,104,633,§,ADJ,amod,0,1,3,2,0,0,0,0,0.8333333333333334,True,False,NM-K35-01_mptf.conllu,0,1,0
bōzišn,NOUN,conj,0,0,0,1,1,128,6,škastag,ADJ,amod,1,1,2,3,1,0,0,1,0.0,True,True,NM-K35-01_mptf.conllu,0,1,1
āhōgwigrās,NOUN,nsubj,0,0,0,1,1,1,337,dar,NOUN,nmod,1,1,2,1,2,0,0,1,1.0,False,False,NM-K35-01_mptf.conllu,1,0,0
paǰasāhi,NOUN,obl,0,0,0,0,1,1,1747,zarduxšt,PROPN,nmod,0,1,1,2,0,0,1,0,0.2857142857142857,False,False,NM-K35-01_mptf.conllu,1,0,0
hamēmālīh,NOUN,obj,0,0,0,1,1,30,2,nōgdādīh,NOUN,nmod,0,1,1,1,0,0,0,0,0.5714285714285714,False,False,NM-K35-01_mptf.conllu,1,0,0
hambār,NOUN,obj,0,0,0,1,1,57,1226,ruwān,NOUN,nmod,0,1,2,1,1,0,0,1,1.0,True,False,NM-K35-01_mptf.conllu,1,0,0
nišēb,NOUN,acl:relcl,0,0,0,1,1,32,2910,=m,PRON,nmod,1,2,2,4,0,0,0,0,0.0,False,False,NM-K35-01_mptf.conllu,2,0,0
nišēb,NOUN,acl:relcl,0,0,0,1,1,32,423,gyān,NOUN,nmod,0,1,2,4,1,0,0,1,0.0,False,False,NM-K35-01_mptf.conllu,2,0,0
nērāstīhā,NOUN,obl,0,0,0,0,1,2,331,wizīr,NOUN,nmod,1,1,2,1,2,0,0,1,0.5,False,False,NM-K35-01_mptf.conllu,1,0,0
ruwān,NOUN,nmod,0,0,0,1,1,1224,1226,ruwān,NOUN,nmod,0,2,1,2,2,0,0,1,0.0,False,False,NM-K35-01_mptf.conllu,1,0,0
dušāgāhīh,NOUN,nsubj,0,0,0,1,1,108,19,guft,ADJ,amod,0,2,1,1,0,0,0,0,1.0,False,True,NM-K35-01_mptf.conllu,0,1,0
ēčand,PRON,obj,0,0,0,1,1,29,16587,ān,DET,nmod,0,1,2,1,2,0,0,1,0.6666666666666666,False,False,NM-K35-01_mptf.conllu,1,0,0
šustārān,NOUN,nsubj,1,0,0,1,1,7,30,wāspuhragāntom,ADJ,amod,0,2,3,3,0,0,0,0,0.16666666666666666,True,False,NM-K35-01_mptf.conllu,1,1,0
šustārān,NOUN,nsubj,1,0,0,1,1,7,14,sīrgān,PROPN,nmod,0,1,3,3,0,0,1,0,0.16666666666666666,True,False,NM-K35-01_mptf.conllu,1,1,0
[nām],NOUN,obj,0,1,0,1,1,528,787,[ašmāh],PRON,nmod,0,1,2,1,1,0,0,1,0.6666666666666666,False,False,NM-K35-01_mptf.conllu,1,0,0
wizend,NOUN,obl,0,0,0,1,1,109,184,garāntom,ADJ,amod,0,2,1,2,0,1,0,0,0.6,False,False,NM-K35-01_mptf.conllu,0,1,0
škorwišn,NOUN,obl,0,1,0,1,1,3,787,ašmāh,PRON,nmod,0,1,3,3,1,0,0,1,0.5,True,False,NM-K35-01_mptf.conllu,1,0,0
nērōg,NOUN,conj,0,0,0,1,1,339,110,hamēstār,NOUN,nmod,0,1,2,2,1,0,0,1,0.0,False,True,NM-K35-01_mptf.conllu,1,0,0
bun,NOUN,obl,0,0,0,1,1,959,2,škefišn,NOUN,nmod,1,1,4,1,3,0,0,0,0.75,False,True,NM-K35-01_mptf.conllu,1,0,0
paywehag,NOUN,conj:nmod,0,0,0,1,1,2,40,burz,ADJ,amod,0,2,2,2,0,0,0,0,0.0,True,False,NM-K35-01_mptf.conllu,0,1,0
nigerišn,NOUN,conj,0,0,0,1,1,32,27,zamānīg,ADJ,amod,0,2,2,1,1,0,0,0,0.0,True,False,NM-K35-01_mptf.conllu,0,1,0
xwahlgen,NOUN,nmod,0,0,0,1,1,2,2,xwahlgen,NOUN,nmod,0,2,1,1,1,0,0,0,0.0,False,False,NM-K35-01_mptf.conllu,1,0,0
xwistčašmīh,NOUN,obl,0,0,0,1,1,2,2186,frāz,ADJ,amod,0,2,1,2,0,0,0,0,1.0,False,False,NM-K35-01_mptf.conllu,0,1,0
wēnišn,NOUN,obl,0,0,0,1,1,100,204,čašm,NOUN,nmod,0,1,2,2,2,0,0,1,1.0,True,False,NM-K35-01_mptf.conllu,1,0,0
čašm,NOUN,nmod,0,0,0,1,1,201,18258,=š,PRON,nmod,5,2,1,2,0,0,0,0,0.0,False,False,NM-K35-01_mptf.conllu,1,0,0
xrad,NOUN,nsubj,0,0,0,1,1,654,18258,=iš,PRON,nmod,0,2,1,1,0,0,0,0,1.0,False,False,NM-K35-01_mptf.conllu,1,0,0
rāmēnīdārīh,NOUN,obl,0,1,0,1,1,34,787,ašmāh,PRON,nmod,1,1,2,3,1,0,0,1,0.6,False,False,NM-K35-01_mptf.conllu,1,0,0
puhl,NOUN,obl,0,0,0,1,1,11,174,škeft,ADJ,amod,0,2,1,2,0,0,0,0,1.0,False,False,NM-K35-01_mptf.conllu,0,1,0
apardazišnīh,NOUN,obl,0,0,0,1,1,7,2910,=m,PRON,nmod,0,2,1,2,0,0,0,0,0.5,True,False,NM-K35-01_mptf.conllu,1,0,0
āgāhīh,NOUN,obj,0,0,0,1,1,221,2,drōdpursišnīg,ADJ,amod,1,1,2,3,1,0,0,1,1.0,False,False,NM-K35-01_mptf.conllu,0,1,0
apardazišnīh,NOUN,obl,0,0,0,1,1,7,2910,=m,PRON,nmod,0,2,1,2,0,0,0,0,1.0,True,False,NM-K35-01_mptf.conllu,1,0,0
nibēsišn,NOUN,obj,0,0,0,1,1,30,2,āzārdārīh,NOUN,nmod,0,1,4,2,2,0,0,1,0.4,True,False,NM-K35-01_mptf.conllu,1,0,0
āzārdārīh,NOUN,nmod,0,0,0,1,0,2,3,bēšīdārīhā,ADV,amod,0,1,3,2,2,0,0,1,0.0,False,False,NM-K35-01_mptf.conllu,0,1,0
frazām,NOUN,nmod,0,0,0,1,1,191,18258,=š,PRON,nmod,0,2,1,1,0,0,0,0,0.0,False,False,NM-K35-01_mptf.conllu,1,0,0
handāsišn,NOUN,nsubj,0,0,0,1,1,2,193,frazām,NOUN,nmod,1,2,2,2,1,0,0,0,0.8,False,False,NM-K35-01_mptf.conllu,1,0,0
dil,NOUN,obl,0,0,0,1,1,95,2910,man,PRON,nmod,0,1,2,2,1,0,0,1,1.0,False,False,NM-K35-01_mptf.conllu,1,0,0
ōstīgānmihrīh,NOUN,obl,0,0,0,1,1,1,2910,man,PRON,nmod,3,1,3,3,1,0,0,1,0.42857142857142855,False,False,NM-K35-01_mptf.conllu,1,0,0
ērmenišnīh,NOUN,conj,0,0,0,1,1,29,56,čihrīg,ADJ,amod,0,2,2,1,1,0,0,0,0.0,True,False,NM-K35-01_mptf.conllu,0,1,0
rāh,NOUN,obl,0,0,0,1,1,587,3,brādarīh,NOUN,nmod,0,1,2,2,1,0,0,1,0.8571428571428571,False,False,NM-K35-01_mptf.conllu,1,0,0
tan,NOUN,nmod,0,0,0,1,1,2253,2910,=m,PRON,nmod,0,2,1,2,0,0,0,0,0.0,False,False,NM-K35-01_mptf.conllu,1,0,0
nām,NOUN,nsubj,0,0,0,1,1,528,2253,tan,NOUN,nmod,1,2,2,2,2,0,0,0,1.0,False,False,NM-K35-01_mptf.conllu,1,0,0
mihr,NOUN,root,0,0,0,1,1,289,33,čihrag,NOUN,nmod,0,1,4,6,1,0,0,1,0.0,False,False,NM-K35-01_mptf.conllu,1,0,0
gāh,NOUN,conj,0,0,0,1,1,744,2158,dēn,NOUN,nmod,0,1,3,3,1,0,0,1,0.0,False,False,NM-K35-01_mptf.conllu,1,0,0
framān,NOUN,conj,0,1,0,1,1,244,1407,yazadān,NOUN,nmod,0,1,2,1,1,0,0,1,0.0,False,False,NM-K35-01_mptf.conllu,1,0,0
rāstīh,NOUN,conj,0,0,0,1,1,199,2,ačaftišnīg,ADJ,amod,0,2,1,1,0,0,0,0,0.0,False,False,NM-K35-01_mptf.conllu,0,1,0
dil,NOUN,obl,0,0,0,1,1,95,2910,=m,PRON,nmod,0,2,1,1,0,0,0,0,0.6666666666666666,False,False,NM-K35-01_mptf.conllu,1,0,0
parwānag,NOUN,conj,0,0,0,1,1,12,1925,=t,PRON,nmod,0,2,2,3,0,0,0,0,0.0,False,False,NM-K35-01_mptf.conllu,1,0,0
axw,NOUN,obl,0,0,0,0,1,3,662,pahlom,ADJ,amod,0,2,1,5,0,1,0,0,0.3076923076923077,False,False,NM-K35-01_mptf.conllu,0,1,0
pānag,NOUN,xcomp,0,0,0,1,1,65,147,mahist,ADJ,amod,0,2,1,2,0,0,0,0,0.0,False,False,NM-K35-01_mptf.conllu,0,1,0
ēmēd,NOUN,obl,0,0,0,1,1,68,123,pādāšn,NOUN,nmod,2,1,4,3,3,0,0,1,0.6153846153846154,False,False,NM-K35-01_mptf.conllu,1,0,0
pādāšn,NOUN,nmod,0,0,0,1,1,123,6263,abartom,ADJ,amod,0,2,2,3,0,1,0,0,0.0,False,False,NM-K35-01_mptf.conllu,0,1,0
tars,NOUN,obj,0,0,0,1,1,40,10,āwāmīh,NOUN,nmod,0,1,2,2,1,0,0,1,0.6923076923076923,False,False,NM-K35-01_mptf.conllu,1,0,0
gāh,NOUN,conj,0,0,0,1,1,744,232,dād,NOUN,nmod,2,1,3,3,3,0,0,1,0.0,False,False,NM-K35-01_mptf.conllu,1,0,0
dād,NOUN,nmod,0,0,0,1,1,217,2158,dēn,NOUN,nmod,0,2,1,3,0,1,0,0,0.0,False,False,NM-K35-01_mptf.conllu,1,0,0
hamēstārīh,NOUN,obj,0,0,0,1,1,107,12,hamdēn,NOUN,nmod,0,1,3,3,1,0,0,1,0.4,False,False,NM-K35-01_mptf.conllu,1,0,0
kastārīh,NOUN,conj,0,0,0,1,1,10,232,dād,NOUN,nmod,2,1,2,2,2,0,0,1,0.0,False,False,NM-K35-01_mptf.conllu,1,0,0
padīragēstišn,NOUN,obj,0,0,0,1,1,2,107,hamēstārīh,NOUN,nmod,1,1,2,1,1,0,0,1,0.6,False,False,NM-K35-01_mptf.conllu,1,0,0
ērtanīh,NOUN,obj,0,0,0,1,1,5,176,hērbed,NOUN,nmod,2,1,3,2,2,0,0,1,1.0,False,False,NM-K35-01_mptf.conllu,1,0,0
hērbed,NOUN,nmod,0,0,0,1,0,174,499,xwadāy,NOUN,nmod,0,1,2,2,1,0,0,1,0.0,False,False,NM-K35-01_mptf.conllu,1,0,0
wizīr,NOUN,obl,0,0,0,1,1,331,2,nēbōzišnīg,ADJ,amod,0,1,1,3,0,1,0,0,0.6666666666666666,False,False,NM-K35-01_mptf.conllu,0,1,0
hamēstārīh,NOUN,obl,0,0,0,1,1,107,2910,man,PRON,nmod,0,1,2,2,1,0,0,1,0.25,False,False,NM-K35-01_mptf.conllu,1,0,0
hamēmāl,NOUN,obl,0,0,0,1,1,111,833,was,ADJ,amod,0,2,3,5,0,0,0,0,1.0,False,False,NM-K35-01_mptf.conllu,2,1,0
hamēmāl,NOUN,obl,0,0,0,1,0,111,55,pēšōbāy,NOUN,nmod,2,1,3,5,3,0,0,0,1.0,False,False,NM-K35-01_mptf.conllu,2,1,0
hamēmāl,NOUN,obl,0,0,0,1,1,111,2,hamnām,NOUN,nmod,5,1,3,5,2,0,0,0,1.0,False,False,NM-K35-01_mptf.conllu,2,1,0
pēšōbāy,NOUN,nmod,0,1,0,0,1,53,106,hudēnān,NOUN,nmod,0,2,2,3,0,0,0,0,0.0,False,False,NM-K35-01_mptf.conllu,1,0,0
hamnām,NOUN,nmod,0,0,0,1,1,2,2910,man,PRON,nmod,0,1,2,2,1,0,0,1,0.0,False,False,NM-K35-01_mptf.conllu,1,0,0
bēšud,NOUN,obl,0,0,0,1,1,3,2910,man,PRON,nmod,0,1,4,3,1,0,0,1,0.25,True,False,NM-K35-01_mptf.conllu,1,0,0
nēbūd,NOUN,conj,0,0,0,1,1,2,105,ayār,NOUN,nmod,1,1,3,2,4,0,0,1,0.0,True,True,NM-K35-01_mptf.conllu,1,0,0
ayār,NOUN,nmod,0,1,0,1,1,101,787,=tān,PRON,nmod,0,2,2,4,0,0,0,0,0.0,True,False,NM-K35-01_mptf.conllu,2,0,0
ayār,NOUN,nmod,0,0,0,1,1,101,2910,man,PRON,nmod,2,1,2,4,2,0,0,1,0.0,True,False,NM-K35-01_mptf.conllu,2,0,1
ziyān,NOUN,nsubj,0,1,0,1,1,198,787,ašmāh,PRON,nmod,0,1,2,2,1,0,0,1,0.5,False,False,NM-K35-01_mptf.conllu,2,0,0
ziyān,NOUN,nsubj,0,0,0,1,1,198,16587,ān,DET,nmod,6,1,2,2,1,0,0,0,0.5,False,False,NM-K35-01_mptf.conllu,2,0,0
hamēmāl,NOUN,obl,0,0,0,1,1,111,833,was,ADJ,amod,0,2,3,4,0,0,0,0,0.75,False,False,NM-K35-01_mptf.conllu,0,1,0
dōšāram,NOUN,conj,0,0,0,1,1,69,1092,kas,PRON,nmod,0,1,2,1,1,0,0,1,0.0,False,False,NM-K35-01_mptf.conllu,1,0,0
āzarm,NOUN,advcl,0,0,0,1,1,16,1092,kas,PRON,nmod,0,1,3,6,1,0,0,1,0.0,False,False,NM-K35-01_mptf.conllu,1,0,0
warzišn,NOUN,obl,0,0,0,1,1,30,2158,dēn,NOUN,nmod,0,1,2,2,1,0,0,1,0.3333333333333333,True,False,NM-K35-01_mptf.conllu,1,0,0
gāh,NOUN,obl,0,0,0,1,1,744,2158,dēn,NOUN,nmod,0,1,2,2,1,0,0,1,0.6666666666666666,False,False,NM-K35-01_mptf.conllu,1,0,0
dōst,NOUN,advcl,0,0,0,1,1,180,2910,=im,PRON,nmod,1,2,1,5,0,0,0,0,0.0,False,False,NM-K35-01_mptf.conllu,1,1,0
dōst,NOUN,advcl,0,0,0,1,1,180,2,dōšihist,ADJ,amod,0,2,1,5,0,0,0,0,0.0,False,True,NM-K35-01_mptf.conllu,1,1,0
hampahikār,NOUN,root,0,0,0,1,1,10,18258,=iš,PRON,nmod,0,2,2,5,0,0,0,0,0.0,True,False,NM-K35-01_mptf.conllu,1,0,0
tuhišn,NOUN,nmod,0,0,0,1,1,18,28,zīg,NOUN,nmod,1,2,1,2,0,0,0,0,0.0,False,False,NM-K35-01_mptf.conllu,1,1,0
tuhišn,NOUN,nmod,0,0,0,1,1,18,460,meh,ADJ,amod,0,2,1,2,0,0,0,0,0.0,False,False,NM-K35-01_mptf.conllu,1,1,0
rāstīh,NOUN,nsubj,0,0,0,1,1,199,21,tuhišn,NOUN,nmod,0,2,2,1,2,0,0,0,0.3333333333333333,False,False,NM-K35-01_mptf.conllu,1,0,0
hangām,NOUN,obl,0,0,0,1,1,224,423,gyān,NOUN,nmod,0,1,2,1,1,0,0,1,0.6666666666666666,False,False,NM-K35-01_mptf.conllu,1,0,0
wehān,NOUN,obl,1,0,0,1,1,339,14,sīrgān,PROPN,nmod,0,1,2,2,1,0,1,1,0.6,False,False,NM-K35-01_mptf.conllu,1,0,0
nibēsišn,NOUN,nmod,0,0,0,1,1,30,790,ēwēnag,NOUN,nmod,0,2,2,1,1,0,0,0,0.0,True,False,NM-K35-01_mptf.conllu,1,0,0
kunišn,NOUN,nsubj,0,0,0,1,1,980,30,nibēsišn,NOUN,nmod,3,2,3,1,1,0,0,0,0.5,True,True,NM-K35-01_mptf.conllu,1,0,0
darrišn,NOUN,obl,0,0,0,1,1,13,139,hannām,NOUN,nmod,3,1,4,4,2,0,0,1,0.6666666666666666,True,False,NM-K35-01_mptf.conllu,1,0,0
hannām,NOUN,nmod,0,0,0,1,1,138,2375,xwēš,PRON,nmod,0,2,1,2,0,0,0,0,0.0,False,False,NM-K35-01_mptf.conllu,1,0,0
darmān,NOUN,obl,0,0,0,1,1,44,16587,ān,PRON,nmod,0,2,1,3,0,0,0,0,0.8333333333333334,False,False,NM-K35-01_mptf.conllu,1,0,0
dārūn,NOUN,obl,0,0,0,1,1,12,23,sōzāg,ADJ,amod,1,2,2,3,1,1,0,1,1.0,False,False,NM-K35-01_mptf.conllu,0,2,0
dārūn,NOUN,obl,0,0,0,1,1,12,2,dardgar,ADJ,amod,0,2,2,3,0,1,0,0,1.0,False,False,NM-K35-01_mptf.conllu,0,2,0
framān,NOUN,advcl,0,0,0,1,1,244,2158,dēn,NOUN,nmod,0,2,2,4,1,1,0,1,0.0,False,False,NM-K35-01_mptf.conllu,1,0,0
nāmag,NOUN,obj,0,0,0,1,1,79,7,apardazišnīh,NOUN,nmod,0,1,4,2,4,1,0,1,0.4,False,True,NM-K35-01_mptf.conllu,1,0,0
apardazišnīh,NOUN,nmod,0,0,0,1,1,7,833,was,ADJ,amod,2,1,3,4,2,0,0,1,0.0,True,False,NM-K35-01_mptf.conllu,1,1,1
apardazišnīh,NOUN,nmod,0,0,0,1,1,7,14,menišnīh,NOUN,nmod,5,1,3,4,4,0,0,0,0.0,True,True,NM-K35-01_mptf.conllu,1,1,1
menišnīh,NOUN,nmod,0,0,0,1,1,14,184,garān,ADJ,amod,2,1,2,4,2,0,0,1,0.0,True,False,NM-K35-01_mptf.conllu,0,1,1
mard,NOUN,obj,0,0,0,1,1,2067,2375,xwēš,PRON,amod,0,1,2,1,1,0,0,1,0.6666666666666666,False,False,NM-K35-01_mptf.conllu,0,1,0
nāmag,NOUN,obl,0,0,0,1,1,79,17,gugānīgtar,ADJ,amod,0,1,3,2,3,0,0,1,1.0,False,False,NM-K35-01_mptf.conllu,0,1,0
ē,NOUN,obl,0,0,0,0,1,6,4,semāhag,NOUN,amod,0,2,1,1,0,0,0,0,0.7142857142857143,False,False,NM-K35-01_mptf.conllu,0,1,0
passāzišn,NOUN,obl,0,1,0,1,1,28,310,soxanān,NOUN,nmod,0,1,2,1,1,0,0,1,0.4,True,False,NM-K35-01_mptf.conllu,1,0,0
wardēnīdan,NOUN,obl,0,0,0,1,1,12,331,wizīr,NOUN,nmod,1,1,2,2,1,0,0,1,0.6,True,False,NM-K35-01_mptf.conllu,1,0,0
sahišnīh,NOUN,advcl,0,1,0,1,1,3,787,=itān,PRON,nmod,2,2,2,3,0,0,0,0,0.0,True,False,NM-K35-01_mptf.conllu,2,0,0
sahišnīh,NOUN,advcl,0,0,0,1,1,3,42,mehdādestānīh,NOUN,nmod,0,2,2,3,1,0,0,0,0.0,True,False,NM-K35-01_mptf.conllu,2,0,0
nēwardēnīdan,NOUN,conj,0,1,0,1,0,2,190,nērangīhā,NOUN,nmod,2,1,3,2,3,0,0,0,0.0,True,False,NM-K35-01_mptf.conllu,1,0,0
nērangīhā,NOUN,nmod,1,0,0,0,1,190,537,abestāg,NOUN,nmod,0,2,2,3,1,1,0,1,0.0,False,False,NM-K35-01_mptf.conllu,1,1,0
nērangīhā,NOUN,nmod,1,1,0,0,0,190,2,yōǰdāsrgarīhā,ADJ,amod,0,1,2,3,0,1,0,0,0.0,False,False,NM-K35-01_mptf.conllu,1,1,0
kār,NOUN,obl,0,1,0,1,1,1414,158,yōǰdāsrgarān,NOUN,nmod,0,2,4,3,0,0,0,0,0.4,True,False,NM-K35-01_mptf.conllu,2,0,0
kār,NOUN,obl,0,0,0,1,1,1414,43,yōǰdāsrgarīh,NOUN,nmod,0,1,4,3,1,0,0,1,0.4,True,False,NM-K35-01_mptf.conllu,2,0,0
kirdan,NOUN,obl,0,1,0,1,1,79,1864,wehān,NOUN,nmod,0,1,2,2,1,0,0,1,0.6,True,False,NM-K35-01_mptf.conllu,1,0,0
čāštag,NOUN,obl,0,1,0,1,1,239,481,dastwarān,NOUN,nmod,0,1,2,2,1,0,0,1,0.8,True,False,NM-K35-01_mptf.conllu,1,0,0
dād,NOUN,nmod,0,0,0,1,1,217,232,dād,NOUN,nmod,0,2,2,2,2,0,0,0,0.0,False,False,NM-K35-01_mptf.conllu,2,0,0
dād,NOUN,nmod,0,0,0,1,1,217,521,bār,NOUN,nmod,1,1,2,2,2,0,0,1,0.0,False,True,NM-K35-01_mptf.conllu,2,0,0
ayābišnān,NOUN,obl,1,1,0,1,1,26,158,yōǰdāsrgarān,NOUN,nmod,0,2,2,1,1,0,0,0,0.4444444444444444,True,False,NM-K35-01_mptf.conllu,1,0,0
dehān,NOUN,obl,1,0,0,1,1,348,152,ērān,PROPN,nmod,0,2,1,2,0,0,1,0,0.5555555555555556,False,False,NM-K35-01_mptf.conllu,1,0,0
raft,NOUN,obj,0,0,0,1,1,8,3,winnārd,NOUN,nmod,1,1,3,2,1,1,0,0,0.2,True,True,NM-K35-01_mptf.conllu,1,0,0
winnārd,NOUN,nmod,0,0,0,1,1,1,186,nōg,ADJ,amod,0,2,2,1,1,0,0,1,0.0,True,False,NM-K35-01_mptf.conllu,0,1,0
bēšāzēnīdārīh,NOUN,obl,0,0,0,1,1,9,6,padīragīh,NOUN,nmod,0,2,1,2,0,0,0,0,0.3,False,False,NM-K35-01_mptf.conllu,1,0,0
frazendān,NOUN,iobj,1,0,0,1,1,387,2375,xwēš,PRON,nmod,0,1,5,3,1,0,0,0,0.6,False,False,NM-K35-01_mptf.conllu,1,1,0
frazendān,NOUN,iobj,1,0,0,1,1,387,2,dōšist,ADJ,amod,2,1,5,3,1,0,0,1,0.6,False,False,NM-K35-01_mptf.conllu,1,1,0
abestāmīh,NOUN,obl,0,1,0,1,1,4,1407,yazadān,NOUN,nmod,0,2,1,2,0,0,0,0,1.0,False,False,NM-K35-01_mptf.conllu,1,0,0
rāyēnīdār,NOUN,obj,0,0,0,1,1,33,2910,man,PRON,nmod,3,1,2,3,2,0,0,1,0.5,True,False,NM-K35-01_mptf.conllu,1,0,0
pāsbānīh,NOUN,obl,0,0,0,1,1,20,770,xwad,PRON,nmod,0,2,2,3,0,0,0,0,0.75,False,False,NM-K35-01_mptf.conllu,1,0,0
mān,NOUN,obl,0,0,0,1,1,413,7,sirāb,PROPN,nmod,0,1,1,2,0,0,1,0,1.0,False,False,NM-K35-01_mptf.conllu,1,0,0
dehān,NOUN,obl,1,0,0,1,1,348,152,ērān,PROPN,nmod,0,2,1,2,0,0,1,0,0.3333333333333333,False,False,NM-K35-01_mptf.conllu,1,0,0
kišwar,NOUN,obl,0,0,0,1,1,281,119,dūrtar,ADJ,amod,0,2,1,2,0,0,0,0,0.6666666666666666,False,False,NM-K35-01_mptf.conllu,0,1,0
sraw,NOUN,obj,0,0,0,0,1,70,2,wadkird,NOUN,nmod,1,1,3,1,3,0,0,1,1.0,False,False,NM-K35-01_mptf.conllu,1,0,0
wadkird,NOUN,nmod,0,1,0,1,1,2,787,ašmāh,PRON,nmod,0,1,2,3,1,0,0,1,0.0,False,False,NM-K35-01_mptf.conllu,1,0,0
stāyišn,NOUN,obl,0,1,0,1,1,160,4718,=išān,PRON,nmod,0,2,2,1,1,0,0,0,0.7142857142857143,True,False,NM-K35-01_mptf.conllu,1,0,0
abarwārag,NOUN,nsubj,0,0,0,1,1,8,2,andargpahikārīh,NOUN,nmod,1,1,2,1,2,0,0,1,0.5,False,False,NM-K35-01_mptf.conllu,1,0,0
rēmanān,NOUN,dislocated:topic,1,1,0,1,1,12,348,dehān,NOUN,nmod,1,1,2,1,2,0,0,1,0.0,False,False,NM-K35-01_mptf.conllu,1,0,0
dehān,NOUN,nmod,1,0,0,1,1,348,152,ērān,PROPN,nmod,0,2,1,2,0,0,1,0,0.0,False,False,NM-K35-01_mptf.conllu,1,0,0
rāh,NOUN,nsubj,0,1,0,1,1,587,4718,=išān,PRON,nmod,3,2,1,1,0,0,0,0,1.0,False,False,NM-K35-01_mptf.conllu,1,0,0
rāh,NOUN,nmod,0,0,0,1,1,587,2,pixšustārīh,NOUN,nmod,1,2,2,1,1,0,0,0,0.0,False,False,NM-K35-01_mptf.conllu,1,0,0
nāmag,NOUN,obl,0,0,0,1,1,79,587,rāh,NOUN,nmod,1,2,4,4,1,0,0,0,0.08333333333333333,False,False,NM-K35-01_mptf.conllu,2,0,0
nāmag,NOUN,obl,0,0,0,1,1,79,2,dilgišnīg,ADJ,nmod,0,2,4,4,0,0,0,0,0.08333333333333333,False,False,NM-K35-01_mptf.conllu,2,0,0
rāh,NOUN,acl:relcl,0,1,0,1,1,587,4718,=šān,PRON,nmod,1,2,3,5,0,0,0,0,0.0,False,False,NM-K35-01_mptf.conllu,1,0,0
šōyišn,NOUN,obl,0,0,0,1,0,231,2,paṇcadasa,NOUN,nmod,0,1,2,2,1,0,0,1,0.4166666666666667,True,False,NM-K35-01_mptf.conllu,1,0,0
wināhgārīh,NOUN,nsubj,0,0,0,1,1,111,1,nōgwaxšīdārīh,NOUN,nmod,0,2,1,1,0,0,0,0,0.75,False,False,NM-K35-01_mptf.conllu,1,0,0
gōšt,NOUN,dislocated:topic,0,1,0,1,1,148,787,=tān,PRON,nmod,0,2,1,1,0,0,0,0,0.0,False,False,NM-K35-01_mptf.conllu,1,0,0
tis,NOUN,nmod,0,1,0,1,1,1502,787,=tān,PRON,nmod,0,2,1,1,0,0,0,0,0.0,False,False,NM-K35-01_mptf.conllu,1,0,0
hangōšīdag,NOUN,obl,0,0,0,1,1,95,1505,tis,NOUN,nmod,0,2,2,1,1,0,0,0,0.125,True,False,NM-K35-01_mptf.conllu,1,0,0
bahr,NOUN,obj,0,0,0,1,1,410,288,sālārīh,NOUN,nmod,0,1,2,1,1,0,0,1,0.25,False,False,NM-K35-01_mptf.conllu,1,0,0
xwurdag,NOUN,nsubj,0,1,0,1,1,51,80,xwurdagān,NOUN,nmod,0,2,2,2,0,0,0,0,0.375,True,True,NM-K35-01_mptf.conllu,1,0,0
nām,NOUN,obl,0,0,0,1,1,528,23,pēšōbāyīh,NOUN,nmod,0,1,2,3,1,0,0,1,0.5,False,False,NM-K35-01_mptf.conllu,1,0,0
nām,NOUN,obl,0,0,0,1,1,528,2,sādag,ADJ,amod,1,1,2,4,1,0,0,1,0.875,False,True,NM-K35-01_mptf.conllu,1,1,1
nām,NOUN,obl,0,1,0,1,1,528,140,dēnīgān,NOUN,nmod,2,1,2,4,0,0,0,0,0.875,False,False,NM-K35-01_mptf.conllu,1,1,1
kār,NOUN,nsubj,0,0,0,1,1,1414,6263,abartom,ADJ,amod,0,2,2,3,1,1,0,1,0.5,True,False,NM-K35-01_mptf.conllu,1,1,0
kār,NOUN,nsubj,0,0,0,1,1,1414,770,xwad,PRON,nmod,0,1,2,3,1,1,0,1,0.5,True,False,NM-K35-01_mptf.conllu,1,1,0
tis,NOUN,conj,0,0,0,1,1,1502,961,pēš,ADV,amod,0,2,1,1,0,0,0,0,0.0,False,False,NM-K35-01_mptf.conllu,0,1,0
ǰudwurrrōyišnān,NOUN,nsubj,1,0,0,1,1,2,269,sardag,NOUN,nmod,0,1,2,1,2,0,0,1,0.2,False,True,NM-K35-01_mptf.conllu,1,0,0
passāzišn,NOUN,obl,0,0,0,1,1,28,890,gōwišn,NOUN,nmod,1,1,3,3,2,0,0,1,0.4,True,True,NM-K35-01_mptf.conllu,1,0,0
gōwišn,NOUN,nmod,0,1,0,1,1,888,481,dastwarān,NOUN,nmod,0,1,2,2,1,0,0,1,0.0,True,False,NM-K35-01_mptf.conllu,1,0,0
bōzišn,NOUN,obj,0,0,0,1,1,128,208,pēšag,NOUN,nmod,1,1,3,2,1,0,0,0,0.4,True,False,NM-K35-01_mptf.conllu,1,0,0
ǰudristagān,NOUN,conj:nmod,1,0,0,1,1,14,2,ārang,NOUN,nmod,0,2,1,1,0,0,0,0,0.0,True,False,NM-K35-01_mptf.conllu,1,0,0
xwad,PRON,obl,0,1,0,1,1,737,787,=tān,PRON,nmod,4,2,2,3,0,0,0,0,1.0,False,False,NM-K35-01_mptf.conllu,1,0,0
nērang,NOUN,conj,0,0,0,1,1,190,239,čāštag,NOUN,nmod,1,1,2,2,3,0,0,1,0.0,False,True,NM-K35-01_mptf.conllu,1,0,0
yazišngarīh,NOUN,obl,0,0,0,1,1,4,4,dōnānīh,NOUN,nmod,0,2,1,2,0,0,0,0,0.3333333333333333,False,False,NM-K35-01_mptf.conllu,1,0,0
čāštag,NOUN,obl,0,0,0,1,1,239,537,abestāg,NOUN,nmod,1,2,2,2,1,0,0,0,0.6666666666666666,True,False,NM-K35-01_mptf.conllu,1,0,0
saxwan,NOUN,nsubj,0,0,0,1,1,306,833,was,ADJ,amod,0,2,2,3,0,0,0,0,1.0,False,False,NM-K35-01_mptf.conllu,1,1,0
saxwan,NOUN,nsubj,0,0,0,1,1,306,1505,tis,NOUN,nmod,2,1,2,3,3,0,0,1,1.0,False,False,NM-K35-01_mptf.conllu,1,1,0
tis,NOUN,nmod,0,0,0,1,1,1502,74,mānāg,ADJ,amod,0,2,1,3,0,1,0,0,0.0,False,False,NM-K35-01_mptf.conllu,0,1,0
nišānag,NOUN,nsubj,0,0,0,1,1,19,74,ādurbād,PROPN,nmod,0,2,2,2,1,1,1,1,0.5,False,False,NM-K35-01_mptf.conllu,1,0,0
menišn,NOUN,obl,0,1,0,1,1,518,2716,mardōmān,NOUN,nmod,0,1,2,2,1,0,0,1,1.0,True,False,NM-K35-01_mptf.conllu,1,0,0
awištāb,NOUN,obl,0,0,0,1,1,14,6,tund,ADJ,amod,0,2,1,2,0,0,0,0,0.6666666666666666,False,False,NM-K35-01_mptf.conllu,0,1,0
dard,NOUN,obl,0,0,0,1,1,132,184,garān,ADJ,nmod,0,2,2,7,0,0,0,0,0.5,False,False,NM-K35-01_mptf.conllu,1,0,0
andōh,NOUN,conj,0,0,0,1,1,11,6,dušxwārag,ADJ,amod,0,2,1,1,0,0,0,0,0.0,False,False,NM-K35-01_mptf.conllu,0,1,0
manuščihr,PROPN,nsubj,0,0,0,1,1,109,20,ǰuwānǰamān,PROPN,nmod,0,1,6,2,0,0,1,0,1.0,False,False,NM-K35-01_mptf.conllu,1,0,0
manuščihr,PROPN,nsubj,0,0,0,1,1,109,6,framādār,NOUN,appos,6,1,6,2,2,0,0,1,1.0,False,True,NM-K35-01_mptf.conllu,1,0,0
āsrōnān,NOUN,nmod,1,0,0,1,1,138,64,pārs,PROPN,nmod,2,2,3,1,1,0,1,0,0.0,False,False,NM-K35-01_mptf.conllu,1,0,0
pēšag,NOUN,nmod,0,1,0,1,1,205,139,āsrōnān,NOUN,nmod,0,2,4,1,1,0,0,0,0.0,False,False,NM-K35-01_mptf.conllu,1,0,0
framādār,NOUN,appos,0,0,0,1,1,6,208,pēšag,NOUN,nmod,0,2,5,2,1,0,0,0,0.0,True,False,NM-K35-01_mptf.conllu,1,0,0
šnāyišn,NOUN,obl,0,0,0,1,1,97,1006,dādār,NOUN,nmod,4,1,4,4,6,0,0,1,0.3333333333333333,True,True,NM-K35-01_mptf.conllu,1,0,0
dādār,NOUN,nmod,0,0,0,1,1,998,3242,ohrmazd,PROPN,flat,0,1,3,6,0,0,1,0,0.0,True,False,NM-K35-01_mptf.conllu,0,0,0
yazadān,NOUN,conj:nmod,1,0,0,1,1,1403,1550,mēnōyān,NOUN,nmod,0,1,2,2,1,0,0,1,0.0,False,False,NM-K35-01_mptf.conllu,1,0,0
yazadān,NOUN,conj:nmod,1,0,0,1,1,1403,1135,gētīyān,NOUN,nmod,0,1,2,2,1,0,0,1,0.0,False,False,NM-K35-01_mptf.conllu,1,0,0
frawahr,NOUN,conj:nmod,0,1,0,1,1,313,50,ašōān,NOUN,nmod,0,1,2,2,1,0,0,1,0.0,False,False,NM-K35-01_mptf.conllu,1,0,0
rad,NOUN,obl,0,0,0,1,1,756,136,buland,ADJ,amod,0,1,2,2,1,0,0,1,0.6666666666666666,False,False,NM-K35-01_mptf.conllu,0,1,0
dādār,NOUN,obl,0,0,0,1,1,998,3242,ohrmazd,PROPN,flat,0,1,3,3,0,0,1,0,1.0,True,False,NM-K35-01_mptf.conllu,0,0,0
aštagtom,NOUN,conj,0,0,0,1,1,22,23,aštag,NOUN,nmod,0,2,2,2,1,0,0,0,0.0,True,True,NM-K35-01_mptf.conllu,1,0,0
aštagtom,NOUN,conj,0,0,0,1,1,22,359,spitamān,PROPN,appos,0,1,2,2,1,0,1,0,0.0,True,False,NM-K35-01_mptf.conllu,1,0,0
spitamān,PROPN,appos,0,0,0,1,1,356,1747,zarduxšt,PROPN,flat,0,1,1,1,0,0,1,0,0.0,False,False,NM-K35-01_mptf.conllu,0,0,0
rāh,NOUN,root,0,0,0,1,1,587,1488,ahlāyīh,NOUN,nmod,0,1,6,5,1,0,0,1,0.0,False,False,NM-K35-01_mptf.conllu,1,0,0
[ān],PRON,conj,0,0,0,1,1,1928,2,[ǰudrāh],NOUN,nmod,0,1,4,2,3,0,0,1,0.0,False,False,NM-K35-01_mptf.conllu,1,0,0
[ǰudrāh],NOUN,nmod,0,0,0,1,1,2,16587,ān,PRON,nmod,2,1,3,3,3,0,0,0,0.0,False,False,NM-K35-01_mptf.conllu,1,0,0
ān,PRON,nmod,0,0,0,1,1,1928,153,wisp,DET,amod,1,2,2,3,1,0,0,1,0.0,False,False,NM-K35-01_mptf.conllu,0,1,0
nām,NOUN,root,0,1,0,1,1,528,1407,yazadān,NOUN,nmod,0,1,2,2,1,0,0,1,0.0,False,False,NM-K35-01_mptf.conllu,1,0,0
paččēn,NOUN,root,0,0,0,1,1,46,28,wišādag,ADJ,amod,0,1,5,5,1,0,0,1,0.0,False,True,NM-K35-01_mptf.conllu,1,1,0
paččēn,NOUN,root,0,0,0,1,1,46,109,manuščihr,PROPN,nmod,3,1,5,5,3,0,1,1,0.0,False,False,NM-K35-01_mptf.conllu,1,1,0
hērbed,NOUN,nmod,0,0,0,1,0,174,499,xwadāy,NOUN,flat,0,1,1,1,0,0,0,0,0.0,False,False,NM-K35-01_mptf.conllu,0,0,0
manuščihr,PROPN,nmod,0,0,0,1,1,109,176,hērbed,NOUN,nmod,1,2,2,3,1,0,0,0,0.0,False,False,NM-K35-01_mptf.conllu,2,0,0
manuščihr,PROPN,nmod,0,0,0,1,1,109,20,ǰuwānčimān,PROPN,nmod,0,1,2,3,1,0,1,1,0.0,False,False,NM-K35-01_mptf.conllu,2,0,0
wināhīh,NOUN,obl,0,0,0,1,1,21,184,garān,ADJ,amod,0,2,4,2,0,0,0,0,1.0,False,False,NM-K35-01_mptf.conllu,1,1,0
wināhīh,NOUN,obl,0,0,0,1,1,21,4,nēšāyist,NOUN,nmod,0,1,4,2,2,0,0,1,1.0,False,True,NM-K35-01_mptf.conllu,1,1,0
nēšāyist,NOUN,nmod,0,0,0,1,1,2,231,šōyišn,NOUN,nmod,0,1,3,2,2,0,0,1,0.0,True,True,NM-K35-01_mptf.conllu,1,0,0
šōyišn,NOUN,nmod,0,0,0,1,1,231,521,bār,NOUN,nmod,2,1,2,2,3,0,0,1,0.0,True,True,NM-K35-01_mptf.conllu,1,0,0
nām,NOUN,root,0,1,0,1,1,528,1407,yazadān,NOUN,nmod,0,1,2,2,1,0,0,1,0.0,False,False,NM-K35-01_mptf.conllu,1,0,0
man,PRON,obj,0,0,0,1,1,2907,109,manuščihrān,PROPN,appos,0,1,4,1,2,0,1,0,0.08333333333333333,False,False,NM-K35-01_mptf.conllu,0,0,0
manuščihrān,PROPN,appos,0,0,0,1,1,109,20,ǰuwānǰamān,PROPN,nmod,0,1,3,2,1,0,1,1,0.0,False,False,NM-K35-01_mptf.conllu,1,0,0
manuščihrān,PROPN,appos,0,0,0,1,1,109,756,rad,NOUN,appos,3,1,3,2,1,0,0,0,0.0,False,False,NM-K35-01_mptf.conllu,1,0,0
rad,NOUN,appos,0,0,0,1,1,756,64,pārs,PROPN,nmod,1,2,2,1,1,0,1,0,0.0,False,False,NM-K35-01_mptf.conllu,1,0,0
kustag,NOUN,obl,0,0,0,1,1,149,139,ērānšahr,PROPN,nmod,0,1,2,2,1,0,1,1,0.25,True,False,NM-K35-01_mptf.conllu,1,0,0
zādspram,PROPN,nsubj,0,0,0,1,1,19,20,ǰuwānǰamān,PROPN,nmod,0,1,1,1,0,0,1,0,0.5,False,False,NM-K35-01_mptf.conllu,1,0,0
šōyišn,NOUN,obj,0,0,0,1,1,231,790,ēwēnag,NOUN,nmod,0,2,2,1,1,0,0,0,1.0,True,False,NM-K35-01_mptf.conllu,1,0,0
dād,NOUN,nsubj,0,1,0,1,1,217,481,dastwarān,NOUN,nmod,0,2,1,1,0,0,0,0,0.5,True,False,NM-K35-01_mptf.conllu,1,0,0
sahišn,NOUN,obl,0,0,0,1,1,52,2910,man,PRON,nmod,0,2,2,6,1,1,0,1,1.0,True,False,NM-K35-01_mptf.conllu,1,0,0
hudēnān,NOUN,obj,1,1,0,1,0,94,154,kustagīhā,NOUN,nmod,0,1,3,2,2,0,0,1,0.2857142857142857,False,True,NM-K35-01_mptf.conllu,1,0,0
kustagīhā,NOUN,nmod,1,0,0,0,1,149,139,ērānšahr,PROPN,nmod,0,1,2,2,1,0,1,1,0.0,True,False,NM-K35-01_mptf.conllu,1,0,0
ōstīgēnēnīdārīh,NOUN,obl,0,0,0,1,1,2,18258,=š,PRON,nmod,0,1,1,2,0,0,0,0,0.42857142857142855,False,False,NM-K35-01_mptf.conllu,1,0,0
sahišn,NOUN,obj,0,0,0,1,1,52,2375,xwēš,PRON,amod,0,2,1,1,0,0,0,0,0.8571428571428571,True,False,NM-K35-01_mptf.conllu,0,1,0
frēzwānīgīh,NOUN,obl,0,0,0,1,1,6,65,baršnūm,NOUN,nmod,0,1,2,2,1,0,0,1,0.5,False,False,NM-K35-01_mptf.conllu,1,0,0
paččēn,NOUN,obj,0,0,0,1,1,46,42,nibištag,NOUN,nmod,1,1,2,2,1,0,0,1,0.75,False,True,NM-K35-01_mptf.conllu,1,0,0
wizīr,NOUN,conj,0,1,0,1,1,331,481,dastwarān,NOUN,nmod,0,1,1,2,0,0,0,0,0.0,False,False,NM-K35-01_mptf.conllu,1,0,0
čāštagīhā,NOUN,conj,1,1,0,0,1,239,117,pōryōtkēšān,NOUN,nmod,0,1,1,1,0,0,0,0,0.0,True,False,NM-K35-01_mptf.conllu,1,0,0
āgāhīh,NOUN,conj,0,0,0,1,1,221,182,kardag,NOUN,nmod,0,2,1,1,0,0,0,0,0.0,False,True,NM-K35-01_mptf.conllu,1,0,0
paywēšagīh,NOUN,conj,0,0,0,1,1,2,168,gētīyīg,ADJ,amod,0,2,2,2,1,0,0,0,0.0,False,False,NM-K35-01_mptf.conllu,0,1,0
xwarrah,NOUN,obl,0,0,0,1,1,554,68,amaragān,NOUN,nmod,0,1,2,2,2,0,0,1,0.14285714285714285,False,False,NM-K35-01_mptf.conllu,1,0,0
amaragān,NOUN,nmod,0,0,0,1,1,7,51,āšnāg,ADJ,amod,0,1,1,2,0,0,0,0,0.0,False,False,NM-K35-01_mptf.conllu,0,1,0
baršnūm,NOUN,xcomp,0,0,0,1,1,65,208,pēšag,NOUN,nmod,1,1,2,1,2,0,0,0,0.0,False,False,NM-K35-01_mptf.conllu,1,0,0
nērang,NOUN,obj,0,1,0,1,0,190,107,ēwēnīhā,NOUN,nmod,0,1,2,2,1,0,0,1,0.2857142857142857,False,False,NM-K35-01_mptf.conllu,1,0,0
paywēšag,NOUN,obl,0,0,0,1,1,26,85,asar,ADJ,amod,0,1,2,3,0,0,0,0,0.5714285714285714,False,False,NM-K35-01_mptf.conllu,0,2,0
paywēšag,NOUN,obl,0,0,0,1,1,26,168,gētīyīg,ADJ,amod,1,1,2,3,1,0,0,1,0.5714285714285714,False,False,NM-K35-01_mptf.conllu,0,2,0
čāštag,NOUN,obl,0,0,0,1,1,239,2158,dēn,NOUN,nmod,0,2,1,2,0,0,0,0,1.0,True,False,NM-K35-01_mptf.conllu,1,0,0
gōwišn,NOUN,obl,0,0,0,1,1,888,239,čāštag,NOUN,nmod,1,1,6,5,3,0,0,1,0.5,True,True,NM-K35-01_mptf.conllu,1,0,0
gōwišn,NOUN,conj,0,0,0,1,1,888,2654,ēk,NUM,nmod,0,1,4,2,2,0,0,1,0.0,True,False,NM-K35-01_mptf.conllu,1,0,0
gōwišn,NOUN,conj,0,0,0,1,1,888,2654,ēk,NUM,nmod,0,1,5,3,2,0,0,1,0.0,True,False,NM-K35-01_mptf.conllu,1,0,0
dastwarān,NOUN,nmod,1,0,0,1,1,480,239,čāštag,NOUN,nmod,2,1,3,2,2,0,0,1,0.0,False,True,NM-K35-01_mptf.conllu,1,0,0
šāyistīh,NOUN,obl,0,0,0,1,1,4,1473,paydāg,ADJ,amod,0,1,1,2,0,0,0,0,0.75,False,False,NM-K35-01_mptf.conllu,0,1,0
kardag,NOUN,conj,0,1,0,1,1,178,117,pōryōtkēšān,NOUN,nmod,0,1,4,3,2,0,0,1,0.0,True,False,NM-K35-01_mptf.conllu,1,0,0
pōryōtkēšān,NOUN,nmod,1,1,0,1,0,101,239,čāštagīhā,NOUN,nmod,3,1,3,2,3,0,0,1,0.0,False,True,NM-K35-01_mptf.conllu,1,0,0
šōyišn,NOUN,obj,0,0,0,1,1,231,790,ēwēnag,NOUN,nmod,0,2,2,1,1,0,0,0,0.3333333333333333,True,False,NM-K35-01_mptf.conllu,1,0,0
šustār,NOUN,obj,0,0,0,1,1,7,790,ēwēnag,NOUN,nmod,0,2,2,1,1,0,0,0,1.0,True,False,NM-K35-01_mptf.conllu,1,0,0
yōǰdahrgar,NOUN,xcomp,0,0,0,1,1,158,14,passandišnīg,ADJ,amod,0,1,2,2,1,0,0,1,0.0,False,False,NM-K35-01_mptf.conllu,0,1,0
rēmanān,NOUN,nsubj,1,0,0,1,1,12,790,ēwēnag,NOUN,nmod,0,2,5,3,1,0,0,0,0.16666666666666666,False,False,NM-K35-01_mptf.conllu,1,0,0
čārag,NOUN,obl,0,0,0,1,1,74,5,čegāmiz,NOUN,nmod,1,2,1,3,0,0,0,0,0.3333333333333333,False,False,NM-K35-01_mptf.conllu,1,1,0
čārag,NOUN,obl,0,0,0,1,1,74,62,frēzwānīg,ADJ,amod,0,2,1,3,0,0,0,0,0.3333333333333333,False,False,NM-K35-01_mptf.conllu,1,1,0
šōyišnīh,NOUN,nsubj,0,0,0,1,1,9,521,bār,NOUN,nmod,1,1,2,1,1,0,0,0,0.6666666666666666,True,True,NM-K35-01_mptf.conllu,1,0,0
šōyišn,NOUN,obl,0,0,0,1,1,231,790,ēwēnag,NOUN,nmod,0,2,2,2,1,0,0,0,0.5,True,False,NM-K35-01_mptf.conllu,1,0,0
baršnūm,NOUN,nmod,0,0,0,1,1,65,65,baršnūm,NOUN,nmod,0,2,1,3,3,0,0,1,0.0,False,False,NM-K35-01_mptf.conllu,1,0,0
āb,NOUN,nmod,0,0,0,1,1,2066,2067,āb,NOUN,nmod,0,2,2,3,3,0,0,0,0.0,False,False,NM-K35-01_mptf.conllu,1,0,0
kirdan,NOUN,nsubj,0,0,0,1,1,79,78,pahrēzišn,NOUN,nmod,1,2,2,2,1,0,0,1,1.0,True,False,NM-K35-01_mptf.conllu,1,0,0
šōyišn,NOUN,acl:relcl,0,0,0,1,1,231,65,baršnūm,NOUN,nmod,2,1,2,4,3,0,0,1,0.0,True,False,NM-K35-01_mptf.conllu,1,0,0
šōyišn,NOUN,obl,0,0,0,1,1,231,65,baršnūm,NOUN,nmod,2,1,2,2,3,0,0,1,0.6,True,False,NM-K35-01_mptf.conllu,1,0,0
mehdādestānīh,NOUN,obl,0,0,0,1,1,42,8,ačārīh,NOUN,nmod,0,2,1,2,0,0,0,0,0.5,False,False,NM-K35-01_mptf.conllu,1,0,0
wināh,NOUN,root,0,0,0,1,1,1238,184,garān,ADJ,amod,0,1,4,2,1,0,0,0,0.0,False,False,NM-K35-01_mptf.conllu,0,1,0
paymān,NOUN,obl,0,0,0,1,1,276,466,barsom,NOUN,nmod,0,1,2,4,1,0,0,1,1.0,False,False,NM-K35-01_mptf.conllu,1,0,0
yazišn,NOUN,nmod,0,0,0,1,1,1119,1125,yazišn,NOUN,nmod,0,2,2,2,2,0,0,0,0.0,True,True,NM-K35-01_mptf.conllu,1,0,0
rēmanān,NOUN,iobj,1,0,0,1,1,12,790,ēwēnag,NOUN,nmod,0,2,4,2,1,0,0,0,0.125,False,False,NM-K35-01_mptf.conllu,1,0,0
čārag,NOUN,obl,0,0,0,1,1,74,62,frēzwānīg,ADJ,amod,0,2,1,3,0,0,0,0,0.25,False,False,NM-K35-01_mptf.conllu,0,1,0
dād,NOUN,root,0,0,0,1,1,217,31,awizīrišnīg,ADJ,amod,2,1,4,7,1,0,0,1,0.0,False,False,NM-K35-01_mptf.conllu,0,1,0
bun,NOUN,obl,0,0,0,1,1,959,1057,kirbag,NOUN,nmod,1,1,3,2,1,0,0,0,1.0,False,False,NM-K35-01_mptf.conllu,1,0,0
kirbag,NOUN,nmod,0,0,0,1,1,1055,10,frahīd,ADJ,amod,0,2,2,1,1,0,0,1,0.0,False,False,NM-K35-01_mptf.conllu,0,1,0
yōǰdahrgarīh,NOUN,nsubj,0,0,0,1,1,43,2253,tan,NOUN,nmod,0,1,2,1,2,0,0,1,1.0,False,False,NM-K35-01_mptf.conllu,1,0,0
pōryōtkēšān,NOUN,nsubj:pass,1,1,0,1,1,101,60,pēšēnīgān,ADJ,amod,0,1,5,3,1,1,0,1,0.0,False,False,NM-K35-01_mptf.conllu,0,1,0
gāh,NOUN,nsubj,0,1,0,1,1,744,4718,=šān,PRON,nmod,0,2,1,1,0,0,0,0,0.25,False,False,NM-K35-01_mptf.conllu,1,0,0
amāh,PRON,obl,1,1,0,1,1,610,8,pasēnīgān,NOUN,appos,0,1,3,2,1,0,0,0,0.5,False,False,NM-K35-01_mptf.conllu,0,0,0
pasēnīgān,NOUN,appos,1,0,0,1,1,2,2,nūnēn,ADJ,amod,0,1,2,1,1,0,0,1,0.0,False,False,NM-K35-01_mptf.conllu,0,1,0
čāšišn,NOUN,nsubj,0,0,0,1,1,17,2654,ēk,NUM,nmod,0,1,2,1,2,0,0,1,0.5,True,False,NM-K35-01_mptf.conllu,1,0,0
gōwišn,NOUN,obl,0,1,0,1,1,888,610,amāh,PRON,nmod,0,2,2,4,1,1,0,1,1.0,True,False,NM-K35-01_mptf.conllu,1,0,0
abgand,NOUN,obl,0,0,0,1,1,2,65,baršnūm,NOUN,nmod,0,1,2,3,1,0,0,1,0.21428571428571427,True,False,NM-K35-01_mptf.conllu,1,0,0
čārag,NOUN,obl,0,0,0,1,1,74,62,frēzwānīg,ADJ,amod,0,2,3,2,1,0,0,0,0.42857142857142855,False,False,NM-K35-01_mptf.conllu,0,1,0
nām,NOUN,obl,0,0,0,1,1,528,139,dastwarīh,NOUN,nmod,0,1,2,2,1,0,0,1,0.2,False,False,NM-K35-01_mptf.conllu,1,0,0
sahišn,NOUN,nsubj,0,0,0,1,1,52,2910,man,PRON,nmod,2,1,4,3,1,0,0,1,0.5,True,False,NM-K35-01_mptf.conllu,1,0,0
kām,NOUN,nsubj,0,0,0,1,1,335,5,rawāggarīh,NOUN,nmod,0,1,1,1,0,0,0,0,1.0,False,False,NM-K35-01_mptf.conllu,1,0,0
nām,NOUN,obl,0,0,0,1,1,528,139,dastwarīh,NOUN,nmod,0,1,3,2,2,0,0,1,0.42857142857142855,False,False,NM-K35-01_mptf.conllu,1,0,0
dastwarīh,NOUN,nmod,0,0,0,1,1,139,3,čāragōmand,ADJ,amod,1,1,2,2,1,0,0,0,0.0,False,False,NM-K35-01_mptf.conllu,0,1,0
šōyišn,NOUN,obj,0,0,0,1,1,231,790,ēwēnag,NOUN,nmod,0,2,2,1,1,0,0,0,0.7142857142857143,True,False,NM-K35-01_mptf.conllu,1,0,0
dād,NOUN,obj,0,0,0,1,1,217,790,ēwēnag,NOUN,nmod,0,2,2,1,1,0,0,0,0.8571428571428571,False,False,NM-K35-01_mptf.conllu,1,0,0
ahlomōγ,NOUN,obl,0,0,0,1,1,87,314,margarzān,ADJ,amod,0,1,1,2,0,0,0,0,1.0,False,False,NM-K35-01_mptf.conllu,0,1,0
bīm,NOUN,obl,0,0,0,1,1,301,8,ačārīh,NOUN,nmod,0,1,1,2,0,0,0,0,0.15789473684210525,False,False,NM-K35-01_mptf.conllu,1,0,0
dād,NOUN,xcomp,0,0,0,1,1,217,2,ēwēnagīh,NOUN,nmod,0,2,2,1,1,0,0,0,0.0,False,False,NM-K35-01_mptf.conllu,1,0,0
ēwēnag,NOUN,obl,0,1,0,1,1,782,4,kadāmagān,NOUN,nmod,1,2,2,2,2,0,0,0,0.5263157894736842,False,False,NM-K35-01_mptf.conllu,2,0,0
ēwēnag,NOUN,obl,0,0,0,1,1,782,65,baršnūm,NOUN,nmod,2,1,2,2,3,0,0,1,0.5263157894736842,False,False,NM-K35-01_mptf.conllu,2,0,0
čārag,NOUN,obl,0,0,0,1,1,74,62,frēzwānīg,ADJ,amod,0,2,2,2,1,0,0,0,0.6842105263157895,False,False,NM-K35-01_mptf.conllu,0,1,0
paymān,NOUN,conj,0,0,0,1,1,276,54,pādyābīh,NOUN,nmod,0,1,2,1,1,0,0,1,0.0,False,False,NM-K35-01_mptf.conllu,1,0,0
āgāhbawišnīh,NOUN,obl,0,1,0,1,1,2,106,hudēnān,NOUN,nmod,2,1,3,3,2,0,0,0,0.42857142857142855,True,False,NM-K35-01_mptf.conllu,2,0,0
āgāhbawišnīh,NOUN,obl,0,0,0,1,1,2,246,framān,NOUN,nmod,4,1,3,3,2,0,0,0,0.42857142857142855,True,False,NM-K35-01_mptf.conllu,2,0,0
hudēnān,NOUN,nmod,1,0,0,1,1,94,139,ērānšahr,NOUN,nmod,0,1,2,2,1,0,0,1,0.0,False,False,NM-K35-01_mptf.conllu,1,0,0
framān,NOUN,nmod,0,0,0,1,1,244,2158,dēn,NOUN,nmod,0,1,2,2,1,0,0,1,0.0,False,False,NM-K35-01_mptf.conllu,1,1,0
framān,NOUN,nmod,0,0,0,1,1,244,13,grift,ADJ,amod,2,1,2,2,1,0,0,0,0.0,False,False,NM-K35-01_mptf.conllu,1,1,0
passand,NOUN,obl,0,0,0,1,1,30,2910,man,PRON,nmod,0,1,3,1,2,0,0,1,0.5714285714285714,True,False,NM-K35-01_mptf.conllu,1,0,0
man,PRON,nmod,0,0,0,1,1,2907,109,manuščihr,PROPN,appos,0,1,2,2,1,0,1,0,0.0,False,False,NM-K35-01_mptf.conllu,0,0,0
manuščihr,PROPN,appos,0,0,0,1,1,109,20,ǰuwānǰamān,PROPN,nmod,0,1,1,1,0,0,1,0,0.0,False,False,NM-K35-01_mptf.conllu,1,0,0
māh,NOUN,obl:tmod,0,0,0,1,1,689,120,hordad,PROPN,nmod,0,1,5,1,2,0,1,0,0.0,False,False,NM-K35-01_mptf.conllu,1,0,0
hordad,PROPN,nmod,0,0,0,1,1,120,139,pērōzgar,ADJ,amod,0,1,4,2,1,0,0,1,0.0,False,False,NM-K35-01_mptf.conllu,1,1,0
hordad,PROPN,nmod,0,0,0,1,1,120,909,sāl,NOUN,nmod,1,1,4,2,2,0,0,1,0.0,False,False,NM-K35-01_mptf.conllu,1,1,0
abestāmīh,NOUN,obl,0,1,0,1,1,4,1407,yazadān,NOUN,nmod,0,2,2,3,0,0,0,0,1.0,False,False,NM-K35-01_mptf.conllu,1,0,0
rad,NOUN,obl,0,0,0,1,1,756,136,buland,ADJ,amod,0,1,3,3,0,0,0,0,1.0,False,False,NM-K35-01_mptf.conllu,0,1,0
dādār,NOUN,acl:relcl,0,0,0,1,1,998,3242,ohrmazd,PROPN,flat,0,1,1,2,0,0,1,0,0.0,True,False,NM-K35-01_mptf.conllu,0,0,0
aštag,NOUN,conj,0,0,0,1,1,22,50,ašōtom,ADJ,nmod,0,1,2,3,0,0,0,0,0.0,True,False,NM-K35-01_mptf.conllu,1,0,0
aštag,NOUN,conj,0,0,0,1,1,22,1747,zarduxšt,PROPN,appos,3,1,2,3,2,0,1,0,0.0,True,False,NM-K35-01_mptf.conllu,1,0,0
zarduxšt,PROPN,appos,0,0,0,1,1,1746,19,yaštfrawahr,ADJ,amod,1,2,1,2,0,0,0,0,0.0,False,False,NM-K35-01_mptf.conllu,1,1,0
zarduxšt,PROPN,appos,0,0,0,1,1,1746,359,spitāmān,PROPN,nmod,0,2,1,2,0,0,1,0,0.0,False,False,NM-K35-01_mptf.conllu,1,1,0
xwāhišnān,NOUN,obl,1,0,0,1,1,135,1505,tis,NOUN,nmod,1,1,2,3,1,0,0,0,0.3333333333333333,True,False,NM-K35-01_mptf.conllu,1,0,0
ahlāyīh,NOUN,nsubj,0,0,0,1,1,1486,460,meh,ADJ,amod,0,1,3,1,1,0,0,0,0.6666666666666666,False,False,NM-K35-01_mptf.conllu,0,1,0
rāh,NOUN,nsubj,0,0,0,1,1,587,1488,ahlāyīh,NOUN,nmod,1,1,3,2,2,0,0,1,1.0,False,False,NM-K35-01_mptf.conllu,1,0,0
ahlāyīh,NOUN,nmod,0,0,0,1,1,1486,55,pāšom,ADJ,amod,0,2,1,2,0,0,0,0,0.0,False,False,NM-K35-01_mptf.conllu,0,1,0
rāh,NOUN,acl:relcl,0,1,0,1,1,587,117,pōryōtkēšān,NOUN,nmod,0,1,2,2,1,0,0,1,0.0,False,False,NM-K35-01_mptf.conllu,1,0,0
nām,NOUN,root,0,0,0,1,1,528,1006,dādār,NOUN,nmod,2,1,4,4,5,0,0,1,0.0,False,True,NM-TD4a-01_mptf.conllu,1,0,0
dādār,NOUN,nmod,0,0,0,1,1,998,3242,ohrmazd,PROPN,flat,0,1,3,5,0,0,1,0,0.0,True,False,NM-TD4a-01_mptf.conllu,0,0,0
yazadān,NOUN,conj:nmod,1,0,0,1,1,1403,1550,mēnōyān,NOUN,nmod,0,1,2,2,1,0,0,1,0.0,False,False,NM-TD4a-01_mptf.conllu,1,0,0
yazadān,NOUN,conj:nmod,1,0,0,1,1,1403,1135,gētīyān,NOUN,nmod,0,1,2,2,1,0,0,1,0.0,False,False,NM-TD4a-01_mptf.conllu,1,0,0
paččēn,NOUN,root,0,0,0,1,1,46,79,nāmag,NOUN,nmod,0,1,8,2,2,0,0,0,0.0,False,False,NM-TD4a-01_mptf.conllu,1,0,0
nāmag,NOUN,nmod,0,0,0,1,1,79,176,hērbed,NOUN,nmod,0,1,7,2,2,0,0,1,0.0,False,False,NM-TD4a-01_mptf.conllu,1,0,0
hērbed,NOUN,nmod,0,0,0,1,1,174,109,manuščihr,PROPN,flat,0,1,3,2,1,0,1,0,0.0,False,False,NM-TD4a-01_mptf.conllu,0,0,0
manuščihr,PROPN,flat,0,0,0,1,1,109,20,ǰuwānǰamān,PRON,nmod,0,1,2,1,1,0,0,1,0.0,False,False,NM-TD4a-01_mptf.conllu,1,0,0
wehān,NOUN,obl,1,0,0,1,1,339,14,sīrgān,PROPN,nmod,0,1,2,2,1,0,1,1,0.5,False,False,NM-TD4a-01_mptf.conllu,1,0,0
hērbed,NOUN,nsubj,0,0,0,1,1,174,19,zādspram,PROPN,flat,0,1,3,1,1,0,1,0,1.0,False,False,NM-TD4a-01_mptf.conllu,0,0,0
zādspram,PROPN,flat,0,0,0,1,1,19,20,ǰuwānǰamān,PRON,nmod,0,1,2,1,1,0,0,1,0.0,False,False,NM-TD4a-01_mptf.conllu,1,0,0
abrang,NOUN,conj,0,0,0,1,1,6,2,brāzišnīg,ADJ,amod,0,2,1,1,0,0,0,0,0.0,False,False,NM-TD4a-01_mptf.conllu,0,1,0
farroxīh,NOUN,nmod,0,0,0,1,1,18,18,parwast,ADJ,amod,0,1,1,1,0,0,0,0,0.0,False,True,NM-TD4a-01_mptf.conllu,0,1,0
ābādīh,NOUN,obl,0,0,0,1,1,307,18,farroxīh,NOUN,nmod,2,2,2,3,1,0,0,0,0.6666666666666666,False,False,NM-TD4a-01_mptf.conllu,1,1,0
ābādīh,NOUN,obl,0,0,0,1,1,307,214,abzōnīg,ADJ,amod,0,2,2,3,0,0,0,0,0.6666666666666666,False,False,NM-TD4a-01_mptf.conllu,1,1,0
nēkīh,NOUN,obl,0,0,0,1,1,529,6,dōaxwānīg,ADJ,amod,1,2,2,4,3,0,0,0,1.0,False,False,NM-TD4a-01_mptf.conllu,0,2,0
nēkīh,NOUN,obl,0,0,0,1,1,529,9,abardar,ADJ,amod,0,2,2,4,0,0,0,0,1.0,False,False,NM-TD4a-01_mptf.conllu,0,2,0
bahr,NOUN,conj,0,0,0,1,1,410,29,spurr,ADJ,amod,0,2,1,1,0,0,0,0,0.0,False,False,NM-TD4a-01_mptf.conllu,0,1,0
burzišn,NOUN,conj,0,0,0,1,1,29,460,meh,ADJ,amod,0,2,1,1,0,0,0,0,0.0,True,False,NM-TD4a-01_mptf.conllu,0,1,0
āgāhīh,NOUN,obl,0,0,0,1,1,221,2,zarīgēnāg,ADJ,amod,0,2,3,5,0,0,0,0,0.2222222222222222,False,False,NM-TD4a-01_mptf.conllu,0,1,0
mādagīh,NOUN,conj,0,0,0,1,1,18,230,wuzurg,ADJ,amod,0,2,2,2,0,0,0,0,0.0,False,False,NM-TD4a-01_mptf.conllu,0,1,0
arzīh,NOUN,conj,0,0,0,1,1,3,460,meh,ADJ,amod,0,2,1,2,0,0,0,0,0.0,False,False,NM-TD4a-01_mptf.conllu,0,1,0
nāzišn,NOUN,obl,0,0,0,1,1,2,56,čihrīg,ADJ,amod,0,2,3,3,0,0,0,0,0.4444444444444444,False,False,NM-TD4a-01_mptf.conllu,0,1,0
āgāhīh,NOUN,obl,0,0,0,1,1,221,2,dardīg,ADJ,amod,0,2,1,2,0,0,0,0,0.6666666666666666,False,False,NM-TD4a-01_mptf.conllu,0,1,0
drōdōmandīh,NOUN,obl,0,1,0,1,1,6,787,=tān,PRON,amod,1,2,2,3,0,0,0,0,0.8888888888888888,False,False,NM-TD4a-01_mptf.conllu,0,1,0
winnārdagīh,NOUN,conj,0,0,0,1,1,3,390,xūb,ADJ,amod,0,2,1,3,0,0,0,0,0.0,False,False,NM-TD4a-01_mptf.conllu,0,1,0
rāmišn,NOUN,obj,0,0,0,1,1,359,81,nāmčištīg,ADJ,amod,0,2,1,1,0,0,0,0,1.0,False,False,NM-TD4a-01_mptf.conllu,0,1,0
āgāhīh,NOUN,obl,0,0,0,1,1,221,28,drōd,NOUN,nmod,0,2,1,4,0,0,0,0,1.0,False,False,NM-TD4a-01_mptf.conllu,1,0,0
yōǰdāsrīh,NOUN,nmod,0,0,0,1,1,85,85,yōǰdāsrīh,NOUN,nmod,0,2,1,1,1,0,0,0,0.0,False,False,NM-TD4a-01_mptf.conllu,1,0,0
wizend,NOUN,obl,0,0,0,1,1,109,184,garāntom,ADJ,amod,0,2,1,2,0,1,0,0,0.6,False,False,NM-TD4a-01_mptf.conllu,0,1,0
nām,NOUN,root,0,1,0,1,1,528,1407,yazadān,NOUN,nmod,0,1,2,2,1,0,0,1,0.0,False,False,NM-TD4a-01_mptf.conllu,1,0,0
paččēn,NOUN,root,0,0,0,1,1,46,28,wišādag,ADJ,amod,0,1,5,5,1,0,0,1,0.0,False,True,NM-TD4a-01_mptf.conllu,1,1,0
paččēn,NOUN,root,0,0,0,1,1,46,109,manuščihr,PROPN,nmod,3,1,5,5,3,0,1,1,0.0,False,False,NM-TD4a-01_mptf.conllu,1,1,0
hērbed,NOUN,nmod,0,0,0,1,0,174,499,xwadāy,NOUN,flat,0,1,1,1,0,0,0,0,0.0,False,False,NM-TD4a-01_mptf.conllu,0,0,0
manuščihr,PROPN,nmod,0,0,0,1,1,109,176,hērbed,NOUN,nmod,1,2,2,3,1,0,0,0,0.0,False,False,NM-TD4a-01_mptf.conllu,2,0,0
manuščihr,PROPN,nmod,0,0,0,1,1,109,20,ǰuwānǰamān,PROPN,nmod,0,1,2,3,1,0,1,1,0.0,False,False,NM-TD4a-01_mptf.conllu,2,0,0
wināhīh,NOUN,obl,0,0,0,1,1,21,184,garān,ADJ,amod,0,2,4,2,0,0,0,0,1.0,False,False,NM-TD4a-01_mptf.conllu,1,1,0
wināhīh,NOUN,obl,0,0,0,1,1,21,4,nēšāyist,NOUN,nmod,0,1,4,2,2,0,0,1,1.0,False,True,NM-TD4a-01_mptf.conllu,1,1,0
nēšāyist,NOUN,nmod,0,0,0,1,1,2,231,šōyišn,NOUN,nmod,0,1,3,2,2,0,0,1,0.0,True,True,NM-TD4a-01_mptf.conllu,1,0,0
šōyišn,NOUN,nmod,0,0,0,1,1,231,521,bār,NOUN,nmod,2,1,2,2,3,0,0,1,0.0,True,True,NM-TD4a-01_mptf.conllu,1,0,0
nām,NOUN,root,0,1,0,1,1,528,1407,yazadān,NOUN,nmod,0,1,2,2,1,0,0,1,0.0,False,False,NM-TD4a-01_mptf.conllu,1,0,0
man,PRON,obj,0,0,0,1,1,2907,109,manuščihr,PROPN,appos,0,1,5,1,2,0,1,0,0.07692307692307693,False,False,NM-TD4a-01_mptf.conllu,0,0,0
manuščihr,PROPN,appos,0,0,0,1,1,109,20,ǰuwānǰamān,PROPN,nmod,0,1,4,2,0,0,1,0,0.0,False,False,NM-TD4a-01_mptf.conllu,1,0,0
manuščihr,PROPN,appos,0,0,0,1,1,109,756,rad,NOUN,appos,4,1,4,2,1,0,0,0,0.0,False,False,NM-TD4a-01_mptf.conllu,1,0,0
rad,NOUN,appos,0,0,0,1,1,756,64,pārs,PROPN,nmod,2,2,3,1,1,0,1,0,0.0,False,False,NM-TD4a-01_mptf.conllu,1,0,0
kustag,NOUN,obl,0,0,0,1,1,149,139,ērānšahr,PROPN,nmod,0,1,2,2,1,0,1,1,0.23076923076923078,True,False,NM-TD4a-01_mptf.conllu,1,0,0
paymānag,NOUN,conj,0,0,0,1,1,215,54,pādyābīh,NOUN,nmod,0,1,2,1,1,0,0,1,0.0,False,False,NM-TD4a-01_mptf.conllu,1,0,0
zādspram,PROPN,nsubj,0,0,0,1,1,19,20,ǰuwānǰamān,PROPN,nmod,0,1,2,1,1,0,1,1,0.5,False,False,NM-TD4a-01_mptf.conllu,1,0,0
šōyišn,NOUN,obj,0,0,0,1,1,231,790,ēwēnag,NOUN,nmod,0,2,2,1,1,0,0,0,1.0,True,False,NM-TD4a-01_mptf.conllu,1,0,0
dād,NOUN,nsubj,1,1,0,1,1,217,481,dastwarān,NOUN,nmod,0,2,1,1,0,0,0,0,0.5,False,False,NM-TD4a-01_mptf.conllu,1,0,0
sahišn,NOUN,obl,0,0,0,1,1,52,2910,man,PRON,nmod,0,2,2,6,1,1,0,1,1.0,True,False,NM-TD4a-01_mptf.conllu,1,0,0
hudēnān,NOUN,obj,1,1,0,1,0,94,154,kustagīhā,NOUN,nmod,0,1,2,1,1,0,0,1,1.0,False,True,NM-TD4a-01_mptf.conllu,1,0,0
ōstīgānēnīdārīh,NOUN,obl,0,0,0,1,1,2,18258,=š,PRON,nmod,0,1,1,2,0,0,0,0,0.2,False,False,NM-TD4a-01_mptf.conllu,1,0,0
sahišn,NOUN,obj,0,0,0,1,1,52,2375,xwēš,PRON,amod,0,2,1,1,0,0,0,0,0.8,True,False,NM-TD4a-01_mptf.conllu,0,1,0
nibištag,NOUN,obl,0,0,0,1,1,42,85,hangirdīg,ADJ,amod,0,1,2,3,1,0,0,1,1.0,True,False,NM-TD4a-01_mptf.conllu,0,1,0
paččēn,NOUN,obj,0,0,0,1,1,46,42,nibištag,NOUN,nmod,1,1,2,2,1,0,0,1,0.5,False,True,NM-TD4a-01_mptf.conllu,1,0,0
wizīr,NOUN,conj,0,1,0,1,1,331,481,dastwarān,NOUN,nmod,0,1,1,2,0,0,0,0,0.0,False,False,NM-TD4a-01_mptf.conllu,1,0,0
čāštagīhā,NOUN,conj,1,1,0,0,1,239,117,pōryōtkēšān,NOUN,nmod,0,1,1,1,0,0,0,0,0.0,True,False,NM-TD4a-01_mptf.conllu,1,0,0
āgāhīh,NOUN,conj,0,0,0,1,1,221,182,kardag,NOUN,nmod,0,2,1,1,0,0,0,0,0.0,False,True,NM-TD4a-01_mptf.conllu,1,0,0
paywēšagīh,NOUN,conj,0,0,0,1,1,2,168,gētīyīg,ADJ,amod,0,2,2,1,1,0,0,0,0.0,False,False,NM-TD4a-01_mptf.conllu,0,1,0
xwarrah,NOUN,obl,0,0,0,1,1,554,68,amaragān,NOUN,nmod,0,1,2,3,1,0,0,1,0.16666666666666666,False,False,NM-TD4a-01_mptf.conllu,1,0,0
baršnūm,NOUN,xcomp,0,0,0,1,1,65,208,pēšag,NOUN,nmod,1,1,2,1,2,0,0,0,0.0,False,False,NM-TD4a-01_mptf.conllu,1,0,0
nērang,NOUN,obj,0,1,0,1,0,190,107,ēwēnīhā,NOUN,nmod,0,1,2,1,1,0,0,1,0.3333333333333333,False,False,NM-TD4a-01_mptf.conllu,1,0,0
paywēšag,NOUN,obl,0,0,0,1,1,26,85,asar,ADJ,amod,0,1,2,2,0,0,0,0,0.5,False,False,NM-TD4a-01_mptf.conllu,0,2,0
paywēšag,NOUN,obl,0,0,0,1,1,26,168,gētīyīg,ADJ,amod,1,1,2,2,1,0,0,1,0.5,False,False,NM-TD4a-01_mptf.conllu,0,2,0
čāštag,NOUN,obl,0,0,0,1,1,239,2158,dēn,NOUN,nmod,0,2,2,1,1,0,0,0,1.0,True,False,NM-TD4a-01_mptf.conllu,1,0,0
gōwišn,NOUN,obl,0,0,0,1,1,888,239,čāštag,NOUN,nmod,1,1,6,5,2,0,0,0,0.5,True,True,NM-TD4a-01_mptf.conllu,1,0,0
gōwišn,NOUN,conj,0,0,0,1,1,888,2654,ēk,NUM,nmod,0,1,4,2,3,0,0,1,0.0,True,False,NM-TD4a-01_mptf.conllu,1,0,0
gōwišn,NOUN,conj,0,0,0,1,1,888,2654,ēk,NUM,nmod,0,1,5,3,2,0,0,1,0.0,True,False,NM-TD4a-01_mptf.conllu,1,0,0
dastwarān,NOUN,nmod,1,0,0,1,1,480,239,čāštag,NOUN,nmod,2,1,3,2,2,0,0,1,0.0,False,True,NM-TD4a-01_mptf.conllu,1,0,0
šāyistīh,NOUN,obl,0,0,0,1,1,4,1473,paydāg,ADJ,amod,0,1,1,2,0,0,0,0,0.75,False,False,NM-TD4a-01_mptf.conllu,0,1,0
kardag,NOUN,conj,0,1,0,1,1,178,117,pōryōtkēšān,NOUN,nmod,0,1,4,2,2,0,0,0,0.0,True,False,NM-TD4a-01_mptf.conllu,1,0,0
pōryōtkēšān,NOUN,nmod,1,1,0,1,0,101,239,čāštagīhā,NOUN,nmod,3,1,3,2,3,0,0,1,0.0,False,True,NM-TD4a-01_mptf.conllu,1,0,0
šōyišn,NOUN,obj,0,0,0,1,1,231,790,ēwēnag,NOUN,nmod,0,2,3,1,1,0,0,0,0.3333333333333333,True,False,NM-TD4a-01_mptf.conllu,1,0,0
šustār,NOUN,obj,0,0,0,1,1,7,790,ēwēnag,NOUN,nmod,0,2,1,1,0,0,0,0,1.0,True,False,NM-TD4a-01_mptf.conllu,1,0,0
yōǰdahrgar,NOUN,xcomp,0,0,0,1,1,158,14,passandišnīg,ADJ,amod,0,1,2,1,1,0,0,1,0.0,False,False,NM-TD4a-01_mptf.conllu,0,1,0
rēmanān,NOUN,nsubj,1,0,0,1,1,12,790,ēwēnag,NOUN,nmod,0,2,5,4,1,0,0,0,0.16666666666666666,False,False,NM-TD4a-01_mptf.conllu,1,0,0
čārag,NOUN,obl,0,0,0,1,1,74,87,čēgāmiz,NOUN,nmod,1,2,1,3,0,0,0,0,0.3333333333333333,False,False,NM-TD4a-01_mptf.conllu,1,1,0
čārag,NOUN,obl,0,0,0,1,1,74,62,frēzwānīg,ADJ,amod,0,2,1,3,0,0,0,0,0.3333333333333333,False,False,NM-TD4a-01_mptf.conllu,1,1,0
šōyišnīh,NOUN,nsubj,0,0,0,1,1,9,521,bār,NOUN,nmod,1,1,2,1,1,0,0,0,0.6666666666666666,True,True,NM-TD4a-01_mptf.conllu,1,0,0
šōyišn,NOUN,obl,0,0,0,1,1,231,56,hamēwēnag,NOUN,nmod,0,2,1,2,0,0,0,0,0.2,True,False,NM-TD4a-01_mptf.conllu,1,0,0
kirdan,NOUN,nsubj,0,0,0,1,1,79,78,pahrēzišn,NOUN,nmod,1,2,2,4,1,0,0,1,1.0,True,False,NM-TD4a-01_mptf.conllu,1,0,0
šōyišn,NOUN,obl,0,0,0,1,1,231,65,baršnūm,NOUN,nmod,2,1,2,3,3,0,0,1,0.6666666666666666,True,False,NM-TD4a-01_mptf.conllu,1,0,0
šōyišn,NOUN,obl,0,0,0,1,1,231,65,baršnūm,NOUN,nmod,2,1,2,2,3,0,0,1,0.6,True,False,NM-TD4a-01_mptf.conllu,1,0,0
mehdādestānīh,NOUN,obl,0,0,0,1,1,42,8,ačārīh,NOUN,nmod,0,2,1,2,0,0,0,0,0.5,False,False,NM-TD4a-01_mptf.conllu,1,0,0
wināh,NOUN,root,0,0,0,1,1,1238,184,garān,ADJ,amod,0,1,3,3,1,0,0,1,0.0,False,False,NM-TD4a-01_mptf.conllu,0,1,0
paymānag,NOUN,obl,0,0,0,1,1,215,466,barsom,NOUN,nmod,0,1,2,4,1,0,0,1,1.0,False,False,NM-TD4a-01_mptf.conllu,1,0,0
čārag,NOUN,obl,0,0,0,1,1,74,62,frēzwānīg,ADJ,amod,0,2,1,3,0,0,0,0,0.25,False,False,NM-TD4a-01_mptf.conllu,0,1,0
dād,NOUN,root,0,0,0,1,1,217,31,awizīrišnīg,ADJ,amod,2,1,3,7,0,0,0,0,0.0,False,False,NM-TD4a-01_mptf.conllu,0,1,0
bun,NOUN,obl,0,0,0,1,1,959,1057,kirbag,NOUN,nmod,1,1,2,2,2,0,0,1,1.0,False,False,NM-TD4a-01_mptf.conllu,1,0,0
kirbag,NOUN,nmod,0,0,0,1,1,1055,10,frahīd,ADJ,amod,0,2,1,2,0,0,0,0,0.0,False,False,NM-TD4a-01_mptf.conllu,0,1,0
yōǰdahrgarīh,NOUN,nsubj,0,0,0,1,1,43,2253,tan,NOUN,nmod,0,1,2,1,2,0,0,1,1.0,False,False,NM-TD4a-01_mptf.conllu,1,0,0
pōryōtkēšān,NOUN,nsubj,1,1,0,1,1,101,60,pēšēnīgān,ADJ,amod,0,1,4,3,0,1,0,0,0.2,False,False,NM-TD4a-01_mptf.conllu,0,1,0
gāh,NOUN,nsubj,0,1,0,1,1,744,4718,=šān,PRON,nmod,0,2,1,1,0,0,0,0,0.4,False,False,NM-TD4a-01_mptf.conllu,1,0,0
amāh,PRON,obl,1,1,0,1,1,610,8,pasēnīgān,NOUN,appos,0,1,2,3,1,0,0,0,0.6,False,False,NM-TD4a-01_mptf.conllu,0,0,0
pasēnīgān,NOUN,appos,1,0,0,1,1,2,2,nūnēn,ADJ,amod,0,1,1,1,0,0,0,0,0.0,False,False,NM-TD4a-01_mptf.conllu,0,1,0
čāšišn,NOUN,nsubj,0,0,0,1,1,17,2654,ēk,NUM,nmod,0,1,2,1,2,0,0,1,0.5,True,False,NM-TD4a-01_mptf.conllu,1,0,0
gōwišn,NOUN,obl,0,1,0,1,1,888,610,amāh,PRON,nmod,0,2,2,4,1,1,0,1,1.0,True,False,NM-TD4a-01_mptf.conllu,1,0,0
yazad,NOUN,nmod,0,0,0,1,1,1403,1407,yazad,NOUN,nmod,0,2,1,1,1,0,0,0,0.0,False,False,PY-Pt4-01_mptf.conllu,1,0,0
yašt,NOUN,nmod,0,0,0,1,1,303,306,yašt,NOUN,nmod,0,2,1,1,1,0,0,0,0.0,False,False,PY-Pt4-01_mptf.conllu,1,0,0
ahlāyīh,NOUN,nmod,0,0,0,1,1,1486,1488,ahlāyīh,NOUN,nmod,0,2,1,1,1,0,0,0,0.0,False,False,PY-Pt4-01_mptf.conllu,1,0,0
ahū,NOUN,nmod,0,0,0,0,0,83,83,ahū,NOUN,nmod,0,2,1,1,1,0,0,0,0.0,False,False,PY-Pt4-01_mptf.conllu,1,0,0
ohrmazd,PROPN,nmod,0,0,0,1,1,3237,3242,ohrmazd,PROPN,nmod,0,2,1,1,1,0,1,0,0.0,False,False,PY-Pt4-01_mptf.conllu,1,0,0
niuuaēδaiiemihād,PROPN,nmod,0,0,0,1,1,1,1,niuuaēδaiiemihād,PROPN,nmod,0,2,1,1,1,0,1,0,0.0,False,False,PY-Pt4-01_mptf.conllu,1,0,0
ahlāyīh,NOUN,nmod,0,0,0,1,1,1486,1488,ahlāyīh,NOUN,nmod,0,2,1,1,1,0,0,0,0.0,False,False,PY-Pt4-01_mptf.conllu,1,0,0
rad,NOUN,appos,0,0,0,1,1,756,756,rad,NOUN,appos,0,2,1,1,1,0,0,0,0.0,False,False,PY-Pt4-01_mptf.conllu,0,0,0
ahlāyīh,NOUN,nmod,0,0,0,1,1,1486,1488,ahlāyīh,NOUN,nmod,0,2,1,1,1,0,0,0,0.0,False,False,PY-Pt4-01_mptf.conllu,1,0,0
rad,NOUN,appos,0,0,0,1,1,756,756,rad,NOUN,appos,0,2,1,1,1,0,0,0,0.0,False,False,PY-Pt4-01_mptf.conllu,0,0,0
hāwan,PROPN,nmod,0,0,0,1,1,136,136,hāwan,PROPN,nmod,0,2,1,1,1,0,1,0,0.0,False,False,PY-Pt4-01_mptf.conllu,1,0,0
hāwangāh,PROPN,appos,0,0,0,1,1,3,3,hāwangāh,PROPN,appos,0,2,1,1,1,0,1,0,0.0,False,False,PY-Pt4-01_mptf.conllu,0,0,0
ātaxšgāh,NOUN,nmod,0,0,0,1,1,19,19,ātaxšgāh,NOUN,nmod,0,2,1,1,1,0,0,0,0.0,False,False,PY-Pt4-01_mptf.conllu,1,0,0
=iš,PRON,nmod,0,0,0,1,1,18107,18258,=iš,PRON,nmod,0,2,1,1,1,0,0,0,0.0,False,False,PY-Pt4-01_mptf.conllu,1,0,0
mardōmān,NOUN,nmod,1,1,0,1,1,2713,2716,mardōmān,NOUN,nmod,0,2,1,1,1,0,0,0,0.0,False,False,PY-Pt4-01_mptf.conllu,1,0,0
tō,PRON,nmod,0,0,0,0,0,1925,1925,tō,PRON,nmod,0,2,1,1,1,0,0,0,0.0,False,False,PY-Pt4-01_mptf.conllu,1,0,0
mardōmān,NOUN,nmod,1,1,0,1,1,2713,2716,mardōmān,NOUN,nmod,0,2,1,1,1,0,0,0,0.0,False,False,PY-Pt4-01_mptf.conllu,1,0,0
nēkīh,NOUN,appos,0,0,0,1,1,529,529,nēkīh,NOUN,appos,0,2,1,1,1,0,0,0,0.0,False,False,PY-Pt4-01_mptf.conllu,0,0,0
ābādīh,NOUN,nmod,0,0,0,1,1,307,307,ābādīh,NOUN,nmod,0,2,1,1,1,0,0,0,0.0,False,False,PY-Pt4-01_mptf.conllu,1,0,0
ǰam,PROPN,nmod,0,0,0,1,1,149,190,ǰam,PROPN,nmod,0,2,1,1,1,0,1,0,0.0,False,False,PY-Pt4-01_mptf.conllu,1,0,0
tāzīg,NOUN,nmod,0,0,1,1,1,63,78,tāzīg,NOUN,nmod,0,2,1,1,1,0,0,0,0.0,False,False,PY-Pt4-01_mptf.conllu,1,0,0
rapihwin,PROPN,nmod,0,0,0,1,1,85,87,rapihwin,PROPN,nmod,0,2,1,1,1,0,1,0,0.0,False,False,PY-Pt4-01_mptf.conllu,1,0,0
ruwān,NOUN,nmod,0,0,0,1,1,1224,1226,ruwān,NOUN,nmod,0,2,1,1,1,0,0,0,0.0,False,False,PY-Pt4-01_mptf.conllu,1,0,0
harwispīn,PRON,nmod,1,1,0,1,1,236,761,harwispīn,PRON,nmod,0,2,1,1,1,0,0,0,0.0,False,False,PY-Pt4-01_mptf.conllu,1,0,0
man,PRON,nmod,0,0,0,1,1,2907,2910,man,PRON,nmod,0,2,1,1,1,0,0,0,0.0,False,False,PY-Pt4-01_mptf.conllu,1,0,0
ohrmazd,PROPN,appos,0,0,0,1,1,3237,3242,ohrmazd,PROPN,appos,0,2,1,1,1,0,1,0,0.0,False,False,PY-Pt4-01_mptf.conllu,0,0,0
yazadān,NOUN,nmod,1,1,0,1,1,1403,1407,yazadān,NOUN,nmod,0,2,1,1,1,0,0,0,0.0,False,False,PY-Pt4-01_mptf.conllu,1,0,0
xwēš,PRON,nmod,0,0,0,1,1,2327,2375,xwēš,PRON,nmod,0,2,1,1,1,0,0,0,0.0,False,False,PY-Pt4-01_mptf.conllu,1,0,0
ohrmazd,PROPN,nmod,0,0,0,1,1,3237,3242,ohrmazd,PROPN,nmod,0,2,1,1,1,0,1,0,0.0,False,False,PY-Pt4-01_mptf.conllu,1,0,0
gāhānīgīh,NOUN,nmod,0,0,0,1,1,35,35,gāhānīgīh,NOUN,nmod,0,2,1,1,1,0,0,0,0.0,False,False,PY-Pt4-01_mptf.conllu,1,0,0
ahlāyīh,NOUN,nmod,0,0,0,1,1,1486,1488,ahlāyīh,NOUN,nmod,0,2,1,1,1,0,0,0,0.0,False,False,PY-Pt4-01_mptf.conllu,1,0,0
kunišn,NOUN,nmod,0,0,0,1,1,980,983,kunišn,NOUN,nmod,0,2,1,1,1,0,0,0,0.0,True,True,PY-Pt4-01_mptf.conllu,1,0,0
tis,NOUN,nmod,0,0,0,1,1,1502,1505,tis,NOUN,nmod,0,2,1,1,1,0,0,0,0.0,False,False,PY-Pt4-01_mptf.conllu,1,0,0
hamāg,PRON,appos,0,0,0,1,1,1065,1514,hamāg,PRON,appos,0,2,1,1,1,0,0,0,0.0,False,False,PY-Pt4-01_mptf.conllu,0,0,0
gāhānīgīh,NOUN,nmod,0,0,0,1,1,35,35,gāhānīgīh,NOUN,nmod,0,2,1,1,1,0,0,0,0.0,False,False,PY-Pt4-01_mptf.conllu,1,0,0
wahman,PROPN,nmod,0,0,0,1,1,598,599,wahman,PROPN,nmod,0,2,1,1,1,0,1,0,0.0,False,False,PY-Pt4-01_mptf.conllu,1,0,0
āsnxrad,NOUN,appos,0,0,0,1,1,137,140,āsnxrad,NOUN,appos,0,2,1,1,1,0,0,0,0.0,False,False,PY-Pt4-01_mptf.conllu,0,0,0
gōšurun,PROPN,nmod,0,0,0,1,1,42,42,gōšurun,PROPN,nmod,0,2,1,1,1,0,1,0,0.0,False,False,PY-Pt4-01_mptf.conllu,1,0,0
gōspandān,NOUN,nmod,1,1,0,1,1,831,834,gōspandān,NOUN,nmod,0,2,1,1,1,0,0,0,0.0,False,False,PY-Pt4-01_mptf.conllu,1,0,0
ašmāh,PRON,nmod,1,1,0,1,1,787,787,ašmāh,PRON,nmod,0,2,1,1,1,0,0,0,0.0,False,False,PY-Pt4-01_mptf.conllu,1,0,0
axwān,NOUN,nmod,1,1,0,1,1,366,369,axwān,NOUN,nmod,0,2,1,1,1,0,0,0,0.0,False,False,PY-Pt4-01_mptf.conllu,1,0,0
nēkīh,NOUN,appos,0,0,0,1,1,529,529,nēkīh,NOUN,appos,0,2,1,1,1,0,0,0,0.0,False,False,PY-Pt4-01_mptf.conllu,0,0,0
ahlāyīhabāgīh,NOUN,nmod,0,0,0,1,1,25,25,ahlāyīhabāgīh,NOUN,nmod,0,2,1,1,1,0,0,0,0.0,False,False,PY-Pt4-01_mptf.conllu,1,0,0
frārōnīh,NOUN,nmod,0,0,0,1,1,229,229,frārōnīh,NOUN,nmod,0,2,1,1,1,0,0,0,0.0,False,False,PY-Pt4-01_mptf.conllu,1,0,0
wahman,PROPN,nmod,0,0,0,1,1,598,599,wahman,PROPN,nmod,0,2,1,1,1,0,1,0,0.0,False,False,PY-Pt4-01_mptf.conllu,1,0,0
kunišngarān,NOUN,nmod,1,1,0,1,1,7,19,kunišngarān,NOUN,nmod,0,2,1,1,1,0,0,0,0.0,False,False,PY-Pt4-01_mptf.conllu,1,0,0
ohrmazd,PROPN,nmod,0,0,0,1,1,3237,3242,ohrmazd,PROPN,nmod,0,2,1,1,1,0,1,0,0.0,False,False,PY-Pt4-01_mptf.conllu,1,0,0
dēn,NOUN,appos,0,0,0,1,1,2149,2158,dēn,NOUN,appos,0,2,1,1,1,0,0,0,0.0,False,False,PY-Pt4-01_mptf.conllu,0,0,0
ohrmazd,PROPN,nmod,0,0,0,1,1,3237,3242,ohrmazd,PROPN,nmod,0,2,1,1,1,0,1,0,0.0,False,False,PY-Pt4-01_mptf.conllu,1,0,0
ahlāyīh,NOUN,nmod,0,0,0,1,1,1486,1488,ahlāyīh,NOUN,nmod,0,2,1,1,1,0,0,0,0.0,False,False,PY-Pt4-01_mptf.conllu,1,0,0
kār,NOUN,appos,0,0,0,1,1,1414,1416,kār,NOUN,appos,0,2,1,1,1,0,0,0,0.0,True,True,PY-Pt4-01_mptf.conllu,0,0,0
frašn,NOUN,nmod,0,0,0,1,1,147,147,frašn,NOUN,nmod,0,2,1,1,1,0,0,0,0.0,False,False,PY-Pt4-01_mptf.conllu,1,0,0
abarxwāyišnīh,NOUN,nmod,0,0,0,1,1,4,4,abarxwāyišnīh,NOUN,nmod,0,2,1,1,1,0,0,0,0.0,True,True,PY-Pt4-01_mptf.conllu,1,0,0
wahman,PROPN,nmod,0,0,0,1,1,598,599,wahman,PROPN,nmod,0,2,1,1,1,0,1,0,0.0,False,False,PY-Pt4-01_mptf.conllu,1,0,0
ohrmazd,PROPN,nmod,0,0,0,1,1,3237,3242,ohrmazd,PROPN,nmod,0,2,1,1,1,0,1,0,0.0,False,False,PY-Pt4-01_mptf.conllu,1,0,0
gāh,NOUN,nmod,0,0,0,1,1,744,746,gāh,NOUN,nmod,0,2,1,1,1,0,0,0,0.0,False,False,PY-Pt4-01_mptf.conllu,1,0,0
=š,PRON,nmod,0,0,0,1,1,18107,18258,=š,PRON,nmod,0,2,1,1,1,0,0,0,0.0,False,False,PY-Pt4-01_mptf.conllu,1,0,0
wahman,PROPN,nmod,0,0,0,1,1,598,599,wahman,PROPN,nmod,0,2,1,1,1,0,1,0,0.0,False,False,PY-Pt4-01_mptf.conllu,1,0,0
tan,NOUN,nmod,0,0,0,1,1,2253,2253,tan,NOUN,nmod,0,2,1,1,1,0,0,0,0.0,False,False,PY-Pt4-01_mptf.conllu,1,0,0
kasān,NOUN,nmod,1,1,0,1,1,1086,1092,kasān,NOUN,nmod,0,2,1,1,1,0,0,0,0.0,False,False,PY-Pt4-01_mptf.conllu,1,0,0
dērǰānīh,NOUN,nmod,0,0,0,1,1,1,2,dērǰānīh,NOUN,nmod,0,2,1,1,1,0,0,0,0.0,False,False,PY-Pt4-01_mptf.conllu,1,0,0
wahman,PROPN,nmod,0,0,0,1,1,598,599,wahman,PROPN,nmod,0,2,1,1,1,0,1,0,0.0,False,False,PY-Pt4-01_mptf.conllu,1,0,0
ābādīh,NOUN,nmod,0,0,0,1,1,307,307,ābādīh,NOUN,nmod,0,2,1,1,1,0,0,0,0.0,False,False,PY-Pt4-01_mptf.conllu,1,0,0
wištāsp,PROPN,nmod,0,0,0,1,1,233,235,wištāsp,PROPN,nmod,0,2,1,1,1,0,1,0,0.0,False,False,PY-Pt4-01_mptf.conllu,1,0,0
mowbedānmowbedīh,NOUN,appos,0,0,0,1,1,3,3,mowbedānmowbedīh,NOUN,appos,0,2,1,1,1,0,0,0,0.0,False,False,PY-Pt4-01_mptf.conllu,0,0,0
hāwištān,NOUN,appos,1,1,0,1,1,75,116,hāwištān,NOUN,appos,0,2,1,1,1,0,0,0,0.0,False,False,PY-Pt4-01_mptf.conllu,0,0,0
man,PRON,nmod,0,0,0,1,1,2907,2910,man,PRON,nmod,0,2,1,1,1,0,0,0,0.0,False,False,PY-Pt4-01_mptf.conllu,1,0,0
pāduxšā,NOUN,nmod,0,0,0,0,0,17,910,pāduxšā,NOUN,nmod,0,2,1,1,1,0,0,0,0.0,False,False,PY-Pt4-01_mptf.conllu,1,0,0
ohrmazd,PROPN,nmod,0,0,0,1,1,3237,3242,ohrmazd,PROPN,nmod,0,2,1,1,1,0,1,0,0.0,False,False,PY-Pt4-01_mptf.conllu,1,0,0
wištāsp,PROPN,appos,0,0,0,1,1,233,235,wištāsp,PROPN,appos,0,2,1,1,1,0,1,0,0.0,False,False,PY-Pt4-01_mptf.conllu,0,0,0
ašmāh,PRON,nmod,1,1,0,1,1,787,787,ašmāh,PRON,nmod,0,2,1,1,1,0,0,0,0.0,False,False,PY-Pt4-01_mptf.conllu,1,0,0
ašmāh,PRON,nmod,1,1,0,1,1,787,787,ašmāh,PRON,nmod,0,2,1,1,1,0,0,0,0.0,False,False,PY-Pt4-01_mptf.conllu,1,0,0
frašōštar,PROPN,nmod,0,0,0,1,1,44,45,frašōštar,PROPN,nmod,0,2,1,1,1,0,1,0,0.0,False,False,PY-Pt4-01_mptf.conllu,1,0,0
ašmāh,PRON,nmod,1,1,0,1,1,787,787,ašmāh,PRON,nmod,0,2,1,1,1,0,0,0,0.0,False,False,PY-Pt4-01_mptf.conllu,1,0,0
ašmāh,PRON,nmod,1,1,0,1,1,787,787,ašmāh,PRON,nmod,0,2,1,1,1,0,0,0,0.0,False,False,PY-Pt4-01_mptf.conllu,1,0,0
xwadāyīh,NOUN,nmod,0,0,0,1,1,638,639,xwadāyīh,NOUN,nmod,0,2,1,1,1,0,0,0,0.0,False,False,PY-Pt4-01_mptf.conllu,1,0,0
sūdimand,NOUN,nmod,0,0,0,1,1,5,144,sūdimand,NOUN,nmod,0,2,1,1,1,0,0,0,0.0,False,False,PY-Pt4-01_mptf.conllu,1,0,0
sūdimand,NOUN,nmod,0,0,0,1,1,5,144,sūdimand,NOUN,nmod,0,2,1,1,1,0,0,0,0.0,False,False,PY-Pt4-01_mptf.conllu,1,0,0
ašmāh,PRON,nmod,1,1,0,1,1,787,787,ašmāh,PRON,nmod,0,2,1,1,1,0,0,0,0.0,False,False,PY-Pt4-01_mptf.conllu,1,0,0
zardušt,PROPN,nmod,0,0,0,1,1,1746,1747,zardušt,PROPN,nmod,0,2,1,1,1,0,1,0,0.0,False,False,PY-Pt4-01_mptf.conllu,1,0,0
gōšurun,PROPN,nmod,0,0,0,1,1,42,42,gōšurun,PROPN,nmod,0,2,1,1,1,0,1,0,0.0,False,False,PY-Pt4-01_mptf.conllu,1,0,0
hād,NOUN,nmod,0,0,0,1,1,64,64,hād,NOUN,nmod,0,2,1,1,1,0,0,0,0.0,False,False,PY-Pt4-01_mptf.conllu,1,0,0
ahlāyīh,NOUN,nmod,0,0,0,1,1,1486,1488,ahlāyīh,NOUN,nmod,0,2,1,1,1,0,0,0,0.0,False,False,PY-Pt4-01_mptf.conllu,1,0,0
rad,NOUN,appos,0,0,0,1,1,756,756,rad,NOUN,appos,0,2,1,1,1,0,0,0,0.0,False,False,PY-Pt4-01_mptf.conllu,0,0,0
ahlāyīh,NOUN,nmod,0,0,0,1,1,1486,1488,ahlāyīh,NOUN,nmod,0,2,1,1,1,0,0,0,0.0,False,False,PY-Pt4-01_mptf.conllu,1,0,0
abāyist,NOUN,nmod,0,0,0,1,1,8,37,abāyist,NOUN,nmod,0,2,1,1,1,0,0,0,0.0,True,True,PY-Pt4-01_mptf.conllu,1,0,0
kār,NOUN,nmod,0,0,0,1,1,1414,1416,kār,NOUN,nmod,0,2,1,1,1,0,0,0,0.0,True,True,PY-Pt4-01_mptf.conllu,1,0,0
dēn,NOUN,nmod,0,0,0,1,1,2149,2158,dēn,NOUN,nmod,0,2,1,1,1,0,0,0,0.0,False,False,PY-Pt4-01_mptf.conllu,1,0,0
mazdēsnān,NOUN,nmod,1,1,0,1,1,372,595,mazdēsnān,NOUN,nmod,0,2,1,1,1,0,0,0,0.0,False,False,PY-Pt4-01_mptf.conllu,1,0,0
abāyist,NOUN,nmod,0,0,0,1,1,8,37,abāyist,NOUN,nmod,0,2,1,1,1,0,0,0,0.0,True,True,PY-Pt4-01_mptf.conllu,1,0,0
dēn,NOUN,nmod,0,0,0,1,1,2149,2158,dēn,NOUN,nmod,0,2,1,1,1,0,0,0,0.0,False,False,PY-Pt4-01_mptf.conllu,1,0,0
dēn,NOUN,appos,0,0,0,1,1,2149,2158,dēn,NOUN,appos,0,2,1,1,1,0,0,0,0.0,False,False,PY-Pt4-01_mptf.conllu,0,0,0
āb,NOUN,appos,0,0,0,1,1,2066,2067,āb,NOUN,appos,0,2,1,1,1,0,0,0,0.0,False,False,PY-Pt4-01_mptf.conllu,0,0,0
pahast,NOUN,appos,0,0,0,1,1,10,14,pahast,NOUN,appos,0,2,1,1,1,0,0,0,0.0,False,False,PY-Pt4-01_mptf.conllu,0,0,0
gēhān,NOUN,nmod,0,0,0,1,1,1249,1249,gēhān,NOUN,nmod,0,2,1,1,1,0,0,0,0.0,False,False,PY-Pt4-01_mptf.conllu,1,0,0
gōspandān,NOUN,nmod,1,1,0,1,1,831,834,gōspandān,NOUN,nmod,0,2,1,1,1,0,0,0,0.0,False,False,PY-Pt4-01_mptf.conllu,1,0,0
zardušt,PROPN,nmod,0,0,0,1,1,1746,1747,zardušt,PROPN,nmod,0,2,1,1,1,0,1,0,0.0,False,False,PY-Pt4-01_mptf.conllu,1,0,0
=m,PRON,nmod,0,0,0,1,1,2907,2910,=m,PRON,nmod,0,2,1,1,1,0,0,0,0.0,False,False,PY-Pt4-01_mptf.conllu,1,0,0
zardušt,PROPN,nmod,0,0,0,1,1,1746,1747,zardušt,PROPN,nmod,0,2,1,1,1,0,1,0,0.0,False,False,PY-Pt4-01_mptf.conllu,1,0,0
nar,NOUN,appos,0,0,0,1,1,55,132,nar,NOUN,appos,0,2,1,1,1,0,0,0,0.0,False,False,PY-Pt4-01_mptf.conllu,0,0,0
dēn,NOUN,appos,0,0,0,1,1,2149,2158,dēn,NOUN,appos,0,2,1,1,1,0,0,0,0.0,False,False,PY-Pt4-01_mptf.conllu,0,0,0
ān,PRON,nmod,0,0,0,1,1,1928,16587,ān,PRON,nmod,0,2,1,1,1,0,0,0,0.0,False,False,PY-Pt4-01_mptf.conllu,1,0,0
ohrmazd,PROPN,nmod,0,0,0,1,1,3237,3242,ohrmazd,PROPN,nmod,0,2,1,1,1,0,1,0,0.0,False,False,PY-Pt4-01_mptf.conllu,1,0,0
ān,PRON,nmod,0,0,0,1,1,1928,16587,ān,PRON,nmod,0,2,1,1,1,0,0,0,0.0,False,False,PY-Pt4-01_mptf.conllu,1,0,0
ašmāh,PRON,nmod,1,1,0,1,1,787,787,ašmāh,PRON,nmod,0,2,1,1,1,0,0,0,0.0,False,False,PY-Pt4-01_mptf.conllu,1,0,0
gōspandān,NOUN,nmod,1,1,0,1,1,831,834,gōspandān,NOUN,nmod,0,2,1,1,1,0,0,0,0.0,False,False,PY-Pt4-01_mptf.conllu,1,0,0
gōspandān,NOUN,nmod,1,1,0,1,1,831,834,gōspandān,NOUN,nmod,0,2,1,1,1,0,0,0,0.0,False,False,PY-Pt4-01_mptf.conllu,1,0,0
ašmāh,PRON,nmod,1,1,0,1,1,787,787,ašmāh,PRON,nmod,0,2,1,1,1,0,0,0,0.0,False,False,PY-Pt4-01_mptf.conllu,1,0,0
dēn,NOUN,appos,0,0,0,1,1,2149,2158,dēn,NOUN,appos,0,2,1,1,1,0,0,0,0.0,False,False,PY-Pt4-01_mptf.conllu,0,0,0
kē,PRON,nmod,0,0,0,0,0,475,8908,kē,PRON,nmod,0,2,1,1,1,0,0,0,0.0,False,False,PY-Pt4-01_mptf.conllu,1,0,0
=š,PRON,nmod,0,0,0,1,1,18107,18258,=š,PRON,nmod,0,2,1,1,1,0,0,0,0.0,False,False,PY-Pt4-01_mptf.conllu,1,0,0
wālan,NOUN,nmod,0,0,0,1,1,15,16,wālan,NOUN,nmod,0,2,1,1,1,0,0,0,0.0,False,False,PY-Pt4-01_mptf.conllu,1,0,0
mardōmān,NOUN,nmod,1,1,0,1,1,2713,2716,mardōmān,NOUN,nmod,0,2,1,1,1,0,0,0,0.0,False,False,PY-Pt4-01_mptf.conllu,1,0,0
zardušt,PROPN,nmod,0,0,0,1,1,1746,1747,zardušt,PROPN,nmod,0,2,1,1,1,0,1,0,0.0,False,False,PY-Pt4-01_mptf.conllu,1,0,0
dēn,NOUN,appos,0,0,0,1,1,2149,2158,dēn,NOUN,appos,0,2,1,1,1,0,0,0,0.0,False,False,PY-Pt4-01_mptf.conllu,0,0,0
ohrmazd,PROPN,nmod,0,0,0,1,1,3237,3242,ohrmazd,PROPN,nmod,0,2,1,1,1,0,1,0,0.0,False,False,PY-Pt4-01_mptf.conllu,1,0,0
frārōnmenišnīh,NOUN,appos,0,0,0,1,1,6,6,frārōnmenišnīh,NOUN,appos,0,2,1,1,1,0,0,0,0.0,True,True,PY-Pt4-01_mptf.conllu,0,0,0
awēšān,PRON,nmod,1,1,0,1,1,4503,4718,awēšān,PRON,nmod,0,2,1,1,1,0,0,0,0.0,False,False,PY-Pt4-01_mptf.conllu,1,0,0
tō,PRON,nmod,0,0,0,0,0,1925,1925,tō,PRON,nmod,0,2,1,1,1,0,0,0,0.0,False,False,PY-Pt4-01_mptf.conllu,1,0,0
ašawahišt,PROPN,appos,0,0,0,1,1,116,116,ašawahišt,PROPN,appos,0,2,1,1,1,0,1,0,0.0,False,False,PY-Pt4-01_mptf.conllu,0,0,0
wehmenišn,NOUN,nmod,0,0,0,1,1,1,1,wehmenišn,NOUN,nmod,0,2,1,1,1,0,0,0,0.0,False,False,PY-Pt4-01_mptf.conllu,1,0,0
wahman,PROPN,appos,0,0,0,1,1,598,599,wahman,PROPN,appos,0,2,1,1,1,0,1,0,0.0,False,False,PY-Pt4-01_mptf.conllu,0,0,0
wehxwadāyīh,NOUN,nmod,0,0,0,1,1,2,2,wehxwadāyīh,NOUN,nmod,0,2,1,1,1,0,0,0,0.0,False,False,PY-Pt4-01_mptf.conllu,1,0,0
xšahrewar,PROPN,appos,0,0,0,1,1,108,108,xšahrewar,PROPN,appos,0,2,1,1,1,0,1,0,0.0,False,False,PY-Pt4-01_mptf.conllu,0,0,0
tō,PRON,nmod,0,0,0,0,0,1925,1925,tō,PRON,nmod,0,2,1,1,1,0,0,0,0.0,False,False,PY-Pt4-01_mptf.conllu,1,0,0
tō,PRON,nmod,0,0,0,0,0,1925,1925,tō,PRON,nmod,0,2,1,1,1,0,0,0,0.0,False,False,PY-Pt4-01_mptf.conllu,1,0,0
tō,PRON,nmod,0,0,0,0,0,1925,1925,tō,PRON,nmod,0,2,1,1,1,0,0,0,0.0,False,False,PY-Pt4-01_mptf.conllu,1,0,0
yast,PROPN,nmod,0,0,0,1,1,73,73,yast,PROPN,nmod,0,2,1,1,1,0,1,0,0.0,False,False,PY-Pt4-01_mptf.conllu,1,0,0
tō,PRON,nmod,0,0,0,0,0,1925,1925,tō,PRON,nmod,0,2,1,1,1,0,0,0,0.0,False,False,PY-Pt4-01_mptf.conllu,1,0,0
tō,PRON,nmod,0,0,0,0,0,1925,1925,tō,PRON,nmod,0,2,1,1,1,0,0,0,0.0,False,False,PY-Pt4-01_mptf.conllu,1,0,0
tō,PRON,nmod,0,0,0,0,0,1925,1925,tō,PRON,nmod,0,2,1,1,1,0,0,0,0.0,False,False,PY-Pt4-01_mptf.conllu,1,0,0
tuwān,NOUN,nmod,0,0,0,1,1,24,638,tuwān,NOUN,nmod,0,2,1,1,1,0,0,0,0.0,False,False,PY-Pt4-01_mptf.conllu,1,0,0
ohrmazd,PROPN,nmod,0,0,0,1,1,3237,3242,ohrmazd,PROPN,nmod,0,2,1,1,1,0,1,0,0.0,False,False,PY-Pt4-01_mptf.conllu,1,0,0
tan,NOUN,nmod,0,0,0,1,1,2253,2253,tan,NOUN,nmod,0,2,1,1,1,0,0,0,0.0,False,False,PY-Pt4-01_mptf.conllu,1,0,0
zardušt,PROPN,nmod,0,0,0,1,1,1746,1747,zardušt,PROPN,nmod,0,2,1,1,1,0,1,0,0.0,False,False,PY-Pt4-01_mptf.conllu,1,0,0
ohrmazd,PROPN,nmod,0,0,0,1,1,3237,3242,ohrmazd,PROPN,nmod,0,2,1,1,1,0,1,0,0.0,False,False,PY-Pt4-01_mptf.conllu,1,0,0
ohrmazd,PROPN,nmod,0,0,0,1,1,3237,3242,ohrmazd,PROPN,nmod,0,2,1,1,1,0,1,0,0.0,False,False,PY-Pt4-01_mptf.conllu,1,0,0
tō,PRON,nmod,0,0,0,0,0,1925,1925,tō,PRON,nmod,0,2,1,1,1,0,0,0,0.0,False,False,PY-Pt4-01_mptf.conllu,1,0,0
wāzišt,PROPN,nmod,0,0,0,1,1,29,45,wāzišt,PROPN,nmod,0,2,1,1,1,0,1,0,0.0,False,False,PY-Pt4-01_mptf.conllu,1,0,0
ohrmazd,PROPN,nmod,0,0,0,1,1,3237,3242,ohrmazd,PROPN,nmod,0,2,1,1,1,0,1,0,0.0,False,False,PY-Pt4-01_mptf.conllu,1,0,0
tō,PRON,appos,0,0,0,0,0,1925,1925,tō,PRON,appos,0,2,1,1,1,0,0,0,0.0,False,False,PY-Pt4-01_mptf.conllu,0,0,0
mēnōy,NOUN,nmod,0,0,0,0,0,1405,1550,mēnōy,NOUN,nmod,0,2,1,1,1,0,0,0,0.0,False,False,PY-Pt4-01_mptf.conllu,1,0,0
zardušt,PROPN,nmod,0,0,0,1,1,1746,1747,zardušt,PROPN,nmod,0,2,1,1,1,0,1,0,0.0,False,False,PY-Pt4-01_mptf.conllu,1,0,0
zardušt,PROPN,nmod,0,0,0,1,1,1746,1747,zardušt,PROPN,nmod,0,2,1,1,1,0,1,0,0.0,False,False,PY-Pt4-01_mptf.conllu,1,0,0
=m,PRON,nmod,0,0,0,1,1,2907,2910,=m,PRON,nmod,0,2,1,1,1,0,0,0,0.0,False,False,PY-Pt4-01_mptf.conllu,1,0,0
tō,PRON,nmod,0,0,0,0,0,1925,1925,tō,PRON,nmod,0,2,1,1,1,0,0,0,0.0,False,False,PY-Pt4-01_mptf.conllu,1,0,0
kirbān,NOUN,nmod,1,1,0,1,1,204,204,kirbān,NOUN,nmod,0,2,1,1,1,0,0,0,0.0,False,False,PY-Pt4-01_mptf.conllu,1,0,0
kirb,NOUN,nmod,0,0,0,1,1,204,204,kirb,NOUN,nmod,0,2,1,1,1,0,0,0,0.0,False,False,PY-Pt4-01_mptf.conllu,1,0,0
tō,PRON,nmod,0,0,0,0,0,1925,1925,tō,PRON,nmod,0,2,1,1,1,0,0,0,0.0,False,False,PY-Pt4-01_mptf.conllu,1,0,0
hād,NOUN,nmod,0,0,0,1,1,64,64,hād,NOUN,nmod,0,2,1,1,1,0,0,0,0.0,False,False,PY-Pt4-01_mptf.conllu,1,0,0
sar,NOUN,nmod,0,0,0,1,1,700,700,sar,NOUN,nmod,0,2,1,1,1,0,0,0,0.0,False,False,PY-Pt4-01_mptf.conllu,1,0,0
yast,PROPN,nmod,0,0,0,1,1,73,73,yast,PROPN,nmod,0,2,1,1,1,0,1,0,0.0,False,False,PY-Pt4-01_mptf.conllu,1,0,0
zardušt,PROPN,nmod,0,0,0,1,1,1746,1747,zardušt,PROPN,nmod,0,2,1,1,1,0,1,0,0.0,False,False,PY-Pt4-01_mptf.conllu,1,0,0
zardušt,PROPN,nmod,0,0,0,1,1,1746,1747,zardušt,PROPN,nmod,0,2,1,1,1,0,1,0,0.0,False,False,PY-Pt4-01_mptf.conllu,1,0,0
gēhān,NOUN,nmod,0,0,0,1,1,1249,1249,gēhān,NOUN,nmod,0,2,1,1,1,0,0,0,0.0,False,False,PY-Pt4-01_mptf.conllu,1,0,0
amāgān,PRON,nmod,1,1,0,1,1,6,6,amāgān,PRON,nmod,0,2,1,1,1,0,0,0,0.0,False,False,PY-Pt4-01_mptf.conllu,1,0,0
zīwišn,NOUN,nmod,0,0,0,1,1,8,19,zīwišn,NOUN,nmod,0,2,1,1,1,0,0,0,0.0,False,False,PY-Pt4-01_mptf.conllu,1,0,0
narān,NOUN,nmod,1,1,0,1,1,55,132,narān,NOUN,nmod,0,2,1,1,1,0,0,0,0.0,False,False,PY-Pt4-01_mptf.conllu,1,0,0
[nēkīh],NOUN,appos,0,0,0,1,1,529,529,[nēkīh],NOUN,appos,0,2,1,1,1,0,0,0,0.0,False,False,PY-Pt4-01_mptf.conllu,0,0,0
ašawahišt,PROPN,appos,0,0,0,1,1,116,116,ašawahišt,PROPN,appos,0,2,1,1,1,0,1,0,0.0,False,False,PY-Pt4-01_mptf.conllu,0,0,0
zardušt,PROPN,nmod,0,0,0,1,1,1746,1747,zardušt,PROPN,nmod,0,2,1,1,1,0,1,0,0.0,False,False,PY-Pt4-01_mptf.conllu,1,0,0
wahman,PROPN,appos,0,0,0,1,1,598,599,wahman,PROPN,appos,0,2,1,1,1,0,1,0,0.0,False,False,PY-Pt4-01_mptf.conllu,0,0,0
xšahrewar,PROPN,appos,0,0,0,1,1,108,108,xšahrewar,PROPN,appos,0,2,1,1,1,0,1,0,0.0,False,False,PY-Pt4-01_mptf.conllu,0,0,0
hordād,PROPN,appos,0,0,0,1,1,120,120,hordād,PROPN,appos,0,2,1,1,1,0,1,0,0.0,False,False,PY-Pt4-01_mptf.conllu,0,0,0
spandarmad,PROPN,appos,0,0,0,1,1,189,189,spandarmad,PROPN,appos,0,2,1,1,1,0,1,0,0.0,False,False,PY-Pt4-01_mptf.conllu,0,0,0
mādagān,NOUN,nmod,1,1,0,1,1,87,187,mādagān,NOUN,nmod,0,2,1,1,1,0,0,0,0.0,False,False,PY-Pt4-01_mptf.conllu,1,0,0
amāh,PRON,nmod,1,1,0,1,1,610,610,amāh,PRON,nmod,0,2,1,1,1,0,0,0,0.0,False,False,PY-Pt4-01_mptf.conllu,1,0,0
tō,PRON,nmod,0,0,0,0,0,1925,1925,tō,PRON,nmod,0,2,1,1,1,0,0,0,0.0,False,False,PY-Pt4-01_mptf.conllu,1,0,0
xwāstag,NOUN,appos,0,0,0,1,1,1099,1100,xwāstag,NOUN,appos,0,2,1,1,1,0,0,0,0.0,True,True,PY-Pt4-01_mptf.conllu,0,0,0
maikiiąti,PROPN,amod,0,0,0,0,0,2,2,maikiiąti,PROPN,amod,0,2,1,1,1,0,1,0,0.0,False,False,PY-Pt4-01_mptf.conllu,0,1,0
paššing,NOUN,appos,0,0,0,1,1,2,2,paššing,NOUN,appos,0,2,1,1,1,0,0,0,0.0,False,False,PY-Pt4-01_mptf.conllu,0,0,0
hēbuuaįnti,PROPN,nmod,0,0,0,0,0,2,2,hēbuuaįnti,PROPN,nmod,0,2,1,1,1,0,1,0,0.0,False,False,PY-Pt4-01_mptf.conllu,1,0,0
frauuāzi,PROPN,nmod,0,0,0,0,0,2,2,frauuāzi,PROPN,nmod,0,2,1,1,1,0,1,0,0.0,False,False,PY-Pt4-01_mptf.conllu,1,0,0
ahurahiiā,PROPN,nmod,0,0,0,0,0,2,2,ahurahiiā,PROPN,nmod,0,2,1,1,1,0,1,0,0.0,False,False,PY-Pt4-01_mptf.conllu,1,0,0
šusr,NOUN,appos,0,0,0,1,1,91,92,šusr,NOUN,appos,0,2,1,1,1,0,0,0,0.0,False,False,PY-Pt4-01_mptf.conllu,0,0,0
hauuapaŋhā̊,PROPN,nmod,0,0,0,1,1,2,2,hauuapaŋhā̊,PROPN,nmod,0,2,1,1,1,0,1,0,0.0,False,False,PY-Pt4-01_mptf.conllu,1,0,0
mēšag,NOUN,appos,0,0,0,1,1,6,6,mēšag,NOUN,appos,0,2,1,1,1,0,0,0,0.0,False,False,PY-Pt4-01_mptf.conllu,0,0,0
ašmāh,PRON,nmod,1,1,0,1,1,787,787,ašmāh,PRON,nmod,0,2,1,1,1,0,0,0,0.0,False,False,PY-Pt4-01_mptf.conllu,1,0,0
=mān,PRON,nmod,1,1,0,1,1,610,610,=mān,PRON,nmod,0,2,1,1,1,0,0,0,0.0,False,False,PY-Pt4-01_mptf.conllu,1,0,0
ars,NOUN,appos,0,0,0,1,1,14,14,ars,NOUN,appos,0,2,1,1,1,0,0,0,0.0,False,False,PY-Pt4-01_mptf.conllu,0,0,0
axwān,NOUN,nmod,1,1,0,1,1,366,369,axwān,NOUN,nmod,0,2,1,1,1,0,0,0,0.0,False,False,PY-Pt4-01_mptf.conllu,1,0,0
rōγn,NOUN,appos,0,0,0,1,1,30,30,rōγn,NOUN,appos,0,2,1,1,1,0,0,0,0.0,False,False,PY-Pt4-01_mptf.conllu,0,0,0
yān,NOUN,nmod,0,0,0,1,1,80,81,yān,NOUN,nmod,0,2,1,1,1,0,0,0,0.0,False,False,PY-Pt4-01_mptf.conllu,1,0,0
zardušt,PROPN,nmod,0,0,0,1,1,1746,1747,zardušt,PROPN,nmod,0,2,1,1,1,0,1,0,0.0,False,False,PY-Pt4-01_mptf.conllu,1,0,0
gēhān,NOUN,nmod,0,0,0,1,1,1249,1249,gēhān,NOUN,nmod,0,2,1,1,1,0,0,0,0.0,False,False,PY-Pt4-01_mptf.conllu,1,0,0
šīr,NOUN,appos,0,0,0,1,1,95,95,šīr,NOUN,appos,0,2,1,1,1,0,0,0,0.0,False,False,PY-Pt4-01_mptf.conllu,0,0,0
gōspandān,NOUN,nmod,1,1,0,1,1,831,834,gōspandān,NOUN,nmod,0,2,1,1,1,0,0,0,0.0,False,False,PY-Pt4-01_mptf.conllu,1,0,0
amāgān,PRON,nmod,1,1,0,1,1,6,6,amāgān,PRON,nmod,0,2,1,1,1,0,0,0,0.0,False,False,PY-Pt4-01_mptf.conllu,1,0,0
amāh,PRON,nmod,1,1,0,1,1,610,610,amāh,PRON,nmod,0,2,1,1,1,0,0,0,0.0,False,False,PY-Pt4-01_mptf.conllu,1,0,0
tō,PRON,nmod,0,0,0,0,0,1925,1925,tō,PRON,nmod,0,2,1,1,1,0,0,0,0.0,False,False,PY-Pt4-01_mptf.conllu,1,0,0
artēštār,NOUN,appos,0,0,0,1,1,110,111,artēštār,NOUN,appos,0,2,1,1,1,0,0,0,0.0,True,True,PY-Pt4-01_mptf.conllu,0,0,0
ayārān,NOUN,appos,1,1,0,1,1,101,105,ayārān,NOUN,appos,0,2,1,1,1,0,0,0,0.0,True,True,PY-Pt4-01_mptf.conllu,0,0,0
ahlawān,NOUN,nmod,1,1,0,1,1,378,2060,ahlawān,NOUN,nmod,0,2,1,1,1,0,0,0,0.0,False,False,PY-Pt4-01_mptf.conllu,1,0,0
narān,NOUN,appos,1,1,0,1,1,55,132,narān,NOUN,appos,0,2,1,1,1,0,0,0,0.0,False,False,PY-Pt4-01_mptf.conllu,0,0,0
artēštār,NOUN,appos,0,0,0,1,1,110,111,artēštār,NOUN,appos,0,2,1,1,1,0,0,0,0.0,True,True,PY-Pt4-01_mptf.conllu,0,0,0
wāstaryōš,NOUN,appos,0,0,0,1,1,66,67,wāstaryōš,NOUN,appos,0,2,1,1,1,0,0,0,0.0,False,False,PY-Pt4-01_mptf.conllu,0,0,0
āsrōn,NOUN,appos,0,0,0,1,1,138,139,āsrōn,NOUN,appos,0,2,1,1,1,0,0,0,0.0,False,False,PY-Pt4-01_mptf.conllu,0,0,0
amahraspandān,PROPN,appos,1,1,0,1,1,533,534,amahraspandān,PROPN,appos,0,2,1,1,1,0,1,0,0.0,False,False,PY-Pt4-01_mptf.conllu,0,0,0
=m,PRON,nmod,0,0,0,1,1,2907,2910,=m,PRON,nmod,0,2,1,1,1,0,0,0,0.0,False,False,PY-Pt4-01_mptf.conllu,1,0,0
=tān,PRON,nmod,1,1,0,1,1,787,787,=tān,PRON,nmod,0,2,1,1,1,0,0,0,0.0,False,False,PY-Pt4-01_mptf.conllu,1,0,0
tō,PRON,nmod,0,0,0,0,0,1925,1925,tō,PRON,nmod,0,2,1,1,1,0,0,0,0.0,False,False,PY-Pt4-01_mptf.conllu,1,0,0
tō,PRON,nmod,0,0,0,0,0,1925,1925,tō,PRON,nmod,0,2,1,1,1,0,0,0,0.0,False,False,PY-Pt4-01_mptf.conllu,1,0,0
ōy,PRON,nmod,0,0,0,0,0,18107,18258,ōy,PRON,nmod,0,2,1,1,1,0,0,0,0.0,False,False,PY-Pt4-01_mptf.conllu,1,0,0
tō,PRON,nmod,0,0,0,0,0,1925,1925,tō,PRON,nmod,0,2,1,1,1,0,0,0,0.0,False,False,PY-Pt4-01_mptf.conllu,1,0,0
hamkirdārīh,NOUN,appos,0,0,0,1,1,3,7,hamkirdārīh,NOUN,appos,0,2,1,1,1,0,0,0,0.0,False,False,PY-Pt4-01_mptf.conllu,0,0,0
tan,NOUN,appos,0,0,0,1,1,2253,2253,tan,NOUN,appos,0,2,1,1,1,0,0,0,0.0,False,False,PY-Pt4-01_mptf.conllu,0,0,0
mardān,NOUN,nmod,1,1,0,1,1,2067,2069,mardān,NOUN,nmod,0,2,1,1,1,0,0,0,0.0,False,False,PY-Pt4-01_mptf.conllu,1,0,0
hāwištān,NOUN,appos,1,1,0,1,1,75,116,hāwištān,NOUN,appos,0,2,1,1,1,0,0,0,0.0,False,False,PY-Pt4-01_mptf.conllu,0,0,0
mardān,NOUN,nmod,1,1,0,1,1,2067,2069,mardān,NOUN,nmod,0,2,1,1,1,0,0,0,0.0,False,False,PY-Pt4-01_mptf.conllu,1,0,0
hērbedān,NOUN,nmod,1,1,0,1,1,174,176,hērbedān,NOUN,nmod,0,2,1,1,1,0,0,0,0.0,False,False,PY-Pt4-01_mptf.conllu,1,0,0
rasišn,NOUN,appos,0,0,0,1,1,166,167,rasišn,NOUN,appos,0,2,1,1,1,0,0,0,0.0,True,True,PY-Pt4-01_mptf.conllu,0,0,0
tan,NOUN,appos,0,0,0,1,1,2253,2253,tan,NOUN,appos,0,2,1,1,1,0,0,0,0.0,False,False,PY-Pt4-01_mptf.conllu,0,0,0
kār,NOUN,appos,0,0,0,1,1,1414,1416,kār,NOUN,appos,0,2,1,1,1,0,0,0,0.0,True,True,PY-Pt4-01_mptf.conllu,0,0,0
amāh,PRON,nmod,1,1,0,1,1,610,610,amāh,PRON,nmod,0,2,1,1,1,0,0,0,0.0,False,False,PY-Pt4-01_mptf.conllu,1,0,0
ašmāh,PRON,nmod,1,1,0,1,1,787,787,ašmāh,PRON,nmod,0,2,1,1,1,0,0,0,0.0,False,False,PY-Pt4-01_mptf.conllu,1,0,0
xwāstag,NOUN,appos,0,0,0,1,1,1099,1100,xwāstag,NOUN,appos,0,2,1,1,1,0,0,0,0.0,True,True,PY-Pt4-01_mptf.conllu,0,0,0
hād,NOUN,nmod,0,0,0,1,1,64,64,hād,NOUN,nmod,0,2,1,1,1,0,0,0,0.0,False,False,PY-Pt4-01_mptf.conllu,1,0,0
sar,NOUN,nmod,0,0,0,1,1,700,700,sar,NOUN,nmod,0,2,1,1,1,0,0,0,0.0,False,False,PY-Pt4-01_mptf.conllu,1,0,0
gāh,NOUN,nmod,0,0,0,1,1,744,746,gāh,NOUN,nmod,0,2,1,1,1,0,0,0,0.0,False,False,PY-Pt4-01_mptf.conllu,1,0,0
yast,PROPN,nmod,0,0,0,1,1,73,73,yast,PROPN,nmod,0,2,1,1,1,0,1,0,0.0,False,False,PY-Pt4-01_mptf.conllu,1,0,0
zardušt,PROPN,nmod,0,0,0,1,1,1746,1747,zardušt,PROPN,nmod,0,2,1,1,1,0,1,0,0.0,False,False,PY-Pt4-01_mptf.conllu,1,0,0
tō,PRON,nmod,0,0,0,0,0,1925,1925,tō,PRON,nmod,0,2,1,1,1,0,0,0,0.0,False,False,PY-Pt4-01_mptf.conllu,1,0,0
astān,NOUN,nmod,1,1,0,1,1,37,96,astān,NOUN,nmod,0,2,1,1,1,0,0,0,0.0,False,False,PY-Pt4-01_mptf.conllu,1,0,0
mizd,NOUN,nmod,0,0,0,1,1,349,349,mizd,NOUN,nmod,0,2,1,1,1,0,0,0,0.0,False,False,PY-Pt4-01_mptf.conllu,1,0,0
tan,NOUN,appos,0,0,0,1,1,2253,2253,tan,NOUN,appos,0,2,1,1,1,0,0,0,0.0,False,False,PY-Pt4-01_mptf.conllu,0,0,0
tō,PRON,nmod,0,0,0,0,0,1925,1925,tō,PRON,nmod,0,2,1,1,1,0,0,0,0.0,False,False,PY-Pt4-01_mptf.conllu,1,0,0
dēn,NOUN,appos,0,0,0,1,1,2149,2158,dēn,NOUN,appos,0,2,1,1,1,0,0,0,0.0,False,False,PY-Pt4-01_mptf.conllu,0,0,0
tō,PRON,nmod,0,0,0,0,0,1925,1925,tō,PRON,nmod,0,2,1,1,1,0,0,0,0.0,False,False,PY-Pt4-01_mptf.conllu,1,0,0
tō,PRON,nmod,0,0,0,0,0,1925,1925,tō,PRON,nmod,0,2,1,1,1,0,0,0,0.0,False,False,PY-Pt4-01_mptf.conllu,1,0,0
amāh,PRON,nmod,1,1,0,1,1,610,610,amāh,PRON,nmod,0,2,1,1,1,0,0,0,0.0,False,False,PY-Pt4-01_mptf.conllu,1,0,0
dagrrasišnīh,NOUN,nmod,0,0,0,1,1,5,5,dagrrasišnīh,NOUN,nmod,0,2,1,1,1,0,0,0,0.0,True,True,PY-Pt4-01_mptf.conllu,1,0,0
ǰān,NOUN,nmod,0,0,0,1,1,423,423,ǰān,NOUN,nmod,0,2,1,1,1,0,0,0,0.0,False,False,PY-Pt4-01_mptf.conllu,1,0,0
astān,NOUN,nmod,1,1,0,1,1,37,96,astān,NOUN,nmod,0,2,1,1,1,0,0,0,0.0,False,False,PY-Pt4-01_mptf.conllu,1,0,0
tō,PRON,nmod,0,0,0,0,0,1925,1925,tō,PRON,nmod,0,2,1,1,1,0,0,0,0.0,False,False,PY-Pt4-01_mptf.conllu,1,0,0
ān,PRON,appos,0,0,0,1,1,1928,16587,ān,PRON,appos,0,2,1,1,1,0,0,0,0.0,False,False,PY-Pt4-01_mptf.conllu,0,0,0
dēn,NOUN,nmod,0,0,0,1,1,2149,2158,dēn,NOUN,nmod,0,2,1,1,1,0,0,0,0.0,False,False,PY-Pt4-01_mptf.conllu,1,0,0
ōy,PRON,nmod,0,0,0,0,0,18107,18258,ōy,PRON,nmod,0,2,1,1,1,0,0,0,0.0,False,False,PY-Pt4-01_mptf.conllu,1,0,0
tō,PRON,nmod,0,0,0,0,0,1925,1925,tō,PRON,nmod,0,2,1,1,1,0,0,0,0.0,False,False,PY-Pt4-01_mptf.conllu,1,0,0
ahlāyīh,NOUN,nmod,0,0,0,1,1,1486,1488,ahlāyīh,NOUN,nmod,0,2,1,1,1,0,0,0,0.0,False,False,PY-Pt4-01_mptf.conllu,1,0,0
rad,NOUN,appos,0,0,0,1,1,756,756,rad,NOUN,appos,0,2,1,1,1,0,0,0,0.0,False,False,PY-Pt4-01_mptf.conllu,0,0,0
hamdahišnīh,NOUN,nmod,0,0,0,1,1,20,20,hamdahišnīh,NOUN,nmod,0,2,1,1,1,0,0,0,0.0,True,True,PY-Pt4-01_mptf.conllu,1,0,0
ābān,NOUN,nmod,1,1,0,1,1,2066,2067,ābān,NOUN,nmod,0,2,1,1,1,0,0,0,0.0,False,False,PY-Pt4-01_mptf.conllu,1,0,0
ābān,NOUN,nmod,1,1,0,1,1,2066,2067,ābān,NOUN,nmod,0,2,1,1,1,0,0,0,0.0,False,False,PY-Pt4-01_mptf.conllu,1,0,0
rāhān,NOUN,nmod,1,1,0,1,1,587,587,rāhān,NOUN,nmod,0,2,1,1,1,0,0,0,0.0,False,False,PY-Pt4-01_mptf.conllu,1,0,0
rāhān,NOUN,nmod,1,1,0,1,1,587,587,rāhān,NOUN,nmod,0,2,1,1,1,0,0,0,0.0,False,False,PY-Pt4-01_mptf.conllu,1,0,0
ahlāyīh,NOUN,nmod,0,0,0,1,1,1486,1488,ahlāyīh,NOUN,nmod,0,2,1,1,1,0,0,0,0.0,False,False,PY-Pt4-01_mptf.conllu,1,0,0
kār,NOUN,appos,0,0,0,1,1,1414,1416,kār,NOUN,appos,0,2,1,1,1,0,0,0,0.0,True,True,PY-Pt4-01_mptf.conllu,0,0,0
hērbed,NOUN,obl,0,0,0,1,0,174,2,ādurfarrbay,PROPN,flat,0,1,3,3,1,0,1,0,1.0,False,False,RAF-TD2-01_mptf.conllu,0,0,0
hērbed,NOUN,obl,0,0,0,1,0,174,55,pēšōbāy,NOUN,appos,3,1,3,3,1,0,0,0,1.0,False,False,RAF-TD2-01_mptf.conllu,0,0,0
ādurfarrbay,PROPN,flat,0,0,0,0,1,2,1,farroxzādān,PROPN,nmod,0,1,2,1,1,0,1,1,0.0,False,False,RAF-TD2-01_mptf.conllu,1,0,0
pēšōbāy,NOUN,appos,0,1,0,0,1,53,106,hudēnān,NOUN,nmod,0,2,1,1,0,0,0,0,0.0,False,False,RAF-TD2-01_mptf.conllu,1,0,0
kām,NOUN,root,0,0,0,1,1,335,18258,=š,PRON,nmod,0,2,2,4,0,0,0,0,0.0,False,False,RAF-TD2-01_mptf.conllu,1,0,0
mard,NOUN,obl,0,0,0,1,1,2067,384,dudīgar,ADJ,amod,1,1,1,3,0,0,0,0,1.0,False,False,RAF-TD2-01_mptf.conllu,0,1,1
duxtar,NOUN,nmod,0,0,0,1,1,307,308,duxtar,NOUN,nmod,0,2,1,2,2,0,0,1,0.0,False,False,RAF-TD2-01_mptf.conllu,1,0,0
hamdādestānīh,NOUN,root,0,0,0,1,1,36,61,ziyānag,NOUN,nmod,0,1,3,6,1,0,0,1,0.0,False,False,RAF-TD2-01_mptf.conllu,1,0,0
hamdādestānīh,NOUN,obl,0,0,0,1,1,36,547,pidar,NOUN,nmod,0,1,2,2,1,0,0,1,0.5,False,False,RAF-TD2-01_mptf.conllu,1,0,0
hamdādestānīh,NOUN,obl,0,0,0,1,1,36,233,sālār,NOUN,nmod,0,1,2,2,1,0,0,1,1.0,False,True,RAF-TD2-01_mptf.conllu,1,0,0
zan,NOUN,xcomp,0,0,0,1,0,890,910,pādixšāy,ADJ,amod,0,2,1,1,0,0,0,0,0.0,False,False,RAF-TD2-01_mptf.conllu,0,1,0
dādestānīh,NOUN,root,0,0,0,1,1,16,473,ǰud,ADV,nmod,1,2,2,3,1,0,0,0,0.0,False,False,RAF-TD2-01_mptf.conllu,2,0,0
dādestānīh,NOUN,root,0,0,0,1,1,16,407,padiš,ADV,nmod,0,1,2,3,1,0,0,1,0.0,False,False,RAF-TD2-01_mptf.conllu,2,0,0
zan,NOUN,xcomp,0,0,0,1,0,890,910,pādixšāy,ADV,amod,0,2,2,3,0,0,0,0,0.0,False,False,RAF-TD2-01_mptf.conllu,0,1,0
mardōm,NOUN,nsubj,0,0,0,1,1,2713,18258,=š,PRON,nmod,0,2,1,1,0,0,0,0,0.3333333333333333,False,False,RAF-TD2-01_mptf.conllu,1,0,0
zanīh,NOUN,xcomp,0,0,0,1,0,174,910,pādixšāy,ADJ,amod,0,2,1,1,0,0,0,0,0.0,False,False,RAF-TD2-01_mptf.conllu,0,1,0
paywand,NOUN,obl,0,0,0,1,1,179,18258,=š,PRON,nmod,0,2,1,1,0,0,0,0,0.375,False,False,RAF-TD2-01_mptf.conllu,1,0,0
pidarān,NOUN,obl,1,0,0,1,1,547,735,wehdēn,ADJ,nmod,1,1,2,2,1,0,0,0,0.5,False,False,RAF-TD2-01_mptf.conllu,1,0,0
zan,NOUN,conj,0,0,0,1,0,890,910,pādixšāy,ADJ,amod,0,1,2,3,1,0,0,1,0.0,False,False,RAF-TD2-01_mptf.conllu,0,1,0
sālārīh,NOUN,nsubj,0,1,0,1,1,288,4718,awēšān,PRON,nmod,0,2,1,1,0,0,0,0,1.0,False,False,RAF-TD2-01_mptf.conllu,1,0,0
zanīh,NOUN,xcomp,0,0,0,1,0,174,910,pādixšāy,ADJ,amod,0,2,1,1,0,0,0,0,0.0,False,False,RAF-TD2-01_mptf.conllu,0,1,0
xwēšāwand,NOUN,nsubj,0,0,0,1,1,27,735,wehdēn,ADJ,nmod,0,1,1,1,0,0,0,0,0.75,False,False,RAF-TD2-01_mptf.conllu,1,0,0
nazdīkpaywandtar,NOUN,obl,0,1,0,1,1,1,547,pidarān,NOUN,nmod,0,2,1,2,0,0,0,0,1.0,False,False,RAF-TD2-01_mptf.conllu,1,0,0
ōy,PRON,conj,0,0,0,0,1,18107,19,dēnāgāhtar,ADJ,amod,0,1,2,2,1,0,0,1,0.0,False,False,RAF-TD2-01_mptf.conllu,0,1,0
sālārīh,NOUN,nsubj,0,0,0,1,1,288,18258,=š,PRON,nmod,0,2,1,1,0,0,0,0,1.0,False,False,RAF-TD2-01_mptf.conllu,1,0,0
šōy,NOUN,obl,0,0,0,0,1,265,61,ziyānag,NOUN,nmod,0,2,1,1,0,0,0,0,0.5,False,False,RAF-TD2-01_mptf.conllu,1,0,0
šōy,NOUN,obl,0,0,0,0,1,265,890,zan,NOUN,nmod,0,1,2,2,1,0,0,1,1.0,False,False,RAF-TD2-01_mptf.conllu,1,0,0
sālārīh,NOUN,nsubj,0,0,0,1,1,288,18258,=š,PRON,nmod,0,2,1,1,0,0,0,0,0.25,False,False,RAF-TD2-01_mptf.conllu,1,0,0
tan,NOUN,obl,0,0,0,1,1,2253,2375,xwēš,PRON,amod,0,1,2,2,1,0,0,1,1.0,False,False,RAF-TD2-01_mptf.conllu,0,1,0
zan,NOUN,xcomp,0,0,0,1,0,890,910,pādixšāy,ADJ,amod,0,2,1,1,0,0,0,0,0.0,False,False,RAF-TD2-01_mptf.conllu,0,1,0
sālār,NOUN,nsubj,0,0,0,1,1,233,8,gumārdag,ADJ,amod,0,1,2,1,1,0,0,1,0.5,True,True,RAF-TD2-01_mptf.conllu,0,1,0
tan,NOUN,obl,0,0,0,1,1,2253,2375,xwēš,PRON,nmod,0,1,2,2,1,0,0,1,0.6666666666666666,False,False,RAF-TD2-01_mptf.conllu,1,0,0
zanīh,NOUN,nsubj,0,0,0,1,0,174,88,pādixšāy,ADV,amod,0,2,1,1,0,0,0,0,1.0,False,False,RAF-TD2-01_mptf.conllu,0,1,0
duxt,NOUN,obj,0,0,0,1,0,307,62,purnāy,ADJ,amod,1,1,1,2,0,0,0,0,0.125,False,False,RAF-TD2-01_mptf.conllu,0,1,1
sālārīh,NOUN,nsubj,0,0,0,1,1,288,18258,=š,PRON,nmod,0,2,1,1,0,0,0,0,1.0,False,False,RAF-TD2-01_mptf.conllu,1,0,0
hamdādestānīh,NOUN,obl,0,0,0,1,1,36,308,duxt,NOUN,nmod,0,1,2,3,1,0,0,1,1.0,False,False,RAF-TD2-01_mptf.conllu,1,0,0
hamdādestānīh,NOUN,obl,0,0,0,1,1,36,308,duxt,NOUN,nmod,0,1,2,2,1,0,0,1,1.0,False,False,RAF-TD2-01_mptf.conllu,1,0,0
sālārīh,NOUN,nsubj,0,0,0,1,1,288,18258,=š,PRON,nmod,0,2,1,1,0,0,0,0,0.1,False,False,RAF-TD2-01_mptf.conllu,1,0,0
tan,NOUN,obl,0,0,0,1,1,2253,2375,xwēš,PRON,nmod,0,1,2,2,1,0,0,1,0.7,False,False,RAF-TD2-01_mptf.conllu,1,0,0
sālārīh,NOUN,nsubj,0,0,0,1,1,288,890,zan,NOUN,nmod,1,1,2,1,2,0,0,1,0.75,False,False,RAF-TD2-01_mptf.conllu,1,0,0
sazāgīh,NOUN,obl,0,0,0,1,0,15,1135,gētī,NOUN,nmod,0,2,1,2,0,0,0,0,1.0,False,False,RAF-TD2-01_mptf.conllu,1,0,0
ān,PRON,obl,0,0,0,1,1,1928,58,sazāgtar,ADJ,amod,0,1,2,1,1,0,0,1,1.0,False,False,RAF-TD2-01_mptf.conllu,0,1,0
sālārīh,NOUN,root,0,0,0,1,1,288,890,zan,NOUN,nmod,1,1,3,3,2,0,0,1,0.0,False,False,RAF-TD2-01_mptf.conllu,1,0,0
zanīh,NOUN,nsubj,0,0,0,1,1,174,18258,=š,PRON,nmod,1,2,1,2,0,0,0,0,1.0,False,False,RAF-TD2-01_mptf.conllu,1,1,0
zanīh,NOUN,nsubj,0,0,0,1,0,174,910,pādixšāy,ADJ,amod,0,2,1,2,0,0,0,0,1.0,False,False,RAF-TD2-01_mptf.conllu,1,1,0
duxt,NOUN,obj,0,0,0,1,1,307,8,sesālag,ADJ,amod,1,1,2,2,1,0,0,1,0.14285714285714285,False,False,RAF-TD2-01_mptf.conllu,0,1,1
zanīh,NOUN,obl,0,0,0,1,1,174,2069,mard,NOUN,nmod,1,1,2,2,1,0,0,0,0.8571428571428571,False,False,RAF-TD2-01_mptf.conllu,1,0,1
zan,NOUN,xcomp,0,0,0,1,1,890,2910,man,PRON,nmod,0,1,2,1,1,0,0,1,0.0,False,False,RAF-TD2-01_mptf.conllu,1,0,0
zanīh,NOUN,xcomp,0,0,0,1,0,174,910,pādixšāy,ADJ,amod,0,2,1,1,0,0,0,0,0.0,False,False,RAF-TD2-01_mptf.conllu,0,1,0
zan,NOUN,xcomp,0,0,0,1,1,890,2910,man,PRON,nmod,0,1,2,1,1,0,0,1,0.0,False,False,RAF-TD2-01_mptf.conllu,1,0,0
wināh,NOUN,nsubj,0,0,0,1,1,1238,22,daštānmāh,NOUN,nmod,0,1,2,1,1,0,0,1,0.8571428571428571,False,False,RAF-TD2-01_mptf.conllu,1,0,0
duxt,NOUN,dislocated:topic,0,0,0,1,0,307,39,aburnāy,ADJ,amod,1,1,3,4,1,0,0,1,0.0,False,False,RAF-TD2-01_mptf.conllu,0,1,1
zanīh,NOUN,xcomp,0,0,0,1,0,174,910,pādixšāy,ADJ,amod,0,2,1,1,0,0,0,0,0.0,False,False,RAF-TD2-01_mptf.conllu,0,1,0
zanīh,NOUN,xcomp,0,0,0,1,0,174,910,pādixšāy,ADJ,amod,0,2,1,1,0,0,0,0,0.0,False,False,RAF-TD2-01_mptf.conllu,0,1,0
sālārīh,NOUN,obl,0,0,0,1,1,288,8,dādestānīg,ADJ,amod,0,1,2,2,1,0,0,1,0.5,False,False,RAF-TD2-01_mptf.conllu,0,1,0
duxt,NOUN,dislocated:topic,0,0,0,1,1,307,4,nōsālag,ADJ,amod,1,1,2,2,1,0,0,1,0.0,False,False,RAF-TD2-01_mptf.conllu,0,1,1
mard,NOUN,nmod,0,0,0,1,1,2067,384,dudīgar,ADJ,amod,1,1,1,2,0,0,0,0,0.0,False,False,RAF-TD2-01_mptf.conllu,0,1,1
zan,NOUN,xcomp,0,0,0,1,1,890,2069,mard,NOUN,nmod,2,2,2,1,2,0,0,0,0.0,False,False,RAF-TD2-01_mptf.conllu,1,0,1
wināh,NOUN,nsubj,0,0,0,1,1,1238,18258,=iš,PRON,nmod,0,2,1,1,0,0,0,0,0.5,False,False,RAF-TD2-01_mptf.conllu,1,0,0
mard,NOUN,nmod,0,0,0,1,1,2067,384,dudīgar,ADJ,amod,0,1,2,2,1,1,0,1,0.0,False,False,RAF-TD2-01_mptf.conllu,0,1,0
zan,NOUN,root,0,0,0,1,1,890,2069,mard,NOUN,nmod,2,2,3,4,2,0,0,0,0.0,False,False,RAF-TD2-01_mptf.conllu,1,1,0
zan,NOUN,root,0,0,0,1,0,890,910,pādixšāy,ADJ,amod,0,2,3,4,0,0,0,0,0.0,False,False,RAF-TD2-01_mptf.conllu,1,1,0
hamdādestānīh,NOUN,obl,0,0,0,1,1,36,233,sālār,NOUN,nmod,0,1,3,2,2,0,0,1,0.5,False,True,RAF-TD2-01_mptf.conllu,1,0,0
sālār,NOUN,nmod,0,0,0,1,1,233,8,dādestānīg,ADJ,amod,0,1,2,2,1,0,0,1,0.0,True,False,RAF-TD2-01_mptf.conllu,0,1,0
mard,NOUN,nmod,0,0,0,1,1,2067,2069,mard,NOUN,nmod,0,2,1,3,3,1,0,1,0.0,False,False,RAF-TD2-01_mptf.conllu,1,0,0
zan,NOUN,dislocated:topic,0,0,0,1,0,890,62,purnāy,ADJ,amod,0,1,2,1,1,0,0,1,0.0,False,False,RAF-TD2-01_mptf.conllu,0,1,0
rēdag,NOUN,obl,0,0,0,1,0,28,39,aburnāy,ADJ,amod,1,1,3,3,2,0,0,1,0.42857142857142855,True,False,RAF-TD2-01_mptf.conllu,0,1,1
sālārīh,NOUN,obl,0,0,0,1,1,288,8,dādestānīg,ADJ,amod,0,1,1,2,0,0,0,0,0.8333333333333334,False,False,RAF-TD2-01_mptf.conllu,0,1,0
zan,NOUN,nsubj,0,0,0,1,0,890,62,purnāy,ADJ,amod,1,1,4,3,1,0,0,1,0.2,False,False,RAF-TD2-01_mptf.conllu,0,1,1
mard,NOUN,obl,0,0,0,1,0,2067,62,purnāy,ADJ,amod,1,1,2,3,1,0,0,1,0.8,False,False,RAF-TD2-01_mptf.conllu,0,1,1
wināh,NOUN,nsubj,0,0,0,1,1,1238,18258,=iš,PRON,nmod,0,2,2,2,0,0,0,0,0.5,False,False,RAF-TD2-01_mptf.conllu,1,0,0
zan,NOUN,xcomp,0,0,0,1,0,890,18258,ōy,PRON,nmod,0,1,1,1,0,0,0,0,0.0,False,False,RAF-TD2-01_mptf.conllu,1,0,0
sālār,NOUN,obl,0,0,0,1,1,233,8,dādestānīg,ADJ,amod,0,1,2,2,1,0,0,1,0.4,True,False,RAF-TD2-01_mptf.conllu,0,1,0
zanīh,NOUN,obj,0,0,0,1,1,174,2069,mard,NOUN,nmod,1,1,2,1,1,0,0,0,0.25,False,False,RAF-TD2-01_mptf.conllu,1,0,0
hamdādestānīh,NOUN,obl,0,0,0,1,1,36,78,mērag,NOUN,nmod,0,1,2,1,1,0,0,1,0.5,False,False,RAF-TD2-01_mptf.conllu,1,0,0
zan,NOUN,xcomp,0,0,0,1,0,890,1925,tō,PRON,nmod,0,1,2,1,1,0,0,1,0.0,False,False,RAF-TD2-01_mptf.conllu,1,0,0
dādestān,NOUN,obl,0,0,0,1,1,587,288,sālārīh,NOUN,nmod,0,2,1,2,0,0,0,0,0.5,False,False,RAF-TD2-01_mptf.conllu,1,0,0
zan,NOUN,xcomp,0,0,0,1,1,890,18258,=š,PRON,nmod,0,2,1,1,0,0,0,0,0.0,False,False,RAF-TD2-01_mptf.conllu,1,0,0
āgāhīh,NOUN,obl,0,0,0,1,1,221,547,pidar,NOUN,nmod,0,1,2,2,1,0,0,1,0.14285714285714285,False,False,RAF-TD2-01_mptf.conllu,1,0,0
framān,NOUN,obl,0,0,0,1,1,244,547,pidar,NOUN,nmod,0,1,1,2,0,0,0,0,1.0,False,False,RAF-TD2-01_mptf.conllu,1,0,0
zan,NOUN,xcomp,0,0,0,1,1,890,2069,mard,NOUN,nmod,0,1,3,1,3,0,0,1,0.0,False,False,RAF-TD2-01_mptf.conllu,1,0,0
mard,NOUN,nmod,0,0,0,1,1,2067,384,dudīgar,ADJ,amod,1,1,2,3,1,0,0,1,0.0,False,False,RAF-TD2-01_mptf.conllu,0,1,1
sālārīh,NOUN,advcl,0,0,0,1,1,288,18258,=š,PRON,nmod,0,2,2,3,0,0,0,0,0.0,False,False,RAF-TD2-01_mptf.conllu,1,0,0
hamdādestānīh,NOUN,obl,0,0,0,1,1,36,547,pidar,NOUN,nmod,0,1,2,2,1,0,0,1,0.75,False,False,RAF-TD2-01_mptf.conllu,1,0,0
hamdādestānīh,NOUN,obl,0,0,0,1,1,36,547,pidar,NOUN,nmod,0,1,2,2,1,0,0,1,0.3333333333333333,False,False,RAF-TD2-01_mptf.conllu,1,0,0
šōy,NOUN,nsubj,0,0,0,0,1,265,18258,=š,PRON,nmod,0,2,1,1,0,0,0,0,0.07692307692307693,False,False,RAF-TD2-01_mptf.conllu,1,0,0
xwāstag,NOUN,nsubj,0,0,0,1,1,1099,890,zan,NOUN,nmod,0,2,1,1,0,0,0,0,0.3333333333333333,True,False,RAF-TD2-01_mptf.conllu,1,0,0
nabānazdišt,NOUN,obl,0,0,0,1,0,41,265,šōy,NOUN,nmod,0,1,2,2,1,0,0,1,1.0,False,False,RAF-TD2-01_mptf.conllu,1,0,0
brād,NOUN,obl,0,0,0,1,1,192,890,zan,NOUN,nmod,0,1,2,2,1,0,0,1,0.25,False,False,RAF-TD2-01_mptf.conllu,1,0,0
duxt,NOUN,obl,0,0,0,1,1,307,2375,xwēš,PRON,nmod,0,1,2,2,1,0,0,1,0.2,False,False,RAF-TD2-01_mptf.conllu,1,0,0
tan,NOUN,obl,0,0,0,1,1,2253,2375,xwēš,PRON,nmod,0,1,2,2,1,0,0,1,0.6,False,False,RAF-TD2-01_mptf.conllu,1,0,0
sālārīh,NOUN,nsubj,0,0,0,1,1,288,18258,=š,PRON,nmod,0,2,1,1,0,0,0,0,1.0,False,False,RAF-TD2-01_mptf.conllu,1,0,0
tan,NOUN,obl,0,0,0,1,1,2253,2375,xwēš,PRON,nmod,0,1,2,2,1,0,0,1,0.6666666666666666,False,False,RAF-TD2-01_mptf.conllu,1,0,0
duxt,NOUN,obj,0,0,0,1,1,307,2375,xwēš,PRON,nmod,0,1,3,2,1,0,0,1,0.14285714285714285,False,False,RAF-TD2-01_mptf.conllu,1,0,0
xwah,NOUN,conj,0,0,0,1,1,75,2375,xwēš,PRON,nmod,0,1,2,2,1,0,0,1,0.0,False,False,RAF-TD2-01_mptf.conllu,1,0,0
kirbag,NOUN,xcomp,0,0,0,1,1,1055,5,xwēdōdahīh,NOUN,nmod,0,1,2,1,1,0,0,1,0.0,False,False,RAF-TD2-01_mptf.conllu,1,0,0
kirbag,NOUN,nsubj,0,0,0,1,1,1055,5,xwēdōdahīh,NOUN,nmod,0,1,2,1,1,0,0,1,1.0,False,False,RAF-TD2-01_mptf.conllu,1,0,0
stūr,NOUN,obl,0,0,0,1,0,105,18258,ōy,PRON,nmod,0,2,1,1,0,0,0,0,0.8,False,False,RAF-TD2-01_mptf.conllu,1,0,0
zan,NOUN,obj,0,0,0,1,1,890,2069,mard,NOUN,nmod,4,1,2,1,1,0,0,0,1.0,False,False,RAF-TD2-01_mptf.conllu,1,0,0
stūr,NOUN,nsubj,0,0,0,1,0,105,18258,ōy,PRON,nmod,0,2,1,1,0,0,0,0,0.5,False,False,RAF-TD2-01_mptf.conllu,1,0,0
xwēšīh,NOUN,obl,0,0,0,1,0,282,18258,ōy,PRON,nmod,0,1,5,2,2,0,0,1,0.4,False,False,RAF-TD2-01_mptf.conllu,1,0,0
stūrīh,NOUN,nsubj,0,0,0,1,1,256,18258,=š,PRON,nmod,0,2,1,1,0,0,0,0,0.4,False,False,RAF-TD2-01_mptf.conllu,1,0,0
frazendān,NOUN,obl,1,1,0,1,1,387,4718,awēšān,PRON,nmod,0,2,1,1,0,0,0,0,1.0,False,False,RAF-TD2-01_mptf.conllu,1,0,0
bahr,NOUN,obj,0,0,0,1,1,410,1100,xwāstag,NOUN,nmod,0,2,2,3,0,0,0,0,0.6666666666666666,False,True,RAF-TD2-01_mptf.conllu,2,0,0
bahr,NOUN,obj,0,1,0,1,1,410,604,pusarān,NOUN,nmod,1,1,2,3,1,0,0,1,0.6666666666666666,False,False,RAF-TD2-01_mptf.conllu,2,0,1
frazend,NOUN,nsubj,0,0,0,1,0,387,910,pādixšāy,ADJ,amod,0,1,2,3,0,0,0,0,0.6666666666666666,False,False,RAF-TD2-01_mptf.conllu,1,1,0
frazend,NOUN,nsubj,0,0,0,1,1,387,2069,mard,NOUN,nmod,2,1,2,3,3,0,0,1,0.6666666666666666,False,False,RAF-TD2-01_mptf.conllu,1,1,0
widerišnīh,NOUN,obl,0,0,0,1,1,12,2069,mard,NOUN,nmod,1,1,2,2,2,0,0,1,0.75,True,False,RAF-TD2-01_mptf.conllu,1,0,0
stūrīh,NOUN,obl,0,0,0,1,1,256,2069,mard,NOUN,nmod,1,1,2,2,1,0,0,0,0.75,False,False,RAF-TD2-01_mptf.conllu,1,0,0
ōy,PRON,obl,0,0,0,0,1,18107,58,sazāgtar,ADJ,amod,0,1,1,2,0,0,0,0,1.0,False,False,RAF-TD2-01_mptf.conllu,0,1,0
stūr,NOUN,dislocated:topic,0,0,0,1,1,105,8,gumārdag,ADJ,amod,0,1,2,1,1,0,0,1,0.0,False,True,RAF-TD2-01_mptf.conllu,0,1,0
kōdak,NOUN,obl,0,0,0,1,1,41,58,sazāgtar,ADJ,nmod,1,1,2,1,1,0,0,1,1.0,False,False,RAF-TD2-01_mptf.conllu,1,0,0
sazāg,NOUN,nsubj,0,0,0,1,1,15,18258,=š,PRON,nmod,0,2,1,1,0,0,0,0,0.5,False,False,RAF-TD2-01_mptf.conllu,1,0,0
muhr,NOUN,obl,0,0,0,1,1,49,166,ēwar,ADV,amod,0,1,2,1,1,0,0,1,1.0,False,False,RAF-TD2-01_mptf.conllu,0,1,0
farrbaysrōs,PROPN,obl,0,0,0,1,1,1,36,anōšagruwān,ADJ,amod,0,2,2,3,0,0,0,0,0.5,False,False,RFS-TD2-01_mptf.conllu,1,1,0
farrbaysrōs,PROPN,obl,0,0,0,1,1,1,168,wahrām,PROPN,nmod,0,1,2,3,1,0,1,1,0.5,False,False,RFS-TD2-01_mptf.conllu,1,1,0
wihēzag,NOUN,obj,0,1,0,1,1,5,2,xwarrahabzūdān,NOUN,nmod,1,1,2,1,2,0,0,1,0.6666666666666666,False,False,RFS-TD2-01_mptf.conllu,1,0,0
xwarrahabzūdān,NOUN,nmod,1,1,0,1,1,2,787,ašmāh,PRON,nmod,0,2,1,2,0,0,0,0,0.0,False,False,RFS-TD2-01_mptf.conllu,1,0,0
būm,NOUN,obl,0,0,0,1,1,103,221,farrox,ADJ,amod,0,2,2,3,0,0,0,0,1.0,False,False,RFS-TD2-01_mptf.conllu,1,1,0
būm,NOUN,obl,0,0,0,1,1,103,10,abaršahr,PROPN,nmod,0,1,2,3,1,0,1,1,1.0,False,False,RFS-TD2-01_mptf.conllu,1,1,0
hāwišt,NOUN,nsubj,0,0,0,1,1,75,159,dahmān,ADJ,amod,0,1,1,2,0,0,0,0,0.2,False,False,RFS-TD2-01_mptf.conllu,0,1,0
farrahsrōš,PROPN,obj,0,0,0,1,1,2,175,mowbed,NOUN,nmod,0,2,1,2,0,0,0,0,0.5,False,False,RFS-TD2-01_mptf.conllu,1,0,0
abūmiswar,PROPN,obl,0,1,0,1,1,3,2,xwarrahabzūdān,NOUN,nmod,1,2,2,5,0,0,0,0,0.2857142857142857,False,False,RFS-TD2-01_mptf.conllu,3,0,0
abūmiswar,PROPN,obl,0,0,0,1,1,3,10,awestād,NOUN,nmod,0,2,2,5,0,0,0,0,0.2857142857142857,False,False,RFS-TD2-01_mptf.conllu,3,0,0
abūmiswar,PROPN,obl,0,0,0,1,1,3,3,yazadānpādār,PROPN,appos,0,1,2,5,0,0,1,0,0.2857142857142857,False,True,RFS-TD2-01_mptf.conllu,3,0,0
abūmiswar,PROPN,obl,0,0,0,1,1,3,2,marzbān,PROPN,nmod,1,1,2,5,1,0,1,1,0.2857142857142857,False,False,RFS-TD2-01_mptf.conllu,3,0,0
būm,NOUN,obl,0,0,0,1,1,103,6,bagdād,PROPN,nmod,0,1,2,2,1,0,1,1,0.42857142857142855,False,False,RFS-TD2-01_mptf.conllu,1,0,0
nāmag,NOUN,obl,0,0,0,1,1,79,1,dēn,NOUN,nmod,0,1,2,2,1,0,0,1,0.7142857142857143,False,False,RFS-TD2-01_mptf.conllu,1,0,0
pēšōbāy,NOUN,nsubj,0,1,0,0,1,53,106,hudēnān,NOUN,nmod,0,2,1,1,0,0,0,0,0.8571428571428571,False,False,RFS-TD2-01_mptf.conllu,1,0,0
abūmiswar,PROPN,nsubj,0,0,0,1,1,3,10,awestād,NOUN,nmod,0,2,1,1,0,0,0,0,0.5,False,False,RFS-TD2-01_mptf.conllu,1,0,0
mard,NOUN,ccomp,0,0,0,1,1,2067,1,sultānīg,ADJ,amod,1,1,3,6,1,0,0,1,0.0,False,False,RFS-TD2-01_mptf.conllu,0,1,1
xānag,NOUN,obl,0,0,0,1,1,231,2375,xwēš,PRON,nmod,0,1,2,2,1,0,0,1,0.3333333333333333,False,False,RFS-TD2-01_mptf.conllu,1,0,0
kas,PRON,nsubj,0,0,0,1,1,1086,2375,xwēš,PRON,nmod,0,1,2,1,1,0,0,1,0.6666666666666666,False,False,RFS-TD2-01_mptf.conllu,1,0,0
yazišn,NOUN,obj,0,1,0,1,1,1119,1092,kasān,PRON,nmod,0,1,2,1,1,0,0,1,1.0,True,False,RFS-TD2-01_mptf.conllu,1,0,0
padisār,NOUN,conj,0,0,0,1,1,4,961,pēš,ADJ,amod,0,1,2,3,1,0,0,1,0.0,True,False,RFS-TD2-01_mptf.conllu,0,1,0
kām,NOUN,obl,0,1,0,1,1,335,1407,yazadān,NOUN,nmod,0,2,1,2,0,0,0,0,1.0,False,False,RFS-TD2-01_mptf.conllu,1,0,0
framāyišn,NOUN,obl,0,0,0,1,1,19,82,andak,ADJ,amod,0,2,1,2,0,0,0,0,0.3333333333333333,True,False,RFS-TD2-01_mptf.conllu,0,1,0
xwār,NOUN,obl,0,0,0,1,1,1,474,pāk,ADJ,amod,0,1,2,4,0,0,0,0,0.5,True,False,RFS-TD2-01_mptf.conllu,0,2,0
xwār,NOUN,obl,0,0,0,1,1,1,833,was,ADV,amod,1,1,2,4,1,0,0,1,0.5,True,False,RFS-TD2-01_mptf.conllu,0,2,0
pidarān,NOUN,conj,1,1,0,1,1,547,610,=mān,PRON,nmod,0,1,1,1,0,0,0,0,0.0,False,False,RFS-TD2-01_mptf.conllu,1,0,0
tis,NOUN,obj,0,0,0,1,1,1502,10,nigerišnīg,ADJ,amod,0,2,1,2,0,0,0,0,0.2222222222222222,False,False,RFS-TD2-01_mptf.conllu,0,2,0
tis,NOUN,obj,0,0,0,1,1,1502,390,xūb,ADJ,amod,0,1,1,2,0,0,0,0,0.2222222222222222,False,False,RFS-TD2-01_mptf.conllu,0,2,0
dastwar,NOUN,conj,0,0,0,1,1,480,1,hupassand,ADJ,amod,0,1,1,3,0,0,0,0,0.0,False,False,RFS-TD2-01_mptf.conllu,0,1,0
uzwāhēnīdan,NOUN,obl,0,0,0,1,1,1,6,nēxūbīh,NOUN,nmod,0,2,1,2,0,0,0,0,0.4444444444444444,True,False,RFS-TD2-01_mptf.conllu,1,0,0
rāh,NOUN,obl,0,0,0,1,1,587,168,dašn,ADJ,amod,0,1,2,3,1,0,0,1,0.8888888888888888,False,False,RFS-TD2-01_mptf.conllu,0,2,0
rāh,NOUN,obl,0,0,0,1,1,587,14,passandišnīg,ADJ,amod,1,1,2,3,0,0,0,0,0.8888888888888888,False,False,RFS-TD2-01_mptf.conllu,0,2,0
abūmiswar,PROPN,nsubj,0,0,0,1,1,3,10,awestād,NOUN,nmod,0,2,3,2,0,0,0,0,0.3333333333333333,False,False,RFS-TD2-01_mptf.conllu,1,0,0
abūmiswar,PROPN,nsubj,0,0,0,1,1,3,3,yazadānpādār,PROPN,appos,0,1,3,2,1,0,1,0,0.3333333333333333,False,True,RFS-TD2-01_mptf.conllu,1,0,0
yazadānpādār,PROPN,appos,0,0,0,1,1,3,2,marzbān,NOUN,nmod,0,1,2,1,1,0,0,1,0.0,True,False,RFS-TD2-01_mptf.conllu,1,0,0
arwandzōrišn,NOUN,obl,0,0,0,1,1,1,890,gōwišn,NOUN,nmod,2,1,3,2,2,0,0,0,1.0,False,True,RFS-TD2-01_mptf.conllu,1,0,0
gōwišn,NOUN,nmod,0,0,0,1,1,888,5,āfrīnagān,PROPN,nmod,0,2,2,2,0,0,1,0,0.0,True,False,RFS-TD2-01_mptf.conllu,2,0,0
gōwišn,NOUN,nmod,0,0,0,1,1,888,18258,=š,PRON,nmod,1,1,2,2,1,0,0,0,0.0,True,False,RFS-TD2-01_mptf.conllu,2,0,0
nēxūbīh,NOUN,obl,0,0,0,1,1,6,735,wehdēn,ADJ,nmod,1,1,4,2,3,0,0,1,0.14285714285714285,False,False,RFS-TD2-01_mptf.conllu,1,0,0
čimīgīh,NOUN,nsubj,0,0,0,1,1,1,18258,=š,PRON,nmod,0,2,1,1,0,0,0,0,0.42857142857142855,False,False,RFS-TD2-01_mptf.conllu,1,0,0
hannām,NOUN,csubj,0,0,0,1,0,138,709,nasā,NOUN,nmod,1,1,6,5,1,0,0,0,0.0,False,False,RFS-TD2-01_mptf.conllu,1,0,1
nasā,NOUN,nmod,0,1,0,0,1,708,1864,wehān,NOUN,nmod,0,1,2,1,1,0,0,1,0.0,False,False,RFS-TD2-01_mptf.conllu,1,0,0
wināhgār,NOUN,root,0,0,0,1,1,149,657,druwand,ADJ,amod,0,2,7,6,0,0,0,0,0.0,True,False,RFS-TD2-01_mptf.conllu,0,1,0
framūdārān,NOUN,nmod,1,0,0,1,1,6,1125,yazišn,NOUN,nmod,0,2,1,1,0,0,0,0,0.0,True,True,RFS-TD2-01_mptf.conllu,1,0,0
dēwyazagīh,NOUN,nmod,0,1,0,1,1,51,6,framūdārān,NOUN,nmod,0,2,2,2,1,0,0,0,0.0,False,True,RFS-TD2-01_mptf.conllu,1,0,0
wizīr,NOUN,nsubj,0,0,0,1,1,331,53,dēwyazagīh,NOUN,nmod,2,2,3,1,2,0,0,0,0.3333333333333333,False,False,RFS-TD2-01_mptf.conllu,1,0,0
tan,NOUN,obj,0,0,0,1,1,2253,790,ēwēnag,NOUN,nmod,1,2,4,2,0,0,0,0,1.0,False,False,RFS-TD2-01_mptf.conllu,1,0,0
kārwānsrāy,NOUN,dislocated:topic,0,0,0,0,1,2,18258,=š,PRON,nmod,2,1,1,2,0,0,0,0,0.0,False,False,RThQA-TD2-01_mptf.conllu,1,0,1
pārag,NOUN,obj,0,0,0,1,1,96,38,dēwār,NOUN,nmod,1,1,1,2,0,0,0,0,0.4444444444444444,False,True,RThQA-TD2-01_mptf.conllu,1,0,1
yašt,NOUN,nsubj,0,0,0,1,1,303,269,drōn,NOUN,nmod,0,2,1,1,0,0,0,0,1.0,True,False,RThQA-TD2-01_mptf.conllu,1,0,0
sargēn,NOUN,nmod,0,1,0,1,1,15,143,stōrān,NOUN,nmod,0,1,2,2,1,0,0,1,0.0,False,False,RThQA-TD2-01_mptf.conllu,1,0,0
yaštan,NOUN,obj,0,0,0,1,1,26,269,drōn,NOUN,nmod,0,2,1,1,0,0,0,0,1.0,True,False,RThQA-TD2-01_mptf.conllu,1,0,0
sargēn,NOUN,obl,0,1,0,1,1,15,143,stōrān,NOUN,nmod,0,1,2,2,1,0,0,1,0.25,False,False,RThQA-TD2-01_mptf.conllu,1,0,0
damišn,NOUN,nsubj,0,0,0,1,1,8,2375,xwēš,PRON,nmod,0,1,4,1,2,0,0,1,0.5,True,False,RThQA-TD2-01_mptf.conllu,1,0,0
tawātrō,NOUN,obj,0,0,0,0,0,2,17882,tauua,_,appos,0,1,2,1,1,0,0,0,1.0,False,False,RThQA-TD2-01_mptf.conllu,0,0,0
andarāmadan,NOUN,nsubj,0,0,0,1,1,1,1,abarguftan,NOUN,nmod,2,1,3,1,1,0,0,0,0.6666666666666666,True,True,RThQA-TD2-01_mptf.conllu,1,0,1
abarguftan,NOUN,nmod,0,0,0,1,1,1,310,saxwan,NOUN,nmod,0,2,2,1,1,0,0,0,0.0,True,False,RThQA-TD2-01_mptf.conllu,1,0,0
gāh,NOUN,obl,0,0,0,1,1,744,136,hāwan,PROPN,nmod,0,1,2,2,1,0,1,1,0.6666666666666666,False,False,RThQA-TD2-01_mptf.conllu,1,0,0
ātaxš,NOUN,nsubj,0,0,0,1,1,1442,4,warahrān,PROPN,nmod,0,1,1,1,0,0,1,0,0.16666666666666666,False,False,RThQA-TD2-01_mptf.conllu,1,0,0
yasnəmca,PROPN,nmod,0,0,0,0,0,2,2,yasnəmca,PROPN,nmod,0,2,1,1,1,0,1,0,0.0,False,False,RThQA-TD2-01_mptf.conllu,1,0,0
wizīdagīhā,NOUN,xcomp,0,0,0,0,1,2,42,nibištag,NOUN,amod,0,2,3,2,0,0,0,0,0.0,False,True,WZ_K35.conllu,1,1,0
wizīdagīhā,NOUN,xcomp,0,0,0,0,1,2,19,zādspram,PROPN,nmod,0,1,3,2,2,0,1,1,0.0,False,False,WZ_K35.conllu,1,1,0
zādspram,PROPN,nmod,0,0,0,1,1,19,20,ǰuwān_ǰamān,PROPN,nmod,0,1,2,2,1,0,1,1,0.0,False,False,WZ_K35.conllu,1,0,0
dādār,NOUN,obl,0,0,0,1,1,998,3242,ohrmazd,PROPN,flat,0,1,4,2,0,0,1,0,1.0,True,False,WZ_K35.conllu,0,0,0
yazadān,NOUN,conj,1,1,0,1,1,1403,1407,yazadān,NOUN,appos,1,1,3,3,4,0,0,1,0.0,False,False,WZ_K35.conllu,0,0,0
yazadān,NOUN,appos,1,0,0,1,1,1403,6,mēnōyān,NOUN,nmod,0,1,2,4,1,0,0,1,0.0,False,False,WZ_K35.conllu,1,0,0
yazadān,NOUN,conj:appos,1,0,0,1,1,1403,3,gētīyān,NOUN,nmod,0,1,1,1,0,0,0,0,0.0,False,False,WZ_K35.conllu,1,0,0
gōwišn,NOUN,nsubj,0,0,0,1,1,888,176,hērbed,NOUN,nmod,0,1,4,1,2,0,0,1,1.0,True,False,WZ_K35.conllu,1,0,0
hērbed,NOUN,nmod,0,0,0,1,1,174,19,zādspram,PROPN,flat,0,1,3,2,2,0,1,0,0.0,False,False,WZ_K35.conllu,0,0,0
zādspram,PROPN,flat,0,0,0,1,1,19,20,ǰuwān_ǰamān,PROPN,nmod,0,1,2,2,0,0,1,0,0.0,False,False,WZ_K35.conllu,2,0,0
zādspram,PROPN,flat,0,0,0,1,1,19,106,nēmrōz,NOUN,nmod,1,1,2,2,1,0,0,1,0.0,False,False,WZ_K35.conllu,2,0,0
ēdōnīh,NOUN,obl,0,0,0,1,1,21,323,ahreman,PROPN,nmod,0,1,3,2,0,0,1,0,0.5,False,False,WZ_K35.conllu,1,0,0
madan,NOUN,conj,0,0,0,1,1,68,46,pahikār,NOUN,nmod,2,1,2,2,2,0,0,1,0.0,True,True,WZ_K35.conllu,1,0,0
astīh,NOUN,obl,0,0,0,1,1,111,371,rōšnīh,NOUN,nmod,0,1,2,2,2,0,0,1,1.0,False,False,WZ_K35.conllu,1,0,0
rōšnīh,NOUN,nmod,0,0,0,1,1,368,3242,ohrmazd,PROPN,nmod,0,1,1,2,0,0,1,0,0.0,False,False,WZ_K35.conllu,1,0,0
tam,NOUN,obl:lmod,0,0,0,1,1,14,22,tārīkīh,NOUN,nmod,0,1,1,2,0,0,0,0,0.0,False,False,WZ_K35.conllu,1,0,0
tēx,NOUN,obj,0,0,0,1,1,98,371,rōšnīh,NOUN,nmod,1,1,2,2,1,0,0,1,1.0,False,False,WZ_K35.conllu,1,0,1
ǰudgōhrīh,NOUN,obl,0,0,0,1,1,2,18258,=š,PRON,nmod,1,1,2,2,2,0,0,1,0.25,False,False,WZ_K35.conllu,1,0,0
abāzdāštan,NOUN,obl,0,0,0,1,1,4,323,ahreman,PROPN,nmod,0,1,2,3,1,0,1,1,0.6666666666666666,True,False,WZ_K35.conllu,2,0,0
abāzdāštan,NOUN,obl,0,0,0,1,1,4,194,šahr,NOUN,nmod,3,1,2,3,2,0,0,0,0.6666666666666666,True,False,WZ_K35.conllu,2,0,0
šahr,NOUN,nmod,0,0,0,1,1,192,2375,xwēš,PRON,nmod,0,2,1,2,0,0,0,0,0.0,False,False,WZ_K35.conllu,1,0,0
gōwišn,NOUN,obl,0,0,0,1,1,888,244,abēzag,ADJ,amod,0,2,1,3,0,0,0,0,0.6666666666666666,True,False,WZ_K35.conllu,0,2,0
gōwišn,NOUN,obl,0,0,0,1,1,888,36,yazadīg,ADJ,amod,0,1,1,3,0,0,0,0,0.6666666666666666,True,False,WZ_K35.conllu,0,2,0
pāsbānīh,NOUN,obl,0,0,0,1,1,20,915,druz,NOUN,nmod,1,1,2,2,1,0,0,0,0.25,False,False,WZ_K35.conllu,1,0,0
mēnōy,NOUN,obj,0,0,0,0,1,1405,357,asamān,NOUN,nmod,0,1,3,1,6,0,0,0,0.75,False,False,WZ_K35.conllu,1,0,0
sar,NOUN,obl:tmod,0,0,0,1,1,700,909,sāl,NOUN,nmod,1,1,2,2,2,0,0,1,0.0,False,False,WZ_K35.conllu,1,0,0
dāmān,NOUN,obj,1,0,0,1,0,78,1925,tō,PRON,nmod,0,1,2,2,1,0,0,1,0.75,False,False,WZ_K35.conllu,1,0,0
dāmdād,NOUN,vocative,0,0,0,1,0,2,1550,mēnōy,NOUN,flat,0,1,1,1,0,0,0,0,1.0,False,False,WZ_K35.conllu,0,0,0
ox,NOUN,obj,0,0,0,1,1,13,363,astōmand,ADJ,amod,0,1,2,2,1,0,0,1,0.6666666666666666,False,False,WZ_K35.conllu,0,1,0
dōstīh,NOUN,obl,0,0,0,1,0,113,1925,tō,PRON,nmod,0,1,3,4,1,0,0,1,1.0,False,False,WZ_K35.conllu,1,0,0
dōstīh,NOUN,conj,0,0,0,1,1,113,2910,man,PRON,nmod,0,1,2,2,1,0,0,1,0.0,False,False,WZ_K35.conllu,1,0,0
mēnōy,NOUN,obl,0,0,0,0,1,1405,5,xradīh,NOUN,nmod,0,1,2,2,1,0,0,1,0.3333333333333333,False,False,WZ_K35.conllu,1,0,0
zamānag,NOUN,nsubj,0,0,0,1,1,170,184,kōxšišn,NOUN,nmod,0,1,2,1,1,0,0,1,1.0,False,True,WZ_K35.conllu,1,0,0
mayānǰīgīh,NOUN,obl,0,1,0,1,1,4,444,rōšnān,NOUN,nmod,1,1,2,2,2,0,0,1,1.0,False,False,WZ_K35.conllu,1,0,0
hamayārīh,NOUN,obl,0,0,0,1,1,28,2,rāstrāyēnīdārīh,NOUN,nmod,0,1,1,1,0,0,0,0,1.0,False,False,WZ_K35.conllu,1,0,0
xwāšt,NOUN,obl,0,0,0,1,1,2,2375,xwēš,PRON,nmod,0,2,2,4,0,0,0,0,0.75,True,False,WZ_K35.conllu,2,0,0
xwāšt,NOUN,obl,0,0,0,1,1,2,22,tārīkīh,NOUN,nmod,0,1,2,4,1,0,0,1,0.75,True,False,WZ_K35.conllu,2,0,0
pahikār,NOUN,ccomp,0,0,0,1,1,42,3,afrazām,ADJ,amod,0,2,5,5,0,0,0,0,0.0,True,False,WZ_K35.conllu,0,1,0
kird,NOUN,obl,0,0,0,1,1,17,564,zamān,NOUN,nmod,0,2,1,3,0,0,0,0,0.6666666666666666,True,False,WZ_K35.conllu,1,0,0
kām,NOUN,nmod,0,0,0,1,1,335,3242,ohrmazd,PROPN,nmod,0,2,1,2,0,0,1,0,0.0,False,False,WZ_K35.conllu,1,0,0
kām,NOUN,advcl,0,0,0,1,1,335,3242,ohrmazd,PROPN,nmod,0,2,2,4,0,0,1,0,0.0,False,False,WZ_K35.conllu,1,0,0
kām,NOUN,acl:relcl,0,0,0,1,1,335,3242,ohrmazd,PROPN,nmod,0,1,2,4,1,0,1,1,0.0,False,False,WZ_K35.conllu,1,0,0
wāy,NOUN,nsubj,0,0,0,0,1,145,2,ǰud_gōhr,ADJ,nmod,0,1,2,1,1,0,0,1,1.0,False,False,WZ_K35.conllu,1,0,0
kām,NOUN,acl:relcl,0,0,0,1,1,335,3242,ohrmazd,PROPN,nmod,0,2,1,2,0,0,1,0,0.0,False,False,WZ_K35.conllu,1,0,0
kām,NOUN,acl:relcl,0,0,0,1,1,335,3242,ohrmazd,PROPN,nmod,0,2,1,2,0,0,1,0,0.0,False,False,WZ_K35.conllu,1,0,0
mizd,NOUN,nsubj,0,0,0,1,1,349,50,kirbaggarān,NOUN,nmod,0,2,3,3,0,0,0,0,1.0,False,False,WZ_K35.conllu,1,0,0
pādufrāh,NOUN,conj,0,0,0,1,1,215,155,wināhgārān,NOUN,nmod,0,2,1,1,0,0,0,0,0.0,False,True,WZ_K35.conllu,1,0,0
mādayān,NOUN,conj,0,0,0,1,1,140,170,wahišt,PROPN,nmod,0,1,2,3,1,0,1,0,0.0,False,False,WZ_K35.conllu,2,0,0
mādayān,NOUN,conj,0,0,0,1,1,140,280,aziš,ADV,nmod,2,1,2,3,0,0,0,0,0.0,False,False,WZ_K35.conllu,2,0,0
xwadāyīh,NOUN,obj,0,0,0,1,1,638,3242,ohrmazd,PROPN,nmod,0,1,2,1,1,0,1,1,0.25,False,False,WZ_K35.conllu,1,0,0
frayāddast,NOUN,acl:relcl,0,0,0,1,1,2,2375,xwēš,PRON,nmod,0,2,3,4,0,0,0,0,0.0,False,False,WZ_K35.conllu,2,0,0
frayāddast,NOUN,acl:relcl,0,1,0,1,1,2,78,dāmān,NOUN,nmod,1,1,3,4,3,0,0,1,0.0,False,False,WZ_K35.conllu,2,0,0
dāmān,NOUN,nmod,1,0,0,1,1,78,3242,ohrmazd,PROPN,nmod,0,2,2,3,0,0,1,0,0.0,False,False,WZ_K35.conllu,1,0,0
dāmān,NOUN,nmod,1,0,0,1,1,78,2654,ēk,NUM,appos,0,1,2,3,2,0,0,0,0.0,False,False,WZ_K35.conllu,1,0,0
ardīg,NOUN,obl:lmod,0,0,1,1,1,103,13,kōxšišnīg,ADJ,amod,0,2,1,2,0,0,0,0,0.0,False,False,WZ_K35.conllu,0,1,0
rāstdēnīh,NOUN,nsubj,0,0,0,1,1,2,770,xwad,PRON,nmod,0,1,2,1,1,0,0,1,0.5,False,False,WZ_K35.conllu,1,0,0
bundāštīh,NOUN,nmod,0,0,0,1,1,2,51,ristag,NOUN,nmod,2,1,5,5,3,0,0,0,0.0,False,True,WZ_K35.conllu,1,0,0
kām,NOUN,nsubj,0,0,0,1,1,335,18258,=š,PRON,nmod,0,2,2,2,0,0,0,0,0.8333333333333334,False,False,WZ_K35.conllu,1,0,0
kām,NOUN,conj,0,0,0,1,1,335,153,wisp,PRON,nmod,0,1,1,2,0,0,0,0,0.0,False,False,WZ_K35.conllu,1,0,0
ēmēd,NOUN,nsubj,0,0,0,1,1,68,349,mizd,NOUN,nmod,0,1,4,2,2,0,0,1,1.0,False,False,WZ_K35.conllu,1,0,0
pāddāšn,NOUN,conj:nmod,0,1,0,1,1,123,50,kirbaggarān,NOUN,nmod,0,1,2,1,1,0,0,1,0.0,False,False,WZ_K35.conllu,1,0,0
bīm,NOUN,conj,0,0,0,1,1,301,6,puhl,NOUN,nmod,1,1,3,2,3,0,0,1,0.0,False,False,WZ_K35.conllu,1,0,0
pādifrāh,NOUN,conj:nmod,0,1,0,1,1,215,24,bazzaggarān,NOUN,nmod,0,1,1,1,0,0,0,0,0.0,False,False,WZ_K35.conllu,1,0,0
pahrēxt,NOUN,conj,0,0,0,1,1,1,1238,wināh,NOUN,nmod,1,1,2,1,2,0,0,1,0.0,True,False,WZ_K35.conllu,1,0,0
drang,NOUN,nsubj,0,0,0,1,1,50,12,gōhr,NOUN,nmod,1,2,2,2,2,0,0,0,0.6666666666666666,False,False,WZ_K35.conllu,1,0,1
dwārist,NOUN,obl,0,0,0,1,1,1,4,awazišnīg,ADJ,amod,0,1,2,2,1,0,0,1,1.0,True,False,WZ_K35.conllu,0,1,0
sar,NOUN,obl:tmod,0,0,0,1,1,700,179,zamānag,NOUN,nmod,0,2,1,2,0,0,0,0,0.0,False,False,WZ_K35.conllu,1,0,0
sūd,NOUN,nsubj,0,0,0,1,1,327,3553,dādan,NOUN,nmod,2,1,3,1,3,0,0,1,1.0,False,True,WZ_K35.conllu,1,0,0
dādan,NOUN,nmod,0,0,0,1,1,9,78,dām,NOUN,nmod,0,1,2,3,1,0,0,1,0.0,True,False,WZ_K35.conllu,1,0,0
ayārīh,NOUN,obl,0,0,0,1,1,285,102,spehr,NOUN,nmod,0,1,2,2,1,0,0,1,0.6666666666666666,False,False,WZ_K35.conllu,1,0,0
zurwān,NOUN,obj,0,0,0,1,1,29,78,dām,NOUN,nmod,0,1,1,1,0,0,0,0,1.0,False,False,WZ_K35.conllu,1,0,0
dām,NOUN,obj,0,0,0,1,1,78,3242,ohrmazd,PROPN,nmod,0,1,2,1,1,0,1,1,0.6,False,False,WZ_K35.conllu,1,0,0
rawāgīh,NOUN,obl,0,0,0,1,1,137,78,dām,NOUN,nmod,1,1,2,2,2,0,0,1,0.8,False,False,WZ_K35.conllu,1,0,0
dām,NOUN,nmod,0,0,0,1,1,78,323,ahreman,PROPN,nmod,0,2,1,2,0,0,1,0,0.0,False,False,WZ_K35.conllu,1,0,0
abzār,NOUN,obj,0,0,0,1,1,315,22,tārīkīh,NOUN,nmod,4,1,6,3,2,0,0,1,0.4,True,False,WZ_K35.conllu,1,0,1
gōhr,NOUN,nmod,0,0,0,1,1,153,770,xwad,PRON,nmod,0,2,1,2,0,0,0,0,0.0,False,False,WZ_K35.conllu,1,0,0
tārīkīh,NOUN,nmod,0,0,0,1,1,22,153,gōhr,NOUN,nmod,0,2,2,2,2,0,0,0,0.0,False,False,WZ_K35.conllu,1,0,0
nērōg,NOUN,nsubj,0,0,0,1,1,339,2,zurwānīg,ADJ,amod,0,1,2,1,1,0,0,1,0.8,False,False,WZ_K35.conllu,0,1,0
pōst,NOUN,advcl,0,0,0,1,1,60,790,ēwēnag,NOUN,nmod,0,1,4,1,1,0,0,0,0.0,False,False,WZ_K35.conllu,1,0,0
ēwēnag,NOUN,nmod,0,0,0,1,1,782,2,wazagīg,ADJ,amod,0,1,3,1,3,0,0,1,0.0,False,False,WZ_K35.conllu,0,1,0
sāk,NOUN,nmod,0,0,0,1,1,3,357,asmān,NOUN,nmod,1,1,2,2,1,0,0,0,0.0,False,False,WZ_K35.conllu,1,0,0
māh,NOUN,obl:tmod,0,0,0,1,1,689,65,frawardīn,PROPN,nmod,0,1,2,2,0,0,1,0,0.0,False,False,WZ_K35.conllu,1,0,0
rōz,NOUN,conj,0,0,0,1,1,985,3242,ohrmazd,PROPN,nmod,0,1,1,1,0,0,1,0,0.0,False,False,WZ_K35.conllu,1,0,0
wimand,NOUN,obl:lmod,0,0,0,1,1,91,357,asmān,NOUN,nmod,0,1,1,3,0,0,0,0,0.0,False,False,WZ_K35.conllu,1,0,0
mayān,NOUN,obl,0,0,0,1,1,9,1276,zamīg,NOUN,nmod,0,1,1,2,0,0,0,0,0.25,False,False,WZ_K35.conllu,1,0,0
mār,NOUN,obl,0,0,0,1,1,95,1,hamāgak,ADJ,amod,0,1,3,3,0,0,0,0,0.5,True,False,WZ_K35.conllu,0,1,0
widarg,NOUN,nsubj,0,0,0,1,1,8,770,xwad,PRON,appos,3,1,2,3,0,1,0,0,0.3333333333333333,False,False,WZ_K35.conllu,0,0,0
bālā,NOUN,nsubj,0,0,0,0,1,86,18258,=š,PRON,nmod,0,2,1,1,0,0,0,0,1.0,False,False,WZ_K35.conllu,1,0,0
zōr,NOUN,obj,0,0,0,1,1,283,47,sardag,NOUN,nmod,0,2,2,2,1,0,0,0,0.6666666666666666,False,True,WZ_K35.conllu,2,0,0
zōr,NOUN,obj,0,1,0,1,1,283,641,urwarān,NOUN,nmod,0,1,2,2,1,0,0,1,0.6666666666666666,False,False,WZ_K35.conllu,2,0,0
mayānag,NOUN,nmod,0,0,0,1,1,126,1276,zamīg,NOUN,nmod,0,1,2,2,1,0,0,1,0.0,False,False,WZ_K35.conllu,1,0,0
gāw,NOUN,obl,0,0,0,0,1,459,6,ēkdād,ADJ,amod,1,1,2,2,1,0,0,1,0.5,False,False,WZ_K35.conllu,0,1,0
bālā,NOUN,obl,0,0,0,0,1,86,18258,=iš,PRON,nmod,0,2,2,2,0,0,0,0,1.0,False,False,WZ_K35.conllu,2,0,0
bālā,NOUN,obl,0,0,0,0,1,86,245,gayōmart,PROPN,nmod,1,1,2,2,1,0,1,0,1.0,False,False,WZ_K35.conllu,2,0,0
bār,NOUN,obl:lmod,0,0,0,1,1,518,2067,āb,NOUN,nmod,0,1,3,2,2,0,0,1,0.0,True,False,WZ_K35.conllu,1,0,0
āb,NOUN,nmod,0,0,0,1,0,2066,60,dāytī,PROPN,nmod,0,1,2,2,1,0,1,1,0.0,False,False,WZ_K35.conllu,1,0,0
mayānag,NOUN,obl:lmod,0,0,0,1,1,126,1276,zamīg,NOUN,nmod,0,1,2,1,1,0,0,1,0.0,False,False,WZ_K35.conllu,1,0,0
dūrīh,NOUN,nsubj,0,0,0,1,1,25,18258,=š,PRON,nmod,2,2,2,4,0,0,0,0,0.3333333333333333,False,False,WZ_K35.conllu,2,0,0
dūrīh,NOUN,nsubj,0,0,0,1,1,25,245,gayōmart,PROPN,nmod,0,2,2,4,1,0,1,0,0.3333333333333333,False,False,WZ_K35.conllu,2,0,0
bār,NOUN,obl,0,0,0,1,1,518,2067,āb,NOUN,nmod,0,1,3,3,2,0,0,1,0.6666666666666666,True,False,WZ_K35.conllu,1,0,0
āb,NOUN,nmod,0,0,0,1,0,2066,60,dāytī,PROPN,nmod,0,1,2,2,1,0,1,1,0.0,False,False,WZ_K35.conllu,1,0,0
zanišn,NOUN,obl,0,0,0,1,1,245,2,bazag,NOUN,nmod,0,1,2,2,1,0,0,1,1.0,True,False,WZ_K35.conllu,1,0,0
ālag,NOUN,obl:lmod,0,0,0,1,1,44,168,dašn,NOUN,amod,0,2,1,2,0,0,0,0,0.0,False,False,WZ_K35.conllu,0,1,0
frāzmadan,NOUN,obl:tmod,0,0,0,1,1,2,245,gayōmart,PROPN,nmod,1,1,2,3,2,0,1,1,0.0,True,False,WZ_K35.conllu,1,0,0
ē,NOUN,advcl,0,0,0,0,0,2,93,bālā,NOUN,nmod,1,1,3,5,3,0,0,1,0.0,False,False,WZ_K35.conllu,1,0,0
bālā,NOUN,nmod,0,0,0,0,1,86,1747,zarduxšt,PROPN,nmod,0,2,1,3,0,0,1,0,0.0,False,False,WZ_K35.conllu,1,0,0
mard,NOUN,nmod,0,0,0,1,1,2067,4,pānzdahsālag,ADJ,amod,1,1,3,1,2,0,0,0,0.0,False,False,WZ_K35.conllu,0,1,0
kirb,NOUN,obl,0,0,0,1,1,204,2069,mard,NOUN,nmod,0,2,4,2,1,0,0,0,1.0,False,False,WZ_K35.conllu,1,0,0
gōnag,NOUN,conj,0,1,0,1,1,85,216,xrastarān,NOUN,nmod,0,1,2,2,1,0,0,0,0.0,False,False,WZ_K35.conllu,1,0,0
xrastarān,NOUN,nmod,1,0,0,1,1,216,2,čahārpayān,ADJ,amod,0,1,1,1,0,0,0,0,0.0,False,False,WZ_K35.conllu,0,1,0
ēwēnag,NOUN,conj,0,0,0,1,1,782,1,andarōnasmānāsān,ADJ,amod,0,1,1,2,0,0,0,0,0.0,False,False,WZ_K35.conllu,0,1,0
dwārišn,NOUN,nsubj,0,1,0,1,1,24,216,xrafstarān,NOUN,nmod,0,1,1,1,0,0,0,0,1.0,True,False,WZ_K35.conllu,1,0,0
mihr,NOUN,conj,0,0,0,1,1,289,24,abāxtarīg,ADJ,amod,0,1,3,2,1,0,0,1,0.0,False,False,WZ_K35.conllu,0,1,0
hamǰuxtīh,NOUN,orphan,0,0,0,1,1,2,690,māh,NOUN,nmod,1,1,2,2,2,0,0,1,0.0,False,False,WZ_K35.conllu,1,0,0
māh,NOUN,nmod,0,0,0,1,1,689,24,abāxtarīg,ADJ,amod,0,2,1,2,0,0,0,0,0.0,False,False,WZ_K35.conllu,0,1,0
čihr,NOUN,obl,0,0,0,1,1,173,21,azdahāg,NOUN,nmod,2,1,4,3,2,0,0,1,0.5,False,False,WZ_K35.conllu,1,0,0
azdahāg,NOUN,nmod,0,0,0,1,1,20,3,wēhmīh,NOUN,nmod,1,1,3,2,2,0,0,0,0.0,False,False,WZ_K35.conllu,1,0,0
wēhmīh,NOUN,nmod,0,0,0,1,0,3,58,andarwāy,NOUN,nmod,0,1,2,2,1,0,0,1,0.0,False,False,WZ_K35.conllu,1,0,0
xwānišn,NOUN,nsubj,0,0,0,1,1,2,633,X,NOUN,nmod,2,1,2,2,1,0,0,1,1.0,True,False,WZ_K35.conllu,1,0,0
dūd,NOUN,obj,0,0,0,1,1,27,8,tārīk,ADJ,amod,0,2,1,1,0,0,0,0,1.0,False,False,WZ_K35.conllu,0,1,0
ruwān,NOUN,advcl,0,0,0,1,0,1224,459,gāw,NOUN,nmod,0,1,3,4,2,0,0,1,0.0,False,False,WZ_K35.conllu,1,0,0
gāw,NOUN,nmod,0,0,0,0,1,459,6,ēkdād,ADJ,amod,0,1,2,2,1,0,0,1,0.0,False,False,WZ_K35.conllu,0,1,0
ruwān,NOUN,obl,0,0,0,1,1,1224,2253,tan,NOUN,nmod,3,1,2,3,2,0,0,0,0.2,False,False,WZ_K35.conllu,1,0,0
tan,NOUN,nmod,0,1,0,1,1,2253,55,widordān,NOUN,nmod,0,2,1,2,0,0,0,0,0.0,False,False,WZ_K35.conllu,1,0,0
garzišn,NOUN,obj,0,0,0,1,1,61,282,and,PRON,nmod,0,1,4,2,1,0,0,1,0.6,True,False,WZ_K35.conllu,1,0,0
spāh,NOUN,obl,0,0,0,1,1,89,9,hazārgānag,ADJ,amod,0,2,3,4,0,1,0,0,1.0,False,False,WZ_K35.conllu,0,1,0
dāmān,NOUN,obl,1,0,0,1,1,78,8,gumēxtag,ADJ,amod,0,2,1,2,0,0,0,0,1.0,False,True,WZ_K35.conllu,0,1,0
sālārīh,NOUN,obj,0,1,0,1,1,288,78,dāmān,NOUN,nmod,1,1,2,1,2,0,0,1,1.0,False,False,WZ_K35.conllu,1,0,0
pādixšāyīh,NOUN,nmod,0,0,0,1,1,225,323,ahreman,PROPN,nmod,0,1,2,1,1,0,1,1,0.0,False,False,WZ_K35.conllu,1,0,0
āhōgēnišn,NOUN,obl,0,1,0,1,1,32,78,dāmān,NOUN,nmod,0,1,2,3,1,0,0,1,1.0,True,False,WZ_K35.conllu,1,0,0
bun,NOUN,obj,0,0,0,1,1,959,357,asmān,NOUN,nmod,0,1,2,1,1,0,0,1,0.3333333333333333,False,False,WZ_K35.conllu,1,0,0
rōn,NOUN,nmod,0,0,0,1,1,54,369,frōd,ADJ,amod,0,2,1,3,0,0,0,0,0.0,False,False,WZ_K35.conllu,0,1,0
drubuštīh,NOUN,obl,0,0,0,1,1,54,249,bowandag,ADJ,amod,0,2,1,2,0,0,0,0,0.5,False,True,WZ_K35.conllu,0,1,0
āmad,NOUN,obl:tmod,0,0,0,1,1,6,110,hamēstār,NOUN,nmod,0,1,2,2,1,0,0,1,0.0,True,True,WZ_K35.conllu,1,0,0
kōxšišnīhā,NOUN,obl,1,0,0,0,1,184,11,dādag,NOUN,nmod,1,1,2,2,2,0,0,1,1.0,True,True,WZ_K35.conllu,1,0,0
abzār,NOUN,nsubj,0,0,0,1,1,315,971,bun,NOUN,nmod,2,1,3,3,3,0,0,0,1.0,True,False,WZ_K35.conllu,1,0,0
madan,NOUN,ccomp,0,0,0,1,1,68,52,pērōzīh,NOUN,nmod,0,1,5,4,0,0,0,0,0.0,True,False,WZ_K35.conllu,1,0,0
yaskān,NOUN,conj,0,0,0,1,1,25,1,ōzwārān,ADJ,amod,0,2,3,4,0,0,0,0,0.0,False,True,WZ_K35.conllu,0,1,0
wēmārīh,NOUN,acl:relcl,0,0,0,1,1,128,90,gōnag,NOUN,amod,1,1,2,4,2,0,0,0,0.0,False,False,WZ_K35.conllu,0,1,0
wizīr,NOUN,nsubj:outer,0,0,0,1,1,331,29,zurwān,NOUN,nmod,2,1,2,1,2,0,0,1,0.0,False,False,WZ_K35.conllu,1,0,0
zurwān,NOUN,nmod,0,0,0,1,1,29,9,brīngar,ADJ,amod,0,2,1,2,0,0,0,0,0.0,False,False,WZ_K35.conllu,0,1,0
āmad,NOUN,obl:tmod,0,0,0,1,1,10,323,ahreman,PROPN,nmod,0,1,2,2,1,0,1,1,0.0,True,False,WZ_K35.conllu,1,0,0
bōzišn,NOUN,conj,0,0,0,1,1,128,423,gyān,NOUN,nmod,0,2,2,3,1,1,0,1,0.0,True,False,WZ_K35.conllu,1,0,0
baxšišn,NOUN,obl,0,1,0,1,1,53,50,kirbak,NOUN,nmod,1,1,2,2,4,0,0,1,1.0,True,False,WZ_K35.conllu,1,0,0
kirbak,NOUN,nmod,1,1,0,1,1,40,2,gumēzišn_rāyēnišnān,ADJ,amod,1,1,1,4,0,0,0,0,0.0,False,False,WZ_K35.conllu,0,1,0
uzīdag,NOUN,obl:tmod,0,0,0,1,1,1,909,sāl,NOUN,nmod,1,1,2,2,1,0,0,0,0.0,True,False,WZ_K35.conllu,1,0,0
ohrmazd,PROPN,nsubj,0,0,0,1,1,3237,125,stārag,NOUN,flat,0,1,1,1,0,0,0,0,0.25,False,False,WZ_K35.conllu,0,0,0
band,NOUN,nmod,0,1,0,1,1,147,444,rōšnān,NOUN,nmod,0,1,2,2,1,0,0,1,0.0,False,False,WZ_K35.conllu,1,0,0
būd,NOUN,conj,0,0,0,1,1,25,147,band,NOUN,nmod,1,2,3,3,2,0,0,0,0.0,True,False,WZ_K35.conllu,1,0,0
bun,NOUN,obl:tmod,0,0,0,1,1,959,78,dām,NOUN,nmod,0,1,2,2,1,0,0,1,0.0,False,False,WZ_K35.conllu,1,0,0
mēx,PROPN,conj,0,0,0,1,1,24,1276,zamīg,NOUN,nmod,1,1,2,2,1,0,0,0,0.0,False,False,WZ_K35.conllu,1,0,0
zōr,NOUN,nsubj,0,0,0,1,1,283,770,xwad,PRON,nmod,0,2,2,2,0,0,0,0,1.0,False,False,WZ_K35.conllu,1,0,0
būd,NOUN,obl,0,0,0,1,0,38,1533,dō,NUM,nmod,1,1,2,3,2,0,0,1,0.3333333333333333,True,False,WZ_K35.conllu,2,0,0
būd,NOUN,obl,0,0,0,1,1,38,142,bālist,NOUN,nmod,3,1,2,3,1,0,0,0,0.3333333333333333,True,False,WZ_K35.conllu,2,0,0
nišēb,NOUN,acl:relcl,0,0,0,1,1,32,2375,xwēš,PRON,nmod,0,2,1,3,0,0,0,0,0.0,False,False,WZ_K35.conllu,1,0,0
abarwēzīh,NOUN,obl,0,0,0,1,1,25,79,kēwān,PROPN,nmod,0,1,2,3,1,0,1,1,0.8,False,False,WZ_K35.conllu,2,0,0
abarwēzīh,NOUN,obl,0,0,0,1,1,25,3242,ohrmazd,PROPN,nmod,2,1,2,3,1,0,1,0,0.8,False,False,WZ_K35.conllu,2,0,0
ālag,NOUN,obl:lmod,0,0,0,1,0,44,143,hōy,ADJ,amod,0,2,1,2,0,0,0,0,0.0,False,False,WZ_K35.conllu,0,1,0
dāmān,NOUN,obl,1,0,0,1,1,78,3242,ohrmazd,PROPN,nmod,0,2,1,2,0,0,1,0,1.0,False,False,WZ_K35.conllu,1,0,0
wuzurgxwarrahīh,NOUN,obj,0,0,0,1,1,2,2375,xwēš,PRON,nmod,0,2,1,1,0,0,0,0,1.0,False,False,WZ_K35.conllu,1,0,0
mēnōy,NOUN,nsubj,0,0,0,0,1,1405,357,asmān,NOUN,nmod,0,1,2,1,1,0,0,1,0.2,False,False,WZ_K35.conllu,1,0,0
artēštār,NOUN,nmod,0,0,0,1,1,110,1,arγand,ADJ,amod,1,1,3,2,1,0,0,1,0.0,True,False,WZ_K35.conllu,0,1,0
zrēh,NOUN,obj,0,0,0,1,1,40,9,ayōšustēn,ADJ,amod,0,2,1,1,0,0,0,0,0.4,False,False,WZ_K35.conllu,0,1,0
wāng,NOUN,obl,0,0,0,1,1,112,40,burz,ADJ,amod,0,2,1,2,0,0,0,0,0.6,False,False,WZ_K35.conllu,0,1,0
drubuštīh,NOUN,obj,0,0,0,1,1,54,94,saxttar,ADJ,amod,1,1,2,4,1,0,0,1,1.0,False,False,WZ_K35.conllu,0,1,1
frawahr,NOUN,obj,0,1,0,1,1,313,50,ašōān,ADJ,nmod,0,2,2,2,0,0,0,0,0.3333333333333333,False,False,WZ_K35.conllu,1,0,0
frawahr,NOUN,obj,0,1,0,1,1,313,111,artēštārān,NOUN,appos,0,1,2,2,1,0,0,1,0.3333333333333333,False,True,WZ_K35.conllu,1,0,0
wars,NOUN,obl,0,0,0,1,1,75,700,sar,NOUN,nmod,1,1,2,2,1,0,0,0,0.5,False,False,WZ_K35.conllu,1,0,0
homānāgīh,NOUN,obl,0,1,0,1,1,43,2,zēndānbānān,NOUN,nmod,0,1,4,2,2,0,0,1,0.6666666666666666,False,False,WZ_K35.conllu,1,0,0
bunag,NOUN,obl:lmod,0,0,0,1,1,11,2375,xwēš,PRON,nmod,0,2,2,4,0,0,0,0,0.0,False,False,WZ_K35.conllu,2,0,0
bunag,NOUN,obl:lmod,0,0,0,1,1,11,22,tārīkīh,NOUN,nmod,0,1,2,4,1,0,0,1,0.0,False,False,WZ_K35.conllu,2,0,0
bīm,NOUN,obj,0,0,0,1,1,301,2,frazāmōmandīh,NOUN,nmod,1,1,4,1,4,0,0,1,0.6666666666666666,False,False,WZ_K35.conllu,1,0,0
frazāmōmandīh,NOUN,nmod,0,0,0,1,1,2,700,sar,NOUN,nmod,2,1,3,4,2,0,0,1,0.0,False,False,WZ_K35.conllu,1,0,0
sar,NOUN,nmod,0,0,0,1,1,700,909,sāl,NOUN,nmod,0,2,2,2,1,0,0,0,0.0,False,False,WZ_K35.conllu,1,0,0
būd,NOUN,conj:nmod,0,0,0,1,1,25,243,frašegird,NOUN,nmod,0,1,1,2,0,0,0,0,0.0,True,False,WZ_K35.conllu,1,0,0
dahišn,NOUN,obl:lmod,0,0,0,1,1,8,692,fradom,ADV,amod,0,2,2,4,1,1,0,1,0.0,True,False,WZ_K35.conllu,0,1,0
tan,NOUN,obl:lmod,0,0,0,1,1,2253,245,gayōmart,PROPN,nmod,0,1,2,2,1,0,1,1,0.0,False,False,WZ_K35.conllu,1,0,0
mardōm,NOUN,acl,0,0,0,1,1,2713,1310,abārīg,PRON,amod,1,1,2,3,1,0,0,1,0.0,False,False,WZ_K35.conllu,0,1,0
wattomīh,NOUN,obl,0,1,0,1,1,7,657,druwandān,NOUN,nmod,0,1,2,2,1,0,0,1,0.3333333333333333,False,False,WZ_K35.conllu,1,0,0
ohrmazd,PROPN,nsubj,0,0,0,1,0,3237,2060,ahlaw,ADJ,amod,1,2,2,3,1,1,0,1,1.0,False,False,WZ_K35.conllu,1,1,0
ohrmazd,PROPN,nsubj,0,0,0,1,1,3237,1,pāšommēnōyānīh,NOUN,nmod,0,2,2,3,0,1,0,0,1.0,False,False,WZ_K35.conllu,1,1,0
ēmēd,NOUN,advcl,0,0,0,1,1,68,13,hamēyīgīh,NOUN,nmod,0,1,2,1,1,0,0,1,0.0,False,False,WZ_K35.conllu,1,0,0
asp,NOUN,nsubj,0,0,0,1,1,224,37,garzeng,PROPN,nmod,0,1,4,2,1,0,1,1,0.3333333333333333,False,False,WZ_K35.conllu,1,0,0
tištar,PROPN,nsubj,0,0,0,1,1,152,2,ābtōmag,ADJ,amod,0,2,1,1,0,0,0,0,0.6666666666666666,False,False,WZ_K35.conllu,0,1,0
spīg,NOUN,xcomp,0,0,1,1,1,5,12,azarag,PROPN,nmod,0,1,2,1,1,0,1,1,0.0,False,False,WZ_K35.conllu,1,0,0
dāmrawāgīh,NOUN,nsubj,0,0,0,1,1,2,37,karzang,PROPN,nmod,0,1,2,1,1,0,1,0,1.0,False,False,WZ_K35.conllu,1,0,0
karzang,PROPN,nmod,0,0,0,1,1,37,136,axtar,NOUN,flat,0,1,1,1,0,0,0,0,0.0,False,False,WZ_K35.conllu,0,0,0
tīr,PROPN,nsubj,0,0,0,1,1,88,690,māh,NOUN,flat,0,1,1,1,0,0,0,0,1.0,False,False,WZ_K35.conllu,0,0,0
māh,NOUN,advcl,0,0,0,1,1,689,157,čahārom,ADJ,amod,0,2,2,5,0,0,0,0,0.0,False,False,WZ_K35.conllu,1,1,0
māh,NOUN,advcl,0,0,0,1,1,689,909,sāl,NOUN,nmod,1,1,2,5,2,0,0,1,0.0,False,False,WZ_K35.conllu,1,1,0
burz,PROPN,conj,0,0,0,1,1,17,25,nāf,NOUN,appos,1,1,2,3,2,0,0,1,0.0,False,False,WZ_K35.conllu,0,0,0
nāf,NOUN,appos,0,1,0,1,1,25,2067,ābān,NOUN,nmod,0,2,1,2,0,0,0,0,0.0,False,False,WZ_K35.conllu,1,0,0
zanišn,NOUN,obl,0,1,0,1,1,245,216,xrafstarān,NOUN,nmod,0,1,2,2,1,0,0,1,1.0,True,False,WZ_K35.conllu,1,0,0
nihang,NOUN,conj,0,1,0,1,1,18,7,āsnīgān,ADJ,nmod,1,1,5,2,2,0,0,0,0.0,False,False,WZ_K35.conllu,1,0,0
mēnōy,NOUN,nsubj,0,0,0,0,1,1405,422,wād,NOUN,flat,0,1,1,1,0,0,0,0,0.25,False,False,WZ_K35.conllu,0,0,0
ēwēnag,NOUN,obj,0,0,0,1,1,782,7,mōg,NOUN,nmod,0,1,3,1,3,0,0,1,0.75,False,False,WZ_K35.conllu,1,0,0
mōg,NOUN,nmod,0,0,0,1,1,6,13,dārēn,ADJ,amod,1,1,2,3,1,0,0,1,0.0,False,False,WZ_K35.conllu,0,1,1
mēnōy,NOUN,nsubj,0,0,0,0,1,1405,422,wād,NOUN,nmod,0,1,2,2,1,1,0,1,0.8333333333333334,False,False,WZ_K35.conllu,1,0,0
wād,NOUN,obl,0,0,0,1,1,422,56,čihrīg,ADJ,amod,0,2,2,3,0,0,0,0,1.0,False,False,WZ_K35.conllu,0,2,0
wād,NOUN,obl,0,0,0,1,1,422,10,andarwāyīg,ADJ,amod,0,1,2,3,1,0,0,1,1.0,False,False,WZ_K35.conllu,0,2,0
kustān,NOUN,obl:lmod,1,0,0,1,1,248,1276,zamīg,NOUN,nmod,0,1,1,3,0,0,0,0,0.0,False,False,WZ_K35.conllu,1,0,0
zrēh,NOUN,nsubj,0,0,0,1,1,40,117,frāxkard,PROPN,nmod,0,1,4,2,1,0,1,1,1.0,False,False,WZ_K35.conllu,1,0,0
xānīgān,NOUN,xcomp,1,0,0,1,1,19,328,war,NOUN,nmod,0,1,2,1,1,0,0,1,0.0,False,False,WZ_K35.conllu,1,0,0
āb,NOUN,nsubj,0,0,0,1,1,2066,18258,=š,PRON,nmod,0,2,1,1,0,0,0,0,0.6666666666666666,False,False,WZ_K35.conllu,1,0,0
wuzurgīh,NOUN,nsubj,0,0,0,1,1,36,328,war,NOUN,nmod,5,2,3,1,3,0,0,0,0.25,False,False,WZ_K35.conllu,1,0,1
aswār,NOUN,nsubj,0,0,0,1,1,25,92,tagīg,ADJ,amod,1,1,2,2,1,0,0,1,0.5,True,False,WZ_K35.conllu,0,1,1
asp,NOUN,obl,0,0,0,1,1,224,78,tāzīg,ADJ,amod,1,1,2,3,1,0,0,1,0.75,False,False,WZ_K35.conllu,0,1,1
frasang,NOUN,advcl,0,0,0,1,0,61,6,aγrē,ADJ,amod,0,1,3,5,1,0,0,1,0.0,False,False,WZ_K35.conllu,0,1,0
apāwš,PROPN,nsubj,0,0,0,1,0,30,1338,dēw,NOUN,appos,0,1,1,1,0,0,0,0,1.0,False,False,WZ_K35.conllu,0,0,0
ardīg,NOUN,obl,0,0,1,1,1,103,692,fradom,ADJ,amod,0,2,1,1,0,0,0,0,0.3333333333333333,False,False,WZ_K35.conllu,0,1,0
zōr,NOUN,obj,0,0,0,1,1,283,770,xwad,PRON,nmod,0,1,1,1,0,0,0,0,0.6,False,False,WZ_K35.conllu,1,0,0
asp,NOUN,obl,0,0,0,1,1,224,87,gušn,ADJ,amod,0,1,4,7,1,0,0,1,1.0,False,False,WZ_K35.conllu,0,1,0
uštar,NOUN,conj,0,0,0,1,1,64,87,gušn,ADJ,amod,0,1,2,2,1,0,0,1,0.0,False,False,WZ_K35.conllu,0,1,0
gāw,NOUN,conj,0,0,0,0,1,459,87,gušn,ADJ,amod,0,1,2,2,1,0,0,1,0.0,False,False,WZ_K35.conllu,0,1,0
rōd,NOUN,conj,0,0,0,1,1,18,77,ēwtāg,ADJ,amod,0,1,3,4,1,0,0,1,0.0,False,False,WZ_K35.conllu,0,1,0
apāwš,PROPN,obj,0,0,0,1,0,30,1338,dēw,NOUN,appos,0,1,1,1,0,0,0,0,0.6,False,False,WZ_K35.conllu,0,0,0
čašmagān,NOUN,obl,1,0,0,1,1,37,40,zrēh,NOUN,nmod,0,1,2,2,1,0,0,1,1.0,False,False,WZ_K35.conllu,1,0,0
dumb,NOUN,conj,0,0,0,1,1,32,42,paymānīg,ADJ,amod,0,1,3,3,1,0,0,1,0.0,False,False,WZ_K35.conllu,0,1,0
sar,NOUN,nmod,0,0,0,1,1,700,2069,mard,NOUN,nmod,0,2,2,2,0,0,0,0,0.0,False,False,WZ_K35.conllu,1,0,0
sar,NOUN,conj:nmod,0,0,0,1,0,700,459,gāw,NOUN,nmod,0,2,1,2,0,0,0,0,0.0,False,False,WZ_K35.conllu,1,0,0
tazišn,NOUN,nsubj,0,0,0,1,1,33,152,tištar,PROPN,nmod,1,1,4,2,2,0,1,1,0.5,True,False,WZ_K35.conllu,1,0,0
ātaxš,NOUN,conj:nmod,0,0,0,1,1,1442,45,wāzišt,PROPN,appos,0,1,2,2,1,0,1,1,0.0,False,False,WZ_K35.conllu,0,0,0
hamēstārīh,NOUN,obl,0,0,0,1,1,107,30,apāwš,PROPN,nmod,0,1,3,2,2,0,1,1,1.0,False,False,WZ_K35.conllu,1,0,0
ātaxš,NOUN,nsubj,0,0,0,1,1,1442,45,wāzišt,PROPN,appos,0,1,2,1,1,0,1,1,0.3333333333333333,False,False,WZ_K35.conllu,0,0,0
wazr,NOUN,obl,0,1,0,1,1,25,1446,ātaxšān,NOUN,nmod,0,2,1,2,0,0,0,0,0.6666666666666666,False,False,WZ_K35.conllu,1,0,0
wiš,NOUN,nsubj,0,1,0,1,1,42,216,xrafstarān,NOUN,nmod,0,1,2,1,1,0,0,1,1.0,False,False,WZ_K35.conllu,1,0,0
kanārag,NOUN,obl:lmod,0,0,0,1,1,41,40,zrēh,NOUN,nmod,0,1,3,2,2,0,0,1,0.0,False,False,WZ_K35.conllu,1,0,0
zrēh,NOUN,nmod,0,0,0,1,1,40,117,frāxkard,PROPN,nmod,0,1,2,2,1,0,1,1,0.0,False,False,WZ_K35.conllu,1,0,0
puitīk,PROPN,nsubj,0,0,0,1,1,27,770,xwad,PRON,appos,0,1,3,2,0,0,0,0,0.5,False,False,WZ_K35.conllu,0,0,0
band,NOUN,nsubj:pass,0,0,0,1,1,147,18258,=š,PRON,nmod,0,2,3,2,0,0,0,0,0.0,False,False,WZ_K35.conllu,2,0,0
band,NOUN,nsubj:pass,0,0,0,1,1,147,132,purr,NOUN,nmod,0,1,3,2,2,0,0,1,0.0,False,False,WZ_K35.conllu,2,0,0
hamēwardišn,NOUN,nsubj,0,0,0,1,1,2,18258,=š,PRON,nmod,0,2,1,1,0,0,0,0,0.5,True,False,WZ_K35.conllu,1,0,0
ulāmadan,NOUN,obl,0,0,0,1,1,2,690,māh,NOUN,nmod,1,1,2,3,1,0,0,1,1.0,True,False,WZ_K35.conllu,1,0,0
kustag,NOUN,nmod,0,0,0,1,1,149,106,nēmrōz,NOUN,nmod,0,1,2,2,1,0,0,1,0.0,True,False,WZ_K35.conllu,1,0,0
harburz,PROPN,obl:lmod,0,0,0,1,1,129,154,kustag,NOUN,nmod,2,2,3,2,2,0,0,0,0.0,False,True,WZ_K35.conllu,1,0,0
war,NOUN,nsubj,0,0,0,1,1,328,52,sadwēs,PROPN,nmod,0,1,4,2,1,0,1,1,0.6666666666666666,False,False,WZ_K35.conllu,1,0,0
kustag,NOUN,acl:relcl,0,0,0,1,1,149,106,nēmrōz,NOUN,nmod,0,1,2,2,1,0,0,1,0.0,True,False,WZ_K35.conllu,1,0,0
wardišn,NOUN,nsubj,0,1,0,1,1,55,222,xīrān,NOUN,nmod,1,1,2,1,2,0,0,1,1.0,True,False,WZ_K35.conllu,1,0,0
pāymār,NOUN,nmod,0,0,0,1,1,5,961,pēš,ADV,nmod,1,1,1,1,0,0,0,0,0.0,True,False,WZ_K35.conllu,1,0,0
ān,PRON,obl,0,0,0,1,1,1928,4,ul_āhang,NOUN,nmod,0,1,2,2,1,0,0,1,0.25,False,False,WZ_K35.conllu,1,0,0
ān,PRON,obl,0,0,0,1,1,1928,4,frōd_āhang,NOUN,nmod,0,1,2,2,1,0,0,1,0.75,False,False,WZ_K35.conllu,1,0,0
sadwēs,PROPN,nsubj,0,0,0,1,1,52,328,war,NOUN,flat,0,1,1,1,0,0,0,0,1.0,False,False,WZ_K35.conllu,0,0,0
zrēh,NOUN,nmod,0,0,0,1,1,40,117,frāxkard,PROPN,nmod,0,1,2,2,1,0,1,1,0.0,False,False,WZ_K35.conllu,1,0,0
ayōǰdāsrīh,NOUN,obj,0,0,0,1,1,5,14,stabrīh,NOUN,nmod,0,1,4,1,1,0,0,0,0.25,False,False,WZ_K35.conllu,1,0,0
stabrīh,NOUN,nmod,0,0,0,1,1,14,26,drayāb,NOUN,nmod,1,1,3,1,3,0,0,1,0.0,False,False,WZ_K35.conllu,1,0,0
drayāb,NOUN,nmod,0,0,0,1,1,23,17,sōr,ADJ,amod,0,1,2,3,1,0,0,1,0.0,False,False,WZ_K35.conllu,0,1,0
ādur,NOUN,obl,0,0,0,1,1,168,230,wuzurg,ADJ,amod,0,1,2,3,2,0,0,1,0.5,False,False,WZ_K35.conllu,0,1,0
čašmagān,NOUN,conj,1,0,0,1,1,37,64,ardīwsūr,PROPN,nmod,0,1,1,1,0,0,1,0,0.0,False,False,WZ_K35.conllu,1,0,0
zrēh,NOUN,nsubj,0,0,0,1,1,40,154,keh,ADJ,amod,0,1,2,2,1,0,0,1,1.0,False,False,WZ_K35.conllu,0,1,0
harburz,PROPN,obl:lmod,0,0,0,1,1,129,41,kanārag,NOUN,nmod,2,1,2,2,2,0,0,0,0.0,False,False,WZ_K35.conllu,1,0,0
kanārag,NOUN,nmod,0,0,0,1,1,41,154,abāxtar,NOUN,nmod,0,2,1,2,0,0,0,0,0.0,False,False,WZ_K35.conllu,1,0,0
rōd,NOUN,nsubj,0,0,0,1,1,18,230,wuzurg,ADJ,amod,0,1,2,2,1,0,0,1,1.0,False,False,WZ_K35.conllu,0,1,0
bunxān,NOUN,nsubj,0,1,0,1,1,1,4718,=šān,PRON,nmod,0,2,1,1,0,0,0,0,0.6666666666666666,False,False,WZ_K35.conllu,1,0,0
čašm,NOUN,nsubj,0,0,0,1,1,201,40,zrēh,NOUN,nmod,0,1,2,2,1,0,0,1,0.5,False,False,WZ_K35.conllu,1,0,0
čēčist,PROPN,xcomp,0,0,0,1,1,22,328,war,NOUN,flat,0,1,4,3,0,0,0,0,0.0,False,False,WZ_K35.conllu,0,1,0
čēčist,PROPN,xcomp,0,0,0,1,1,22,119,dūr,ADJ,amod,1,1,4,3,3,0,0,1,0.0,False,False,WZ_K35.conllu,0,1,0
bār,NOUN,obl:lmod,0,0,0,1,1,518,18258,=š,PRON,nmod,1,2,1,3,0,0,0,0,0.0,True,False,WZ_K35.conllu,1,0,0
ādur,NOUN,nsubj,0,0,0,1,1,168,34,gušnasp,PROPN,nmod,0,1,2,2,1,0,1,1,1.0,False,False,WZ_K35.conllu,1,1,0
ādur,NOUN,nsubj,0,0,0,1,1,168,139,pērōzgar,ADJ,amod,1,1,2,2,1,0,0,1,1.0,False,False,WZ_K35.conllu,1,1,0
X,NOUN,obj,0,0,0,1,1,305,2375,xwēš,PRON,nmod,0,2,1,1,0,0,0,0,0.5,False,False,WZ_K35.conllu,1,0,0
zofrīh,NOUN,obl,0,0,0,1,1,8,18258,=š,PRON,nmod,0,2,1,2,0,0,0,0,1.0,False,False,WZ_K35.conllu,1,0,0
nazdīkīh,NOUN,obl:lmod,0,0,0,1,1,60,18258,=š,PRON,nmod,1,2,1,2,0,0,0,0,0.0,False,False,WZ_K35.conllu,1,0,0
ādur,NOUN,nsubj,0,0,0,1,1,168,2,sūdīg_mihr,PROPN,nmod,0,1,2,1,2,0,1,1,1.0,False,False,WZ_K35.conllu,1,0,0
zēnēnīd,NOUN,obl,0,0,0,1,1,1,1276,zamīg,NOUN,nmod,0,1,1,1,0,0,0,0,0.4,True,False,WZ_K35.conllu,1,0,0
harburz,PROPN,nsubj,0,0,0,1,1,129,1276,zamīg,NOUN,nmod,0,1,2,2,1,0,0,1,0.6,False,False,WZ_K35.conllu,1,0,0
kanārag,NOUN,obl:lmod,0,1,0,1,1,41,2067,ābān,NOUN,nmod,0,1,2,1,1,0,0,1,0.0,False,False,WZ_K35.conllu,1,0,0
kōfān,NOUN,nsubj,1,0,0,1,1,447,22,mayān,NOUN,nmod,0,1,3,1,2,0,0,1,0.8,False,False,WZ_K35.conllu,1,0,0
mayān,NOUN,nmod,0,0,0,1,1,9,2,girdagīh,NOUN,nmod,0,1,2,2,1,0,0,0,0.0,False,False,WZ_K35.conllu,1,0,0
girdagīh,NOUN,nmod,0,0,0,1,1,2,1276,zamīg,NOUN,nmod,0,1,1,1,0,0,0,0,0.0,False,False,WZ_K35.conllu,1,0,0
mar,NOUN,obl,0,0,0,1,1,2,2,dōhazārdōsadčēhelčahār,NUM,nmod,0,1,1,2,0,0,0,0,1.0,False,True,WZ_K35.conllu,1,0,0
sūd,NOUN,nsubj,0,0,0,1,1,327,230,wuzurg,ADJ,amod,0,2,2,2,0,0,0,0,1.0,False,False,WZ_K35.conllu,1,1,0
sūd,NOUN,nsubj,0,0,0,1,1,327,285,ayārīh,NOUN,nmod,0,1,2,2,1,0,0,1,1.0,False,False,WZ_K35.conllu,1,1,0
ǰawāhir,NOUN,nsubj:pass,1,0,0,1,1,153,447,kōf,NOUN,nmod,0,1,2,1,1,0,0,1,0.0,False,False,WZ_K35.conllu,1,0,0
rēšag,NOUN,conj,0,0,0,1,1,7,18258,=š,PRON,nmod,0,2,2,3,0,0,0,0,0.0,False,False,WZ_K35.conllu,1,0,0
rēšag,NOUN,nsubj,0,1,0,1,1,7,447,kōfān,NOUN,nmod,0,1,2,1,1,0,0,1,0.09090909090909091,False,False,WZ_K35.conllu,1,0,0
rāh,NOUN,nsubj,0,0,0,1,1,587,8,widarg,NOUN,nmod,0,1,3,1,1,0,0,0,0.45454545454545453,False,False,WZ_K35.conllu,1,0,0
widarg,NOUN,nmod,0,0,0,1,1,8,2067,āb,NOUN,nmod,0,1,2,1,1,0,0,1,0.0,False,False,WZ_K35.conllu,1,0,0
kōfān,NOUN,nsubj,1,0,0,1,1,447,129,harburz,PROPN,nmod,2,1,2,2,3,0,1,1,1.0,False,False,WZ_K35.conllu,1,0,0
abarsēn,PROPN,nsubj,0,0,0,1,1,38,447,kōf,NOUN,flat,0,1,4,2,0,0,0,0,0.5,False,False,WZ_K35.conllu,0,0,0
aburusān,PROPN,xcomp,0,0,0,1,1,38,447,kōf,NOUN,flat,1,1,1,2,0,0,0,0,0.0,False,False,WZ_K35.conllu,0,0,0
bun,NOUN,nsubj,0,0,0,1,1,959,18258,=š,PRON,nmod,0,2,1,1,0,0,0,0,0.75,False,False,WZ_K35.conllu,1,0,0
sar,NOUN,nsubj,0,0,0,1,1,700,18258,=š,PRON,nmod,0,2,1,1,0,0,0,0,1.0,False,False,WZ_K35.conllu,1,0,0
wārān,NOUN,obl,0,0,0,1,1,185,230,wuzurg,ADJ,amod,0,1,3,4,1,0,0,1,0.125,False,False,WZ_K35.conllu,1,1,0
wārān,NOUN,obl,0,0,0,1,1,185,971,bun,NOUN,nmod,2,1,3,4,3,0,0,1,0.125,False,False,WZ_K35.conllu,1,1,0
bun,NOUN,nmod,0,0,0,1,1,959,78,dām,NOUN,nmod,0,1,2,3,1,0,0,1,0.0,False,False,WZ_K35.conllu,1,0,0
bēmuštan,NOUN,obl,0,0,0,1,1,1,422,wād,NOUN,nmod,0,1,2,4,1,0,0,1,0.25,True,False,WZ_K35.conllu,3,0,0
bēmuštan,NOUN,obl,0,0,0,1,1,1,2067,āb,NOUN,nmod,1,1,2,4,0,0,0,0,0.25,True,False,WZ_K35.conllu,3,0,0
bēmuštan,NOUN,obl,0,0,0,1,1,1,40,zrēh,NOUN,nmod,3,1,2,4,1,0,0,0,0.25,True,False,WZ_K35.conllu,3,0,0
wād,NOUN,obl,0,0,0,1,1,422,5,ēwāz,ADJ,amod,1,2,1,3,0,0,0,0,0.625,False,False,WZ_K35.conllu,0,1,0
pārag,NOUN,conj,0,0,0,1,1,96,103,nēmag,NOUN,nmod,3,1,3,3,4,0,0,0,0.0,False,False,WZ_K35.conllu,1,0,1
nēmag,NOUN,nmod,0,0,0,1,1,103,1276,zamīg,NOUN,nmod,2,1,2,4,1,0,0,0,0.0,False,False,WZ_K35.conllu,1,0,1
wisistān,NOUN,nsubj,1,0,0,1,0,1,574,any,PRON,nmod,0,1,2,2,1,0,0,1,0.75,True,False,WZ_K35.conllu,1,0,0
xwānīhist,NOUN,nsubj,0,0,0,1,1,1,282,kišwar,NOUN,nmod,0,1,2,1,1,0,0,1,0.3333333333333333,True,False,WZ_K35.conllu,1,0,0
mayān,NOUN,nsubj,0,0,0,1,1,9,94,xwanirah,PROPN,nmod,0,1,1,1,0,0,1,0,0.3333333333333333,False,False,WZ_K35.conllu,1,0,0
bahr,NOUN,nsubj,0,0,0,1,1,410,40,zrēh,NOUN,nmod,2,1,3,2,2,0,0,0,1.0,False,False,WZ_K35.conllu,1,0,1
zrēh,NOUN,nmod,0,0,0,1,1,40,117,frāxkard,PROPN,nmod,0,1,2,2,1,0,1,1,0.0,False,False,WZ_K35.conllu,1,0,0
kustag,NOUN,obl:lmod,0,0,0,1,1,149,106,nēmrōz,NOUN,nmod,0,1,2,2,1,1,0,1,0.0,True,False,WZ_K35.conllu,1,0,0
kōf,NOUN,nsubj,0,0,0,1,1,447,24,abāxtarīg,ADJ,amod,0,2,2,3,1,1,0,1,0.5,False,False,WZ_K35.conllu,0,2,0
kōf,NOUN,nsubj,0,0,0,1,1,447,40,burz,ADJ,amod,0,1,2,3,1,1,0,1,0.5,False,False,WZ_K35.conllu,0,2,0
daxšag,NOUN,xcomp,0,0,0,1,0,216,1135,gētī,NOUN,nmod,0,2,1,1,0,0,0,0,0.0,False,False,WZ_K35.conllu,1,0,0
āb,NOUN,obl,0,0,0,1,1,2066,3,tištarīg,ADJ,amod,0,2,2,3,0,0,0,0,1.0,False,False,WZ_K35.conllu,0,2,0
āb,NOUN,obl,0,0,0,1,1,2066,12,wārānīg,ADJ,amod,0,1,2,3,1,0,0,1,1.0,False,False,WZ_K35.conllu,0,2,0
abāzdārišnīh,NOUN,obl,0,0,0,1,1,2,128,wēmārīh,NOUN,nmod,1,1,2,2,2,0,0,1,1.0,True,False,WZ_K35.conllu,1,0,0
sardag,NOUN,nmod,0,0,0,1,1,47,641,urwar,NOUN,nmod,0,1,1,2,0,0,0,0,0.0,True,False,WZ_K35.conllu,1,0,0
tōhm,NOUN,obj,0,0,0,1,1,162,47,sardag,NOUN,nmod,1,2,2,1,2,0,0,0,1.0,False,True,WZ_K35.conllu,1,0,0
hamīh,NOUN,obl,0,0,0,1,1,127,162,tōhm,NOUN,nmod,0,1,1,2,0,0,0,0,0.3333333333333333,False,False,WZ_K35.conllu,1,0,0
wan,NOUN,nsubj:pass,0,0,0,1,1,52,1,harwisptōhm,ADJ,amod,0,1,3,2,1,0,0,1,0.0,False,False,WZ_K35.conllu,0,1,0
zrēh,NOUN,obl:lmod,0,0,0,1,1,40,117,frāxkard,PROPN,nmod,0,1,1,2,0,0,1,0,0.0,False,False,WZ_K35.conllu,1,0,0
sardag,NOUN,nsubj,0,1,0,1,1,47,641,urwarān,NOUN,nmod,0,1,1,2,0,0,0,0,1.0,True,False,WZ_K35.conllu,1,0,0
tōhm,NOUN,obj,0,0,0,1,1,162,18258,=iš,PRON,nmod,0,2,2,2,0,0,0,0,0.6666666666666666,False,False,WZ_K35.conllu,1,1,0
tōhm,NOUN,obj,0,0,0,1,1,162,166,hušk,ADJ,amod,0,1,2,2,1,0,0,1,0.6666666666666666,False,False,WZ_K35.conllu,1,1,0
nazdīkīh,NOUN,obl:lmod,0,0,0,1,1,60,57,wan,NOUN,nmod,1,1,2,2,1,0,0,0,0.0,False,False,WZ_K35.conllu,1,0,0
hōm,PROPN,obj,0,0,0,1,1,265,108,spēd,ADJ,amod,0,1,2,1,1,0,0,1,1.0,False,False,WZ_K35.conllu,0,1,0
hamēstārīh,NOUN,advcl,0,0,0,1,1,107,37,zarmān,NOUN,nmod,0,1,3,3,0,0,0,0,0.0,False,False,WZ_K35.conllu,1,0,0
zīndaggar,NOUN,conj,0,1,0,1,1,3,43,murdagān,NOUN,nmod,0,1,2,1,1,0,0,1,0.0,False,True,WZ_K35.conllu,1,0,0
anōšaggar,NOUN,conj,0,1,0,1,1,2,11,zīndagān,NOUN,nmod,0,1,2,1,1,0,0,1,0.0,False,True,WZ_K35.conllu,1,0,0
gāw,NOUN,nsubj,0,0,0,0,1,459,6,ēkdād,ADJ,amod,0,1,2,2,1,0,0,1,0.16666666666666666,False,False,WZ_K35.conllu,0,1,0
čihr,NOUN,obj,0,0,0,1,1,173,6,urwarīg,ADJ,amod,0,1,1,1,0,0,0,0,0.6666666666666666,False,False,WZ_K35.conllu,0,1,0
sardag,NOUN,nsubj,0,0,0,1,0,47,163,ǰōrdā,NOUN,nmod,0,1,4,3,1,0,0,1,0.8333333333333334,True,False,WZ_K35.conllu,1,0,0
sardag,NOUN,conj,0,0,0,1,1,47,641,urwar,NOUN,nmod,0,1,3,3,1,0,0,0,0.0,True,False,WZ_K35.conllu,1,0,0
urwar,NOUN,nmod,0,0,0,1,1,641,20,bēšaz,ADJ,amod,0,1,2,1,1,0,0,1,0.0,False,False,WZ_K35.conllu,0,1,0
urwar,NOUN,nsubj,0,0,0,1,1,641,139,handām,NOUN,nmod,1,1,3,2,2,0,0,0,0.14285714285714285,False,False,WZ_K35.conllu,1,0,0
X,NOUN,advcl,0,0,0,1,1,305,10,kunǰid,NOUN,nmod,1,1,2,1,4,0,0,1,0.0,False,False,WZ_K35.conllu,1,0,0
may,NOUN,nsubj,0,0,0,0,1,75,770,xwad,PRON,appos,0,1,1,1,0,0,0,0,0.6,False,False,WZ_K35.conllu,0,0,0
druyistčihrīh,NOUN,obl,0,0,0,1,1,2,155,xōn,NOUN,nmod,0,1,1,2,0,0,0,0,1.0,False,False,WZ_K35.conllu,1,0,0
bēšazēnīd,NOUN,nsubj,0,0,0,1,1,2,4,sipandān,PROPN,nmod,0,1,2,1,1,0,1,1,1.0,True,False,WZ_K35.conllu,1,0,0
mayān,NOUN,obl,0,0,0,1,1,9,1,sarbun,NOUN,nmod,0,1,1,2,0,0,0,0,0.3333333333333333,False,False,WZ_K35.conllu,1,0,0
abāzēstišnīh,NOUN,obl,0,0,0,1,1,2,51,gand,NOUN,nmod,2,1,3,2,3,0,0,1,0.6666666666666666,True,False,WZ_K35.conllu,1,0,0
gand,NOUN,nmod,0,0,0,1,1,44,107,akōman,PROPN,nmod,0,2,2,3,1,1,1,1,0.0,False,False,WZ_K35.conllu,1,0,0
wināhišn,NOUN,obl,0,1,0,1,1,39,172,ǰādūgān,NOUN,nmod,0,2,2,3,2,1,0,1,1.0,True,False,WZ_K35.conllu,1,0,0
rōšnīh,NOUN,obl,0,0,0,1,1,368,690,māh,NOUN,nmod,0,1,2,2,1,0,0,1,1.0,False,False,WZ_K35.conllu,1,0,0
ǰuxtag,NOUN,conj,0,0,0,1,0,6,459,gāw,NOUN,nmod,0,2,3,4,1,0,0,0,0.0,True,False,WZ_K35.conllu,1,0,0
ǰuxtag,NOUN,conj,0,0,0,1,1,6,132,nar,ADJ,appos,1,1,3,4,2,0,0,0,0.0,True,False,WZ_K35.conllu,1,0,0
bowandagīh,NOUN,obl,0,0,0,1,1,59,47,sardag,NOUN,nmod,1,1,2,3,2,0,0,1,1.0,False,True,WZ_K35.conllu,1,0,0
zamīg,NOUN,obl:lmod,0,0,1,1,0,1266,118,dranā,NOUN,nmod,3,1,3,1,3,0,0,0,0.0,False,False,WZ_K35.conllu,1,0,0
dranā,NOUN,nmod,0,0,0,0,1,118,61,frasang,NOUN,nmod,0,2,2,3,1,0,0,0,0.0,False,False,WZ_K35.conllu,1,1,0
dranā,NOUN,nmod,0,0,0,0,0,118,6,aγrē,ADJ,amod,0,1,2,3,0,0,0,0,0.0,False,False,WZ_K35.conllu,1,1,0
hangām,NOUN,obl:tmod,0,0,0,1,1,224,633,X,NOUN,nmod,0,1,2,2,1,0,0,1,0.0,False,False,WZ_K35.conllu,1,0,0
gōkān,NOUN,nsubj,0,0,0,1,1,8,53,baxšišn,NOUN,nmod,1,1,2,1,2,0,0,1,1.0,False,True,WZ_K35.conllu,1,0,0
baxšišn,NOUN,nmod,0,1,0,1,1,53,4718,=šān,PRON,nmod,0,2,1,2,0,0,0,0,0.0,True,False,WZ_K35.conllu,1,0,0
čahārpayān,NOUN,acl:relcl,1,0,0,1,1,3,2,zamīgrawišn,ADJ,amod,0,1,3,6,1,0,0,1,0.0,False,False,WZ_K35.conllu,0,1,0
māhīg,NOUN,conj,0,0,1,1,1,16,2,ābšnāzišn,ADJ,amod,0,1,2,1,1,0,0,1,0.0,False,False,WZ_K35.conllu,0,1,0
murw,NOUN,conj,0,0,0,0,1,185,2,andarwāywāzišn,ADJ,amod,0,1,2,1,1,0,0,1,0.0,False,False,WZ_K35.conllu,0,1,0
čahārpāy,NOUN,parataxis,0,0,0,0,1,3,4,gard_sumb,ADJ,amod,0,1,5,5,3,0,0,1,0.0,False,False,WZ_K35.conllu,0,1,0
māništ,NOUN,nsubj,0,1,0,1,1,24,4718,=šān,PRON,nmod,0,2,1,1,0,0,0,0,1.0,False,False,WZ_K35.conllu,1,0,0
dad,NOUN,nsubj,0,0,0,1,1,39,2,dasthammōg,ADJ,amod,1,1,2,2,3,0,0,1,1.0,False,False,WZ_K35.conllu,0,1,0
xōgān,NOUN,obl,0,0,0,1,0,47,8908,kē,PRON,nmod,0,2,1,2,0,0,0,0,1.0,False,False,WZ_K35.conllu,1,0,0
sardag,NOUN,conj,0,0,0,1,1,47,47,sardag,NOUN,nmod,1,1,2,3,1,0,0,0,0.0,True,True,WZ_K35.conllu,1,0,0
dānag,NOUN,obj,0,0,0,1,1,7,61,stabr,ADJ,amod,0,2,2,3,0,0,0,0,1.0,False,False,WZ_K35.conllu,0,1,0
nibēg,NOUN,obl:lmod,0,0,0,1,1,54,1,tōhmōšmurišnīh,NOUN,nmod,0,1,1,2,0,0,0,0,0.0,False,True,WZ_K35.conllu,1,0,0
rad,NOUN,nsubj,0,1,0,1,1,756,4718,=šān,PRON,nmod,0,2,1,1,0,0,0,0,1.0,False,False,WZ_K35.conllu,1,0,0
asp,NOUN,conj,0,0,0,1,1,224,90,ābīg,ADJ,amod,0,1,2,2,1,0,0,1,0.0,False,False,WZ_K35.conllu,0,1,0
sardag,NOUN,obl,0,0,0,1,0,47,459,gāw,NOUN,nmod,0,1,2,2,1,0,0,1,1.0,True,False,WZ_K35.conllu,1,0,0
ān,PRON,conj,0,0,0,1,1,1928,5,adumb,ADJ,amod,0,1,2,2,1,0,0,1,0.0,False,False,WZ_K35.conllu,0,1,0
mēš,NOUN,conj,0,0,0,1,1,68,5,takel,ADJ,amod,0,1,2,2,1,0,0,1,0.0,False,False,WZ_K35.conllu,0,1,0
kōf,NOUN,nsubj,0,0,0,1,1,447,18258,=iš,PRON,nmod,0,2,1,1,0,0,0,0,0.5,False,False,WZ_K35.conllu,1,0,0
bārag,NOUN,conj,0,0,0,1,1,22,6,mānuščihr,PROPN,nmod,1,1,2,2,1,0,1,1,0.0,False,False,WZ_K35.conllu,1,0,0
mušk,NOUN,dislocated:topic,0,0,0,1,1,37,29,nāfag,NOUN,nmod,0,1,2,1,1,0,0,1,0.0,False,False,WZ_K35.conllu,1,0,0
zahr,NOUN,obj,0,0,0,1,1,45,9,bīš,NOUN,nmod,0,2,1,1,0,0,0,0,0.5,False,False,WZ_K35.conllu,1,0,0
sūdīh,NOUN,obl,0,0,0,1,1,21,460,meh,ADJ,amod,0,2,2,3,1,1,0,1,0.3333333333333333,False,False,WZ_K35.conllu,0,1,0
zahrīh,NOUN,obl,0,1,0,1,1,2,78,dāmān,NOUN,nmod,0,1,2,3,1,0,0,1,1.0,False,False,WZ_K35.conllu,1,0,0
gōnag,NOUN,nmod,0,0,0,1,0,85,63,syā,ADJ,amod,0,1,1,1,0,0,0,0,0.0,False,False,WZ_K35.conllu,0,1,0
girzag,NOUN,nsubj,0,0,0,1,1,25,13,xār,NOUN,nmod,0,1,4,3,1,0,0,1,0.2,False,True,WZ_K35.conllu,1,0,0
girzag,NOUN,xcomp,0,0,0,1,1,25,2,makōgpēs,ADJ,amod,0,1,2,1,1,0,0,1,0.0,False,False,WZ_K35.conllu,0,1,0
kustag,NOUN,obl:lmod,0,0,0,1,1,149,26,drayāb,NOUN,nmod,0,1,2,2,1,0,0,1,0.0,True,False,WZ_K35.conllu,1,0,0
hambūsišn,NOUN,nsubj,0,0,0,1,1,4,8,garzag,NOUN,nmod,0,1,2,1,1,0,0,1,0.9,True,False,WZ_K35.conllu,1,0,0
šīr,NOUN,obl,0,0,0,1,1,95,834,gōspand,NOUN,nmod,0,2,2,3,0,0,0,0,0.8,False,False,WZ_K35.conllu,2,0,0
šīr,NOUN,obl,0,0,0,1,1,95,28,pestān,NOUN,nmod,1,1,2,3,1,0,0,0,0.8,False,False,WZ_K35.conllu,2,0,0
mānsrspand,NOUN,obj,0,0,0,1,1,2,244,abēzag,ADJ,amod,0,2,1,2,0,0,0,0,0.5,False,False,WZ_K35.conllu,1,1,0
mānsrspand,NOUN,obj,0,0,0,1,1,2,3242,ohrmazd,PROPN,nmod,0,1,1,2,0,0,1,0,0.5,False,False,WZ_K35.conllu,1,1,0
ahlāyīh,NOUN,obj,0,0,0,1,1,1486,1864,weh,ADJ,amod,1,2,2,3,1,1,0,1,0.75,False,False,WZ_K35.conllu,0,1,0
zanišn,NOUN,obl,0,0,0,1,1,245,915,druz,NOUN,nmod,0,1,1,2,0,0,0,0,1.0,True,False,WZ_K35.conllu,1,0,0
ēwēnag,NOUN,nsubj,0,0,0,1,1,782,2,ayōšust,NOUN,nmod,0,1,3,3,0,0,0,0,0.5,False,False,WZ_K35.conllu,1,0,0
pahlomīh,NOUN,obl,0,0,0,1,1,79,50,zarr,NOUN,nmod,0,1,2,2,1,0,0,1,0.5,False,False,WZ_K35.conllu,1,0,0
sar,NOUN,obl:tmod,0,0,0,1,1,700,909,sāl,NOUN,nmod,1,1,2,2,2,0,0,1,0.0,False,False,WZ_K35.conllu,1,0,0
mayānag,NOUN,obl:lmod,0,1,0,1,1,126,4718,=š,PRON,nmod,0,2,1,1,0,0,0,0,0.0,False,False,WZ_K35.conllu,1,0,0
hambašnīh,NOUN,obl,0,1,0,1,1,4,4718,awēšān,PRON,nmod,0,1,2,2,1,0,0,1,0.25,False,False,WZ_K35.conllu,1,0,0
ān,PRON,conj,0,0,0,1,1,1928,554,xwarrah,NOUN,nmod,0,1,3,4,2,0,0,1,0.0,False,False,WZ_K35.conllu,1,0,0
xwarrah,NOUN,nmod,0,0,0,1,1,554,2,ohrmazddād,ADJ,amod,0,1,2,2,1,0,0,1,0.0,False,False,WZ_K35.conllu,0,1,0
ēwēnagān,NOUN,acl:relcl,1,0,0,1,0,782,108,abdī,NOUN,nmod,0,1,4,6,0,0,0,0,0.0,False,False,WZ_K35.conllu,1,0,0
ātaxš,NOUN,obj,0,0,0,1,1,1442,214,abzōnīg,ADJ,amod,0,1,2,2,1,0,0,1,1.0,False,False,WZ_K35.conllu,0,1,0
ātaxš,NOUN,obj,0,0,0,1,1,1442,770,xwad,PRON,appos,1,1,2,2,0,0,0,0,1.0,False,False,WZ_K35.conllu,0,1,0
paydāgīh,NOUN,nsubj,0,0,0,1,1,358,18258,=š,PRON,nmod,0,2,1,1,0,0,0,0,1.0,False,False,WZ_K35.conllu,1,0,0
abzōnīgīh,NOUN,nsubj:outer,0,0,0,1,1,46,18258,=š,PRON,nmod,0,2,1,1,0,0,0,0,0.0,False,False,WZ_K35.conllu,1,0,0
ān,PRON,dislocated:topic,0,1,0,1,1,1928,2716,mardōmān,NOUN,nmod,1,1,2,1,3,0,0,1,0.0,False,False,WZ_K35.conllu,1,0,0
tōm,NOUN,obl:lmod,0,1,0,1,1,2,4718,=šān,PRON,nmod,1,2,1,2,0,0,0,0,0.0,False,False,WZ_K35.conllu,1,0,0
wiškōf,NOUN,obj,0,1,0,1,1,2,641,urwarān,NOUN,nmod,0,2,1,1,0,0,0,0,0.6666666666666666,False,False,WZ_K35.conllu,1,0,0
rawišn,NOUN,obj,0,0,0,1,1,127,124,abr,NOUN,nmod,0,2,1,1,0,0,0,0,0.6,True,False,WZ_K35.conllu,1,0,0
tom,NOUN,obj,0,0,0,1,1,100,10,andarwāyīg,ADJ,amod,3,1,2,2,1,0,0,0,1.0,False,False,WZ_K35.conllu,0,1,0
stabrīh,NOUN,obj,0,0,0,1,0,14,58,andarwāy,NOUN,nmod,0,1,2,1,1,0,0,1,0.2,False,False,WZ_K35.conllu,1,0,0
mehmānīh,NOUN,nsubj,0,0,0,1,1,95,18258,=š,PRON,nmod,0,2,1,1,0,0,0,0,0.3333333333333333,False,False,WZ_K35.conllu,1,0,0
ātaxš,NOUN,acl:cleft,0,0,0,1,1,1442,168,warahrān,PROPN,nmod,0,2,6,5,0,0,1,0,0.0,False,False,WZ_K35.conllu,1,0,0
kadagxwadā,NOUN,obl,0,0,0,0,1,2,231,xānag,NOUN,nmod,1,1,5,2,2,0,0,0,0.6666666666666666,False,False,WZ_K35.conllu,1,0,0
abzōnīgōzīh,NOUN,nsubj,0,0,0,1,1,2,18258,=š,PRON,nmod,0,2,1,1,0,0,0,0,1.0,False,False,WZ_K35.conllu,1,0,0
rōšnwaxšišnīh,NOUN,acl:cleft,0,0,0,1,1,2,1446,ātaxš,NOUN,nmod,0,1,3,8,1,0,0,1,0.0,True,False,WZ_K35.conllu,1,0,0
frāzsōzišnīh,NOUN,conj,0,0,0,1,0,2,13,bōy,NOUN,nmod,0,1,2,1,1,0,0,1,0.0,True,False,WZ_K35.conllu,1,0,0
pākīh,NOUN,conj,0,0,0,1,1,77,1301,gyāg,NOUN,nmod,0,1,2,1,1,0,0,1,0.0,False,False,WZ_K35.conllu,1,0,0
stāyišn,NOUN,conj,0,1,0,1,1,160,1407,yazadān,NOUN,nmod,0,1,2,1,1,0,0,1,0.0,True,False,WZ_K35.conllu,1,0,0
druz,NOUN,obl,0,0,0,1,0,911,1550,mēnōy,ADJ,amod,0,1,2,2,1,0,0,1,0.1,False,False,WZ_K35.conllu,0,1,0
ādur,NOUN,obl,0,0,0,1,1,168,3,warzān,ADJ,amod,0,2,3,6,0,0,0,0,1.0,False,False,WZ_K35.conllu,1,1,0
ādur,NOUN,obl,0,0,0,1,0,168,38,farnbay,PROPN,nmod,0,1,3,6,1,0,1,1,1.0,False,False,WZ_K35.conllu,1,1,0
ādur,NOUN,conj,0,0,0,1,1,168,92,tagīg,ADJ,amod,0,2,2,3,0,0,0,0,0.0,False,False,WZ_K35.conllu,1,1,0
ādur,NOUN,conj,0,0,0,1,1,168,34,gušnasp,PROPN,nmod,0,1,2,3,1,0,1,1,0.0,False,False,WZ_K35.conllu,1,1,0
ādur,NOUN,conj,0,0,0,1,1,168,2,purr_sūd,ADJ,amod,0,2,2,3,0,0,0,0,0.0,False,False,WZ_K35.conllu,1,1,0
ādur,NOUN,conj,0,0,0,1,1,168,31,burzēnmihr,PROPN,nmod,0,1,2,3,1,0,1,1,0.0,False,False,WZ_K35.conllu,1,1,0
ādur,NOUN,nsubj,0,0,0,1,0,168,38,farnbay,PROPN,nmod,0,1,2,1,1,0,1,1,0.5,False,False,WZ_K35.conllu,1,0,0
xwarrahōmand,PROPN,obl:lmod,0,0,0,1,1,4,447,kōf,NOUN,flat,0,1,2,3,0,0,0,0,0.0,False,False,WZ_K35.conllu,1,0,0
xwarrahōmand,PROPN,obl:lmod,0,0,0,1,1,4,15,xwārizm,PROPN,nmod,2,1,2,3,1,0,1,0,0.0,False,False,WZ_K35.conllu,1,0,0
ādur,NOUN,conj,0,0,0,1,1,168,34,gušnasp,PROPN,nmod,0,1,3,2,0,0,1,0,0.0,False,False,WZ_K35.conllu,1,0,0
asewand,PROPN,orphan,0,0,0,1,1,14,447,kōf,NOUN,flat,0,1,2,3,0,0,0,0,0.0,False,False,WZ_K35.conllu,1,0,0
asewand,PROPN,orphan,0,0,0,1,1,14,22,ādurbādagān,PROPN,nmod,2,1,2,3,2,0,1,1,0.0,False,False,WZ_K35.conllu,1,0,0
ādur,NOUN,conj,0,0,0,1,1,168,31,burzēnmihr,PROPN,nmod,0,1,3,2,1,0,1,1,0.0,False,False,WZ_K35.conllu,1,0,0
rēwand_gar,PROPN,orphan,0,0,0,1,1,2,633,X,PROPN,nmod,1,1,2,2,2,0,1,1,0.0,False,False,WZ_K35.conllu,1,0,0
stī,NOUN,nmod,0,1,0,0,1,129,4718,=š,PRON,nmod,0,2,1,1,0,0,0,0,0.0,False,False,WZ_K35.conllu,1,0,0
paydāgīh,NOUN,nsubj,0,0,0,1,0,358,135,stī,NOUN,nmod,0,2,2,2,1,0,0,0,1.0,False,False,WZ_K35.conllu,2,0,0
paydāgīh,NOUN,nsubj,0,0,0,1,1,358,1249,gēhān,NOUN,nmod,1,1,2,2,2,0,0,1,1.0,False,False,WZ_K35.conllu,2,0,0
xwadāyīh,NOUN,obl:tmod,0,0,0,1,1,638,51,hōšang,PROPN,nmod,0,1,2,2,1,0,1,1,0.0,False,False,WZ_K35.conllu,1,0,0
gāw,NOUN,obl,0,0,0,0,1,459,633,X,X,flat,0,1,1,2,0,0,0,0,0.3333333333333333,False,False,WZ_K35.conllu,0,0,0
nēmag,NOUN,obl:lmod,0,0,0,1,1,103,587,rāh,NOUN,nmod,0,1,2,2,1,0,0,1,0.0,False,False,WZ_K35.conllu,1,0,0
wād,NOUN,obl,0,0,0,1,1,422,174,škeft,ADJ,amod,0,1,2,2,1,0,0,1,0.5,False,False,WZ_K35.conllu,0,1,0
pušt,NOUN,obl:lmod,0,0,0,1,0,88,459,gāw,NOUN,nmod,0,1,1,2,0,0,0,0,0.0,False,False,WZ_K35.conllu,1,0,0
guharīg,NOUN,nsubj,0,0,1,1,1,46,1446,ātaxš,NOUN,nmod,2,1,3,1,3,0,0,0,0.5,False,False,WZ_K35.conllu,1,0,0
ātaxš,NOUN,nmod,0,0,0,1,1,1442,230,wuzurg,ADJ,amod,0,1,2,3,1,1,0,1,0.0,False,False,WZ_K35.conllu,0,1,0
ān,PRON,nsubj,0,0,0,1,1,1928,770,xwad,PRON,appos,0,1,1,1,0,0,0,0,0.5,False,False,WZ_K35.conllu,0,0,0
mehmānīh,NOUN,nsubj,0,1,0,1,1,95,4718,=šān,PRON,nmod,0,2,1,1,0,0,0,0,1.0,False,False,WZ_K35.conllu,1,0,0
ādur,NOUN,acl:relcl,0,0,0,1,0,168,38,farnbay,PROPN,nmod,0,1,3,6,1,0,1,1,0.0,False,False,WZ_K35.conllu,1,0,0
ādur,NOUN,conj,0,0,0,1,1,168,34,gušnasp,PROPN,nmod,0,1,2,1,1,0,1,1,0.0,False,False,WZ_K35.conllu,1,0,0
frazendzāyišnīh,NOUN,obl,0,0,0,1,1,2,22,hamzōrīh,NOUN,nmod,2,1,5,2,4,0,0,1,1.0,True,False,WZ_K35.conllu,1,0,0
tōmpadīrīh,NOUN,acl:relcl,0,1,0,1,1,2,19,mādagān,NOUN,nmod,0,1,3,4,1,0,0,1,0.0,False,True,WZ_K35.conllu,1,0,0
abāzabespārdan,NOUN,conj,0,1,0,1,1,4,547,pidarān,NOUN,nmod,1,1,2,3,2,0,0,1,0.0,True,False,WZ_K35.conllu,1,0,0
dēn,NOUN,nsubj,0,1,0,1,1,2149,595,mazdēsnān,NOUN,nmod,0,1,1,1,0,0,0,0,0.16666666666666666,False,False,WZ_K35.conllu,1,0,0
frazendpadīrišn,NOUN,obl,0,1,0,1,1,2,210,mādarān,NOUN,nmod,0,1,3,3,1,0,0,1,1.0,True,False,WZ_K35.conllu,1,0,0
abāzabespārdan,NOUN,conj,0,1,0,1,1,4,547,pidarān,NOUN,nmod,1,1,2,1,2,0,0,1,0.0,True,False,WZ_K35.conllu,1,0,0
paydāgīh,NOUN,nsubj,0,0,0,1,1,358,2158,dēn,NOUN,nmod,0,1,2,1,1,0,0,1,0.2,False,False,WZ_K35.conllu,1,0,0
xānag,NOUN,obl:lmod,0,0,0,1,1,231,6,mānuščihr,PROPN,nmod,0,1,4,2,1,0,1,0,0.0,False,False,WZ_K35.conllu,1,0,0
mānuščihr,PROPN,nmod,0,0,0,1,1,6,244,dehbed,NOUN,appos,1,1,3,1,3,0,0,1,0.0,False,False,WZ_K35.conllu,0,0,0
dehbed,NOUN,appos,0,0,0,1,1,244,4,ērān_šahr,PROPN,nmod,0,2,2,3,0,0,1,0,0.0,False,False,WZ_K35.conllu,1,0,0
paymōzan,NOUN,obj,0,0,0,1,1,41,13,rōšnīg,ADJ,amod,0,2,5,2,0,0,0,0,0.5,False,False,WZ_K35.conllu,0,1,0
drahnā,NOUN,obl,0,0,0,0,1,118,92,hāsr,NOUN,nmod,0,2,3,2,0,0,0,0,0.75,False,False,WZ_K35.conllu,1,0,0
kustīg,NOUN,obj,0,0,1,1,1,108,75,zarrēn,ADJ,amod,0,2,8,2,0,0,0,0,0.25,False,False,WZ_K35.conllu,0,1,0
dēn,NOUN,acl:relcl,0,1,0,1,1,2149,595,mazdēsnān,NOUN,nmod,0,1,7,5,1,0,0,1,0.0,False,False,WZ_K35.conllu,1,0,0
band,NOUN,nsubj,0,0,0,1,1,147,1238,wināh,NOUN,nmod,2,1,4,2,4,0,0,1,0.75,False,False,WZ_K35.conllu,1,0,0
sahist,NOUN,obl,0,0,0,1,1,3,48,hučihr,_,amod,0,2,1,2,0,0,0,0,1.0,True,False,WZ_K35.conllu,0,1,0
mad,NOUN,nmod,0,0,0,1,1,6,1747,zarduxšt,PROPN,nmod,3,2,2,4,0,0,1,0,0.0,True,False,WZ_K35.conllu,2,0,0
mad,NOUN,nmod,0,0,0,1,1,6,21,hampursīh,NOUN,nmod,0,2,2,4,2,0,0,0,0.0,True,False,WZ_K35.conllu,2,0,0
sāl,NOUN,obl:tmod,0,0,0,1,1,909,6,mad,NOUN,nmod,2,2,3,3,4,0,0,0,0.0,False,True,WZ_K35.conllu,1,0,0
gōkān,NOUN,nsubj,0,1,0,1,1,8,4718,=šān,PRON,nmod,0,2,1,1,0,0,0,0,1.0,False,False,WZ_K35.conllu,1,0,0
nibēg,NOUN,acl:relcl,0,0,0,1,1,54,172,mādayān,ADJ,amod,0,2,2,4,0,0,0,0,0.0,False,False,WZ_K35.conllu,1,1,0
nibēg,NOUN,acl:relcl,0,1,0,1,1,54,4,pēšēnān,NOUN,nmod,0,1,2,4,1,0,0,1,0.0,False,False,WZ_K35.conllu,1,1,0
nām,NOUN,nsubj,0,0,0,1,1,528,1747,zarduxšt,PROPN,nmod,0,1,2,1,1,0,1,1,0.5,False,False,WZ_K35.conllu,1,0,0
hampursīh,NOUN,nsubj,0,0,0,1,1,18,18258,=š,PRON,nmod,0,2,1,1,0,0,0,0,1.0,False,False,WZ_K35.conllu,1,0,0
niyābag,NOUN,conj,0,0,0,1,1,3,176,hērbed,NOUN,nmod,0,1,2,2,2,0,0,1,0.0,False,False,WZ_K35.conllu,1,0,0
sāmān,NOUN,nsubj,0,0,0,1,1,9,152,ērān,NOUN,nmod,0,1,2,2,1,0,0,1,0.8888888888888888,False,False,WZ_K35.conllu,2,0,0
sāmān,NOUN,nsubj,0,0,0,1,1,9,21,tūrān,PROPN,nmod,2,1,2,2,1,0,1,0,0.8888888888888888,False,False,WZ_K35.conllu,2,0,0
sumb,NOUN,obl:lmod,0,0,0,1,1,8,18258,=š,PRON,nmod,7,2,1,2,0,0,0,0,0.0,False,False,WZ_K35.conllu,1,0,0
bahr,NOUN,obj,0,0,0,1,1,410,1276,zamīg,NOUN,nmod,1,1,3,1,3,0,0,1,0.8333333333333334,False,False,WZ_K35.conllu,1,0,0
zamīg,NOUN,nmod,0,0,1,1,1,1266,21,tūrān,PROPN,nmod,0,1,2,3,1,0,1,1,0.0,False,False,WZ_K35.conllu,1,0,0
sridag,PROPN,xcomp,0,0,0,1,1,1,95,haftom,ADJ,amod,0,1,2,1,1,0,0,1,0.0,True,False,WZ_K35.conllu,0,1,0
wāspuhragān,NOUN,conj,0,0,0,1,1,16,18258,=š,PRON,nmod,1,2,1,3,0,0,0,0,0.0,False,False,WZ_K35.conllu,1,0,0
frawahr,NOUN,nsubj,0,0,0,1,1,313,265,hōm,PROPN,nmod,1,1,3,1,2,0,1,0,0.6666666666666666,False,False,WZ_K35.conllu,1,0,0
hōm,PROPN,nmod,0,0,0,1,1,265,23,dūrōš,ADJ,amod,0,1,2,2,1,0,0,1,0.0,False,False,WZ_K35.conllu,0,1,0
nām,NOUN,nsubj,0,0,0,1,1,528,18258,=š,PRON,nmod,0,2,1,1,0,0,0,0,0.8333333333333334,False,False,WZ_K35.conllu,1,0,0
zarduxšt,PROPN,conj,0,0,0,1,1,1746,359,spitāmān,PROPN,nmod,0,1,2,3,1,0,1,1,0.0,False,False,WZ_K35.conllu,1,0,0
kird,NOUN,obj,0,0,0,1,1,17,1925,=t,PRON,nmod,1,2,1,2,0,0,0,0,1.0,True,False,WZ_K35.conllu,1,1,0
kird,NOUN,obj,0,0,0,1,1,17,159,wad,ADJ,amod,0,2,1,2,0,0,0,0,1.0,True,False,WZ_K35.conllu,1,1,0
hāwandīh,NOUN,nsubj,0,0,0,1,1,20,1925,=t,PRON,nmod,0,2,1,1,0,0,0,0,0.2,False,False,WZ_K35.conllu,1,0,0
zanišn,NOUN,obj,0,0,0,1,0,245,459,gāw,NOUN,nmod,2,1,2,1,1,0,0,0,1.0,True,False,WZ_K35.conllu,1,0,0
frawahr,NOUN,nsubj,0,0,0,1,1,313,18258,=š,PRON,nmod,0,2,1,1,0,0,0,0,1.0,False,False,WZ_K35.conllu,1,0,0
hōm,PROPN,acl:relcl,0,0,0,1,1,265,23,dūrōš,ADJ,amod,0,1,2,4,1,0,0,1,0.0,False,False,WZ_K35.conllu,0,1,0
saxwan,NOUN,obj,0,0,0,1,1,306,61,garzišn,NOUN,nmod,0,1,1,1,0,0,0,0,1.0,False,True,WZ_K35.conllu,1,0,0
sar,NOUN,nsubj,0,1,0,1,1,700,53,parīgān,NOUN,nmod,0,1,2,1,1,0,0,1,0.5,False,False,WZ_K35.conllu,1,0,0
aboxšišn,NOUN,obj,0,0,0,1,1,4,98,dil,NOUN,nmod,0,1,1,1,0,0,0,0,1.0,True,False,WZ_K35.conllu,1,0,0
zafar,NOUN,nsubj,0,1,0,1,1,7,4718,=šān,PRON,nmod,0,2,1,1,0,0,0,0,1.0,False,False,WZ_K35.conllu,1,0,0
pušt,NOUN,obj,0,0,0,1,0,88,459,gāw,NOUN,nmod,0,1,2,1,1,0,0,1,1.0,False,False,WZ_K35.conllu,1,0,0
brāmag,NOUN,obj,0,0,0,1,1,4,174,škeft,ADJ,amod,0,2,1,1,0,0,0,0,1.0,False,False,WZ_K35.conllu,0,1,0
ōzad,NOUN,obl:tmod,0,0,0,1,0,8,459,gāw,NOUN,nmod,0,1,2,4,1,1,0,1,0.0,True,False,WZ_K35.conllu,1,0,0
ašādīh,NOUN,nsubj,0,0,0,1,1,3,184,garān,ADJ,amod,0,2,1,1,0,0,0,0,1.0,False,False,WZ_K35.conllu,0,1,0
dehbed,NOUN,advcl,0,0,0,1,1,244,1249,gēhān,NOUN,nmod,0,1,2,3,1,0,0,1,0.0,False,False,WZ_K35.conllu,1,0,0
parīg,NOUN,nsubj,0,0,1,1,1,53,4,sagkirb,ADJ,amod,1,1,2,2,1,0,0,1,0.8571428571428571,False,False,WZ_K35.conllu,0,1,1
parīg,NOUN,obj,0,0,1,1,1,53,4,sag_kirb,ADJ,amod,0,1,2,2,1,1,0,1,1.0,False,False,WZ_K35.conllu,0,1,0
xwarrah,NOUN,nmod,0,0,0,1,1,554,49,zarduxštān,ADJ,amod,0,2,1,2,0,0,0,0,0.0,False,False,WZ_K35.conllu,0,1,0
frēn,PROPN,nsubj:pass,0,0,0,1,1,9,210,mād,NOUN,appos,1,1,3,1,3,0,0,1,0.0,False,False,WZ_K35.conllu,0,0,0
mād,NOUN,appos,0,0,0,1,1,210,1747,zarduxšt,PROPN,nmod,0,2,2,3,0,0,1,0,0.0,False,False,WZ_K35.conllu,1,0,0
mādar,NOUN,obl:lmod,0,0,0,1,1,210,1747,zarduxšt,PROPN,nmod,0,1,2,3,1,0,1,1,0.0,False,False,WZ_K35.conllu,1,0,0
kustag,NOUN,obl:lmod,0,1,0,1,1,149,23,widārān,NOUN,nmod,0,2,2,4,0,0,0,0,0.0,True,True,WZ_K35.conllu,2,0,0
kustag,NOUN,obl:lmod,0,0,0,1,1,149,231,xānag,NOUN,nmod,0,1,2,4,1,0,0,1,0.0,True,False,WZ_K35.conllu,2,0,0
rōšnīhā,NOUN,obj,0,0,0,0,1,2,230,wuzurg,ADJ,amod,0,2,1,1,0,0,0,0,1.0,False,False,WZ_K35.conllu,0,1,0
zarduxšt,PROPN,nmod,0,0,0,1,1,1746,2,yašt_frawahr,ADJ,amod,0,2,1,1,0,0,0,0,0.0,False,False,WZ_K35.conllu,0,1,0
frawahr,NOUN,conj,0,0,0,1,1,313,18258,=š,PRON,nmod,0,2,2,2,0,0,0,0,0.0,False,False,WZ_K35.conllu,1,0,0
xwarrah,NOUN,nsubj:pass,0,0,0,1,1,554,18258,=š,PRON,nmod,0,2,1,1,0,0,0,0,0.0,False,False,WZ_K35.conllu,1,0,0
pēm,NOUN,xcomp,0,0,0,1,0,87,459,gāw,NOUN,nmod,0,1,2,1,1,0,0,1,0.0,False,False,WZ_K35.conllu,1,0,0
frāz_xwarišnīh,NOUN,obl,0,1,0,1,1,2,547,pidarān,NOUN,nmod,0,1,2,2,2,0,0,1,0.25,True,False,WZ_K35.conllu,1,0,0
gōkān,NOUN,nsubj:pass,0,0,0,1,1,8,18258,=iš,PRON,nmod,0,2,1,1,0,0,0,0,0.0,False,False,WZ_K35.conllu,1,0,0
nibēg,NOUN,obl,0,0,0,1,1,54,31,nimūdārīh,NOUN,nmod,1,1,3,2,3,0,0,1,1.0,False,False,WZ_K35.conllu,1,0,0
nimūdārīh,NOUN,nmod,0,0,0,1,1,31,1125,yazišn,NOUN,nmod,0,1,2,3,1,0,0,1,0.0,False,True,WZ_K35.conllu,1,0,0
ǰam,PROPN,nmod,0,0,0,1,1,149,1135,gētīyān,NOUN,nmod,0,2,2,4,0,0,0,0,0.0,False,False,WZ_K35.conllu,1,0,0
nēryōsang,PROPN,conj:nmod,0,1,0,1,1,48,1550,mēnōyān,NOUN,nmod,0,2,1,3,0,0,0,0,0.0,False,False,WZ_K35.conllu,1,0,0
zad,NOUN,nmod,0,0,0,1,1,4,1747,zarduxšt,PROPN,nmod,0,1,2,2,1,0,1,1,0.0,True,False,WZ_K35.conllu,1,0,0
zāyišn,NOUN,obl,0,0,0,1,1,145,18258,=š,PRON,nmod,3,2,1,2,0,0,0,0,0.25,True,False,WZ_K35.conllu,1,0,0
tab,NOUN,obj,0,0,0,1,0,22,1338,dēw,NOUN,appos,0,1,2,4,0,0,0,0,0.75,False,False,WZ_K35.conllu,0,0,0
dard,NOUN,conj,0,0,0,1,0,132,1338,dēw,NOUN,appos,0,1,1,2,0,0,0,0,0.0,False,False,WZ_K35.conllu,0,0,0
X,NOUN,conj,0,0,0,1,0,305,1338,dēw,NOUN,appos,0,1,1,2,0,0,0,0,0.0,False,False,WZ_K35.conllu,0,0,0
ōzad,NOUN,obl,0,0,0,1,1,8,1747,zarduxšt,PROPN,nmod,0,1,1,3,0,0,1,0,1.0,True,False,WZ_K35.conllu,1,0,0
mādar,NOUN,obl:lmod,0,0,0,1,1,210,18258,=š,PRON,nmod,3,2,1,3,0,0,0,0,0.0,False,False,WZ_K35.conllu,1,0,0
nām,NOUN,acl,0,0,0,1,1,528,2,starag,PROPN,nmod,0,2,1,1,0,0,1,0,0.0,False,False,WZ_K35.conllu,1,0,0
ǰādūg,NOUN,acl:relcl,0,0,0,1,1,165,2,buzešktom,ADJ,amod,0,1,1,3,0,0,0,0,0.0,False,False,WZ_K35.conllu,0,1,0
ēmēd,NOUN,obl,0,0,0,1,1,68,2,kirdweh,NOUN,nmod,0,1,2,2,1,0,0,1,0.5,False,False,WZ_K35.conllu,1,0,0
frēstag,NOUN,nsubj,0,0,0,1,1,16,3242,ohrmazd,PROPN,nmod,0,1,1,1,0,0,1,0,0.5,True,False,WZ_K35.conllu,1,0,0
rōγn,NOUN,obl,0,0,0,1,0,30,459,gāw,NOUN,nmod,0,1,2,2,1,0,0,1,0.5,False,False,WZ_K35.conllu,1,0,0
ēsm,NOUN,obj,0,0,0,1,0,136,13,bōy,NOUN,nmod,0,1,3,2,0,0,0,0,0.75,False,False,WZ_K35.conllu,1,0,0
zahag,NOUN,obl,0,0,0,1,1,96,1,xwēštan,PRON,nmod,0,2,2,3,0,0,0,0,1.0,False,False,WZ_K35.conllu,1,0,0
aškamb,NOUN,acl:relcl,0,0,0,1,1,5,1925,=t,PRON,nmod,1,2,1,3,0,0,0,0,0.0,False,False,WZ_K35.conllu,1,0,0
sēǰ,NOUN,obj,0,1,0,1,1,1,116,hamkārān,NOUN,nmod,0,1,3,1,2,0,0,0,0.5,False,True,WZ_K35.conllu,1,0,0
padīragēstišnīh,NOUN,advcl,0,1,0,1,1,4,1407,yazadān,NOUN,nmod,0,1,1,1,0,0,0,0,0.0,True,False,WZ_K35.conllu,1,0,0
brāh,NOUN,nmod,0,0,0,1,1,66,18258,=š,PRON,nmod,0,2,1,1,0,0,0,0,0.0,False,False,WZ_K35.conllu,1,0,0
payrōg,NOUN,nsubj,0,0,0,1,1,23,66,brāh,NOUN,nmod,0,2,2,1,1,0,0,0,0.3333333333333333,False,False,WZ_K35.conllu,1,0,0
gyāg,NOUN,obl:lmod,0,0,0,1,1,1299,119,dūr,ADJ,amod,0,2,1,1,0,0,0,0,0.0,False,False,WZ_K35.conllu,0,1,0
menišn,NOUN,obl:lmod,0,0,0,1,1,518,1747,zarduxšt,PROPN,nmod,0,2,2,4,0,0,1,0,0.0,True,False,WZ_K35.conllu,1,0,0
wārom,NOUN,obl:lmod,0,0,0,1,1,14,1747,zarduxšt,PROPN,nmod,0,1,2,2,1,0,1,1,0.0,False,False,WZ_K35.conllu,1,0,0
mēnōy,NOUN,parataxis,0,0,0,0,1,1405,11,rāmēnīdār,ADJ,amod,0,1,1,3,0,0,0,0,0.0,False,True,WZ_K35.conllu,0,1,0
xandīd,NOUN,conj,0,0,0,1,1,1,145,zāyišn,NOUN,nmod,2,1,6,2,3,0,0,1,0.0,True,True,WZ_K35.conllu,1,0,0
zāyišn,NOUN,nmod,0,0,0,1,1,145,18258,=š,PRON,nmod,1,2,1,3,0,0,0,0,0.0,True,False,WZ_K35.conllu,1,0,0
ān,PRON,obl,0,1,0,1,1,1928,2716,mardōmān,NOUN,nmod,1,1,4,1,3,0,0,1,0.6666666666666666,False,False,WZ_K35.conllu,1,0,0
zamān,NOUN,obl:tmod,0,0,0,1,1,555,145,zāyišn,NOUN,nmod,0,1,2,3,1,0,0,1,0.0,False,True,WZ_K35.conllu,1,0,0
dastwarīhā,NOUN,obj,0,0,0,0,1,1,2158,dēn,NOUN,nmod,1,1,2,1,1,0,0,0,0.6666666666666666,False,False,WZ_K35.conllu,1,0,0
pēšōbāy,NOUN,apposcl,0,1,0,0,1,53,78,dāmān,NOUN,nmod,0,1,2,3,1,0,0,1,0.0,False,False,WZ_K35.conllu,1,0,0
čēgāmizē,PRON,conj,0,0,0,0,1,67,1488,ahlāyīh,NOUN,nmod,0,2,1,5,0,0,0,0,0.0,False,False,WZ_K35.conllu,1,0,0
dastwar,NOUN,ccomp,0,0,0,1,1,480,1925,=t,PRON,nmod,0,2,1,3,0,0,0,0,0.0,False,False,WZ_K35.conllu,1,0,0
rōz,NOUN,obl:tmod,0,0,0,1,1,985,41,dudīgar,ADJ,amod,0,2,1,1,0,0,0,0,0.0,False,False,WZ_K35.conllu,0,1,0
nām,NOUN,nsubj,0,1,0,1,1,528,4718,=šān,PRON,nmod,0,2,1,1,0,0,0,0,1.0,False,False,WZ_K35.conllu,1,0,0
tūr,PROPN,conj,0,0,0,1,1,53,14,brādrōxš,PROPN,nmod,0,1,1,1,0,0,1,0,0.0,False,False,WZ_K35.conllu,1,0,0
panǰbrādarīh,NOUN,nsubj,0,1,0,1,1,4,4718,awēšān,PRON,nmod,0,1,3,2,0,0,0,0,0.2,False,False,WZ_K35.conllu,1,0,0
tūr,PROPN,nsubj,0,0,0,1,0,53,2,brādarīhā,NOUN,nmod,0,1,1,1,0,0,0,0,0.4,False,False,WZ_K35.conllu,1,0,0
panǰbrādarīh,NOUN,obl,0,1,0,1,1,4,387,frazendān,NOUN,nmod,1,1,5,1,2,0,0,0,0.8,False,False,WZ_K35.conllu,1,0,0
frazendān,NOUN,nmod,1,0,0,1,1,387,49,pōrušasp,PROPN,nmod,0,2,4,2,0,0,1,0,0.0,False,False,WZ_K35.conllu,1,0,0
ān,PRON,nsubj,0,0,0,1,1,1928,158,mayānag,NOUN,nmod,0,1,2,1,1,0,0,1,1.0,False,False,WZ_K35.conllu,1,0,0
brādar,NOUN,nsubj,0,0,0,1,1,192,1747,zarduxšt,PROPN,nmod,0,1,1,3,0,1,1,0,0.5,False,False,WZ_K35.conllu,1,0,0
nām,NOUN,nsubj,0,1,0,1,1,528,4718,=šān,PRON,nmod,0,2,1,1,0,0,0,0,1.0,False,False,WZ_K35.conllu,1,0,0
mayānagbawišnīh,NOUN,nsubj,0,0,0,1,1,2,1747,zarduxšt,PROPN,nmod,0,1,2,1,1,0,1,1,0.1111111111111111,True,False,WZ_K35.conllu,1,0,0
mayānag,NOUN,obl,0,1,0,1,1,126,128,pēšēmālān,NOUN,nmod,0,1,3,2,2,0,0,1,0.2222222222222222,False,False,WZ_K35.conllu,1,0,0
būd,NOUN,obl,0,0,0,1,1,25,790,ēwēnag,NOUN,nmod,2,1,2,3,2,1,0,0,0.5555555555555556,True,False,WZ_K35.conllu,1,0,0
kunišn,NOUN,obj,0,0,0,1,1,980,790,ēwēnag,NOUN,nmod,0,2,2,1,1,0,0,0,0.8888888888888888,True,False,WZ_K35.conllu,1,0,0
madan,NOUN,obl,0,0,0,1,1,68,354,nūn,ADV,nmod,1,1,2,3,1,0,0,0,0.8,True,False,WZ_K35.conllu,1,0,0
warzkirdīh,NOUN,obl,0,0,0,1,1,3,36,yazadīg,ADJ,amod,0,1,1,2,0,0,0,0,0.5,False,False,WZ_K35.conllu,0,1,0
nišān,NOUN,nsubj,0,0,0,1,1,91,15,waxšwarīh,NOUN,nmod,0,2,1,1,0,0,0,0,0.75,False,False,WZ_K35.conllu,1,0,0
rōz,NOUN,obl:tmod,0,0,0,1,1,985,41,didīgar,ADJ,amod,0,2,2,3,0,0,0,0,0.0,False,False,WZ_K35.conllu,0,1,0
brād,NOUN,nmod,0,0,0,1,1,192,243,tōhmag,NOUN,nmod,2,1,2,3,3,1,0,1,0.0,False,False,WZ_K35.conllu,1,0,0
tōhmag,NOUN,nmod,0,0,0,1,1,223,8,karabān,PROPN,nmod,0,2,1,3,0,0,1,0,0.0,False,False,WZ_K35.conllu,1,0,0
nišān,NOUN,obj,0,0,0,1,1,91,217,daxšag,NOUN,appos,0,1,4,1,1,0,0,0,1.0,False,False,WZ_K35.conllu,0,0,0
daxšag,NOUN,appos,0,0,0,1,1,216,604,pus,NOUN,nmod,1,1,3,1,3,0,0,1,0.0,False,False,WZ_K35.conllu,1,0,0
pus,NOUN,nmod,0,0,0,1,1,604,2910,man,PRON,nmod,0,2,2,3,0,0,0,0,0.0,False,False,WZ_K35.conllu,1,0,0
pus,NOUN,nmod,0,0,0,1,1,604,1747,zarduxšt,PROPN,appos,1,1,2,3,1,0,1,0,0.0,False,False,WZ_K35.conllu,1,0,0
sar,NOUN,obj,0,0,0,1,1,700,1747,zarduxšt,PROPN,nmod,0,1,2,1,1,0,1,1,0.4,False,False,WZ_K35.conllu,1,0,0
pāsbānēnīd,NOUN,nsubj,0,0,0,1,1,1,3242,ohrmazd,PROPN,nmod,0,1,2,1,1,0,1,1,0.25,True,False,WZ_K35.conllu,1,0,0
rāy,NOUN,advcl,0,0,0,0,1,4,19,mādag,ADJ,amod,0,2,1,1,0,0,0,0,0.0,False,True,WZ_K35.conllu,0,1,0
rāy,NOUN,nmod,0,0,0,0,1,4,18258,=iš,PRON,nmod,0,2,1,1,0,0,0,0,0.0,False,False,WZ_K35.conllu,1,0,0
dast,NOUN,nsubj,0,0,0,1,1,477,72,karab,NOUN,nmod,1,1,2,1,1,0,0,0,1.0,False,False,WZ_K35.conllu,1,0,0
ǰān,NOUN,obj,0,0,0,1,1,423,1747,zarduxšt,PROPN,nmod,0,2,2,2,1,1,1,1,0.5,False,False,WZ_K35.conllu,1,0,0
anāgīh,NOUN,obl,0,0,0,1,1,365,18258,=iš,PRON,nmod,1,1,3,3,1,0,0,0,0.6666666666666666,False,False,WZ_K35.conllu,1,0,0
kunišn,NOUN,obl,0,0,0,1,1,980,2375,xwēš,PRON,nmod,0,2,1,2,0,0,0,0,1.0,True,False,WZ_K35.conllu,1,0,0
pāy,NOUN,obl:lmod,0,0,0,0,0,235,459,gāw,NOUN,nmod,0,1,4,2,2,0,0,1,0.0,False,False,WZ_K35.conllu,1,0,0
pēšōbāy,NOUN,nsubj,0,1,0,0,1,53,459,gāwān,NOUN,nmod,0,1,3,1,2,0,0,1,0.2,False,False,WZ_K35.conllu,1,0,0
gāwān,NOUN,nmod,1,0,0,1,1,459,86,ramag,NOUN,nmod,1,1,2,2,2,0,0,1,0.0,False,False,WZ_K35.conllu,1,0,0
rōz,NOUN,obl:tmod,0,0,0,1,1,985,41,didīgar,ADJ,amod,0,2,1,1,0,0,0,0,0.0,False,False,WZ_K35.conllu,0,1,0
pāy,NOUN,obl:lmod,0,1,0,0,1,235,224,aspān,NOUN,nmod,0,1,2,3,1,0,0,1,0.0,False,False,WZ_K35.conllu,1,0,0
pēšōbāy,NOUN,nsubj,0,1,0,0,1,53,224,aspān,NOUN,nmod,0,1,2,1,1,0,0,1,0.25,False,False,WZ_K35.conllu,1,0,0
nazdīkīh,NOUN,obl:lmod,0,0,0,1,1,60,1747,zarduxšt,PROPN,nmod,0,1,2,2,1,0,1,1,0.0,False,False,WZ_K35.conllu,1,0,0
rōz,NOUN,obl:tmod,0,0,0,1,1,985,334,sidīgar,ADJ,amod,0,2,1,1,0,0,0,0,0.0,False,False,WZ_K35.conllu,0,1,0
passāxt,NOUN,nmod,0,0,0,1,1,39,18258,=š,PRON,nmod,3,2,3,3,0,0,0,0,0.0,True,False,WZ_K35.conllu,1,0,0
āšyānag,NOUN,obl,0,0,0,1,1,2,159,gurg,NOUN,nmod,0,1,2,3,1,0,0,1,1.0,False,False,WZ_K35.conllu,1,0,0
mēš,NOUN,obj,0,0,0,1,1,68,9,kōrušag,PROPN,flat,0,1,2,2,0,0,1,0,0.3333333333333333,False,False,WZ_K35.conllu,1,0,0
mēš,NOUN,obj,0,0,0,1,1,68,2,šīrpestān,NOUN,nmod,1,1,2,2,1,0,0,1,0.3333333333333333,False,False,WZ_K35.conllu,1,0,0
mādar,NOUN,nsubj,0,0,0,1,1,210,1747,zarduxšt,PROPN,nmod,0,1,2,1,1,0,1,1,0.25,False,False,WZ_K35.conllu,1,0,0
mādar,NOUN,nsubj,0,0,0,1,1,210,18258,=š,PRON,nmod,0,2,1,1,0,0,0,0,0.25,False,False,WZ_K35.conllu,1,0,0
sagrīh,NOUN,obl,0,0,0,1,0,25,18258,ōy,PRON,nmod,1,1,2,2,1,0,0,0,1.0,False,False,WZ_K35.conllu,1,0,0
deh,NOUN,nsubj,0,0,0,1,1,348,8,raγ,PROPN,appos,4,1,2,2,1,0,1,0,1.0,False,False,WZ_K35.conllu,0,0,0
deh,NOUN,nsubj,0,0,0,1,1,348,2,ādurpādagān,PROPN,nmod,1,1,2,3,2,1,1,1,0.5,False,False,WZ_K35.conllu,1,0,0
nām,NOUN,obl,0,0,0,1,1,528,8,raǰan,PROPN,nmod,0,1,4,2,3,0,1,1,0.25,False,False,WZ_K35.conllu,1,0,0
raǰan,PROPN,nmod,0,0,0,1,0,5,32,dūresraw,PROPN,nmod,0,1,3,3,2,0,1,1,0.0,False,False,WZ_K35.conllu,1,0,0
dūresraw,PROPN,nmod,0,0,0,0,1,32,109,manuščihr,PROPN,nmod,0,1,2,2,1,0,1,1,0.0,False,False,WZ_K35.conllu,1,0,0
nām,NOUN,obl,0,0,0,1,1,528,19,nōdar,PROPN,nmod,0,1,3,2,1,0,1,0,0.75,False,False,WZ_K35.conllu,1,0,0
nōdar,PROPN,nmod,0,0,0,1,1,15,109,manuščihr,PROPN,nmod,0,1,2,1,1,0,1,1,0.0,False,False,WZ_K35.conllu,1,0,0
zāyišn,NOUN,nmod,0,0,0,1,1,145,18258,=š,PRON,nmod,1,2,1,3,0,0,0,0,0.0,True,False,WZ_K35.conllu,1,0,0
brād,NOUN,nmod,0,0,0,1,1,192,8,karabān,PROPN,nmod,1,1,2,4,2,1,1,1,0.0,False,False,WZ_K35.conllu,1,0,0
zamān,NOUN,obl:tmod,0,0,0,1,1,555,56,dīr,ADJ,amod,0,2,1,1,0,0,0,0,0.0,False,False,WZ_K35.conllu,0,1,0
xwarrah,NOUN,nsubj,0,0,0,1,1,554,30,im,PRON,nmod,0,1,1,1,0,0,0,0,0.7142857142857143,False,False,WZ_K35.conllu,1,0,0
gōwišn,NOUN,obl,0,0,0,1,1,888,30,im,PRON,nmod,0,1,2,2,1,0,0,1,0.8571428571428571,True,False,WZ_K35.conllu,1,0,0
ruwān,NOUN,nsubj,0,1,0,1,1,1224,2716,mardōmān,NOUN,nmod,0,1,2,1,1,0,0,1,1.0,False,False,WZ_K35.conllu,1,0,0
kird,NOUN,obl,0,0,0,1,1,17,30,im,PRON,nmod,0,1,1,2,0,0,0,0,0.75,True,False,WZ_K35.conllu,1,0,0
gōwišn,NOUN,nsubj,0,0,0,1,1,888,30,im,PRON,nmod,0,1,2,1,1,0,0,1,1.0,True,False,WZ_K35.conllu,1,0,0
ǰād,NOUN,obl,0,1,0,1,1,2,282,kišwarān,NOUN,nmod,1,1,2,2,2,0,0,1,0.2,False,False,WZ_K35.conllu,1,0,0
xwarrah,NOUN,nsubj,0,0,0,1,1,554,534,amahraspand,NOUN,nmod,1,1,2,1,2,0,0,1,1.0,False,False,WZ_K35.conllu,1,0,0
tūr,PROPN,nsubj,0,0,0,1,1,53,14,brādrōxš,PROPN,nmod,0,1,2,1,1,0,1,1,1.0,False,False,WZ_K35.conllu,1,0,0
ālag,NOUN,obl:lmod,0,0,0,1,1,44,168,dašn,ADJ,amod,0,2,1,2,0,0,0,0,0.0,False,False,WZ_K35.conllu,0,1,0
ālag,NOUN,obl:lmod,0,0,0,1,0,44,143,hōy,ADJ,amod,0,2,1,2,0,0,0,0,0.0,False,False,WZ_K35.conllu,0,1,0
tūr,PROPN,iobj,0,0,0,1,1,53,14,brādrōxš,PROPN,nmod,0,1,2,1,1,0,1,1,0.6666666666666666,False,False,WZ_K35.conllu,1,0,0
zādēnīdārān,NOUN,nmod,1,0,0,1,1,3,18258,=š,PRON,nmod,1,2,1,3,0,0,0,0,0.0,True,False,WZ_K35.conllu,1,0,0
hanǰaman,NOUN,obl,0,1,0,1,1,76,172,ǰādūgān,NOUN,nmod,0,1,3,2,2,0,0,1,0.6666666666666666,False,False,WZ_K35.conllu,1,0,0
frazend,NOUN,nsubj,0,0,0,1,1,8,49,pōrušasp,PROPN,nmod,0,2,2,2,1,1,1,1,1.0,False,False,WZ_K35.conllu,1,0,0
kas,PRON,obj,0,1,0,1,1,1086,2069,mardān,NOUN,nmod,1,1,2,1,2,0,0,0,0.5,False,False,WZ_K35.conllu,1,0,0
pus,NOUN,nsubj,0,0,0,1,0,604,1925,tō,PRON,nmod,0,2,2,2,1,1,0,1,1.0,False,False,WZ_K35.conllu,1,0,0
ramān,NOUN,nmod,1,0,0,1,1,34,49,pōrušasp,PROPN,nmod,0,1,2,1,1,0,1,1,0.0,False,False,WZ_K35.conllu,1,0,0
asp,NOUN,obj,0,1,0,1,1,224,34,ramān,NOUN,nmod,2,2,3,2,1,0,0,0,0.6666666666666666,False,False,WZ_K35.conllu,1,0,0
karab,PROPN,obl,0,1,0,1,1,72,192,brādarān,NOUN,nmod,4,1,3,3,4,0,0,0,1.0,False,False,WZ_K35.conllu,1,0,0
pus,NOUN,nsubj,0,0,0,1,0,604,1925,tō,PRON,nmod,0,2,2,3,1,1,0,1,1.0,False,False,WZ_K35.conllu,1,0,0
hamčihrīh,NOUN,obl,0,1,0,1,1,3,4718,awēšān,PRON,nmod,0,1,1,3,0,0,0,0,1.0,False,False,WZ_K35.conllu,1,0,0
pānag,NOUN,obl:lmod,0,0,0,1,1,65,1925,=t,PRON,nmod,0,2,2,4,1,1,0,1,0.0,False,False,WZ_K35.conllu,1,0,0
rawišn,NOUN,nsubj,0,0,0,1,1,127,2910,=m,PRON,nmod,0,1,3,2,0,0,0,0,0.4,True,False,WZ_K35.conllu,2,0,0
rawišn,NOUN,nsubj,0,0,0,1,1,127,337,dar,NOUN,nmod,2,1,3,2,3,0,0,1,0.4,True,False,WZ_K35.conllu,2,0,0
dar,NOUN,nmod,0,0,0,1,1,332,8,karabān,PROPN,nmod,0,1,2,3,1,0,1,1,0.0,False,False,WZ_K35.conllu,1,0,0
ābdahišnīh,NOUN,obl,0,0,0,1,1,2,2910,=m,PRON,nmod,1,2,2,3,0,0,0,0,0.6,True,False,WZ_K35.conllu,2,0,0
ābdahišnīh,NOUN,obl,0,1,0,1,1,2,224,aspān,NOUN,nmod,0,1,2,3,1,0,0,1,0.6,True,False,WZ_K35.conllu,2,0,0
dūresraw,PROPN,nsubj,0,0,0,0,1,32,72,karab,PROPN,nmod,0,1,2,2,1,0,1,1,1.0,False,False,WZ_K35.conllu,1,0,0
xānag,NOUN,obl:lmod,0,0,0,1,1,231,49,pōrušasp,PROPN,nmod,0,1,2,3,1,0,1,1,0.0,False,False,WZ_K35.conllu,1,0,0
šīr,NOUN,nmod,0,0,0,1,1,95,224,asp,NOUN,nmod,0,1,2,1,1,0,0,1,0.0,False,False,WZ_K35.conllu,1,0,0
ǰāmag,NOUN,obj,0,0,0,1,1,26,95,šīr,NOUN,nmod,2,2,3,2,1,0,0,0,0.6666666666666666,False,False,WZ_K35.conllu,1,0,1
ahlawān,NOUN,iobj,1,1,0,1,1,378,2069,mardān,NOUN,appos,1,1,2,2,1,0,0,0,1.0,False,False,WZ_K35.conllu,0,0,0
nigerišn,NOUN,obl,0,0,0,1,1,32,1,atōz,ADJ,amod,0,1,2,2,1,0,0,1,0.5,True,False,WZ_K35.conllu,0,1,0
zamān,NOUN,obl:tmod,0,0,0,1,1,555,56,dagr,ADJ,amod,0,2,1,1,0,0,0,0,0.0,False,False,WZ_K35.conllu,0,1,0
yazadānčihrīh,NOUN,nsubj,0,0,0,1,1,2,1747,zarduxšt,PROPN,nmod,0,1,2,1,1,0,1,1,0.75,False,False,WZ_K35.conllu,1,0,0
ǰādūgīh,NOUN,obl,0,0,0,1,0,91,18258,ōy,PRON,nmod,0,1,1,2,0,0,0,0,1.0,False,False,WZ_K35.conllu,1,0,0
frazend,NOUN,nsubj,0,0,0,1,1,8,18258,=š,PRON,nmod,0,2,2,2,0,0,0,0,0.3333333333333333,False,False,WZ_K35.conllu,2,0,0
frazend,NOUN,nsubj,0,0,0,1,1,8,8,frazend,NOUN,nmod,0,1,2,2,1,0,0,1,0.3333333333333333,False,False,WZ_K35.conllu,2,0,0
pusarān,NOUN,nsubj,1,0,0,1,1,604,49,pōrušasp,PROPN,nmod,0,1,2,1,1,0,1,1,0.25,False,False,WZ_K35.conllu,1,0,0
stabrīh,NOUN,obl,0,0,0,1,1,14,18,rōd,NOUN,nmod,2,1,2,3,0,0,0,0,0.4,False,False,WZ_K35.conllu,1,0,0
mardōm,NOUN,nsubj,0,0,0,1,1,2713,12,pīr,ADJ,amod,0,1,4,3,0,0,0,0,0.6,False,False,WZ_K35.conllu,0,1,0
zōrīh,NOUN,obl,0,0,0,1,1,12,2375,xwēš,PRON,nmod,0,2,1,2,0,0,0,0,1.0,False,False,WZ_K35.conllu,1,0,0
bār,NOUN,obl:lmod,0,0,0,1,1,518,2067,āb,NOUN,nmod,0,1,2,2,1,0,0,1,0.0,True,False,WZ_K35.conllu,1,0,0
mardōm,NOUN,conj:nmod,0,0,0,1,1,2713,12,pīr,ADJ,amod,0,1,2,1,1,0,0,1,0.0,False,False,WZ_K35.conllu,0,1,0
ēwēnag,NOUN,obl,0,0,0,1,1,782,6,puhl,NOUN,nmod,0,2,1,1,0,0,0,0,1.0,False,False,WZ_K35.conllu,1,0,0
puhlīh,NOUN,nmod,0,1,0,1,1,2,19,kunišngarān,ADJ,amod,0,1,2,2,1,0,0,1,0.0,False,False,WZ_K35.conllu,0,1,0
widārgar,NOUN,advcl,0,1,0,1,1,2,4718,=šān,PRON,nmod,0,2,2,3,0,0,0,0,0.0,False,False,WZ_K35.conllu,2,0,0
widārgar,NOUN,advcl,0,0,0,1,1,2,170,wahišt,PROPN,nmod,1,1,2,3,2,0,1,1,0.0,False,False,WZ_K35.conllu,2,0,0
wāstar,NOUN,nsubj:pass,0,0,0,1,1,72,49,pōrušasp,PROPN,nmod,0,1,3,2,0,0,1,0,0.0,False,False,WZ_K35.conllu,1,0,0
tanddārīh,NOUN,obl:tmod,0,1,0,1,1,4,143,stōrān,NOUN,nmod,1,1,3,1,3,0,0,1,0.0,False,False,WZ_K35.conllu,1,0,0
stōrān,NOUN,nmod,1,0,0,1,1,142,49,pōrušasp,PROPN,nmod,0,1,2,3,1,0,1,1,0.0,False,False,WZ_K35.conllu,1,0,0
abaxšišn,NOUN,obl,0,1,0,1,1,9,143,stōrān,NOUN,nmod,1,1,6,1,4,0,0,0,0.2857142857142857,False,False,WZ_K35.conllu,1,0,0
stōrān,NOUN,nmod,1,0,0,1,1,142,1310,abārīg,PRON,nmod,0,1,5,4,1,0,0,1,0.0,False,False,WZ_K35.conllu,1,0,0
dumb,NOUN,obj,0,0,0,1,1,32,2654,ēk,NUM,nmod,0,1,3,2,1,0,0,1,0.8571428571428571,False,False,WZ_K35.conllu,1,0,0
ān,PRON,conj,0,0,0,1,1,1928,475,did,PRON,nmod,0,1,2,1,1,0,0,1,0.0,False,False,WZ_K35.conllu,1,0,0
ārzōg,NOUN,nmod,0,0,0,1,0,54,1135,gētī,NOUN,nmod,0,2,1,2,0,0,0,0,0.0,False,False,WZ_K35.conllu,1,0,0
grift,NOUN,conj,0,0,0,1,1,10,18258,=š,PRON,nmod,0,1,2,2,0,0,0,0,0.0,True,False,WZ_K35.conllu,2,0,0
grift,NOUN,conj,0,0,0,1,1,10,587,rāh,NOUN,nmod,2,1,2,2,3,0,0,1,0.0,True,False,WZ_K35.conllu,2,0,0
rāh,NOUN,nmod,0,0,0,1,1,587,1488,ahlāyīh,NOUN,nmod,0,2,1,3,0,0,0,0,0.0,False,False,WZ_K35.conllu,1,0,0
akāmagīh,NOUN,obl,0,0,0,1,1,2,547,pid,NOUN,nmod,0,1,2,2,2,0,0,1,1.0,False,False,WZ_K35.conllu,1,0,0
pus,NOUN,ccomp,0,0,0,1,1,604,20,kehist,ADJ,amod,0,2,5,6,1,1,0,1,0.0,False,False,WZ_K35.conllu,1,1,0
pus,NOUN,ccomp,0,0,0,1,1,604,56,tūr,PROPN,nmod,0,1,5,6,1,1,1,1,0.0,False,False,WZ_K35.conllu,1,1,0
pus,NOUN,ccomp,0,0,0,1,1,604,2,urwētōdah,PROPN,appos,1,1,5,6,1,1,1,1,0.0,False,False,WZ_K35.conllu,1,1,0
ǰāmag,NOUN,obj,0,0,0,1,1,4,37,āhenēn,ADJ,amod,0,1,2,2,0,0,0,0,0.6666666666666666,False,False,WZ_K35.conllu,0,1,0
parwardārīh,NOUN,obl,0,1,0,1,1,32,14,driyōšān,NOUN,nmod,0,2,1,2,0,0,0,0,0.6666666666666666,False,False,WZ_K35.conllu,1,0,0
čand,PRON,obj,0,0,0,1,1,782,2069,mard,NOUN,nmod,1,1,3,2,2,0,0,0,0.8333333333333334,False,False,WZ_K35.conllu,2,0,0
čand,PRON,obj,0,0,0,1,1,782,485,xwarišn,NOUN,nmod,4,1,3,2,1,0,0,0,0.8333333333333334,False,True,WZ_K35.conllu,2,0,0
mard,NOUN,nmod,0,0,0,1,0,2067,32,aγrī,ADJ,amod,0,1,2,2,1,0,0,1,0.0,False,False,WZ_K35.conllu,0,1,0
xwarišn,NOUN,obj,0,0,0,1,1,482,11,āsn,ADJ,amod,0,2,1,1,0,0,0,0,1.0,True,False,WZ_K35.conllu,0,1,0
ārzōg,NOUN,nmod,0,0,0,1,1,54,2375,xwēš,PRON,nmod,0,1,2,3,1,0,0,1,0.0,False,False,WZ_K35.conllu,1,0,0
kāmag,NOUN,conj:nmod,0,1,0,1,1,317,547,pidarān,NOUN,nmod,1,1,1,3,0,0,0,0,0.0,False,False,WZ_K35.conllu,1,0,0
windišnīh,NOUN,nmod,0,0,0,1,1,2,58,sazāg,ADJ,nmod,0,2,2,4,1,1,0,1,0.0,True,False,WZ_K35.conllu,1,0,0
tōhmag,NOUN,nmod,0,0,0,1,1,223,2375,xwēš,PRON,nmod,0,2,1,1,0,0,0,0,0.0,False,False,WZ_K35.conllu,1,0,0
nēgumēxtan,NOUN,conj,0,0,0,1,1,2,2,windišnīh,NOUN,nmod,2,2,3,2,4,0,0,0,0.0,True,True,WZ_K35.conllu,2,0,0
nēgumēxtan,NOUN,conj,0,0,0,1,1,2,243,tōhmag,NOUN,nmod,0,2,3,2,1,0,0,0,0.0,True,False,WZ_K35.conllu,2,0,0
pidar,NOUN,nsubj,0,0,0,1,1,547,18258,=š,PRON,nmod,0,2,1,1,0,0,0,0,0.1111111111111111,False,False,WZ_K35.conllu,1,0,0
čihrag,NOUN,nsubj,0,0,0,1,1,31,18258,=š,PRON,nmod,0,2,4,4,0,0,0,0,0.8888888888888888,False,False,WZ_K35.conllu,1,0,0
čihrag,NOUN,nsubj,0,0,0,1,1,31,18258,=š,PRON,nmod,0,2,1,1,0,0,0,0,1.0,False,False,WZ_K35.conllu,1,0,0
tarsagāhīh,NOUN,obj,0,0,0,1,1,121,2910,man,PRON,nmod,0,2,2,2,1,1,0,1,1.0,False,False,WZ_K35.conllu,1,0,0
āfrāh,NOUN,nmod,0,1,0,1,1,23,444,wattarān,NOUN,nmod,2,1,4,3,2,0,0,0,0.0,False,False,WZ_K35.conllu,1,0,0
āšnūd,NOUN,conj,0,1,0,1,1,3,53,baččagān,NOUN,nmod,1,2,1,3,0,0,0,0,0.0,True,False,WZ_K35.conllu,1,0,0
uzīd,NOUN,nsubj,0,0,0,1,1,4,909,sālag,NOUN,nmod,1,1,3,2,4,0,0,1,1.0,True,False,WZ_K35.conllu,1,0,0
sālag,NOUN,nmod,0,0,0,1,1,909,120,bawišn,NOUN,nmod,0,1,2,4,1,0,0,1,0.0,False,True,WZ_K35.conllu,1,0,0
māh,NOUN,csubj,0,0,0,1,1,689,189,spandarmad,PROPN,nmod,0,1,4,4,0,0,1,0,0.0,False,False,WZ_K35.conllu,1,0,0
rōz,NOUN,conj,0,0,0,1,1,985,37,anagrān,PROPN,nmod,0,1,1,2,0,0,1,0,0.0,False,False,WZ_K35.conllu,1,0,0
rōz,NOUN,obl:tmod,0,0,0,1,1,985,5,nōgrōz,NOUN,nmod,2,2,2,2,2,0,0,0,0.0,False,False,WZ_K35.conllu,1,0,0
šud,NOUN,obl,0,0,0,1,1,2,6,ǰašnzār,NOUN,nmod,1,1,2,3,2,0,0,1,0.5,True,True,WZ_K35.conllu,1,0,0
gētī,NOUN,obj,0,0,0,0,1,1041,43,ārāyišn,NOUN,nmod,1,1,2,2,2,0,0,1,0.6666666666666666,False,True,WZ_K35.conllu,1,0,0
mardōm,NOUN,nsubj,0,0,0,1,1,2713,1276,zamīg,NOUN,nmod,1,1,2,2,2,0,0,1,1.0,False,False,WZ_K35.conllu,1,0,0
tēx,NOUN,advcl,0,1,0,1,1,98,4718,awēšān,PRON,nmod,0,1,4,5,1,0,0,1,0.0,False,False,WZ_K35.conllu,1,0,0
mēdōmāh,PROPN,nsubj,0,0,0,1,1,6,3,ārāstāyān,PROPN,nmod,0,1,2,1,1,0,1,1,0.4,False,False,WZ_K35.conllu,1,0,0
pēšōbāy,NOUN,advcl,0,0,0,0,1,53,2716,mardōm,NOUN,nmod,2,1,2,1,2,0,0,0,0.0,False,False,WZ_K35.conllu,1,0,0
ox,NOUN,conj,0,0,0,1,1,13,363,astōmand,ADJ,amod,0,1,2,3,1,0,0,1,0.0,False,False,WZ_K35.conllu,0,1,0
uzīd,NOUN,obl:tmod,0,0,0,1,1,2,986,rōz,NOUN,nmod,2,1,4,3,4,0,0,1,0.0,True,False,WZ_K35.conllu,1,0,0
uzīd,NOUN,obl:tmod,0,0,0,1,1,2,690,māh,NOUN,appos,4,1,4,3,2,0,0,0,0.0,True,False,WZ_K35.conllu,1,0,0
rōz,NOUN,nmod,0,0,0,1,1,985,18258,=š,PRON,nmod,1,2,2,4,0,0,0,0,0.0,False,False,WZ_K35.conllu,2,0,0
rōz,NOUN,nmod,0,0,0,1,1,985,6,ǰašnzār,NOUN,nmod,0,1,2,4,1,0,0,1,0.0,False,True,WZ_K35.conllu,2,0,0
māh,NOUN,appos,0,0,0,1,1,689,97,ardwahišt,PROPN,nmod,0,1,3,2,0,0,1,0,0.0,False,False,WZ_K35.conllu,1,0,0
rōz,NOUN,conj:appos,0,0,0,1,0,985,72,day,PROPN,nmod,0,1,2,1,2,0,1,0,0.0,False,False,WZ_K35.conllu,1,0,0
day,PROPN,nmod,0,0,0,0,1,72,25103,pad,ADP,flat,0,1,1,2,0,0,0,0,0.0,False,False,WZ_K35.conllu,0,0,0
day,PROPN,nmod,0,0,0,0,1,72,290,mihr,PROPN,flat,1,1,1,2,0,0,1,0,0.0,False,False,WZ_K35.conllu,0,0,0
bār,NOUN,obl:lmod,0,0,0,1,1,518,2067,āb,NOUN,nmod,1,1,2,3,2,0,0,1,0.0,True,False,WZ_K35.conllu,1,0,0
āb,NOUN,nmod,0,0,0,1,0,2066,60,dāytī,PROPN,nmod,0,2,1,2,0,0,1,0,0.0,False,False,WZ_K35.conllu,1,0,0
hampursīh,NOUN,obl,0,0,0,1,1,18,1747,zarduxšt,PROPN,nmod,0,1,2,2,1,0,1,1,1.0,False,False,WZ_K35.conllu,2,0,0
hampursīh,NOUN,obl,0,0,0,1,1,18,18258,=iš,PRON,nmod,2,1,2,2,1,0,0,0,1.0,False,False,WZ_K35.conllu,2,0,0
rad,NOUN,advcl,0,1,0,1,1,756,2067,ābān,NOUN,nmod,1,1,3,5,1,0,0,1,0.0,False,False,WZ_K35.conllu,1,0,0
wizārišn,NOUN,conj,0,0,0,1,1,2,33,rān,NOUN,nmod,1,1,2,5,2,0,0,1,0.0,True,False,WZ_K35.conllu,1,0,0
dēn,NOUN,nsubj,0,0,0,1,1,2149,18258,=š,PRON,nmod,0,2,1,1,0,0,0,0,0.25,False,False,WZ_K35.conllu,1,0,0
paydāgīh,NOUN,nsubj,0,0,0,1,1,358,18258,=š,PRON,nmod,0,2,1,1,0,0,0,0,1.0,False,False,WZ_K35.conllu,1,0,0
wahman,PROPN,obj,0,0,0,1,1,598,534,amahraspand,PROPN,flat,0,1,1,1,0,0,1,0,0.625,False,False,WZ_K35.conllu,0,0,0
mard,NOUN,nmod,0,0,0,1,1,2067,48,hučihr,ADJ,amod,1,1,4,2,2,0,0,0,0.0,False,False,WZ_K35.conllu,0,1,0
ēwēnag,NOUN,obl,0,0,0,1,1,782,2069,mard,NOUN,nmod,0,2,5,2,2,0,0,0,0.75,False,False,WZ_K35.conllu,1,0,0
nišān,NOUN,advcl,0,0,0,1,1,91,9,dōīh,NOUN,nmod,0,1,2,3,1,0,0,1,0.0,False,False,WZ_K35.conllu,1,0,0
bālā,NOUN,nsubj,0,0,0,0,1,86,18258,=š,PRON,nmod,1,2,1,1,0,0,0,0,0.5,False,False,WZ_K35.conllu,1,0,0
and_čand,PRON,obl,0,0,0,1,1,2,1747,zarduxšt,PROPN,nmod,0,1,1,1,0,0,1,0,1.0,False,False,WZ_K35.conllu,1,0,0
[čē],PRON,parataxis,0,0,0,1,1,2381,1925,=t,PRON,nmod,1,2,1,5,0,0,0,0,0.0,False,False,WZ_K35.conllu,1,0,0
zarduxšt,PROPN,ccomp,0,0,0,1,1,1746,359,spitamān,PROPN,nmod,1,1,3,4,0,0,1,0,0.0,False,False,WZ_K35.conllu,1,0,0
kām,NOUN,obl,0,1,0,1,1,335,1407,yazadān,NOUN,nmod,0,2,2,2,1,1,0,1,0.3333333333333333,False,False,WZ_K35.conllu,1,0,0
ox,NOUN,obl,0,0,0,1,1,13,244,abēzag,ADJ,amod,0,1,2,2,1,0,0,1,1.0,False,False,WZ_K35.conllu,0,1,0
hanǰaman,NOUN,obl:lmod,0,1,0,1,1,76,1550,mēnōyān,NOUN,nmod,1,1,1,3,0,0,0,0,0.0,False,False,WZ_K35.conllu,1,0,1
hanǰaman,NOUN,obj,0,1,0,1,1,76,534,amahraspandān,NOUN,nmod,1,1,2,1,2,0,0,1,1.0,False,False,WZ_K35.conllu,1,0,0
pay,NOUN,obl:lmod,0,1,0,0,1,19,534,amahraspandān,NOUN,nmod,0,1,2,4,1,0,0,1,0.0,False,False,WZ_K35.conllu,1,0,0
rōšnīh,NOUN,obl,0,0,0,1,1,368,230,wuzurg,ADJ,amod,0,2,2,3,0,0,0,0,0.5,False,False,WZ_K35.conllu,1,1,0
rōšnīh,NOUN,obl,0,1,0,1,1,368,534,amahraspandān,NOUN,nmod,0,1,2,3,1,0,0,1,0.5,False,False,WZ_K35.conllu,1,1,0
gāh,NOUN,nsubj,0,0,0,1,1,48,76,hanǰaman,NOUN,nmod,0,2,1,2,0,0,0,0,1.0,False,False,WZ_K35.conllu,1,0,0
kustag,NOUN,conj,0,0,0,1,1,149,633,X,X,nmod,0,1,4,4,1,0,0,1,0.0,True,False,WZ_K35.conllu,1,0,0
bār,NOUN,conj,0,0,0,1,1,518,2067,āb,NOUN,nmod,0,1,3,2,2,0,0,1,0.0,True,False,WZ_K35.conllu,1,0,0
āb,NOUN,nmod,0,0,0,1,0,2066,60,dāytī,PROPN,nmod,0,1,2,2,1,0,1,1,0.0,False,False,WZ_K35.conllu,1,0,0
gāh,NOUN,obl:lmod,0,1,0,1,1,48,14,pursišnīgān,NOUN,nmod,0,1,2,2,1,0,0,1,0.0,False,False,WZ_K35.conllu,1,0,0
gēhān,NOUN,obl:lmod,0,0,0,1,1,1249,45,tanōmand,ADJ,amod,0,2,1,5,0,0,0,0,0.0,False,False,WZ_K35.conllu,0,1,0
pahlomīh,NOUN,nsubj,0,0,0,1,1,79,692,fradom,ADJ,amod,0,2,1,1,0,0,0,0,1.0,False,False,WZ_K35.conllu,0,1,0
nām,NOUN,nsubj,0,1,0,1,1,528,534,amahraspandān,NOUN,nmod,0,1,2,1,1,0,0,1,0.4,False,False,WZ_K35.conllu,1,0,0
wēnišn,NOUN,nsubj,0,1,0,1,1,100,4718,=šān,PRON,nmod,0,2,1,1,0,0,0,0,0.6,True,False,WZ_K35.conllu,1,0,0
framānburdārīh,NOUN,nsubj,0,1,0,1,1,6,4718,=šān,PRON,nmod,0,2,1,1,0,0,0,0,0.8,False,False,WZ_K35.conllu,1,0,0
buništān,NOUN,obj,1,0,0,1,1,34,9,dōīh,NOUN,nmod,0,2,3,2,0,0,0,0,1.0,False,False,WZ_K35.conllu,1,0,0
ǰudāgīh,NOUN,conj,0,0,0,1,1,37,149,rāyēnišn,NOUN,nmod,2,1,2,2,3,0,0,1,0.0,False,True,WZ_K35.conllu,1,0,0
warzišn,NOUN,obj,0,0,0,1,1,30,444,wattar,ADJ,amod,0,2,2,2,1,1,0,1,1.0,True,False,WZ_K35.conllu,0,1,0
warzišn,NOUN,nsubj,0,0,0,1,1,5,444,wattar,ADJ,amod,0,2,2,2,1,1,0,1,1.0,True,False,WZ_K35.conllu,0,1,0
mēnōy,NOUN,nsubj,0,0,0,0,1,1405,214,abzōnīg,ADJ,amod,0,1,2,2,1,0,0,1,0.5,False,False,WZ_K35.conllu,0,1,0
mēnōy,NOUN,nsubj,0,0,0,0,1,1405,3242,ohrmazd,PROPN,appos,1,1,2,2,0,0,1,0,0.5,False,False,WZ_K35.conllu,0,1,0
ǰudāgīh,NOUN,nsubj:pass,0,0,0,1,1,37,149,rāyēnišn,NOUN,nmod,2,1,2,3,3,0,0,1,0.0,False,True,WZ_K35.conllu,3,0,0
ǰudāgīh,NOUN,nsubj:pass,0,0,0,1,1,37,444,rōšn,NOUN,nmod,3,1,2,3,1,0,0,1,0.0,False,False,WZ_K35.conllu,3,0,0
ǰudāgīh,NOUN,nsubj:pass,0,1,0,1,1,37,60,tārān,NOUN,nmod,6,1,2,3,2,0,0,0,0.0,False,True,WZ_K35.conllu,3,0,0
mēnōyān,NOUN,ccomp,1,1,0,1,1,1405,610,amāh,PRON,nmod,0,2,2,8,0,0,0,0,0.0,False,False,WZ_K35.conllu,1,0,0
gyāg,NOUN,nsubj,0,0,0,1,1,1299,18258,=š,PRON,nmod,0,2,1,1,0,0,0,0,1.0,False,False,WZ_K35.conllu,1,0,0
xrad,NOUN,obj,0,0,0,1,1,654,31,harwispāgāh,ADJ,amod,0,1,2,1,1,0,0,1,1.0,False,False,WZ_K35.conllu,0,1,0
frašn,NOUN,obl,0,0,0,1,1,147,4,naxwistēn,ADJ,amod,0,1,2,3,1,0,0,1,0.3333333333333333,False,False,WZ_K35.conllu,0,1,0
rōšnīh,NOUN,obl,0,0,0,1,1,368,230,wuzurg,ADJ,amod,0,2,2,3,0,0,0,0,1.0,False,False,WZ_K35.conllu,0,1,0
wēnišnīh,NOUN,nsubj,0,0,0,1,1,7,18258,=š,PRON,nmod,1,1,2,1,2,0,0,1,1.0,True,False,WZ_K35.conllu,1,0,0
padīragēstišnīh,NOUN,acl:relcl,0,0,0,1,1,2,103,tom,NOUN,nmod,1,1,3,3,3,0,0,1,0.0,True,False,WZ_K35.conllu,1,0,0
čihrag,NOUN,obj,0,0,0,1,1,31,2375,xwēš,PRON,nmod,0,2,1,1,0,0,0,0,1.0,False,False,WZ_K35.conllu,1,0,0
abardomīh,NOUN,obl:lmod,0,0,0,1,1,3,357,asmān,NOUN,nmod,0,1,2,2,1,0,0,1,0.0,False,False,WZ_K35.conllu,1,0,0
kanārag,NOUN,obl:lmod,0,0,0,1,1,41,357,asmān,NOUN,nmod,0,1,2,3,1,0,0,1,0.0,False,False,WZ_K35.conllu,1,0,0
ēwēnag,NOUN,obl,0,0,0,1,1,782,30,warr,NOUN,nmod,0,1,2,2,1,0,0,0,1.0,False,False,WZ_K35.conllu,1,0,0
hambašnīh,NOUN,obl,0,0,0,1,1,4,18258,=iš,PRON,nmod,0,2,1,2,0,0,0,0,0.5,False,False,WZ_K35.conllu,1,0,0
homānāgīh,NOUN,obl,0,0,0,1,1,43,148,angust,NOUN,nmod,1,2,2,1,1,0,0,0,1.0,False,False,WZ_K35.conllu,1,0,1
ēwēnag,NOUN,obj,0,0,0,1,1,782,41,passāxt,NOUN,nmod,0,1,3,2,1,0,0,0,1.0,False,False,WZ_K35.conllu,1,0,0
passāxt,NOUN,nmod,0,0,0,1,1,39,423,ǰān,NOUN,nmod,1,1,2,1,2,0,0,1,0.0,False,False,WZ_K35.conllu,1,0,0
pahikār,NOUN,nsubj,0,0,0,1,1,39,2158,dēn,NOUN,nmod,1,1,2,1,2,0,0,1,0.5,True,False,WZ_K35.conllu,1,0,0
ox,NOUN,nsubj,0,0,0,1,1,13,363,astōmand,ADJ,amod,0,1,2,2,1,0,0,1,1.0,False,False,WZ_K35.conllu,0,1,0
brīd,NOUN,dislocated:topic,0,0,0,1,1,1,43,kārd,NOUN,nmod,0,1,2,1,1,0,0,1,0.0,True,False,WZ_K35.conllu,1,0,0
hamdēnān,NOUN,conj,1,0,0,1,1,4,1925,=t,PRON,nmod,0,2,1,2,0,0,0,0,0.0,False,False,WZ_K35.conllu,1,0,0
dēn,NOUN,obj,0,0,0,1,1,2149,244,abēzag,ADJ,amod,0,2,1,1,0,0,0,0,0.5,False,False,WZ_K35.conllu,0,1,0
nihāndēnīh,NOUN,obl,0,0,0,1,1,2,108,ōstīgān,ADJ,amod,0,2,1,2,0,0,0,0,0.75,False,False,WZ_K35.conllu,0,1,0
sōzišn,NOUN,obl,0,0,0,1,1,19,1446,ātaxš,NOUN,nmod,0,1,4,5,1,0,0,1,1.0,False,False,WZ_K35.conllu,1,0,0
tazišn,NOUN,conj,0,0,0,1,1,33,9,ayōxšustēn,ADJ,nmod,0,1,3,2,2,0,0,1,0.0,True,False,WZ_K35.conllu,1,0,0
kunišn,NOUN,conj,0,0,0,1,1,980,98,tēx,NOUN,nmod,1,1,2,3,2,0,0,1,0.0,True,False,WZ_K35.conllu,1,0,0
wardišn,NOUN,advcl,0,0,0,1,1,55,735,wehdēn,NOUN,nmod,1,1,5,4,1,0,0,0,0.0,True,False,WZ_K35.conllu,1,0,0
frašn,NOUN,obl,0,0,0,1,1,147,692,fradom,ADJ,amod,0,1,3,3,1,0,0,1,0.5,False,False,WZ_K35.conllu,1,1,0
frašn,NOUN,obl,0,0,0,1,1,147,32,būd,NOUN,nmod,3,1,3,3,2,0,0,0,0.5,False,True,WZ_K35.conllu,1,1,0
būd,NOUN,nmod,0,0,0,1,1,25,23,ohrmazdīg,ADJ,amod,0,2,2,2,1,1,0,1,0.0,True,False,WZ_K35.conllu,0,1,0
zarduxšt,PROPN,nsubj,0,0,0,1,1,1746,2253,tan,NOUN,appos,2,1,3,1,2,0,0,1,1.0,False,False,WZ_K35.conllu,0,0,0
burdār,NOUN,nmod,0,0,0,1,1,16,23,ohrmazdīg,ADJ,amod,0,2,1,1,0,0,0,0,0.0,True,False,WZ_K35.conllu,0,1,0
tan,NOUN,appos,0,0,0,1,1,2253,67,burdār,NOUN,nmod,0,2,2,2,1,0,0,0,0.0,False,True,WZ_K35.conllu,1,0,0
bār,NOUN,obl:lmod,0,0,0,1,1,518,2067,āb,NOUN,nmod,0,1,3,2,2,0,0,1,0.0,True,False,WZ_K35.conllu,1,0,0
āb,NOUN,nmod,0,0,0,1,0,2066,60,dāytī,PROPN,nmod,0,1,2,2,1,0,1,1,0.0,False,False,WZ_K35.conllu,1,0,0
būd,NOUN,nmod,0,0,0,1,1,25,21,wahmanīg,ADJ,amod,0,2,1,1,0,0,0,0,0.0,True,False,WZ_K35.conllu,0,1,0
ēwēnag,NOUN,nmod,0,0,0,1,1,782,834,gōspand,NOUN,nmod,0,1,3,4,0,0,0,0,0.0,False,False,WZ_K35.conllu,1,0,0
daxšag,NOUN,acl:relcl,0,0,0,1,0,216,1135,gētī,NOUN,amod,0,2,2,4,0,0,0,0,0.0,False,False,WZ_K35.conllu,1,1,0
daxšag,NOUN,acl:relcl,0,0,0,1,1,216,599,wahman,PROPN,nmod,1,1,2,4,1,0,1,1,0.0,False,False,WZ_K35.conllu,1,1,0
gar,NOUN,obl:lmod,0,0,0,1,1,72,2,usind,PROPN,nmod,0,1,1,3,0,0,1,0,0.0,False,False,WZ_K35.conllu,1,0,0
madan,NOUN,conj,0,1,0,1,1,68,4718,=šān,PRON,nmod,0,1,2,4,1,0,0,1,0.0,True,False,WZ_K35.conllu,1,0,0
akār,NOUN,amod,0,0,0,1,1,60,72,akār,NOUN,amod,0,2,1,1,1,0,0,0,0.0,True,True,ZPJ-TD2-01_mptf.conllu,0,1,0
šnāyišn,NOUN,root,0,0,0,1,1,97,1006,dādār,NOUN,nmod,0,1,4,2,3,0,0,0,0.0,True,True,ZWY-K20-01_mptf.conllu,1,0,0
dādār,NOUN,nmod,0,0,0,1,1,998,3242,ohrmazd,PROPN,nmod,0,1,3,3,0,0,1,0,0.0,True,False,ZWY-K20-01_mptf.conllu,1,1,0
dādār,NOUN,nmod,0,0,0,1,1,998,1864,weh,ADJ,amod,1,1,3,3,5,0,0,1,0.0,True,False,ZWY-K20-01_mptf.conllu,1,1,0
āfrīnišnīh,NOUN,nsubj,0,0,0,1,1,2,595,mazdēsnān,ADJ,nmod,2,1,3,5,1,0,0,0,1.0,True,False,ZWY-K20-01_mptf.conllu,1,0,0
xrad,NOUN,obj,0,0,0,1,1,654,31,harwispāgāh,ADJ,amod,0,1,2,1,1,0,0,1,0.6666666666666666,False,False,ZWY-K20-01_mptf.conllu,0,1,0
bun,NOUN,obj,0,0,0,1,1,959,57,wan,NOUN,nmod,1,2,3,3,0,1,0,0,0.6666666666666666,False,False,ZWY-K20-01_mptf.conllu,1,0,1
xwadāy,NOUN,vocative,0,0,0,0,1,494,1550,mēnōyān,NOUN,nmod,0,1,3,1,2,0,0,1,0.5,False,False,ZWY-K20-01_mptf.conllu,1,0,0
bun,NOUN,obj,0,0,0,1,1,959,103,draxt,NOUN,nmod,0,2,3,2,0,0,0,0,0.8333333333333334,False,False,ZWY-K20-01_mptf.conllu,1,0,0
zardušt,PROPN,obl,0,0,0,1,1,1746,359,spitāmān,PROPN,amod,0,2,1,2,0,0,1,0,0.5,False,False,ZWY-K20-01_mptf.conllu,0,1,0
bun,NOUN,nsubj,0,0,0,1,1,959,103,draxt,NOUN,nmod,1,2,2,5,1,1,0,0,0.75,False,False,ZWY-K20-01_mptf.conllu,1,0,1
dēwān,NOUN,amod,1,1,0,1,1,1336,1338,dēwān,NOUN,amod,0,2,1,1,1,0,0,0,0.0,False,False,ZWY-K20-01_mptf.conllu,0,1,0
ardaxšīr,PROPN,nmod,0,0,0,1,1,14,29,asēmēn,ADJ,nmod,1,2,1,3,0,0,0,0,0.0,False,False,ZWY-K20-01_mptf.conllu,2,0,0
ardaxšīr,PROPN,nmod,0,0,0,1,1,14,14,ardaxšīr,PROPN,nmod,0,2,1,3,3,0,1,0,0.0,False,False,ZWY-K20-01_mptf.conllu,2,0,0
šah,NOUN,appos,0,0,0,1,1,152,155,šah,NOUN,appos,0,2,2,2,2,0,0,1,0.0,False,False,ZWY-K20-01_mptf.conllu,0,0,0
xwadāyīh,NOUN,root,0,0,0,1,1,638,23,pōlāwadēn,ADJ,nmod,0,2,3,4,1,0,0,0,0.0,False,False,ZWY-K20-01_mptf.conllu,2,0,0
xwadāyīh,NOUN,root,0,0,0,1,0,638,51,husraw,PROPN,nmod,1,1,3,4,2,0,1,0,0.0,False,False,ZWY-K20-01_mptf.conllu,2,0,0
husraw,PROPN,nmod,0,0,0,0,1,36,36,anōšagruwān,ADJ,amod,0,2,2,2,0,0,0,0,0.0,False,False,ZWY-K20-01_mptf.conllu,1,1,0
husraw,PROPN,nmod,0,0,0,0,1,36,11,kawādān,PROPN,nmod,0,1,2,2,1,0,1,1,0.0,False,False,ZWY-K20-01_mptf.conllu,1,1,0
tō,PRON,nmod,0,0,0,0,1,1925,126,hazār,NUM,nmod,0,2,1,2,0,0,0,0,0.0,False,True,ZWY-K20-01_mptf.conllu,1,0,0
sar,NOUN,xcomp,0,0,0,1,0,700,1925,tō,PRON,nmod,0,2,2,1,2,0,0,0,0.0,False,False,ZWY-K20-01_mptf.conllu,1,0,0
petyārag,NOUN,obj,0,0,0,1,1,323,10,mazdak,PROPN,nmod,7,2,1,4,0,0,1,0,0.8333333333333334,False,False,ZWY-K20-01_mptf.conllu,1,0,0
husraw,PROPN,nsubj,0,0,0,0,1,36,36,anōšagruwān,ADJ,amod,0,2,2,3,0,1,0,0,0.5,False,False,ZWY-K20-01_mptf.conllu,1,1,0
husraw,PROPN,nsubj,0,0,0,0,1,36,2,māhdādān,NOUN,nmod,0,1,2,3,1,1,0,1,0.5,False,False,ZWY-K20-01_mptf.conllu,1,1,0
nēwšāpūr,PROPN,obj,0,0,0,1,1,2,2,dādohrmazd,PROPN,nmod,0,1,3,6,0,0,1,0,1.0,False,False,ZWY-K20-01_mptf.conllu,3,0,0
nēwšāpūr,PROPN,obj,0,0,0,1,1,2,22,ādurbādagān,PROPN,nmod,1,1,3,6,1,0,1,1,1.0,False,False,ZWY-K20-01_mptf.conllu,3,0,0
nēwšāpūr,PROPN,obj,0,0,0,1,1,2,481,dastwar,NOUN,nmod,2,1,3,6,0,0,0,0,1.0,False,False,ZWY-K20-01_mptf.conllu,3,0,0
ādurfarrbay,PROPN,conj,0,0,0,0,0,2,3,adrō,ADJ,amod,0,1,2,2,1,0,0,1,0.0,False,False,ZWY-K20-01_mptf.conllu,0,1,0
ādurbād,PROPN,conj,0,0,0,1,1,72,2,ādurmihr,PROPN,nmod,0,1,1,2,0,0,1,0,0.0,False,False,ZWY-K20-01_mptf.conllu,1,0,0
paywand,NOUN,obl,0,1,0,1,1,179,787,ašmāh,PRON,nmod,0,1,2,3,1,0,0,1,0.8333333333333334,False,False,ZWY-K20-01_mptf.conllu,1,0,0
spitāmān,PROPN,nmod,0,0,0,1,1,356,359,spitāmān,PROPN,nmod,0,2,1,1,1,0,1,0,0.0,False,False,ZWY-K20-01_mptf.conllu,1,0,0
tūr,PROPN,nsubj,0,0,0,1,1,53,14,brādrōš,PROPN,nmod,0,1,2,2,1,0,1,1,1.0,False,False,ZWY-K20-01_mptf.conllu,2,0,0
tūr,PROPN,nsubj,0,0,0,1,1,53,72,karab,PROPN,nmod,1,1,2,2,1,0,1,1,1.0,False,False,ZWY-K20-01_mptf.conllu,2,0,0
tūr,PROPN,nsubj,0,0,0,1,1,53,14,brādrōš,PROPN,nmod,0,1,2,2,1,0,1,1,0.5,False,False,ZWY-K20-01_mptf.conllu,2,0,0
tūr,PROPN,nsubj,0,0,0,1,1,53,72,karab,PROPN,nmod,1,1,2,2,1,0,1,1,0.5,False,False,ZWY-K20-01_mptf.conllu,2,0,0
tan,NOUN,conj,0,0,0,1,1,2253,190,pasēn,ADJ,nmod,0,1,2,2,1,0,0,1,0.0,False,False,ZWY-K20-01_mptf.conllu,1,0,0
xrad,NOUN,obl,0,0,0,1,1,654,40,harwispāgāhīh,NOUN,nmod,0,1,2,2,1,0,0,1,0.5,False,False,ZWY-K20-01_mptf.conllu,1,0,0
zardušt,PROPN,dislocated:res,0,0,0,1,1,1746,359,spitāmān,PROPN,nmod,0,2,3,3,0,0,1,0,0.0,False,False,ZWY-K20-01_mptf.conllu,2,0,0
zardušt,PROPN,dislocated:res,0,0,0,1,1,1746,313,frawahr,NOUN,nmod,1,1,3,3,1,0,0,0,0.0,False,False,ZWY-K20-01_mptf.conllu,2,0,0
frawahr,NOUN,nmod,0,0,0,1,0,313,2060,ahlaw,ADJ,amod,0,2,2,1,1,0,0,1,0.0,False,False,ZWY-K20-01_mptf.conllu,0,1,0
dast,NOUN,obj,0,0,0,1,1,477,1747,zardušt,PROPN,nmod,0,2,2,1,2,0,1,1,0.5,False,False,ZWY-K20-01_mptf.conllu,1,0,0
mēnōy,NOUN,appos,0,0,0,0,0,1405,1550,mēnōy,NOUN,appos,0,2,3,2,2,0,0,0,0.0,False,False,ZWY-K20-01_mptf.conllu,1,0,0
mēnōy,NOUN,appos,0,0,0,0,1,1405,1006,dādār,NOUN,nmod,1,1,3,2,2,0,0,0,0.0,False,True,ZWY-K20-01_mptf.conllu,1,0,0
dādār,NOUN,nmod,0,0,0,1,1,998,214,abzōnīg,ADJ,amod,0,2,2,2,0,0,0,0,0.0,True,False,ZWY-K20-01_mptf.conllu,1,1,0
dādār,NOUN,nmod,0,0,0,1,1,998,1249,gēhān,NOUN,nmod,0,1,2,2,2,0,0,1,0.0,True,False,ZWY-K20-01_mptf.conllu,1,1,0
gēhān,NOUN,nmod,0,1,0,1,1,1249,363,astōmandān,ADJ,amod,0,1,1,2,0,0,0,0,0.0,False,False,ZWY-K20-01_mptf.conllu,0,1,0
xrad,NOUN,obj,0,0,0,1,1,654,31,harwispāgāh,ADJ,amod,0,1,2,1,1,0,0,1,0.5,False,False,ZWY-K20-01_mptf.conllu,0,1,0
kirb,NOUN,obl,0,0,0,1,1,204,2067,āb,NOUN,nmod,0,2,1,2,0,0,0,0,0.75,False,False,ZWY-K20-01_mptf.conllu,1,0,0
dast,NOUN,obl,0,0,0,1,1,477,1747,zardušt,PROPN,nmod,0,1,2,2,1,0,1,1,1.0,False,False,ZWY-K20-01_mptf.conllu,1,0,0
=š,PRON,nsubj,0,0,0,1,1,18107,31,harwispāgāh,ADJ,amod,1,1,2,1,1,0,0,1,0.3333333333333333,False,False,ZWY-K20-01_mptf.conllu,0,1,0
xradīh,NOUN,root,0,0,0,1,1,5,3242,ohrmazd,PROPN,nmod,0,2,2,6,0,0,1,0,0.0,False,False,ZWY-K20-01_mptf.conllu,1,0,0
kišwar,NOUN,obl,0,0,0,1,1,281,1276,zamīg,NOUN,nmod,0,1,1,3,0,0,0,0,0.3333333333333333,False,False,ZWY-K20-01_mptf.conllu,1,0,0
tāg,NOUN,orphan,0,0,0,1,1,211,934,čand,DET,amod,0,2,1,1,0,0,0,0,0.0,False,False,ZWY-K20-01_mptf.conllu,0,1,0
rēšag,NOUN,nsubj,0,1,0,1,1,29,641,urwarān,NOUN,nmod,0,1,3,2,1,0,0,1,1.0,False,False,ZWY-K20-01_mptf.conllu,1,0,0
zamīg,NOUN,acl:relcl,0,0,1,1,1,1266,189,spandarmad,PROPN,nmod,0,2,4,4,0,0,1,0,0.0,False,False,ZWY-K20-01_mptf.conllu,1,0,0
xrad,NOUN,obj,0,0,0,1,1,654,31,harwispāgāh,ADJ,nmod,0,1,2,1,1,0,0,1,0.75,False,False,ZWY-K20-01_mptf.conllu,1,0,0
xwamn,NOUN,obl,0,0,0,1,1,13,59,xwaš,ADJ,amod,0,1,2,3,1,0,0,1,0.6,False,False,ZWY-K20-01_mptf.conllu,0,2,0
xwamn,NOUN,obl,0,0,0,1,1,13,256,ohrmazddād,ADJ,amod,1,1,2,3,1,0,0,1,0.6,False,False,ZWY-K20-01_mptf.conllu,0,2,0
kirb,NOUN,obj,0,0,0,1,1,204,2375,xwēš,PRON,amod,0,2,2,2,1,1,0,1,0.6,False,False,ZWY-K20-01_mptf.conllu,0,1,0
zamān,NOUN,obl,0,0,0,1,1,555,56,dēr,ADJ,amod,0,2,1,1,0,0,0,0,0.8,False,False,ZWY-K20-01_mptf.conllu,0,1,0
xwamn,NOUN,obl,0,0,0,1,1,13,59,xwaš,ADJ,amod,0,1,2,4,1,1,0,1,1.0,False,False,ZWY-K20-01_mptf.conllu,0,2,0
xwamn,NOUN,obl,0,0,0,1,1,13,256,ohrmazddād,ADJ,amod,1,1,2,4,1,1,0,1,1.0,False,False,ZWY-K20-01_mptf.conllu,0,2,0
zardušt,PROPN,obl,0,0,0,1,0,1746,2060,ahlaw,ADJ,amod,0,2,1,2,0,0,0,0,0.5,False,False,ZWY-K20-01_mptf.conllu,0,1,0
xwamn,NOUN,obl,0,0,0,1,1,13,59,xwaš,ADJ,amod,0,1,2,3,0,0,0,0,1.0,False,False,ZWY-K20-01_mptf.conllu,0,2,0
xwamn,NOUN,obl,0,0,0,1,1,13,256,ohrmazddād,ADJ,amod,1,1,2,3,1,0,0,1,1.0,False,False,ZWY-K20-01_mptf.conllu,0,2,0
ohrmazd,PROPN,vocative,0,0,0,1,0,3237,1550,mēnōy,NOUN,appos,0,1,4,3,1,0,0,0,0.2857142857142857,False,False,ZWY-K20-01_mptf.conllu,0,0,0
ohrmazd,PROPN,vocative,0,0,0,1,1,3237,1006,dādār,NOUN,flat,2,1,4,3,1,0,0,0,0.2857142857142857,False,True,ZWY-K20-01_mptf.conllu,0,0,0
ohrmazd,PROPN,vocative,0,0,0,1,1,3237,1006,dādār,NOUN,flat,6,1,4,3,0,0,0,0,0.2857142857142857,False,True,ZWY-K20-01_mptf.conllu,0,0,0
mēnōy,NOUN,appos,0,0,0,0,1,1405,214,abzōnīg,ADJ,amod,0,1,2,1,1,0,0,1,0.0,False,False,ZWY-K20-01_mptf.conllu,0,1,0
dādār,NOUN,flat,0,0,0,1,1,998,1249,gēhān,NOUN,nmod,0,1,3,1,2,0,0,1,0.0,True,False,ZWY-K20-01_mptf.conllu,1,0,0
gēhān,NOUN,nmod,0,1,0,1,1,1249,363,astōmandān,ADJ,amod,0,1,2,2,2,0,0,1,0.0,False,False,ZWY-K20-01_mptf.conllu,0,1,0
hangad,NOUN,obj,0,0,0,1,1,2,2,wasxwāstag,NOUN,nmod,0,1,4,1,3,0,0,1,0.5714285714285714,False,True,ZWY-K20-01_mptf.conllu,1,0,0
driyōš,NOUN,obj,0,0,0,1,1,53,2,nēstxīr,ADJ,amod,0,1,3,1,2,0,0,1,0.5,False,False,ZWY-K20-01_mptf.conllu,0,1,0
ruwān,NOUN,nsubj,0,0,0,1,1,1224,18258,=š,PRON,nmod,0,2,1,1,0,0,0,0,0.75,False,False,ZWY-K20-01_mptf.conllu,1,0,0
=iš,PRON,acl:relcl,0,0,0,1,1,18107,19,azg,NOUN,nmod,1,2,2,4,1,0,0,0,0.0,False,False,ZWY-K20-01_mptf.conllu,1,0,0
zardušt,PROPN,vocative,0,0,0,1,1,1746,359,spitāmān,PROPN,nmod,0,2,1,1,0,0,1,0,0.3333333333333333,False,False,ZWY-K20-01_mptf.conllu,1,0,0
man,PRON,nsubj,0,0,0,1,1,2907,3242,ohrmazd,PROPN,appos,0,1,1,1,0,0,1,0,1.0,False,False,ZWY-K20-01_mptf.conllu,0,0,0
xwadāyīh,NOUN,root,0,0,0,1,1,638,5,wištāspšah,PROPN,nmod,0,1,4,6,0,1,1,0,0.0,False,False,ZWY-K20-01_mptf.conllu,1,0,0
pahrēz,NOUN,nsubj,0,0,0,1,1,204,2067,āb,NOUN,nmod,0,1,3,1,3,0,0,0,1.0,False,False,ZWY-K20-01_mptf.conllu,1,0,0
zamīg,NOUN,conj:nmod,0,0,1,1,1,1266,189,spandarmad,PROPN,nmod,0,2,1,2,0,0,1,0,0.0,False,False,ZWY-K20-01_mptf.conllu,1,0,0
xwadāyīh,NOUN,root,0,0,0,1,1,638,1,ardašīr,PROPN,nmod,0,1,6,6,2,1,1,1,0.0,False,False,ZWY-K20-01_mptf.conllu,1,0,0
ardašīr,PROPN,nmod,0,0,0,1,0,1,141,kay,PROPN,appos,0,1,2,2,1,0,1,1,0.0,False,False,ZWY-K20-01_mptf.conllu,0,0,0
wahman,PROPN,nsubj:pass,0,0,0,1,1,598,12,spandyādān,PROPN,nmod,0,1,4,2,1,0,1,1,0.0,False,False,ZWY-K20-01_mptf.conllu,1,0,0
xwadāyīh,NOUN,root,0,0,0,1,1,638,14,ardaxšīr,PROPN,nmod,0,1,4,10,2,0,1,1,0.0,False,False,ZWY-K20-01_mptf.conllu,1,0,0
ardaxšīr,PROPN,nmod,0,0,0,1,1,14,42,ārāstār,NOUN,appos,1,1,3,2,2,0,0,0,0.0,False,True,ZWY-K20-01_mptf.conllu,0,0,0
ārāstār,NOUN,appos,0,0,0,1,1,40,1249,gēhān,NOUN,nmod,0,2,2,2,0,0,0,0,0.0,True,False,ZWY-K20-01_mptf.conllu,1,0,0
šābūr,PROPN,conj,0,0,0,1,1,2,155,šah,NOUN,appos,0,1,1,3,0,0,0,0,0.0,False,False,ZWY-K20-01_mptf.conllu,0,0,0
sāmān,NOUN,obl,0,0,0,1,1,114,1249,gēhān,NOUN,nmod,0,1,2,2,1,0,0,1,0.4444444444444444,False,False,ZWY-K20-01_mptf.conllu,1,0,0
ādurbād,PROPN,nsubj,0,0,0,1,1,72,2,pērōzbaxt,ADJ,amod,0,1,2,2,1,0,0,1,0.6666666666666666,False,False,ZWY-K20-01_mptf.conllu,0,2,0
ādurbād,PROPN,nsubj,0,0,0,1,1,72,2,dēnrāstwirāstār,ADJ,amod,1,1,2,2,1,0,0,1,0.6666666666666666,False,True,ZWY-K20-01_mptf.conllu,0,2,0
rōy,NOUN,obl,0,0,0,0,1,10,13,passāxtag,ADJ,amod,0,1,2,2,1,0,0,1,0.7777777777777778,False,True,ZWY-K20-01_mptf.conllu,0,1,0
xwadāyīh,NOUN,root,0,0,0,1,1,638,3,aškānān,PROPN,nmod,0,1,5,5,2,0,1,1,0.0,False,False,ZWY-K20-01_mptf.conllu,1,0,0
aškānān,PROPN,nmod,0,0,0,1,1,3,155,šah,NOUN,appos,0,1,1,2,0,0,0,0,0.0,False,False,ZWY-K20-01_mptf.conllu,0,0,0
ǰudristagīhā,NOUN,obj,1,0,0,0,1,14,1,bud,PROPN,nmod,0,1,1,1,0,0,1,0,0.2,True,False,ZWY-K20-01_mptf.conllu,1,0,0
skandgar,PROPN,nmod,0,0,0,1,1,1,657,druwand,ADJ,amod,0,2,2,2,1,1,0,1,0.0,False,False,ZWY-K20-01_mptf.conllu,0,1,0
kalīsāgīh,NOUN,nsubj,0,0,0,1,1,1,1,skandgar,PROPN,nmod,0,2,3,1,2,0,1,0,0.6,False,False,ZWY-K20-01_mptf.conllu,1,0,0
xwadāyīh,NOUN,root,0,0,0,1,1,638,168,wahrām,PROPN,nmod,0,1,5,6,2,0,1,1,0.0,False,False,ZWY-K20-01_mptf.conllu,1,0,0
wahrām,PROPN,nmod,0,0,0,1,1,168,155,šah,NOUN,appos,1,1,2,2,2,0,0,1,0.0,False,False,ZWY-K20-01_mptf.conllu,0,0,0
šah,NOUN,appos,0,0,0,1,1,152,12,gōr,PROPN,nmod,0,2,1,2,0,0,1,0,0.0,False,False,ZWY-K20-01_mptf.conllu,1,0,0
mēnōy,NOUN,nmod,0,0,0,0,1,1405,366,rāmišn,NOUN,nmod,0,1,2,1,1,0,0,1,0.0,False,False,ZWY-K20-01_mptf.conllu,1,0,0
wēnāb,NOUN,obj,0,0,0,1,0,1,1550,mēnōy,NOUN,nmod,1,2,3,1,1,0,0,0,0.3333333333333333,False,False,ZWY-K20-01_mptf.conllu,1,0,0
xwadāyīh,NOUN,root,0,0,0,1,0,638,51,husraw,PROPN,nmod,0,1,5,6,3,0,1,1,0.0,False,False,ZWY-K20-01_mptf.conllu,1,0,0
husraw,PROPN,nmod,0,0,0,0,1,36,11,kawādān,PROPN,nmod,0,1,2,3,1,0,1,1,0.0,False,False,ZWY-K20-01_mptf.conllu,1,0,0
husraw,PROPN,nmod,0,0,0,0,1,36,155,šah,NOUN,appos,1,1,2,3,0,0,0,0,0.0,False,False,ZWY-K20-01_mptf.conllu,1,0,0
mazdīk,PROPN,obj,0,0,0,1,1,2,20,gizistag,ADJ,amod,0,2,3,3,0,0,0,0,0.3333333333333333,False,True,ZWY-K20-01_mptf.conllu,2,1,0
mazdīk,PROPN,obj,0,0,0,1,1,2,1,bāmdādān,PROPN,nmod,0,1,3,3,1,0,1,1,0.3333333333333333,False,False,ZWY-K20-01_mptf.conllu,2,1,0
mazdīk,PROPN,obj,0,0,0,1,1,2,2158,dēn,NOUN,nmod,1,1,3,3,1,0,0,0,0.3333333333333333,False,False,ZWY-K20-01_mptf.conllu,2,1,0
dēn,NOUN,nmod,0,0,0,1,1,2149,333,petyārag,NOUN,nmod,0,1,2,1,1,0,0,1,0.0,False,False,ZWY-K20-01_mptf.conllu,1,0,0
āhen,NOUN,nsubj,0,0,0,1,1,57,357,āsemān,NOUN,nmod,0,2,2,2,1,1,0,1,0.5,False,False,ZWY-K20-01_mptf.conllu,1,0,0
zardušt,PROPN,vocative,0,0,0,1,1,1746,359,spitāmān,PROPN,nmod,0,2,1,1,0,0,1,0,1.0,False,False,ZWY-K20-01_mptf.conllu,1,0,0
dādār,NOUN,vocative,0,0,0,1,1,998,1249,gēhān,NOUN,nmod,0,1,3,2,2,0,0,1,0.6666666666666666,True,False,ZWY-K20-01_mptf.conllu,1,0,0
gēhān,NOUN,nmod,0,1,0,1,1,1249,363,astōmandān,ADJ,nmod,0,1,2,2,1,0,0,1,0.0,False,False,ZWY-K20-01_mptf.conllu,1,0,0
mēnōy,NOUN,conj,0,0,0,0,1,1405,214,abzōnīg,ADJ,amod,0,1,2,1,1,0,0,1,0.0,False,False,ZWY-K20-01_mptf.conllu,0,1,0
daxšag,NOUN,nsubj,0,0,0,1,1,216,56,sadōzim,NOUN,nmod,1,1,2,1,1,0,0,1,1.0,False,False,ZWY-K20-01_mptf.conllu,1,0,0
zardušt,PROPN,vocative,0,0,0,1,0,1746,2060,ahlaw,ADJ,amod,0,2,1,1,0,0,0,0,0.5,False,False,ZWY-K20-01_mptf.conllu,0,1,0
hazārag,NOUN,nsubj,0,0,0,1,0,136,1925,tō,PRON,nmod,0,1,1,1,0,0,0,0,1.0,False,False,ZWY-K20-01_mptf.conllu,1,0,0
āwām,NOUN,obl:tmod,0,0,0,1,1,176,82,nidom,ADJ,amod,0,2,2,2,1,0,0,0,0.0,False,False,ZWY-K20-01_mptf.conllu,0,1,0
dēwān,NOUN,nsubj,1,0,0,1,1,1336,790,ēwēnag,NOUN,nmod,6,2,3,3,3,0,0,0,1.0,False,False,ZWY-K20-01_mptf.conllu,1,2,0
dēwān,NOUN,nsubj,1,0,0,1,1,1336,19,wizārdwars,ADJ,amod,0,1,3,3,1,0,0,1,1.0,False,False,ZWY-K20-01_mptf.conllu,1,2,0
dēwān,NOUN,nsubj,1,0,0,1,1,1336,21,xēšmtōhmag,ADJ,amod,1,1,3,3,1,0,0,1,1.0,False,False,ZWY-K20-01_mptf.conllu,1,2,0
kustag,NOUN,obl,0,0,0,1,1,149,74,xwarāsān,NOUN,nmod,0,1,2,2,1,0,0,1,0.16666666666666666,True,False,ZWY-K20-01_mptf.conllu,1,0,0
tōhmag,NOUN,nsubj,0,0,0,1,1,223,63,wattom,ADJ,amod,0,2,2,3,1,1,0,1,0.3333333333333333,False,False,ZWY-K20-01_mptf.conllu,0,1,0
tōhmag,NOUN,conj,0,0,0,1,1,223,128,xešm,NOUN,nmod,0,2,1,2,0,0,0,0,0.0,False,False,ZWY-K20-01_mptf.conllu,1,0,0
zēn,NOUN,obj,0,0,0,1,0,32,63,syā,ADJ,amod,0,2,1,1,0,0,0,0,0.6666666666666666,False,False,ZWY-K20-01_mptf.conllu,0,1,0
zanišn,NOUN,conj,0,0,0,1,1,245,3,kirrōgkār,ADJ,amod,0,2,1,2,0,0,0,0,0.0,True,True,ZWY-K20-01_mptf.conllu,0,1,0
zardušt,PROPN,vocative,0,0,0,1,1,1746,359,spitāmān,PROPN,nmod,0,2,1,1,0,0,1,0,0.3333333333333333,False,False,ZWY-K20-01_mptf.conllu,1,0,0
bun,NOUN,nsubj,0,0,0,1,1,959,18258,=š,PRON,nmod,0,2,1,1,0,0,0,0,1.0,False,False,ZWY-K20-01_mptf.conllu,1,0,0
dehān,NOUN,obl,1,0,0,1,1,348,152,ērān,ADJ,amod,0,2,1,3,0,1,0,0,0.6666666666666666,False,False,ZWY-K20-01_mptf.conllu,0,1,0
mān,NOUN,nsubj,0,1,0,1,1,413,15,mānīgān,ADJ,nmod,1,1,4,11,0,0,0,0,0.2857142857142857,False,False,ZWY-K20-01_mptf.conllu,1,0,0
zēnhār,NOUN,conj,0,0,0,1,1,8,3,paymānīh,NOUN,nmod,0,2,2,1,1,0,0,0,0.0,True,False,ZWY-K20-01_mptf.conllu,1,0,0
dēn,NOUN,conj,0,0,0,1,1,2149,244,abēzag,ADJ,amod,0,1,1,2,0,1,0,0,0.0,False,False,ZWY-K20-01_mptf.conllu,0,1,0
mazdēsnān,NOUN,nmod,1,1,0,1,1,372,595,mazdēsnān,NOUN,nmod,0,2,1,2,2,0,0,1,0.0,False,False,ZWY-K20-01_mptf.conllu,1,0,0
ātaxš,NOUN,conj,0,0,0,1,1,1442,168,wahrām,PROPN,nmod,0,1,3,3,1,0,1,1,0.0,False,False,ZWY-K20-01_mptf.conllu,1,0,0
rōstāg,NOUN,conj,0,0,0,1,1,84,230,wuzurg,ADJ,amod,0,2,2,3,1,1,0,1,0.0,False,False,ZWY-K20-01_mptf.conllu,0,1,0
šahr,NOUN,conj,0,0,0,1,1,192,230,wuzurg,ADJ,amod,0,2,2,4,1,1,0,1,0.0,False,False,ZWY-K20-01_mptf.conllu,0,1,0
deh,NOUN,conj,0,0,0,1,1,348,230,wuzurg,ADJ,amod,0,2,2,4,1,1,0,1,0.0,False,False,ZWY-K20-01_mptf.conllu,0,1,0
zardušt,PROPN,vocative,0,0,0,1,1,1746,359,spitāmān,PROPN,nmod,0,2,1,1,0,0,1,0,0.3333333333333333,False,False,ZWY-K20-01_mptf.conllu,1,0,0
dehān,NOUN,obj,1,0,0,1,1,348,152,ērān,ADJ,amod,0,2,2,2,1,0,0,0,1.0,False,False,ZWY-K20-01_mptf.conllu,1,1,0
dehān,NOUN,obj,1,0,0,1,1,348,2910,man,PRON,nmod,0,1,2,2,1,0,0,1,1.0,False,False,ZWY-K20-01_mptf.conllu,1,1,0
dēwān,NOUN,nsubj,1,0,0,1,1,1336,19,wizārdwars,ADJ,amod,0,1,1,2,0,1,0,0,1.0,False,False,ZWY-K20-01_mptf.conllu,0,1,0
rāstīh,NOUN,nsubj,0,0,0,1,1,199,32,pašt,NOUN,nmod,2,2,5,1,3,0,0,0,0.4,False,False,ZWY-K20-01_mptf.conllu,1,0,0
wāz,NOUN,obl,0,0,0,1,1,173,51,frēftār,ADJ,amod,0,2,2,3,0,0,0,0,0.5,False,True,ZWY-K20-01_mptf.conllu,0,1,0
dehān,NOUN,obj,1,0,0,1,1,348,152,ērān,ADJ,amod,0,2,2,3,0,1,0,0,1.0,False,False,ZWY-K20-01_mptf.conllu,1,1,0
dehān,NOUN,obj,1,0,0,1,1,348,2910,man,PRON,nmod,0,1,2,3,1,1,0,1,1.0,False,False,ZWY-K20-01_mptf.conllu,1,1,0
zardušt,PROPN,vocative,0,0,0,1,1,1746,359,spitāmān,PROPN,nmod,0,2,1,1,0,0,1,0,0.5,False,False,ZWY-K20-01_mptf.conllu,1,0,0
dōstīh,NOUN,conj,0,0,0,1,1,113,1226,ruwān,NOUN,nmod,0,2,1,1,0,0,0,0,0.0,False,False,ZWY-K20-01_mptf.conllu,1,0,0
mihr,NOUN,nsubj,0,0,0,1,1,289,547,pid,NOUN,nmod,0,1,3,1,1,0,0,0,0.16666666666666666,False,False,ZWY-K20-01_mptf.conllu,1,0,0
sadōzim,NOUN,nsubj,0,0,0,1,0,54,1925,tō,PRON,nmod,1,1,2,1,1,0,0,1,0.25,False,False,ZWY-K20-01_mptf.conllu,1,0,0
zardušt,PROPN,vocative,0,0,0,1,1,1746,359,spitāmān,PROPN,nmod,0,2,1,1,0,0,1,0,0.5,False,False,ZWY-K20-01_mptf.conllu,1,0,0
zamīg,NOUN,nsubj,0,0,1,1,1,1266,189,spandarmad,PROPN,nmod,0,2,1,1,0,0,1,0,0.5,False,False,ZWY-K20-01_mptf.conllu,1,0,0
bar,NOUN,nsubj,0,0,0,1,1,253,163,ǰōrdāyān,NOUN,nmod,0,1,2,1,1,0,0,1,0.5,False,False,ZWY-K20-01_mptf.conllu,1,0,0
spās,NOUN,obj,0,0,0,1,1,83,66,nān,NOUN,nmod,2,1,3,2,2,0,0,1,1.0,False,False,ZWY-K20-01_mptf.conllu,1,0,0
āwām,NOUN,obl,0,0,0,1,1,176,63,wattom,ADJ,amod,0,2,2,3,1,1,0,1,0.3333333333333333,False,False,ZWY-K20-01_mptf.conllu,0,1,0
mardōm,NOUN,nmod,0,0,0,1,1,2713,54,dēnburdār,ADJ,amod,0,2,1,2,0,0,0,0,0.0,False,True,ZWY-K20-01_mptf.conllu,0,1,0
dahišn,NOUN,nsubj,0,1,0,1,1,636,4718,=šān,PRON,nmod,0,2,1,1,0,0,0,0,0.5,True,False,ZWY-K20-01_mptf.conllu,1,0,0
kār,NOUN,nsubj,0,1,0,1,1,1414,4718,=šān,PRON,nmod,0,2,2,2,0,0,0,0,0.5,True,False,ZWY-K20-01_mptf.conllu,1,0,0
sardagān,NOUN,nsubj,1,1,0,1,1,269,5,ǰudkēšān,NOUN,nmod,0,1,1,2,0,0,0,0,0.3333333333333333,False,False,ZWY-K20-01_mptf.conllu,1,0,0
wistarišn,NOUN,xcomp,0,0,0,1,1,21,31,nasānigānīh,NOUN,nmod,0,2,1,1,0,0,0,0,0.0,True,False,ZWY-K20-01_mptf.conllu,1,0,0
nigānīdan,NOUN,obj,0,0,0,1,0,2,709,nasā,NOUN,nmod,0,2,4,5,0,0,0,0,0.25,True,False,ZWY-K20-01_mptf.conllu,1,0,0
šustan,NOUN,conj,0,0,0,1,0,11,709,nasā,NOUN,nmod,0,2,1,1,0,0,0,0,0.0,True,False,ZWY-K20-01_mptf.conllu,1,0,0
sōxtan,NOUN,conj,0,0,0,1,1,10,232,dād,NOUN,nmod,0,2,2,1,1,0,0,0,0.0,True,False,ZWY-K20-01_mptf.conllu,1,0,0
xwardan,NOUN,conj,0,0,0,1,0,26,709,nasā,NOUN,nmod,0,2,1,2,0,0,0,0,0.0,True,False,ZWY-K20-01_mptf.conllu,1,0,0
rāh,NOUN,conj,0,0,0,1,1,587,371,dušox,PROPN,nmod,0,1,1,2,0,0,1,0,0.0,False,False,ZWY-K20-01_mptf.conllu,1,0,0
abārōnīh,NOUN,obl,0,0,0,1,1,43,128,xešm,NOUN,nmod,3,1,3,4,2,0,0,1,0.5,False,False,ZWY-K20-01_mptf.conllu,1,0,0
āwām,NOUN,obl,0,0,0,1,1,176,174,škeft,ADJ,amod,0,2,5,4,1,1,0,1,0.25,False,False,ZWY-K20-01_mptf.conllu,1,1,0
āwām,NOUN,obl,0,0,0,1,1,176,227,pādixšāyīh,NOUN,nmod,2,1,5,4,1,1,0,0,0.25,False,False,ZWY-K20-01_mptf.conllu,1,1,0
zardušt,PROPN,vocative,0,0,0,1,1,1746,359,spitāmān,PROPN,nmod,0,2,1,1,0,0,1,0,0.5,False,False,ZWY-K20-01_mptf.conllu,1,0,0
pādixšāyīh,NOUN,nmod,0,0,0,1,1,225,128,xešm,PROPN,nmod,0,1,4,1,3,0,1,1,0.0,False,False,ZWY-K20-01_mptf.conllu,1,0,0
xešm,PROPN,nmod,0,0,0,1,1,128,3,xrudrafš,ADJ,amod,0,1,3,3,1,0,0,1,0.0,False,False,ZWY-K20-01_mptf.conllu,0,1,0
dēw,NOUN,conj:nmod,0,0,0,0,1,1336,19,wizārdwars,ADJ,amod,0,1,2,3,0,0,0,0,0.0,False,False,ZWY-K20-01_mptf.conllu,0,2,0
dēw,NOUN,conj:nmod,0,0,0,0,1,1336,21,xešmtōhmag,ADJ,amod,1,1,2,3,1,0,0,1,0.0,False,False,ZWY-K20-01_mptf.conllu,0,2,0
bandag,NOUN,nsubj,0,0,0,1,1,68,82,nidom,ADJ,amod,0,2,2,2,1,1,0,1,0.75,True,False,ZWY-K20-01_mptf.conllu,0,1,0
dehān,NOUN,nmod,1,0,0,1,1,348,152,ērān,ADJ,amod,0,2,1,1,0,0,0,0,0.0,False,False,ZWY-K20-01_mptf.conllu,0,1,0
xwadāyīh,NOUN,obl,0,1,0,1,1,638,348,dehān,NOUN,nmod,0,2,2,2,1,0,0,0,1.0,False,False,ZWY-K20-01_mptf.conllu,1,0,0
āwām,NOUN,obl,0,0,0,1,1,176,82,nidom,ADJ,amod,0,2,2,3,1,1,0,1,0.5555555555555556,False,False,ZWY-K20-01_mptf.conllu,0,1,0
nasākadag,NOUN,obl,0,1,0,1,1,3,4718,awēšān,PRON,nmod,0,1,2,2,1,0,0,1,0.3333333333333333,True,False,ZWY-K20-01_mptf.conllu,1,0,0
āwām,NOUN,obl,0,0,0,1,1,176,82,nidom,ADJ,amod,0,2,2,3,1,1,0,1,0.2,False,False,ZWY-K20-01_mptf.conllu,0,1,0
dēn,NOUN,nsubj,0,0,0,1,1,2149,5034,ēn,DET,nmod,0,2,1,1,0,0,0,0,0.8,False,False,ZWY-K20-01_mptf.conllu,1,0,0
dēn,NOUN,obl,0,0,0,1,1,2149,5034,ēn,DET,nmod,0,2,1,2,0,0,0,0,0.3333333333333333,False,False,ZWY-K20-01_mptf.conllu,1,0,0
ātaxš,NOUN,nsubj,0,0,0,1,1,1442,168,wēhrām,PROPN,nmod,0,1,2,1,1,0,1,1,0.5,False,False,ZWY-K20-01_mptf.conllu,1,0,0
xwāstag,NOUN,nsubj,0,0,0,1,1,1099,5,āzarmīg,ADJ,nmod,0,1,2,2,1,0,0,1,0.5,True,False,ZWY-K20-01_mptf.conllu,1,0,0
kirbakkar,NOUN,nsubj,0,0,0,1,1,40,181,dūdag,NOUN,nmod,1,1,3,1,2,0,0,0,0.5,False,True,ZWY-K20-01_mptf.conllu,1,0,0
dūdag,NOUN,nmod,0,0,0,1,1,181,410,nēk,ADJ,amod,0,2,2,2,1,0,0,1,0.0,True,False,ZWY-K20-01_mptf.conllu,1,1,0
dūdag,NOUN,nmod,0,1,0,1,1,181,14,āzādmardān,NOUN,nmod,0,1,2,2,1,0,0,1,0.0,True,False,ZWY-K20-01_mptf.conllu,1,1,0
wišāddwārišnīh,NOUN,obl,0,0,0,1,1,27,17882,X,_,nmod,0,2,1,3,0,0,0,0,1.0,True,False,ZWY-K20-01_mptf.conllu,1,0,0
duxt,NOUN,obj,0,1,0,1,1,307,17,āzādagān,ADJ,nmod,0,1,3,1,3,0,0,1,0.6666666666666666,False,True,ZWY-K20-01_mptf.conllu,1,0,0
rāyēnīdārīh,NOUN,obl,0,0,0,1,1,74,4,pēšgāhīh,ADV,nmod,0,2,1,3,0,0,0,0,1.0,False,False,ZWY-K20-01_mptf.conllu,1,0,0
gōwišn,NOUN,nsubj,0,1,0,1,1,888,54,dēnburdārān,NOUN,nmod,0,1,4,4,1,0,0,1,1.0,True,True,ZWY-K20-01_mptf.conllu,1,0,0
muhr,NOUN,conj,0,0,0,1,1,49,14,wizurd,ADJ,amod,0,1,2,2,1,0,0,1,0.0,False,False,ZWY-K20-01_mptf.conllu,0,1,0
dādwar,NOUN,conj,0,0,0,1,1,202,465,rāst,ADJ,amod,0,1,2,2,1,0,0,1,0.0,False,False,ZWY-K20-01_mptf.conllu,0,1,0
gōwišn,NOUN,conj,0,1,0,1,1,888,465,rāstān,NOUN,nmod,0,1,3,2,1,0,0,1,0.0,True,False,ZWY-K20-01_mptf.conllu,1,0,0
gōwišn,NOUN,obj,0,1,0,1,1,888,2,xwurdagān,NOUN,nmod,0,1,4,1,4,0,0,1,1.0,True,False,ZWY-K20-01_mptf.conllu,1,0,0
afsōsgarān,NOUN,conj:nmod,1,1,0,1,1,8,123,abārōnān,NOUN,nmod,0,2,2,1,1,0,0,0,0.0,False,False,ZWY-K20-01_mptf.conllu,1,0,0
sōgand,NOUN,obj,0,0,0,1,0,10,77,drō,NOUN,nmod,1,1,2,1,2,0,0,1,0.2,False,False,ZWY-K20-01_mptf.conllu,1,0,0
man,PRON,obl,0,0,0,1,1,2907,3242,ohrmazd,PROPN,appos,0,1,1,2,0,0,1,0,1.0,False,False,ZWY-K20-01_mptf.conllu,0,0,0
wināh,NOUN,nmod,0,0,0,1,1,1238,1238,wināh,NOUN,nmod,0,2,1,3,3,0,0,0,0.0,False,False,ZWY-K20-01_mptf.conllu,1,0,0
ōy,PRON,obl,0,0,0,0,1,18107,475,did,PRON,nmod,0,1,1,3,0,0,0,0,0.6666666666666666,False,False,ZWY-K20-01_mptf.conllu,1,0,0
dušox,PROPN,nmod,0,0,0,1,1,371,371,dušox,PROPN,nmod,0,2,1,2,2,0,1,0,0.0,False,False,ZWY-K20-01_mptf.conllu,1,0,0
hazārag,NOUN,nsubj,0,0,0,1,0,136,1925,tō,PRON,nmod,0,1,1,1,0,0,0,0,0.6666666666666666,False,False,ZWY-K20-01_mptf.conllu,1,0,0
zardušt,PROPN,vocative,0,0,0,1,0,1746,2060,ahlaw,ADJ,amod,0,2,1,1,0,0,0,0,1.0,False,False,ZWY-K20-01_mptf.conllu,0,1,0
abr,NOUN,nsubj,0,0,0,1,1,124,4,kāmagkār,ADJ,amod,0,1,3,3,1,0,0,1,0.6666666666666666,False,True,ZWY-K20-01_mptf.conllu,0,1,0
wād,NOUN,conj,0,0,0,1,0,422,6,ardā,ADJ,amod,0,1,2,2,1,0,0,1,0.0,False,False,ZWY-K20-01_mptf.conllu,0,1,0
abr,NOUN,nsubj,0,0,0,1,1,124,5,nizm,NOUN,nmod,0,1,1,1,0,0,0,0,1.0,False,False,ZWY-K20-01_mptf.conllu,1,0,0
wād,NOUN,nsubj,0,0,0,1,1,422,16587,ān,DET,nmod,1,2,2,2,0,0,0,0,0.3333333333333333,False,False,ZWY-K20-01_mptf.conllu,1,1,0
wād,NOUN,nsubj,0,0,0,1,1,422,89,garm,ADJ,amod,0,2,2,2,1,0,0,1,0.3333333333333333,False,False,ZWY-K20-01_mptf.conllu,1,1,0
wād,NOUN,obl,0,0,0,1,1,422,16587,ān,DET,nmod,1,2,2,3,0,0,0,0,0.6666666666666666,False,False,ZWY-K20-01_mptf.conllu,1,1,0
wād,NOUN,obl,0,0,0,1,1,422,78,sard,ADJ,amod,0,2,2,3,1,0,0,1,0.6666666666666666,False,False,ZWY-K20-01_mptf.conllu,1,1,0
bar,NOUN,obj,0,1,0,1,1,253,163,ǰōrdāyān,NOUN,nmod,2,1,2,2,1,0,0,1,1.0,False,False,ZWY-K20-01_mptf.conllu,1,0,0
āb,NOUN,nsubj,0,1,0,1,1,2066,347,rōdān,NOUN,nmod,0,1,3,1,2,0,0,1,0.5,False,False,ZWY-K20-01_mptf.conllu,1,0,0
gāw,NOUN,obl,0,0,0,0,1,459,8,warzāg,ADJ,amod,0,1,1,1,0,0,0,0,0.2,False,False,ZWY-K20-01_mptf.conllu,0,1,0
asp,NOUN,obl,0,0,0,1,1,224,62,arwand,ADJ,amod,0,1,1,1,0,0,0,0,0.6,False,False,ZWY-K20-01_mptf.conllu,0,1,0
āwām,NOUN,obl,0,0,0,1,1,176,174,škaft,ADJ,amod,0,2,1,3,0,1,0,0,0.2,False,False,ZWY-K20-01_mptf.conllu,0,1,0
zardušt,PROPN,vocative,0,0,0,1,1,1746,359,spitāmān,PROPN,nmod,0,2,1,1,0,0,1,0,0.3,False,False,ZWY-K20-01_mptf.conllu,1,0,0
anāgīhxwāstārīh,NOUN,obl,0,0,0,1,1,2,24,dušpādixšāyīh,NOUN,nmod,0,1,3,2,1,0,0,1,0.6,False,False,ZWY-K20-01_mptf.conllu,1,0,0
drōdādestānīh,NOUN,conj,0,0,0,1,1,3,833,was,ADJ,amod,1,2,4,4,1,1,0,0,0.0,False,False,ZWY-K20-01_mptf.conllu,0,1,0
menišn,NOUN,xcomp,0,0,0,1,1,518,11,pīm,NOUN,nmod,0,2,1,1,0,0,0,0,0.0,True,False,ZWY-K20-01_mptf.conllu,1,0,0
ustōfrīt,NOUN,conj,0,1,0,1,1,30,1407,yazadān,NOUN,nmod,0,1,2,2,1,0,0,1,0.0,False,False,ZWY-K20-01_mptf.conllu,1,0,0
mardōm,NOUN,nsubj,0,0,0,1,1,2713,735,wehdēn,NOUN,amod,0,2,4,3,1,1,0,1,0.2,False,False,ZWY-K20-01_mptf.conllu,0,1,0
dēn,NOUN,obj,0,0,0,1,1,2149,1864,weh,ADJ,amod,0,1,2,3,1,1,0,1,0.4,False,False,ZWY-K20-01_mptf.conllu,1,1,0
dēn,NOUN,obj,0,1,0,1,1,2149,595,mazdēsnān,NOUN,nmod,1,1,2,3,1,1,0,1,0.4,False,False,ZWY-K20-01_mptf.conllu,1,1,0
rāh,NOUN,obl,0,1,0,1,1,587,4718,awēšān,PRON,nmod,0,2,2,4,1,1,0,1,0.6,False,False,ZWY-K20-01_mptf.conllu,1,0,0
uzdeyīg,NOUN,obl,0,0,1,1,1,4,2,bungyāg,NOUN,nmod,1,1,3,2,2,0,0,0,0.3333333333333333,False,False,ZWY-K20-01_mptf.conllu,1,0,0
mardōm,NOUN,nsubj,0,0,0,1,0,2713,2,nō,NUM,nmod,2,1,3,2,1,1,0,0,0.5,False,False,ZWY-K20-01_mptf.conllu,1,0,0
kust,NOUN,obl,0,0,0,1,1,248,154,abāxtar,NOUN,nmod,0,1,2,2,1,0,0,1,1.0,False,False,ZWY-K20-01_mptf.conllu,1,0,0
dušxwadāyīh,NOUN,obl,0,1,0,1,1,9,4718,awēšān,PRON,nmod,0,2,1,1,0,0,0,0,0.3333333333333333,False,False,ZWY-K20-01_mptf.conllu,1,0,0
zamīg,NOUN,nsubj,0,0,1,1,1,2,189,spandarmad,PROPN,nmod,0,2,1,1,0,0,1,0,0.25,False,False,ZWY-K20-01_mptf.conllu,1,0,0
gōhr,NOUN,obj,0,0,0,1,1,153,50,zarr,NOUN,nmod,6,1,3,3,5,0,0,0,0.75,False,False,ZWY-K20-01_mptf.conllu,1,0,0
turk,PROPN,nmod,0,0,0,1,1,18,21,turk,PROPN,nmod,0,2,1,1,1,0,1,0,0.0,False,False,ZWY-K20-01_mptf.conllu,1,0,0
andarg_kōfyār,NOUN,nmod,0,0,0,1,1,1,1,andarg_kōfyār,NOUN,nmod,0,2,1,1,1,0,0,0,0.0,True,True,ZWY-K20-01_mptf.conllu,1,0,0
pādixšāyīh,NOUN,nsubj,0,0,0,1,1,225,152,ērān,ADJ,amod,2,2,3,3,3,0,0,0,0.7142857142857143,False,False,ZWY-K20-01_mptf.conllu,1,1,0
pādixšāyīh,NOUN,nsubj,0,0,0,1,1,225,2910,man,PRON,nmod,0,2,3,3,0,0,0,0,0.7142857142857143,False,False,ZWY-K20-01_mptf.conllu,1,1,0
awēšān,PRON,obl,1,1,0,1,1,4503,7,dawālkustīgān,NOUN,appos,0,1,3,2,2,0,0,0,0.6666666666666666,False,False,ZWY-K20-01_mptf.conllu,0,0,0
čašm,NOUN,obl,0,1,0,1,1,201,4718,awēšān,PRON,nmod,0,1,1,2,0,0,0,0,1.0,False,False,ZWY-K20-01_mptf.conllu,1,0,0
xwadāyīh,NOUN,obl,0,0,0,1,1,638,2,xešmkāmagīh,NOUN,nmod,0,2,1,1,0,0,0,0,0.75,False,False,ZWY-K20-01_mptf.conllu,1,0,0
čašm,NOUN,nsubj,0,0,0,1,1,201,149,āz,NOUN,nmod,0,2,2,2,0,0,0,0,0.25,False,False,ZWY-K20-01_mptf.conllu,2,0,0
čašm,NOUN,nsubj,0,1,0,1,1,201,4718,awēšān,PRON,nmod,0,1,2,2,1,0,0,1,0.25,False,False,ZWY-K20-01_mptf.conllu,2,0,0
xwāstag,NOUN,obj,0,0,0,1,1,1099,1249,gēhān,NOUN,nmod,0,1,1,1,0,0,0,0,0.75,True,False,ZWY-K20-01_mptf.conllu,1,0,0
waran,NOUN,obj,0,0,0,1,1,141,123,abārōn,ADJ,nmod,0,1,2,1,1,0,0,1,1.0,False,False,ZWY-K20-01_mptf.conllu,1,0,0
āwām,NOUN,obl,0,0,0,1,1,176,174,škoft,ADJ,amod,0,2,2,3,1,1,0,1,0.14285714285714285,False,False,ZWY-K20-01_mptf.conllu,0,1,0
spandarmad,PROPN,nmod,0,0,0,1,1,189,189,spandarmad,PROPN,nmod,0,2,1,1,1,0,1,0,0.0,False,False,ZWY-K20-01_mptf.conllu,1,0,0
zardušt,PROPN,obl,0,0,0,1,1,1746,359,sipitāmān,PROPN,nmod,0,2,1,2,0,0,1,0,0.6666666666666666,False,False,ZWY-K20-01_mptf.conllu,1,0,0
mēnōy,NOUN,dislocated:topic,0,0,0,0,1,1405,657,druwand,ADJ,amod,1,2,2,3,0,0,0,0,0.0,False,False,ZWY-K20-01_mptf.conllu,0,2,0
mēnōy,NOUN,dislocated:topic,0,0,0,0,1,1405,49,gannāg,ADJ,amod,0,2,2,3,0,0,0,0,0.0,False,False,ZWY-K20-01_mptf.conllu,0,2,0
zardušt,PROPN,obl,0,0,0,1,1,1746,359,sipitāmān,PROPN,nmod,0,2,1,2,0,0,1,0,0.5,False,False,ZWY-K20-01_mptf.conllu,1,0,0
ēmēd,NOUN,obl,0,0,0,1,1,68,2253,tan,NOUN,nmod,0,1,6,2,2,0,0,1,0.75,False,False,ZWY-K20-01_mptf.conllu,1,0,0
tan,NOUN,nmod,0,0,0,1,1,2253,190,pasēn,ADJ,amod,0,1,5,2,1,0,0,1,0.0,False,False,ZWY-K20-01_mptf.conllu,0,1,0
bōxtārīh,NOUN,conj,0,0,0,1,1,8,1226,ruwān,NOUN,nmod,0,1,3,2,2,0,0,1,0.0,False,False,ZWY-K20-01_mptf.conllu,1,0,0
ruwān,NOUN,nmod,0,0,0,1,1,1224,2375,xwēš,PRON,amod,0,1,2,2,1,0,0,1,0.0,False,False,ZWY-K20-01_mptf.conllu,0,1,0
petyārag,NOUN,conj,0,0,0,1,1,323,366,anāgīh,NOUN,nmod,0,2,3,2,1,0,0,0,0.0,False,False,ZWY-K20-01_mptf.conllu,2,0,0
petyārag,NOUN,conj,0,1,0,1,1,323,11,ǰuddēnān,NOUN,nmod,1,1,3,2,3,0,0,1,0.0,False,False,ZWY-K20-01_mptf.conllu,2,0,0
zardušt,PROPN,vocative,0,0,0,1,1,1746,359,spitāmān,PROPN,nmod,0,2,1,2,0,0,1,0,0.15384615384615385,False,False,ZWY-K20-01_mptf.conllu,1,0,0
tan,NOUN,nsubj,0,0,0,1,1,2253,42,škōh,ADJ,amod,5,1,3,3,1,0,0,0,0.7692307692307693,False,False,ZWY-K20-01_mptf.conllu,0,1,0
ruwān,NOUN,nsubj,0,0,0,1,1,1224,18258,=š,PRON,nmod,0,2,1,1,0,0,0,0,0.9230769230769231,False,False,ZWY-K20-01_mptf.conllu,1,0,0
ohrmazd,PROPN,vocative,0,0,0,1,0,3237,1550,mēnōy,NOUN,nmod,0,1,4,2,1,0,0,0,0.23076923076923078,False,False,ZWY-K20-01_mptf.conllu,1,0,0
ohrmazd,PROPN,vocative,0,0,0,1,1,3237,1006,dādār,NOUN,appos,2,1,4,2,1,0,0,0,0.23076923076923078,False,True,ZWY-K20-01_mptf.conllu,1,0,0
mēnōy,NOUN,nmod,0,0,0,0,1,1405,214,abzōnīg,ADJ,amod,0,1,1,1,0,0,0,0,0.0,False,False,ZWY-K20-01_mptf.conllu,0,1,0
dādār,NOUN,appos,0,0,0,1,1,998,1249,gēhān,NOUN,nmod,0,1,3,1,1,0,0,0,0.0,True,False,ZWY-K20-01_mptf.conllu,1,0,0
gēhān,NOUN,nmod,0,1,0,1,1,1249,363,astōmandān,ADJ,nmod,0,1,2,1,1,0,0,0,0.0,False,False,ZWY-K20-01_mptf.conllu,1,0,0
āwām,NOUN,obl,0,0,0,1,1,176,174,škoft,ADJ,amod,0,2,1,3,0,1,0,0,0.5384615384615384,False,False,ZWY-K20-01_mptf.conllu,0,1,0
dēn,NOUN,nsubj,0,0,0,1,1,2149,64,xwēdōdah,NOUN,nmod,0,1,1,1,0,0,0,0,0.9230769230769231,False,False,ZWY-K20-01_mptf.conllu,1,0,0
dūdag,NOUN,obl,0,1,0,1,1,181,4718,=šān,PRON,nmod,3,2,1,2,0,0,0,0,1.0,True,False,ZWY-K20-01_mptf.conllu,1,0,0
mardān,NOUN,ccomp,1,0,0,1,1,2067,662,pahlom,ADJ,amod,0,1,4,5,1,0,0,1,0.0,False,False,ZWY-K20-01_mptf.conllu,0,1,0
āwām,NOUN,obl,0,0,0,1,1,176,174,škoft,ADJ,amod,0,2,2,3,1,1,0,1,0.5714285714285714,False,False,ZWY-K20-01_mptf.conllu,0,1,0
xwadāyīh,NOUN,obl,0,0,0,1,1,638,235,wištāsp,PROPN,nmod,0,1,2,3,1,0,1,0,1.0,False,False,ZWY-K20-01_mptf.conllu,1,0,0
wištāsp,PROPN,nmod,0,0,0,1,0,233,155,šā,NOUN,nmod,0,1,1,1,0,0,0,0,0.0,False,False,ZWY-K20-01_mptf.conllu,1,0,0
āwām,NOUN,obl,0,0,0,1,1,176,174,škoft,ADJ,amod,0,2,2,3,1,1,0,1,0.5,False,False,ZWY-K20-01_mptf.conllu,0,1,0
xwadāyīh,NOUN,orphan,0,0,0,1,1,638,235,wištāsp,PROPN,nmod,0,1,3,1,2,0,1,1,0.0,False,False,ZWY-K20-01_mptf.conllu,1,0,0
wištāsp,PROPN,nmod,0,0,0,1,0,233,155,šā,NOUN,nmod,0,1,2,2,0,0,0,0,0.0,False,False,ZWY-K20-01_mptf.conllu,1,0,0
dwāzdahhōmāsp,PROPN,advcl,0,0,0,1,1,35,232,zōhr,NOUN,nmod,2,1,4,4,2,0,0,1,0.0,False,False,ZWY-K20-01_mptf.conllu,1,0,1
xwadāyīh,NOUN,obl,0,0,0,1,1,638,235,wištāsp,PROPN,nmod,0,1,2,2,2,0,1,1,1.0,False,False,ZWY-K20-01_mptf.conllu,1,0,0
wištāsp,PROPN,nmod,0,0,0,1,0,233,155,šā,NOUN,nmod,0,1,1,2,0,0,0,0,0.0,False,False,ZWY-K20-01_mptf.conllu,1,0,0
srūdgāhān,NOUN,nmod,0,0,0,1,1,5,11,srūdgāhān,NOUN,nmod,0,2,1,1,1,0,0,0,0.0,False,False,ZWY-K20-01_mptf.conllu,1,0,0
wehdēn,NOUN,obl,0,1,0,1,1,71,595,mazdēsnān,NOUN,nmod,0,1,2,2,1,0,0,1,0.3333333333333333,False,False,ZWY-K20-01_mptf.conllu,1,0,0
dēn,NOUN,nsubj,0,0,0,1,1,2149,64,xwēdōdah,NOUN,nmod,0,1,2,1,1,0,0,1,0.6666666666666666,False,False,ZWY-K20-01_mptf.conllu,1,0,0
dūdag,NOUN,obl,0,0,0,1,1,181,18258,=š,PRON,nmod,3,2,1,2,0,0,0,0,1.0,True,False,ZWY-K20-01_mptf.conllu,1,0,0
zardušt,PROPN,vocative,0,0,0,1,1,1746,359,spitāmān,PROPN,nmod,0,2,1,1,0,0,1,0,0.42857142857142855,False,False,ZWY-K20-01_mptf.conllu,1,0,0
ohrmazd,PROPN,appos,0,0,0,1,1,3237,3242,ohrmazd,PROPN,appos,0,2,1,1,1,0,1,0,0.0,False,False,ZWY-K20-01_mptf.conllu,0,0,0
āwām,NOUN,obl,0,0,0,1,1,176,174,škoft,ADJ,amod,0,2,2,3,1,1,0,1,1.0,False,False,ZWY-K20-01_mptf.conllu,0,1,0
dušxwadāyīh,NOUN,obl,0,0,0,1,1,9,21,ažidahāg,PROPN,nmod,0,1,3,2,2,0,1,1,0.2,False,False,ZWY-K20-01_mptf.conllu,1,0,0
frāsyāb,PROPN,conj:nmod,0,0,0,1,1,83,56,tūr,PROPN,nmod,0,1,1,2,0,0,1,0,0.0,False,False,ZWY-K20-01_mptf.conllu,1,0,0
mardōm,NOUN,nsubj,0,0,0,1,1,2713,179,āwām,NOUN,nmod,3,1,3,1,3,0,0,0,0.4,False,False,ZWY-K20-01_mptf.conllu,1,0,0
āwām,NOUN,nmod,0,0,0,1,1,176,174,škoft,ADJ,amod,0,2,2,3,1,1,0,1,0.0,False,False,ZWY-K20-01_mptf.conllu,0,1,0
dušxwadāyīh,NOUN,obl,0,1,0,1,1,9,4718,awēšān,PRON,nmod,0,2,2,3,1,1,0,1,0.25,False,False,ZWY-K20-01_mptf.conllu,1,0,0
hazārag,NOUN,nsubj,0,0,0,1,0,136,1925,tō,PRON,nmod,0,1,1,1,0,0,0,0,0.75,False,False,ZWY-K20-01_mptf.conllu,1,0,0
zardušt,PROPN,vocative,0,0,0,1,1,1746,359,spitāmān,PROPN,nmod,0,2,1,1,0,0,1,0,1.0,False,False,ZWY-K20-01_mptf.conllu,1,0,0
dehān,NOUN,nsubj,1,0,0,1,1,348,152,ērān,ADJ,amod,0,2,1,2,0,0,0,0,0.1111111111111111,False,False,ZWY-K20-01_mptf.conllu,0,1,0
sumb,NOUN,obl,0,0,0,1,1,8,224,asp,NOUN,nmod,0,2,1,3,0,0,0,0,0.2222222222222222,False,False,ZWY-K20-01_mptf.conllu,2,0,0
sumb,NOUN,obl,0,1,0,1,1,8,4718,awēšān,PRON,nmod,0,1,1,3,0,0,0,0,0.2222222222222222,False,False,ZWY-K20-01_mptf.conllu,2,0,0
drafš,NOUN,nsubj,0,1,0,1,1,33,4718,awēšān,PRON,nmod,0,2,1,1,0,0,0,0,0.3333333333333333,False,False,ZWY-K20-01_mptf.conllu,1,0,0
pādixšāyīh,NOUN,obl,0,0,0,1,1,225,32,stahm,NOUN,amod,0,2,1,1,0,0,0,0,0.6666666666666666,False,False,ZWY-K20-01_mptf.conllu,0,1,0
zardušt,PROPN,vocative,0,0,0,1,1,1746,359,spitāmān,PROPN,nmod,0,2,1,1,0,0,1,0,0.5,False,False,ZWY-K20-01_mptf.conllu,1,0,0
yazišn,NOUN,obl,0,0,0,1,1,1119,1864,weh,ADJ,nmod,2,1,2,2,2,0,0,0,0.3333333333333333,True,False,ZWY-K20-01_mptf.conllu,1,0,0
ohrmazd,PROPN,nsubj,0,0,0,1,1,3237,202,āgāh,ADJ,amod,0,1,2,2,0,0,0,0,1.0,False,False,ZWY-K20-01_mptf.conllu,1,1,0
ohrmazd,PROPN,nsubj,0,0,0,1,1,3237,1488,ahlāyīh,NOUN,nmod,2,1,2,2,1,0,0,0,1.0,False,False,ZWY-K20-01_mptf.conllu,1,1,0
nar,NOUN,nsubj,0,1,0,1,1,55,4718,awēšān,PRON,nmod,3,1,2,2,0,0,0,0,1.0,False,False,ZWY-K20-01_mptf.conllu,1,0,0
ohrmazd,PROPN,vocative,0,0,0,1,0,3237,1550,mēnōy,NOUN,appos,0,1,5,1,2,0,0,0,0.42857142857142855,False,False,ZWY-K20-01_mptf.conllu,0,0,0
mēnōy,NOUN,appos,0,0,0,0,1,1405,214,abzōnīg,ADJ,amod,0,1,4,2,1,0,0,1,0.0,False,False,ZWY-K20-01_mptf.conllu,0,1,0
dādār,NOUN,conj:appos,0,0,0,1,1,998,1249,gēhān,NOUN,nmod,0,1,3,1,1,0,0,0,0.0,True,False,ZWY-K20-01_mptf.conllu,1,0,0
gēhān,NOUN,nmod,0,1,0,1,1,1249,363,astōmandān,ADJ,nmod,0,1,2,1,2,0,0,1,0.0,False,False,ZWY-K20-01_mptf.conllu,1,0,0
dēn,NOUN,obj,0,0,0,1,1,2149,1864,weh,ADJ,amod,0,1,5,3,1,1,0,1,0.7142857142857143,False,False,ZWY-K20-01_mptf.conllu,1,1,0
dēn,NOUN,obj,0,1,0,1,1,2149,595,mazdēsnān,NOUN,nmod,1,1,5,3,2,1,0,1,0.7142857142857143,False,False,ZWY-K20-01_mptf.conllu,1,1,0
dēwān,NOUN,obj,1,0,0,1,1,1336,19,wizārdwars,ADJ,amod,0,1,2,3,1,1,0,1,1.0,False,False,ZWY-K20-01_mptf.conllu,0,2,0
dēwān,NOUN,obj,1,0,0,1,1,1336,21,xešmtōhmag,ADJ,amod,1,1,2,3,1,1,0,1,1.0,False,False,ZWY-K20-01_mptf.conllu,0,2,0
āwādagān,NOUN,obl,1,0,0,1,1,38,2910,man,PRON,nmod,0,1,2,1,1,0,0,1,0.5714285714285714,True,False,ZWY-K20-01_mptf.conllu,1,0,0
āwām,NOUN,obl,0,0,0,1,1,176,174,škoft,ADJ,amod,0,2,2,1,3,0,0,1,0.8571428571428571,False,False,ZWY-K20-01_mptf.conllu,0,1,0
zardušt,PROPN,vocative,0,0,0,1,1,1746,359,spitāmān,PROPN,nmod,0,2,1,1,0,0,1,0,0.375,False,False,ZWY-K20-01_mptf.conllu,1,0,0
pādixšāyīh,NOUN,obl,0,0,0,1,1,225,21,nišānag,ADJ,nmod,1,2,1,4,0,0,0,0,0.5,False,False,ZWY-K20-01_mptf.conllu,1,1,0
pādixšāyīh,NOUN,obl,0,0,0,1,0,225,63,syā,ADJ,amod,0,2,1,4,0,0,0,0,0.5,False,False,ZWY-K20-01_mptf.conllu,1,1,0
dehān,NOUN,obl,0,0,0,1,1,348,2,salmān,PROPN,nmod,0,2,1,1,0,0,1,0,0.75,False,False,ZWY-K20-01_mptf.conllu,1,0,0
druz,NOUN,ccomp,0,0,0,1,1,911,8,šēdaspīh,ADJ,amod,0,1,5,8,2,0,0,1,0.0,False,False,ZWY-K20-01_mptf.conllu,0,1,0
daxšag,NOUN,acl:relcl,0,1,0,1,1,216,4718,awēšān,PRON,nmod,0,1,1,4,0,0,0,0,0.0,False,False,ZWY-K20-01_mptf.conllu,1,0,0
zardušt,PROPN,vocative,0,0,0,1,1,1746,359,sepitāmān,PROPN,nmod,0,2,1,1,0,0,1,0,0.07692307692307693,False,False,ZWY-K20-01_mptf.conllu,1,0,0
nišān,NOUN,obj,0,0,0,1,1,91,5,nizm,NOUN,nmod,0,2,1,1,0,0,0,0,0.23076923076923078,False,False,ZWY-K20-01_mptf.conllu,1,0,0
tīr,NOUN,obl,0,0,0,1,1,88,3242,ohrmazd,NOUN,nmod,0,1,2,1,1,0,0,1,0.8461538461538461,False,False,ZWY-K20-01_mptf.conllu,1,0,0
druz,NOUN,nsubj,0,0,0,1,1,911,8,šēdaspīh,ADJ,amod,0,1,1,2,0,0,0,0,0.5,False,False,ZWY-K20-01_mptf.conllu,0,1,0
drafš,NOUN,obj,0,0,0,1,1,33,40,suxr,ADJ,amod,0,1,2,1,1,0,0,1,1.0,False,False,ZWY-K20-01_mptf.conllu,0,1,0
rawišn,NOUN,nsubj,0,1,0,1,1,127,4718,=šān,PRON,nmod,0,2,1,1,0,0,0,0,1.0,True,False,ZWY-K20-01_mptf.conllu,1,0,0
dehān,NOUN,obl,1,0,0,1,1,348,152,ērān,ADJ,amod,0,2,1,5,0,1,0,0,0.5,False,False,ZWY-K20-01_mptf.conllu,1,2,0
dehān,NOUN,obl,1,0,0,1,1,348,2910,man,PRON,nmod,0,1,1,5,0,1,0,0,0.5,False,False,ZWY-K20-01_mptf.conllu,1,2,0
dehān,NOUN,obl,1,0,0,1,1,348,256,ohrmazddād,ADJ,amod,1,1,1,5,0,1,0,0,0.5,False,False,ZWY-K20-01_mptf.conllu,1,2,0
bār,NOUN,obl,0,0,0,1,1,518,11,arand,PROPN,nmod,0,2,1,2,0,0,1,0,1.0,True,False,ZWY-K20-01_mptf.conllu,1,0,0
rōd,NOUN,obj,0,0,0,1,1,347,2,frād,PROPN,nmod,0,2,1,1,0,0,1,0,0.3333333333333333,False,False,ZWY-K20-01_mptf.conllu,1,0,0
asūrīgmānišnīh,NOUN,nsubj,0,0,0,1,1,2,18258,=š,PRON,nmod,0,2,1,1,0,0,0,0,0.5,True,False,ZWY-K20-01_mptf.conllu,1,0,0
mardōm,NOUN,nsubj,0,0,0,1,1,2713,4,asūrīg,ADJ,amod,0,1,2,1,1,0,0,1,1.0,False,False,ZWY-K20-01_mptf.conllu,0,1,0
nišēmag,NOUN,conj,0,1,0,1,1,5,4718,awēšān,PRON,nmod,0,2,2,3,1,1,0,1,0.0,False,False,ZWY-K20-01_mptf.conllu,1,0,0
gilistag,NOUN,obj,0,1,0,1,1,32,1338,dēwān,NOUN,nmod,0,1,2,1,1,0,0,1,1.0,True,False,ZWY-K20-01_mptf.conllu,1,0,0
spāh,NOUN,nsubj,0,0,0,1,1,89,28,amar,ADJ,amod,0,2,3,2,0,0,0,0,0.3333333333333333,False,False,ZWY-K20-01_mptf.conllu,1,1,0
spāh,NOUN,nsubj,0,1,0,1,1,89,1338,dēwān,NOUN,nmod,1,1,3,2,3,0,0,1,0.3333333333333333,False,False,ZWY-K20-01_mptf.conllu,1,1,0
dēwān,NOUN,nmod,1,0,0,1,1,1336,19,wizārdwars,ADJ,amod,0,1,2,3,1,1,0,1,0.0,False,False,ZWY-K20-01_mptf.conllu,0,1,0
dehān,NOUN,obl,1,0,0,1,1,348,152,ērān,ADJ,amod,0,2,2,5,0,1,0,0,0.6666666666666666,False,False,ZWY-K20-01_mptf.conllu,1,2,0
dehān,NOUN,obl,1,0,0,1,1,348,2910,man,PRON,nmod,0,1,2,5,1,1,0,1,0.6666666666666666,False,False,ZWY-K20-01_mptf.conllu,1,2,0
dehān,NOUN,obl,1,0,0,1,1,348,256,ohrmazddād,ADJ,amod,1,1,2,5,0,1,0,0,0.6666666666666666,False,False,ZWY-K20-01_mptf.conllu,1,2,0
dušmen,NOUN,obj,0,0,0,1,1,122,21,turk,PROPN,nmod,0,1,1,1,0,0,1,0,1.0,False,False,ZWY-K20-01_mptf.conllu,1,0,0
hrōmāyīg,PROPN,conj,0,0,1,1,1,11,7,dawālkustīg,ADJ,amod,0,2,2,4,0,0,0,0,0.0,False,False,ZWY-K20-01_mptf.conllu,0,3,0
hrōmāyīg,PROPN,conj,0,0,1,1,1,11,8,šēdaspīh,ADJ,amod,0,1,2,4,1,0,0,1,0.0,False,False,ZWY-K20-01_mptf.conllu,0,3,0
hrōmāyīg,PROPN,conj,0,0,1,1,1,11,5,kalīsāgīh,ADJ,amod,1,1,2,4,1,0,0,1,0.0,False,False,ZWY-K20-01_mptf.conllu,0,3,0
ardīh,NOUN,nsubj,0,0,0,1,1,103,230,wuzurg,ADJ,amod,0,1,2,1,1,0,0,1,0.5,False,False,ZWY-K20-01_mptf.conllu,0,1,0
zardušt,PROPN,vocative,0,0,0,1,1,1746,359,sipitāmān,PROPN,nmod,0,2,1,1,0,0,1,0,1.0,False,False,ZWY-K20-01_mptf.conllu,1,0,0
xwadāyīh,NOUN,root,0,0,0,1,1,638,2,kāwus,PROPN,nmod,0,1,4,5,1,0,1,1,0.0,False,False,ZWY-K20-01_mptf.conllu,1,0,0
abāgīh,NOUN,obl,0,1,0,1,1,53,1338,dēwān,NOUN,nmod,0,2,2,3,1,1,0,1,1.0,False,False,ZWY-K20-01_mptf.conllu,1,0,0
tō,PRON,nsubj,0,0,0,0,1,1925,359,sipitāmān,PROPN,nmod,0,1,2,2,0,0,1,0,0.14285714285714285,False,False,ZWY-K20-01_mptf.conllu,1,0,0
hampursagīh,NOUN,conj,0,0,0,1,0,18,1925,tō,PRON,nmod,0,1,2,3,1,0,0,1,0.0,False,False,ZWY-K20-01_mptf.conllu,1,0,0
wištāsep,PROPN,conj,0,0,0,1,0,233,155,šā,NOUN,nmod,0,1,1,1,0,0,0,0,0.0,False,False,ZWY-K20-01_mptf.conllu,1,0,0
arzāsp,PROPN,nsubj,0,0,0,1,1,19,2,xēšmwišūd,ADJ,amod,0,1,2,1,1,0,0,1,0.5714285714285714,False,False,ZWY-K20-01_mptf.conllu,0,1,0
kārēzār,NOUN,conj,0,0,0,1,1,29,2158,dēn,NOUN,nmod,0,1,4,5,1,0,0,1,0.0,True,False,ZWY-K20-01_mptf.conllu,1,0,0
razūr,NOUN,obl,0,0,0,1,1,10,108,spēd,ADJ,amod,0,2,1,3,0,0,0,0,0.8571428571428571,False,False,ZWY-K20-01_mptf.conllu,0,1,0
hazārag,NOUN,nsubj,0,0,0,1,0,136,1925,tō,PRON,nmod,0,1,2,1,1,0,0,1,0.125,False,False,ZWY-K20-01_mptf.conllu,1,0,0
zardušt,PROPN,vocative,0,0,0,1,1,1746,359,sipitāmān,PROPN,nmod,0,2,4,1,1,0,1,0,0.25,False,False,ZWY-K20-01_mptf.conllu,1,0,0
dehān,NOUN,nsubj,1,0,0,1,1,348,152,ērān,ADJ,amod,0,2,2,4,0,0,0,0,0.75,False,False,ZWY-K20-01_mptf.conllu,1,2,0
dehān,NOUN,nsubj,1,0,0,1,1,348,2910,man,PRON,nmod,0,1,2,4,1,0,0,1,0.75,False,False,ZWY-K20-01_mptf.conllu,1,2,0
dehān,NOUN,nsubj,1,0,0,1,1,348,256,ohrmazddād,ADJ,amod,1,1,2,4,0,0,0,0,0.75,False,False,ZWY-K20-01_mptf.conllu,1,2,0
war,NOUN,orphan,0,0,0,1,1,328,22,čēčast,PROPN,nmod,0,1,2,6,1,0,1,1,0.0,False,False,ZWY-K20-01_mptf.conllu,1,3,0
war,NOUN,orphan,0,0,0,1,1,328,44,zafr,ADJ,amod,1,1,2,6,1,0,0,1,0.0,False,False,ZWY-K20-01_mptf.conllu,1,3,0
war,NOUN,orphan,0,0,0,1,1,328,5,garmāb,ADJ,amod,2,1,2,6,1,0,0,1,0.0,False,False,ZWY-K20-01_mptf.conllu,1,3,0
war,NOUN,orphan,0,0,0,1,0,328,43,ǰuddēw,ADJ,amod,3,1,2,6,1,0,0,1,0.0,False,False,ZWY-K20-01_mptf.conllu,1,3,0
dehān,NOUN,obl,1,0,0,1,1,348,256,ohrmazddād,ADJ,amod,1,1,3,2,0,0,0,0,0.25,False,False,ZWY-K20-01_mptf.conllu,0,1,0
zardušt,PROPN,vocative,0,0,0,1,1,1746,359,sipitāmān,PROPN,nmod,0,2,1,1,0,0,1,0,0.5,False,False,ZWY-K20-01_mptf.conllu,1,0,0
hangām,NOUN,obl,0,0,0,1,1,224,174,škoft,ADJ,amod,0,2,2,2,1,1,0,1,1.0,False,False,ZWY-K20-01_mptf.conllu,0,1,0
sadōzim,NOUN,nsubj,0,0,0,1,1,54,136,hazārag,NOUN,nmod,0,1,3,1,2,0,0,0,0.5,False,False,ZWY-K20-01_mptf.conllu,1,0,0
hazārag,NOUN,nmod,0,0,0,1,0,136,1925,tō,PRON,nmod,0,1,2,2,0,0,0,0,0.0,False,False,ZWY-K20-01_mptf.conllu,1,0,0
hazārag,NOUN,obl,0,0,0,1,1,136,18258,=iš,PRON,nmod,3,2,2,3,1,1,0,0,0.75,False,False,ZWY-K20-01_mptf.conllu,1,0,0
mēnōy,NOUN,vocative,0,0,0,0,1,1405,214,abzōnīg,ADJ,amod,0,1,1,1,0,0,0,0,0.5714285714285714,False,False,ZWY-K20-01_mptf.conllu,0,1,0
dādār,NOUN,vocative,0,0,0,1,1,998,1249,gēhān,NOUN,nmod,0,1,3,1,1,0,0,0,0.7142857142857143,True,False,ZWY-K20-01_mptf.conllu,1,0,0
gēhān,NOUN,nmod,0,1,0,1,1,1249,363,astōmandān,ADJ,nmod,0,1,2,1,1,0,0,0,0.0,False,False,ZWY-K20-01_mptf.conllu,1,0,0
zardušt,PROPN,vocative,0,0,0,1,1,1746,359,spitāmān,PROPN,nmod,0,2,1,1,0,0,1,0,0.42857142857142855,False,False,ZWY-K20-01_mptf.conllu,1,0,0
dēw,NOUN,nsubj,0,0,0,0,1,1336,19,wizārdwars,ADJ,amod,0,1,3,1,2,0,0,1,0.5714285714285714,False,False,ZWY-K20-01_mptf.conllu,0,1,0
kust,NOUN,obl,0,0,0,1,1,248,74,xwarāsān,PROPN,nmod,0,1,2,2,1,0,1,1,0.8571428571428571,False,False,ZWY-K20-01_mptf.conllu,1,0,0
nišān,NOUN,nsubj,0,0,0,1,0,91,63,syā,ADJ,amod,0,1,1,2,0,0,0,0,1.0,False,False,ZWY-K20-01_mptf.conllu,0,1,0
xwaršīdar,PROPN,nsubj,0,0,0,1,1,1,49,zarduštān,ADJ,amod,0,1,2,1,1,0,0,1,0.16666666666666666,False,False,ZWY-K20-01_mptf.conllu,0,1,0
hampursagīh,NOUN,obl,0,0,0,1,1,107,2910,man,PRON,nmod,0,1,2,2,1,0,0,0,0.5,False,False,ZWY-K20-01_mptf.conllu,1,0,0
man,PRON,nmod,0,0,0,1,1,2907,3242,ohrmazd,PROPN,appos,0,1,1,1,0,0,1,0,0.0,False,False,ZWY-K20-01_mptf.conllu,0,0,0
zardušt,PROPN,vocative,0,0,0,1,1,1746,359,spitāmān,PROPN,nmod,0,2,1,1,0,0,1,0,0.6666666666666666,False,False,ZWY-K20-01_mptf.conllu,1,0,0
kust,NOUN,obl,0,0,0,1,1,248,13,čīnestān,PROPN,nmod,0,1,2,1,1,0,1,1,0.8333333333333334,False,False,ZWY-K20-01_mptf.conllu,1,0,0
pid,NOUN,nsubj,0,0,0,1,0,547,18258,ōy,PRON,nmod,0,1,2,1,1,0,0,1,0.5,False,False,ZWY-K20-01_mptf.conllu,1,0,0
tōhmag,NOUN,obl,0,0,0,1,1,223,141,kayān,PROPN,nmod,0,2,1,2,0,0,1,0,0.75,False,False,ZWY-K20-01_mptf.conllu,1,0,0
kay,PROPN,dislocated:topic,0,0,0,0,1,137,140,dēnīg,ADJ,amod,1,1,2,2,1,0,0,1,0.0,False,False,ZWY-K20-01_mptf.conllu,0,1,1
wahrām,PROPN,nmod,0,0,0,1,1,168,12,warzāwand,ADJ,amod,0,1,2,1,1,0,0,1,0.0,False,False,ZWY-K20-01_mptf.conllu,0,1,0
nām,NOUN,nsubj,0,0,0,1,1,528,168,wahrām,PROPN,nmod,1,2,3,1,1,0,1,0,0.6666666666666666,False,False,ZWY-K20-01_mptf.conllu,1,0,0
ābān,PROPN,ccomp,0,0,0,1,1,51,690,māh,NOUN,nmod,0,1,2,3,0,0,0,0,0.0,False,False,ZWY-K20-01_mptf.conllu,1,0,0
wād,NOUN,conj,0,0,0,1,1,422,986,rōz,NOUN,nmod,0,1,1,2,0,0,0,0,0.0,False,False,ZWY-K20-01_mptf.conllu,1,0,0
pidar,NOUN,obl,0,0,0,1,0,547,18258,ōy,PRON,nmod,0,1,2,1,1,0,0,1,0.7142857142857143,False,False,ZWY-K20-01_mptf.conllu,1,0,0
kanīgān,NOUN,obl,1,0,0,1,0,93,155,šā,NOUN,nmod,0,1,2,2,1,0,0,1,1.0,False,False,ZWY-K20-01_mptf.conllu,1,0,0
spāh,NOUN,nsubj,0,0,0,1,1,89,23,hindūg,ADJ,amod,1,1,3,2,1,0,0,0,0.5,False,False,ZWY-K20-01_mptf.conllu,0,1,0
rōd,NOUN,obl,0,0,0,1,1,347,1864,weh,PROPN,nmod,0,2,1,2,0,0,1,0,0.5,False,False,ZWY-K20-01_mptf.conllu,1,0,0
deh,NOUN,ccomp,0,0,0,1,1,348,1,bam,PROPN,nmod,0,2,1,2,0,0,1,0,0.0,False,False,ZWY-K20-01_mptf.conllu,1,0,0
baxl,PROPN,nmod,0,0,0,1,1,16,16,baxl,PROPN,nmod,0,2,1,1,1,0,1,0,0.0,False,False,ZWY-K20-01_mptf.conllu,1,0,0
zardušt,PROPN,vocative,0,0,0,1,1,1746,359,spitāmān,PROPN,nmod,0,2,1,1,0,0,1,0,1.0,False,False,ZWY-K20-01_mptf.conllu,1,0,0
stārag,NOUN,nsubj,0,0,0,1,1,123,3242,ohrmazd,PROPN,nmod,0,1,2,1,1,0,1,1,0.2,False,False,ZWY-K20-01_mptf.conllu,1,0,0
gund,NOUN,nsubj,0,0,0,1,1,47,28,amar,ADJ,amod,0,2,2,2,1,0,0,0,1.0,False,False,ZWY-K20-01_mptf.conllu,0,2,0
gund,NOUN,nsubj,0,0,0,1,1,47,13,zēnāwand,ADJ,amod,0,1,2,2,0,0,0,0,1.0,False,False,ZWY-K20-01_mptf.conllu,0,2,0
war,NOUN,ccomp,0,0,0,1,1,328,30,padišxwārgar,PROPN,nmod,0,1,2,2,1,0,1,1,0.0,False,False,ZWY-K20-01_mptf.conllu,1,0,0
šnāyišn,NOUN,root,0,0,0,1,1,97,1006,dādār,NOUN,nmod,0,1,4,2,4,0,0,1,0.0,True,True,ZWY-K43a-01_mptf.conllu,1,0,0
dādār,NOUN,nmod,0,0,0,1,1,998,3242,ohrmazd,PROPN,flat,0,1,3,4,0,0,1,0,0.0,True,False,ZWY-K43a-01_mptf.conllu,0,1,0
dādār,NOUN,nmod,0,0,0,1,1,998,1864,weh,ADJ,amod,1,1,3,4,5,0,0,1,0.0,True,False,ZWY-K43a-01_mptf.conllu,0,1,0
āfrīnišnīh,NOUN,nsubj,0,0,0,1,1,2,735,wehdēn,NOUN,nmod,1,1,3,4,2,0,0,0,1.0,True,False,ZWY-K43a-01_mptf.conllu,1,0,0
wehdēn,NOUN,nmod,0,0,0,1,1,71,244,abēzag,ADJ,amod,0,2,2,2,1,0,0,1,0.0,False,False,ZWY-K43a-01_mptf.conllu,1,1,0
wehdēn,NOUN,nmod,0,1,0,1,1,71,595,mazdēsnān,ADJ,nmod,0,1,2,2,1,0,0,1,0.0,False,False,ZWY-K43a-01_mptf.conllu,1,1,0
xrad,NOUN,obj,0,0,0,1,1,654,40,harwispāgāhīh,NOUN,nmod,0,1,2,1,1,0,0,1,0.6666666666666666,False,False,ZWY-K43a-01_mptf.conllu,1,0,0
bun,NOUN,obj,0,0,0,1,1,959,57,wan,NOUN,nmod,1,2,4,2,1,1,0,0,0.5,False,False,ZWY-K43a-01_mptf.conllu,1,0,1
xwadāy,NOUN,vocative,0,0,0,0,1,494,1550,mēnōyān,NOUN,nmod,0,1,3,1,2,0,0,1,0.5,False,False,ZWY-K43a-01_mptf.conllu,1,0,0
mēnōyān,NOUN,nmod,0,0,0,1,1,1405,1135,gētīgān,NOUN,nmod,1,1,2,2,1,0,0,0,0.0,False,False,ZWY-K43a-01_mptf.conllu,1,0,0
bun,NOUN,obj,0,0,0,1,1,959,103,draxt,NOUN,nmod,1,2,3,2,1,0,0,0,0.8333333333333334,False,False,ZWY-K43a-01_mptf.conllu,1,0,1
zarduxšt,PROPN,obl,0,0,0,1,1,1746,359,spitāmān,PROPN,amod,0,2,1,2,0,0,1,0,0.5,False,False,ZWY-K43a-01_mptf.conllu,0,1,0
bun,NOUN,nsubj,0,0,0,1,1,959,103,draxt,NOUN,nmod,1,2,2,5,1,1,0,0,0.75,False,False,ZWY-K43a-01_mptf.conllu,1,0,1
xwadāyīh,NOUN,root,0,0,0,1,1,638,29,asēmēn,NOUN,nmod,0,2,2,6,0,1,0,0,0.0,False,False,ZWY-K43a-01_mptf.conllu,2,0,0
xwadāyīh,NOUN,root,0,0,0,1,1,638,14,ardaxšīr,PROPN,nmod,0,1,2,6,0,1,1,0,0.0,False,False,ZWY-K43a-01_mptf.conllu,2,0,0
xwadāyīh,NOUN,root,0,0,0,1,1,638,155,šah,NOUN,appos,1,1,2,6,1,1,0,1,0.0,False,False,ZWY-K43a-01_mptf.conllu,2,0,0
xwadāyīh,NOUN,root,0,0,0,1,1,638,23,pōlāwadēn,ADJ,nmod,0,2,3,4,2,0,0,1,0.0,False,False,ZWY-K43a-01_mptf.conllu,2,0,0
xwadāyīh,NOUN,root,0,0,0,1,0,638,51,husraw,PROPN,nmod,1,1,3,4,2,0,1,0,0.0,False,False,ZWY-K43a-01_mptf.conllu,2,0,0
husraw,PROPN,nmod,0,0,0,0,1,36,36,anōšagruwān,ADJ,amod,0,2,2,2,0,0,0,0,0.0,False,False,ZWY-K43a-01_mptf.conllu,1,1,0
husraw,PROPN,nmod,0,0,0,0,1,36,11,kawādān,PROPN,nmod,0,1,2,2,1,0,1,1,0.0,False,False,ZWY-K43a-01_mptf.conllu,1,1,0
pādixšāyīh,NOUN,root,0,0,0,1,0,225,1338,dēw,NOUN,nmod,0,1,4,5,0,0,0,0,0.0,False,False,ZWY-K43a-01_mptf.conllu,1,1,0
pādixšāyīh,NOUN,root,0,0,0,1,1,225,19,wizārdwars,ADJ,amod,1,1,4,5,1,0,0,1,0.0,False,False,ZWY-K43a-01_mptf.conllu,1,1,0
sadōzim,NOUN,nmod,0,0,0,1,0,54,1925,tō,PRON,nmod,0,1,2,3,1,0,0,1,0.0,False,False,ZWY-K43a-01_mptf.conllu,1,0,0
zarduxšt,PROPN,vocative,0,0,0,1,1,1746,359,spitmān,PROPN,nmod,0,2,1,1,0,0,1,0,1.0,False,False,ZWY-K43a-01_mptf.conllu,1,0,0
wizend,NOUN,nmod,0,0,0,1,1,109,20,gizistag,ADJ,amod,2,2,1,4,0,0,0,0,0.0,False,True,ZWY-K43a-01_mptf.conllu,3,1,0
wizend,NOUN,nmod,0,0,0,1,1,109,1,bāmdād,PROPN,nmod,0,2,1,4,0,0,1,0,0.0,False,False,ZWY-K43a-01_mptf.conllu,3,1,0
wizend,NOUN,nmod,0,0,0,1,1,109,111,wizend,NOUN,nmod,0,2,1,4,4,0,0,0,0.0,False,False,ZWY-K43a-01_mptf.conllu,3,1,0
wizend,NOUN,nmod,0,0,0,1,1,109,2,dēnpetyārag,NOUN,nmod,0,1,1,4,0,0,0,0,0.0,False,False,ZWY-K43a-01_mptf.conllu,3,1,0
husraw,PROPN,nsubj,0,0,0,0,1,36,36,anōšagruwān,ADJ,amod,0,2,1,3,0,1,0,0,0.5,False,False,ZWY-K43a-01_mptf.conllu,1,1,0
husraw,PROPN,nsubj,0,0,0,0,1,36,2,māhdādān,NOUN,nmod,0,1,1,3,0,1,0,0,0.5,False,False,ZWY-K43a-01_mptf.conllu,1,1,0
nēwšāpūr,PROPN,obj,0,0,0,1,1,2,2,dādohrmazd,PROPN,nmod,0,1,2,4,2,0,1,1,1.0,False,False,ZWY-K43a-01_mptf.conllu,1,0,0
dādohrmazd,PROPN,nmod,0,0,0,1,1,2,2,ādurmihr,PROPN,nmod,1,1,1,2,0,0,1,0,0.0,False,False,ZWY-K43a-01_mptf.conllu,1,0,0
paywand,NOUN,obl,0,1,0,1,1,179,787,ašmāh,PRON,nmod,0,1,2,2,1,0,0,1,0.8333333333333334,False,False,ZWY-K43a-01_mptf.conllu,1,0,0
spitāmān,PROPN,nmod,0,0,0,1,1,356,359,spitāmān,PROPN,nmod,0,2,1,1,1,0,1,0,0.0,False,False,ZWY-K43a-01_mptf.conllu,1,0,0
tūr,PROPN,nsubj,0,0,0,1,1,53,14,brādrōš,PROPN,nmod,0,1,2,2,1,0,1,1,1.0,False,False,ZWY-K43a-01_mptf.conllu,2,0,0
tūr,PROPN,nsubj,0,0,0,1,1,53,72,karab,PROPN,nmod,1,1,2,2,1,0,1,1,1.0,False,False,ZWY-K43a-01_mptf.conllu,2,0,0
tan,NOUN,conj,0,0,0,1,1,2253,190,pasēn,ADJ,amod,0,1,2,2,1,0,0,1,0.0,False,False,ZWY-K43a-01_mptf.conllu,0,1,0
xrad,NOUN,obl,0,0,0,1,1,654,40,harwispāgāhīh,NOUN,nmod,0,1,2,2,1,0,0,1,0.4,False,False,ZWY-K43a-01_mptf.conllu,1,0,0
=š,PRON,nsubj,0,0,0,1,1,18107,359,spitāmān,PROPN,nmod,2,1,4,2,0,0,1,0,0.6,False,False,ZWY-K43a-01_mptf.conllu,1,0,0
zarduxšt,PROPN,vocative,0,0,0,1,1,1746,313,frawahr,NOUN,nmod,2,1,3,1,2,0,0,0,1.0,False,False,ZWY-K43a-01_mptf.conllu,1,0,0
frawahr,NOUN,nmod,0,0,0,1,0,313,2060,ahlaw,ADJ,amod,1,2,2,2,1,0,0,1,0.0,False,False,ZWY-K43a-01_mptf.conllu,0,2,0
frawahr,NOUN,nmod,0,0,0,1,1,313,662,pāhlom,ADJ,amod,0,2,2,2,0,0,0,0,0.0,False,False,ZWY-K43a-01_mptf.conllu,0,2,0
dast,NOUN,obj,0,0,0,1,1,477,1747,zarduxšt,PROPN,nmod,0,2,2,1,2,0,1,1,1.0,False,False,ZWY-K43a-01_mptf.conllu,1,0,0
=š,PRON,nsubj,0,0,0,1,0,18107,1550,mēnōy,NOUN,appos,1,1,4,1,2,0,0,0,0.25,False,False,ZWY-K43a-01_mptf.conllu,0,0,0
mēnōy,NOUN,appos,0,0,0,0,1,1405,214,abzōnīg,ADJ,amod,0,1,3,2,0,0,0,0,0.0,False,False,ZWY-K43a-01_mptf.conllu,1,1,0
mēnōy,NOUN,appos,0,0,0,0,1,1405,1006,dādār,NOUN,nmod,1,1,3,2,1,0,0,0,0.0,False,True,ZWY-K43a-01_mptf.conllu,1,1,0
dādār,NOUN,nmod,0,0,0,1,1,998,1249,gēhān,NOUN,nmod,0,1,2,1,2,0,0,1,0.0,True,False,ZWY-K43a-01_mptf.conllu,1,0,0
gēhān,NOUN,nmod,0,1,0,1,1,1249,363,astōmandān,ADJ,amod,0,1,1,2,0,0,0,0,0.0,False,False,ZWY-K43a-01_mptf.conllu,0,1,0
xrad,NOUN,obj,0,0,0,1,1,654,40,harwispāgāhīh,NOUN,nmod,0,1,1,1,0,0,0,0,0.5,False,False,ZWY-K43a-01_mptf.conllu,1,0,0
kirb,NOUN,obl,0,0,0,1,1,204,2067,āb,NOUN,nmod,0,2,1,2,0,0,0,0,0.75,False,False,ZWY-K43a-01_mptf.conllu,1,0,0
dast,NOUN,obl,0,0,0,1,1,477,1747,zarduxšt,PROPN,nmod,0,1,2,2,1,0,1,1,1.0,False,False,ZWY-K43a-01_mptf.conllu,1,0,0
=š,PRON,nsubj,0,0,0,1,1,18107,40,harwispāgāhīh,NOUN,nmod,1,1,2,1,1,0,0,1,0.3333333333333333,False,False,ZWY-K43a-01_mptf.conllu,1,0,0
xradīh,NOUN,root,0,0,0,1,1,5,3242,ohrmazd,PROPN,nmod,0,2,2,6,0,0,1,0,0.0,False,False,ZWY-K43a-01_mptf.conllu,1,0,0
kišwar,NOUN,obl,0,0,0,1,1,281,1276,zamīg,NOUN,nmod,0,1,1,3,0,0,0,0,0.4,False,False,ZWY-K43a-01_mptf.conllu,1,0,0
tāg,NOUN,orphan,0,0,0,1,1,211,934,čand,PRON,amod,0,2,1,1,0,0,0,0,0.0,False,False,ZWY-K43a-01_mptf.conllu,0,1,0
rēšag,NOUN,nsubj,0,1,0,1,1,29,641,urwarān,NOUN,nmod,0,1,2,2,1,0,0,1,1.0,False,False,ZWY-K43a-01_mptf.conllu,1,0,0
zamīg,NOUN,acl:relcl,0,0,1,1,1,1266,189,spandarmad,PROPN,nmod,0,2,3,4,0,0,1,0,0.0,False,False,ZWY-K43a-01_mptf.conllu,1,0,0
xrad,NOUN,obj,0,0,0,1,1,654,40,harwispāgāhīh,NOUN,nmod,0,1,2,1,1,0,0,1,0.75,False,False,ZWY-K43a-01_mptf.conllu,1,0,0
xwamn,NOUN,obl,0,0,0,1,1,13,59,xwaš,ADJ,amod,0,1,2,3,1,0,0,1,1.0,False,False,ZWY-K43a-01_mptf.conllu,0,2,0
xwamn,NOUN,obl,0,0,0,1,1,13,256,ohrmazddād,ADJ,amod,1,1,2,3,1,0,0,1,1.0,False,False,ZWY-K43a-01_mptf.conllu,0,2,0
kirb,NOUN,obj,0,0,0,1,1,204,2375,xwēš,PRON,amod,0,2,3,2,1,1,0,1,0.6,False,False,ZWY-K43a-01_mptf.conllu,0,1,0
zamān,NOUN,obl,0,0,0,1,1,555,56,dēr,ADJ,amod,0,2,1,1,0,0,0,0,0.8,False,False,ZWY-K43a-01_mptf.conllu,0,1,0
xwāb,NOUN,obl,0,0,0,1,1,12,59,xwaš,ADJ,amod,0,1,2,4,1,1,0,1,1.0,False,False,ZWY-K43a-01_mptf.conllu,0,2,0
xwāb,NOUN,obl,0,0,0,1,1,12,256,ohrmazddād,ADJ,amod,1,1,2,4,1,1,0,1,1.0,False,False,ZWY-K43a-01_mptf.conllu,0,2,0
xwamn,NOUN,obl,0,0,0,1,1,13,59,xwaš,ADJ,amod,0,1,2,3,1,0,0,1,1.0,False,False,ZWY-K43a-01_mptf.conllu,0,2,0
xwamn,NOUN,obl,0,0,0,1,1,13,256,ohrmazddād,ADJ,amod,1,1,2,3,1,0,0,1,1.0,False,False,ZWY-K43a-01_mptf.conllu,0,2,0
ohrmazd,PROPN,vocative,0,0,0,1,0,3237,1550,mēnōy,NOUN,appos,0,1,4,2,1,0,0,0,0.2857142857142857,False,False,ZWY-K43a-01_mptf.conllu,0,0,0
ohrmazd,PROPN,vocative,0,0,0,1,1,3237,1006,dādār,NOUN,flat,2,1,4,2,1,0,0,0,0.2857142857142857,False,True,ZWY-K43a-01_mptf.conllu,0,0,0
mēnōy,NOUN,appos,0,0,0,0,1,1405,214,abzōnīg,ADJ,amod,0,1,2,1,1,0,0,1,0.0,False,False,ZWY-K43a-01_mptf.conllu,0,1,0
dādār,NOUN,flat,0,0,0,1,1,998,1249,gēhān,NOUN,nmod,0,1,3,1,1,0,0,0,0.0,True,False,ZWY-K43a-01_mptf.conllu,1,0,0
gēhān,NOUN,nmod,0,1,0,1,1,1249,363,astōmandān,ADJ,amod,0,1,2,1,1,0,0,1,0.0,False,False,ZWY-K43a-01_mptf.conllu,0,1,0
hangad,NOUN,obj,0,0,0,1,1,2,2,wasxwāstag,NOUN,nmod,0,1,4,2,1,0,0,1,0.5714285714285714,False,True,ZWY-K43a-01_mptf.conllu,1,0,0
driyōš,NOUN,obj,0,0,0,1,1,53,2,nēstxīr,ADJ,amod,0,1,2,1,2,0,0,1,0.5,False,False,ZWY-K43a-01_mptf.conllu,0,1,0
ruwān,NOUN,nsubj,0,0,0,1,1,1224,18258,=š,PRON,nmod,0,2,1,1,0,0,0,0,0.75,False,False,ZWY-K43a-01_mptf.conllu,1,0,0
škōh,NOUN,obj,0,0,0,1,1,39,2,wasfrazend,ADJ,amod,0,1,2,1,1,0,0,1,0.6666666666666666,False,False,ZWY-K43a-01_mptf.conllu,0,1,0
=iš,PRON,acl:relcl,0,0,0,1,1,18107,19,azg,NOUN,nmod,1,2,2,4,1,0,0,0,0.0,False,False,ZWY-K43a-01_mptf.conllu,1,0,0
zarduxšt,PROPN,vocative,0,0,0,1,1,1746,359,spitāmān,PROPN,nmod,0,2,1,1,0,0,1,0,0.3333333333333333,False,False,ZWY-K43a-01_mptf.conllu,1,0,0
bun,NOUN,nsubj,0,0,0,1,1,959,103,draxt,NOUN,nmod,1,2,2,2,1,0,0,0,0.6666666666666666,False,False,ZWY-K43a-01_mptf.conllu,1,0,1
man,PRON,nsubj,0,0,0,1,1,2907,3242,ohrmazd,PROPN,appos,0,1,1,1,0,0,1,0,1.0,False,False,ZWY-K43a-01_mptf.conllu,0,0,0
xwadāyīh,NOUN,root,0,0,0,1,1,638,5,wištāspšah,PROPN,nmod,0,1,4,6,1,1,1,1,0.0,False,False,ZWY-K43a-01_mptf.conllu,1,0,0
wištāsp,PROPN,nsubj,0,0,0,1,1,233,155,šah,NOUN,appos,0,1,1,1,0,0,0,0,0.5,False,False,ZWY-K43a-01_mptf.conllu,0,0,0
wišūdagān,NOUN,nsubj,1,1,0,1,1,12,1338,dēwān,NOUN,nmod,0,2,1,1,0,0,0,0,0.5,True,False,ZWY-K43a-01_mptf.conllu,1,0,0
dušox,PROPN,obl,0,0,0,1,1,371,60,tār,ADJ,amod,1,2,2,1,2,0,0,0,1.0,False,True,ZWY-K43a-01_mptf.conllu,0,1,0
pahrēz,NOUN,nsubj,0,0,0,1,1,204,2067,āb,NOUN,nmod,0,1,3,1,4,0,0,1,1.0,False,False,ZWY-K43a-01_mptf.conllu,1,0,0
xwadāyīh,NOUN,root,0,0,0,1,1,638,6,ardaxšahr,PROPN,nmod,0,1,5,5,2,1,1,1,0.0,False,False,ZWY-K43a-01_mptf.conllu,1,0,0
ardaxšahr,PROPN,nmod,0,0,0,1,0,6,141,kay,PROPN,appos,0,1,2,2,1,0,1,1,0.0,False,False,ZWY-K43a-01_mptf.conllu,0,0,0
wahman,PROPN,obj,0,0,0,1,1,598,12,spandyādān,PROPN,nmod,0,1,3,2,1,0,1,1,0.3333333333333333,False,False,ZWY-K43a-01_mptf.conllu,1,0,0
xwadāyīh,NOUN,root,0,0,0,1,1,638,14,ardaxšīr,PROPN,nmod,0,1,2,5,1,1,1,1,0.0,False,False,ZWY-K43a-01_mptf.conllu,1,0,0
šābūr,PROPN,conj,0,0,0,1,1,2,155,šah,NOUN,appos,0,1,1,3,0,0,0,0,0.0,False,False,ZWY-K43a-01_mptf.conllu,0,0,0
sāmān,NOUN,obl,0,0,0,1,1,114,1249,gēhān,NOUN,nmod,0,1,2,2,1,0,0,1,0.5,False,False,ZWY-K43a-01_mptf.conllu,1,0,0
ādurbād,PROPN,nsubj,0,0,0,1,1,72,2,pērōzbaxt,ADJ,amod,0,1,2,2,1,0,0,1,0.75,False,False,ZWY-K43a-01_mptf.conllu,0,2,0
ādurbād,PROPN,nsubj,0,0,0,1,1,72,2,dēnrāstwirāstār,ADJ,amod,1,1,2,2,1,0,0,1,0.75,False,True,ZWY-K43a-01_mptf.conllu,0,2,0
rōy,NOUN,obl,0,0,0,0,1,10,13,passāxtag,ADJ,amod,0,1,2,2,1,0,0,1,0.875,False,True,ZWY-K43a-01_mptf.conllu,0,1,0
xwadāyīh,NOUN,root,0,0,0,1,1,638,3,aškānān,PROPN,nmod,0,1,2,5,3,0,1,1,0.0,False,False,ZWY-K43a-01_mptf.conllu,1,0,0
aškānān,PROPN,nmod,0,0,0,1,1,3,155,šah,NOUN,appos,0,1,1,3,0,0,0,0,0.0,False,False,ZWY-K43a-01_mptf.conllu,0,0,0
xwadāyīh,NOUN,root,0,0,0,1,0,638,51,husraw,PROPN,nmod,0,1,4,4,4,0,1,1,0.0,False,False,ZWY-K43a-01_mptf.conllu,1,0,0
husraw,PROPN,nmod,0,0,0,0,1,36,11,kawādān,PROPN,nmod,0,1,3,4,1,0,1,1,0.0,False,False,ZWY-K43a-01_mptf.conllu,1,0,0
husraw,PROPN,nmod,0,0,0,0,1,36,155,šah,NOUN,appos,1,1,3,4,0,0,0,0,0.0,False,False,ZWY-K43a-01_mptf.conllu,1,0,0
mazdīk,PROPN,obj,0,0,0,1,1,2,20,gizistag,ADJ,amod,0,2,2,3,0,0,0,0,0.3333333333333333,False,True,ZWY-K43a-01_mptf.conllu,2,1,0
mazdīk,PROPN,obj,0,0,0,1,1,2,5,bāmdādān,PROPN,nmod,0,1,2,3,1,0,1,1,0.3333333333333333,False,False,ZWY-K43a-01_mptf.conllu,2,1,0
mazdīk,PROPN,obj,0,0,0,1,1,2,333,petyārag,NOUN,nmod,2,1,2,3,2,0,0,1,0.3333333333333333,False,False,ZWY-K43a-01_mptf.conllu,2,1,0
petyārag,NOUN,nmod,0,0,0,1,1,323,2158,dēn,NOUN,nmod,0,2,1,2,0,0,0,0,0.0,False,False,ZWY-K43a-01_mptf.conllu,1,0,0
zarduxšt,PROPN,vocative,0,0,0,1,1,1746,359,spitāmān,PROPN,nmod,0,2,1,1,0,0,1,0,0.5,False,False,ZWY-K43a-01_mptf.conllu,1,0,0
hazārag,NOUN,nmod,0,0,0,1,0,136,1925,tō,PRON,nmod,1,1,2,1,1,0,0,1,0.0,False,False,ZWY-K43a-01_mptf.conllu,1,0,0
sar,NOUN,root,0,0,0,1,1,700,136,hazārag,NOUN,nmod,0,2,4,5,1,0,0,0,0.0,False,False,ZWY-K43a-01_mptf.conllu,1,0,0
sadōzim,NOUN,nsubj,0,0,0,1,0,54,1925,tō,PRON,nmod,1,1,2,2,1,0,0,1,0.75,False,False,ZWY-K43a-01_mptf.conllu,1,0,0
zarduxšt,PROPN,vocative,0,0,0,1,1,1746,359,spitāmān,PROPN,nmod,0,2,1,1,0,0,1,0,1.0,False,False,ZWY-K43a-01_mptf.conllu,1,0,0
dādār,NOUN,vocative,0,0,0,1,1,998,1249,gēhān,NOUN,nmod,0,1,4,1,2,0,0,1,0.6666666666666666,True,False,ZWY-K43a-01_mptf.conllu,1,0,0
gēhān,NOUN,nmod,0,1,0,1,1,1249,363,astōmandān,ADJ,nmod,0,1,3,2,2,0,0,1,0.0,False,False,ZWY-K43a-01_mptf.conllu,1,0,0
daxšag,NOUN,nsubj,0,0,0,1,1,216,56,sadōzim,NOUN,nmod,0,1,2,1,1,0,0,1,1.0,False,False,ZWY-K43a-01_mptf.conllu,1,0,0
zarduxšt,PROPN,vocative,0,0,0,1,1,1746,359,spitāmān,PROPN,nmod,0,2,1,1,0,0,1,0,0.5,False,False,ZWY-K43a-01_mptf.conllu,1,0,0
āwām,NOUN,obl:tmod,0,0,0,1,1,176,82,nidom,ADJ,amod,0,2,2,1,2,0,0,1,0.0,False,False,ZWY-K43a-01_mptf.conllu,0,1,0
dēw,NOUN,nsubj,0,0,0,0,1,1336,790,ēwēnag,NOUN,nmod,6,2,4,3,3,0,0,0,1.0,False,False,ZWY-K43a-01_mptf.conllu,1,2,0
dēw,NOUN,nsubj,0,0,0,0,1,1336,19,wizārdwars,ADJ,amod,0,1,4,3,1,0,0,1,1.0,False,False,ZWY-K43a-01_mptf.conllu,1,2,0
dēw,NOUN,nsubj,0,0,0,0,1,1336,21,xešmtōhmag,ADJ,amod,1,1,4,3,1,0,0,1,1.0,False,False,ZWY-K43a-01_mptf.conllu,1,2,0
kustag,NOUN,obl,0,0,0,1,1,149,74,xwarāsān,NOUN,nmod,0,1,1,2,0,0,0,0,0.16666666666666666,True,False,ZWY-K43a-01_mptf.conllu,1,0,0
tōhmag,NOUN,nsubj,0,0,0,1,1,223,82,nidom,ADJ,amod,0,2,2,2,1,1,0,1,0.3333333333333333,False,False,ZWY-K43a-01_mptf.conllu,0,1,0
zēn,NOUN,obj,0,0,0,1,0,32,63,syā,ADJ,amod,0,2,1,1,0,0,0,0,0.6666666666666666,False,False,ZWY-K43a-01_mptf.conllu,0,1,0
zanišn,NOUN,conj,0,0,0,1,1,245,80,xwurdag,ADJ,amod,4,2,3,6,1,0,0,0,0.0,True,True,ZWY-K43a-01_mptf.conllu,0,2,0
zanišn,NOUN,conj,0,0,0,1,1,245,3,kirrōgkār,ADJ,amod,0,2,3,6,1,0,0,0,0.0,True,True,ZWY-K43a-01_mptf.conllu,0,2,0
zarduxšt,PROPN,vocative,0,0,0,1,1,1746,359,spitāmān,PROPN,nmod,0,2,1,1,0,0,1,0,0.3333333333333333,False,False,ZWY-K43a-01_mptf.conllu,1,0,0
bun,NOUN,nsubj,0,0,0,1,1,959,18258,=š,PRON,nmod,0,2,1,1,0,0,0,0,1.0,False,False,ZWY-K43a-01_mptf.conllu,1,0,0
dehān,NOUN,obl,1,0,0,1,1,348,152,ērān,ADJ,amod,0,2,1,3,0,1,0,0,0.6666666666666666,False,False,ZWY-K43a-01_mptf.conllu,0,1,0
dēn,NOUN,nsubj,0,0,0,1,1,2149,244,abēzag,ADJ,amod,0,1,4,4,0,1,0,0,0.5,False,False,ZWY-K43a-01_mptf.conllu,1,1,0
dēn,NOUN,nsubj,0,1,0,1,1,2149,595,mazdēsnān,NOUN,nmod,1,1,4,4,1,1,0,1,0.5,False,False,ZWY-K43a-01_mptf.conllu,1,1,0
šahr,NOUN,conj,0,0,0,1,1,192,230,wuzurg,ADJ,amod,0,2,2,4,1,1,0,1,0.0,False,False,ZWY-K43a-01_mptf.conllu,0,1,0
deh,NOUN,conj,0,0,0,1,1,348,230,wuzurg,ADJ,amod,0,2,2,4,0,0,0,0,0.0,False,False,ZWY-K43a-01_mptf.conllu,0,1,0
zarduxšt,PROPN,vocative,0,0,0,1,1,1746,359,spitāmān,PROPN,nmod,0,2,1,1,0,0,1,0,0.25,False,False,ZWY-K43a-01_mptf.conllu,1,0,0
dehān,NOUN,obj,1,0,0,1,1,348,152,ērān,ADJ,amod,0,2,2,1,1,0,0,0,0.75,False,False,ZWY-K43a-01_mptf.conllu,0,1,0
dēwān,NOUN,nsubj,1,0,0,1,1,1336,19,wizārdwars,ADJ,nmod,0,1,2,2,1,1,0,1,0.5,False,False,ZWY-K43a-01_mptf.conllu,1,0,0
dehān,NOUN,obj,1,0,0,1,1,348,152,ērān,ADJ,amod,0,2,1,2,0,1,0,0,0.6666666666666666,False,False,ZWY-K43a-01_mptf.conllu,0,1,0
zarduxšt,PROPN,vocative,0,0,0,1,1,1746,359,spitāmān,PROPN,nmod,0,2,1,1,0,0,1,0,0.5,False,False,ZWY-K43a-01_mptf.conllu,1,0,0
dōstīh,NOUN,conj,0,0,0,1,1,113,1226,ruwān,NOUN,nmod,0,2,1,2,0,0,0,0,0.0,False,False,ZWY-K43a-01_mptf.conllu,1,0,0
mihr,NOUN,nsubj,0,0,0,1,1,289,547,pid,NOUN,nmod,0,1,3,1,2,0,0,1,0.16666666666666666,False,False,ZWY-K43a-01_mptf.conllu,1,0,0
sadōzim,NOUN,nsubj,0,0,0,1,0,54,1925,tō,PRON,nmod,1,1,2,1,1,0,0,1,0.25,False,False,ZWY-K43a-01_mptf.conllu,1,0,0
zarduxšt,PROPN,vocative,0,0,0,1,1,1746,359,spitāmān,PROPN,nmod,0,1,1,1,0,0,1,0,0.5,False,False,ZWY-K43a-01_mptf.conllu,1,0,0
zamīg,NOUN,nsubj,0,0,1,1,1,1266,189,spandarmad,PROPN,nmod,0,2,1,1,0,0,1,0,0.5,False,False,ZWY-K43a-01_mptf.conllu,1,0,0
bar,NOUN,dislocated,0,0,0,1,1,253,163,ǰōrdāgān,NOUN,nmod,0,1,2,1,1,0,0,1,0.0,False,False,ZWY-K43a-01_mptf.conllu,1,0,0
spās,NOUN,obj,0,0,0,1,1,83,66,nān,NOUN,nmod,2,1,3,2,2,0,0,1,1.0,False,False,ZWY-K43a-01_mptf.conllu,1,0,0
āwām,NOUN,obl,0,0,0,1,1,176,63,wattom,ADJ,amod,0,2,2,3,1,1,0,1,0.25,False,False,ZWY-K43a-01_mptf.conllu,0,1,0
ēr,NOUN,obl,0,0,0,1,1,25,2716,mardōm,NOUN,nmod,1,1,2,3,2,1,0,1,1.0,False,False,ZWY-K43a-01_mptf.conllu,1,0,0
mardōm,NOUN,nmod,0,0,0,1,1,2713,54,dēnburdār,ADJ,amod,0,2,1,2,0,0,0,0,0.0,False,True,ZWY-K43a-01_mptf.conllu,0,1,0
dahišn,NOUN,nsubj,0,1,0,1,1,636,4718,=šān,PRON,nmod,0,2,1,1,0,0,0,0,0.5,True,False,ZWY-K43a-01_mptf.conllu,1,0,0
kār,NOUN,nsubj,0,1,0,1,1,1414,4718,=šān,PRON,nmod,0,2,1,2,0,0,0,0,0.5,True,False,ZWY-K43a-01_mptf.conllu,1,0,0
sardagān,NOUN,nsubj,1,1,0,1,1,269,5,ǰudkēšān,NOUN,nmod,0,1,1,2,0,0,0,0,0.3333333333333333,False,False,ZWY-K43a-01_mptf.conllu,1,0,0
nigānīdan,NOUN,obj,0,0,0,1,0,2,709,nasā,NOUN,nmod,0,2,3,4,0,0,0,0,0.5,True,False,ZWY-K43a-01_mptf.conllu,1,0,0
šustan,NOUN,conj,0,0,0,1,0,11,709,nasā,NOUN,nmod,0,2,1,2,0,0,0,0,0.0,True,False,ZWY-K43a-01_mptf.conllu,1,0,0
xwardan,NOUN,conj,0,0,0,1,0,26,709,nasā,NOUN,nmod,0,2,1,2,0,0,0,0,0.0,True,False,ZWY-K43a-01_mptf.conllu,1,0,0
kār,NOUN,obl,0,0,0,1,1,1414,230,wuzurg,ADJ,amod,2,1,2,3,1,0,0,1,1.0,True,False,ZWY-K43a-01_mptf.conllu,0,1,0
rāh,NOUN,conj,0,0,0,1,1,587,371,dušox,PROPN,nmod,0,1,1,2,0,0,1,0,0.0,False,False,ZWY-K43a-01_mptf.conllu,1,0,0
abārōnīh,NOUN,obl,0,0,0,1,1,43,128,xešm,NOUN,nmod,3,1,3,4,2,0,0,1,0.5,False,False,ZWY-K43a-01_mptf.conllu,1,0,0
āwām,NOUN,obl,0,0,0,1,1,176,174,škaft,ADJ,amod,0,2,2,3,1,1,0,1,0.3333333333333333,False,False,ZWY-K43a-01_mptf.conllu,0,1,0
zarduxšt,PROPN,vocative,0,0,0,1,1,1746,359,spitāmān,PROPN,nmod,0,2,1,1,0,0,1,0,0.6666666666666666,False,False,ZWY-K43a-01_mptf.conllu,1,0,0
pādixšāyīh,NOUN,nsubj,0,0,0,1,1,225,128,xešm,NOUN,nmod,0,1,5,1,3,0,0,0,1.0,False,False,ZWY-K43a-01_mptf.conllu,1,0,0
xešm,NOUN,nmod,0,0,0,1,1,128,24,xrudruš,ADJ,amod,0,1,4,3,1,0,0,1,0.0,False,False,ZWY-K43a-01_mptf.conllu,0,1,0
dēw,NOUN,conj:nmod,0,0,0,0,1,1336,19,wizārdwars,ADJ,amod,0,1,3,2,2,0,0,1,0.0,False,False,ZWY-K43a-01_mptf.conllu,0,1,0
dehān,NOUN,nmod,1,0,0,1,1,348,152,ērān,ADJ,amod,0,2,1,2,0,0,0,0,0.0,False,False,ZWY-K43a-01_mptf.conllu,0,1,0
mardōmān,NOUN,conj:nmod,1,0,0,1,1,2713,3,nidombunīg,ADJ,amod,3,2,2,4,1,1,0,1,0.0,False,False,ZWY-K43a-01_mptf.conllu,1,1,0
mardōmān,NOUN,conj:nmod,1,1,0,1,1,2713,348,dehān,NOUN,nmod,0,2,2,4,2,1,0,0,0.0,False,False,ZWY-K43a-01_mptf.conllu,1,1,0
āwām,NOUN,obl,0,0,0,1,1,176,82,nidom,ADJ,amod,0,2,2,3,1,1,0,1,0.5454545454545454,False,False,ZWY-K43a-01_mptf.conllu,0,1,0
nasākadag,NOUN,obl,0,1,0,1,1,3,4718,awēšān,PRON,nmod,0,1,2,2,1,0,0,1,0.3333333333333333,True,False,ZWY-K43a-01_mptf.conllu,1,0,0
āwām,NOUN,obl,0,0,0,1,1,176,82,nidom,ADJ,amod,0,2,2,4,1,1,0,1,0.2,False,False,ZWY-K43a-01_mptf.conllu,0,1,0
dēn,NOUN,nsubj,0,0,0,1,1,2149,5034,ēn,DET,nmod,0,2,1,1,0,0,0,0,0.8,False,False,ZWY-K43a-01_mptf.conllu,1,0,0
dēn,NOUN,obl,0,0,0,1,1,2149,5034,ēn,DET,nmod,0,2,1,2,0,0,0,0,0.25,False,False,ZWY-K43a-01_mptf.conllu,1,0,0
ātaxš,NOUN,nsubj,0,0,0,1,1,1442,168,warahrām,PROPN,nmod,0,1,2,1,1,0,1,1,0.5,False,False,ZWY-K43a-01_mptf.conllu,1,0,0
kirbakkar,NOUN,nsubj,0,0,0,1,1,40,410,nēk,ADJ,amod,0,1,3,2,1,0,0,1,0.5,False,False,ZWY-K43a-01_mptf.conllu,1,1,0
kirbakkar,NOUN,nsubj,0,0,0,1,1,40,181,dūdag,NOUN,nmod,2,1,3,2,2,0,0,0,0.5,False,True,ZWY-K43a-01_mptf.conllu,1,1,0
dūdag,NOUN,nmod,0,1,0,1,1,181,14,āzādmardān,NOUN,nmod,0,1,2,2,1,0,0,1,0.0,True,False,ZWY-K43a-01_mptf.conllu,1,0,0
duxt,NOUN,obj,0,1,0,1,1,307,17,āzādagān,ADJ,nmod,0,1,3,1,3,0,0,1,0.6666666666666666,False,True,ZWY-K43a-01_mptf.conllu,1,0,0
gōwišn,NOUN,nsubj,0,1,0,1,1,888,54,dēnburdārān,NOUN,nmod,0,1,3,4,1,0,0,1,1.0,True,True,ZWY-K43a-01_mptf.conllu,1,0,0
muhr,NOUN,conj,0,0,0,1,1,49,14,wizurd,NOUN,amod,0,1,2,2,1,0,0,1,0.0,False,False,ZWY-K43a-01_mptf.conllu,0,1,0
dādwar,NOUN,conj,0,0,0,1,1,202,465,rāst,ADJ,amod,0,1,2,2,1,0,0,1,0.0,False,False,ZWY-K43a-01_mptf.conllu,0,1,0
gōwišn,NOUN,conj,0,1,0,1,1,888,465,rāstān,NOUN,nmod,0,1,2,2,1,0,0,1,0.0,True,False,ZWY-K43a-01_mptf.conllu,1,0,0
ahlawān,NOUN,nmod,1,1,0,1,1,378,2060,ahlawān,NOUN,nmod,0,2,1,2,2,0,0,1,0.0,False,False,ZWY-K43a-01_mptf.conllu,1,0,0
gōwišn,NOUN,obj,0,1,0,1,1,888,80,xwurdagān,NOUN,nmod,0,1,4,1,5,0,0,1,1.0,True,True,ZWY-K43a-01_mptf.conllu,1,0,0
sōgand,NOUN,obj,0,0,0,1,0,10,77,drō,NOUN,nmod,1,1,2,1,1,0,0,0,0.2,False,False,ZWY-K43a-01_mptf.conllu,1,0,0
man,PRON,obl,0,0,0,1,1,2907,3242,ohrmazd,PROPN,appos,0,1,1,2,0,0,1,0,1.0,False,False,ZWY-K43a-01_mptf.conllu,0,0,0
wināh,NOUN,nmod,0,0,0,1,1,1238,1238,wināh,NOUN,nmod,0,2,1,3,3,0,0,0,0.0,False,False,ZWY-K43a-01_mptf.conllu,1,0,0
ōy,PRON,obl,0,0,0,0,1,18107,475,did,PRON,nmod,0,1,1,3,0,0,0,0,0.6666666666666666,False,False,ZWY-K43a-01_mptf.conllu,1,0,0
dušox,PROPN,nmod,0,0,0,1,1,371,371,dušox,PROPN,nmod,0,2,1,2,2,0,1,0,0.0,False,False,ZWY-K43a-01_mptf.conllu,1,0,0
hazārag,NOUN,nsubj,0,0,0,1,0,136,1925,tō,PRON,nmod,0,1,2,1,1,0,0,1,0.5,False,False,ZWY-K43a-01_mptf.conllu,1,0,0
zarduxšt,PROPN,vocative,0,0,0,1,1,1746,359,spitāmān,PROPN,nmod,0,2,1,1,0,0,1,0,0.75,False,False,ZWY-K43a-01_mptf.conllu,1,0,0
āzparistīn,NOUN,xcomp,1,0,0,1,1,2,2,ānāstagdēn,ADJ,amod,0,1,1,1,0,0,0,0,0.0,False,False,ZWY-K43a-01_mptf.conllu,0,1,0
abr,NOUN,nsubj,0,0,0,1,1,124,4,kāmgār,ADJ,amod,0,1,4,1,2,0,0,1,0.5,False,True,ZWY-K43a-01_mptf.conllu,0,1,0
wād,NOUN,conj:amod,0,0,0,1,0,422,6,ardā,ADJ,amod,0,1,2,2,1,0,0,1,0.0,False,False,ZWY-K43a-01_mptf.conllu,0,1,0
abr,NOUN,conj,0,0,0,1,1,124,5,nizm,NOUN,nmod,0,1,2,2,1,0,0,1,0.0,False,False,ZWY-K43a-01_mptf.conllu,1,0,0
wād,NOUN,nsubj,0,0,0,1,1,422,16587,ān,DET,nmod,1,2,2,2,0,0,0,0,0.3333333333333333,False,False,ZWY-K43a-01_mptf.conllu,1,1,0
wād,NOUN,nsubj,0,0,0,1,1,422,89,garm,ADJ,amod,0,2,2,2,1,0,0,1,0.3333333333333333,False,False,ZWY-K43a-01_mptf.conllu,1,1,0
wād,NOUN,obl,0,0,0,1,1,422,16587,ān,DET,nmod,1,2,2,3,0,0,0,0,0.6666666666666666,False,False,ZWY-K43a-01_mptf.conllu,1,1,0
wād,NOUN,obl,0,0,0,1,1,422,78,sard,ADJ,amod,0,2,2,3,1,0,0,1,0.6666666666666666,False,False,ZWY-K43a-01_mptf.conllu,1,1,0
bar,NOUN,obj,0,1,0,1,1,253,163,ǰōrdāyān,NOUN,nmod,2,1,2,2,1,0,0,1,1.0,False,False,ZWY-K43a-01_mptf.conllu,1,0,0
āb,NOUN,nsubj,0,1,0,1,1,2066,347,rōdān,NOUN,nmod,0,1,3,1,2,0,0,1,0.6666666666666666,False,False,ZWY-K43a-01_mptf.conllu,1,0,0
gāw,NOUN,obl,0,0,0,0,1,459,8,warzāg,ADJ,amod,0,1,1,1,0,0,0,0,0.2,False,False,ZWY-K43a-01_mptf.conllu,0,1,0
asp,NOUN,obl,0,0,0,1,1,224,62,arwand,ADJ,amod,0,1,2,1,1,0,0,1,0.6,False,False,ZWY-K43a-01_mptf.conllu,0,1,0
āwām,NOUN,obl,0,0,0,1,1,176,174,škaft,ADJ,amod,0,2,1,3,0,1,0,0,0.18181818181818182,False,False,ZWY-K43a-01_mptf.conllu,0,1,0
zarduxšt,PROPN,vocative,0,0,0,1,1,1746,359,spitāmān,PROPN,nmod,0,2,1,1,0,0,1,0,0.2727272727272727,False,False,ZWY-K43a-01_mptf.conllu,1,0,0
drōdādestān,NOUN,conj,0,0,0,1,1,3,833,was,ADJ,amod,1,2,1,3,0,1,0,0,0.0,False,False,ZWY-K43a-01_mptf.conllu,0,1,0
ustōfrīt,NOUN,conj,0,1,0,1,1,30,1407,yazadān,NOUN,nmod,0,1,2,2,1,0,0,1,0.0,False,False,ZWY-K43a-01_mptf.conllu,1,0,0
dāšn,NOUN,obj,0,0,0,1,1,67,35,ahlawdād,NOUN,nmod,0,1,2,1,1,0,0,1,1.0,False,False,ZWY-K43a-01_mptf.conllu,1,0,0
mardōm,NOUN,nsubj,0,0,0,1,1,2713,735,wehdēn,NOUN,amod,0,2,3,3,1,1,0,1,0.2,False,False,ZWY-K43a-01_mptf.conllu,0,1,0
dēn,NOUN,obj,0,0,0,1,1,2149,1864,weh,ADJ,amod,0,1,1,3,0,1,0,0,0.4,False,False,ZWY-K43a-01_mptf.conllu,1,1,0
dēn,NOUN,obj,0,1,0,1,1,2149,595,mazdēsnān,NOUN,nmod,1,1,1,3,0,1,0,0,0.4,False,False,ZWY-K43a-01_mptf.conllu,1,1,0
rāh,NOUN,obl,0,1,0,1,1,587,4718,awēšān,PRON,nmod,0,2,2,4,1,1,0,1,0.6,False,False,ZWY-K43a-01_mptf.conllu,1,0,0
uzdeyīgīh,NOUN,obl,0,0,0,1,1,5,2,bungyāg,NOUN,nmod,1,1,3,2,2,0,0,0,0.3333333333333333,False,False,ZWY-K43a-01_mptf.conllu,1,0,0
wattarān,NOUN,obl,1,1,0,1,1,148,80,xwurdagān,NOUN,amod,0,2,1,2,0,0,0,0,0.5,False,True,ZWY-K43a-01_mptf.conllu,0,1,0
mardōm,NOUN,nsubj,0,0,0,1,0,2713,2,nō,NUM,nmod,2,1,3,2,1,1,0,0,0.5,False,False,ZWY-K43a-01_mptf.conllu,1,0,0
kust,NOUN,obl,0,0,0,1,1,248,154,abāxtar,NOUN,nmod,0,1,2,2,1,0,0,1,1.0,False,False,ZWY-K43a-01_mptf.conllu,1,0,0
dušxwadāyīh,NOUN,obl,0,1,0,1,1,9,4718,awēšān,PRON,nmod,0,2,1,1,0,0,0,0,0.3333333333333333,False,False,ZWY-K43a-01_mptf.conllu,1,0,0
zamīg,NOUN,nsubj,0,0,1,1,1,2,189,spandarmad,PROPN,nmod,0,2,1,1,0,0,1,0,0.25,False,False,ZWY-K43a-01_mptf.conllu,1,0,0
gōhrēwēnist,NOUN,nsubj,0,0,0,1,1,1,50,zarr,NOUN,nmod,4,1,3,2,4,0,0,0,0.75,False,False,ZWY-K43a-01_mptf.conllu,1,0,0
bandagān,NOUN,obl,1,1,0,1,1,68,160,anērān,ADJ,amod,0,2,3,3,0,0,0,0,0.3333333333333333,True,False,ZWY-K43a-01_mptf.conllu,1,1,0
bandagān,NOUN,obl,1,0,0,1,1,68,21,turk,PROPN,nmod,3,1,3,3,2,0,1,0,0.3333333333333333,True,False,ZWY-K43a-01_mptf.conllu,1,1,0
turk,PROPN,nmod,0,0,0,1,1,18,29,xyōn,PROPN,nmod,0,2,2,2,1,0,1,0,0.0,False,False,ZWY-K43a-01_mptf.conllu,1,0,0
tōbīd,PROPN,nmod,0,0,0,1,1,2,2,tōbīd,PROPN,nmod,0,2,1,1,1,0,1,0,0.0,False,False,ZWY-K43a-01_mptf.conllu,1,0,0
andarg,NOUN,amod,0,0,0,1,1,5,191,andarg,NOUN,amod,0,2,1,1,1,0,0,0,0.0,False,False,ZWY-K43a-01_mptf.conllu,0,1,0
kōfyār,NOUN,nmod,0,0,0,1,1,1,1,kōfyār,NOUN,nmod,0,2,1,1,1,0,0,0,0.0,True,True,ZWY-K43a-01_mptf.conllu,1,0,0
xyōn,PROPN,conj,0,0,0,1,1,29,108,spēd,ADJ,amod,0,2,1,2,0,0,0,0,0.0,False,False,ZWY-K43a-01_mptf.conllu,0,1,0
dehān,NOUN,obl,1,0,0,1,1,348,152,ērān,ADJ,amod,0,2,2,3,0,0,0,0,0.6666666666666666,False,False,ZWY-K43a-01_mptf.conllu,1,1,0
dehān,NOUN,obl,1,0,0,1,1,348,2910,man,PRON,nmod,0,1,2,3,1,0,0,1,0.6666666666666666,False,False,ZWY-K43a-01_mptf.conllu,1,1,0
framān,NOUN,nsubj,0,1,0,1,1,244,4718,awēšān,PRON,nmod,0,1,2,1,1,0,0,1,0.8333333333333334,False,False,ZWY-K43a-01_mptf.conllu,1,0,0
mard,NOUN,obj,0,0,0,1,1,2067,410,nēk,ADJ,amod,1,1,2,2,1,0,0,1,0.3333333333333333,False,False,ZWY-K43a-01_mptf.conllu,0,1,1
čašm,NOUN,obl,0,1,0,1,1,201,4718,awēšān,PRON,nmod,0,1,2,2,1,0,0,1,1.0,False,False,ZWY-K43a-01_mptf.conllu,1,0,0
xwadāyīh,NOUN,obl,0,0,0,1,1,638,2,xešmkāmagīh,NOUN,nmod,0,2,1,1,0,0,0,0,0.75,False,False,ZWY-K43a-01_mptf.conllu,1,0,0
čašm,NOUN,nsubj,0,0,0,1,1,201,149,āz,NOUN,nmod,0,2,1,2,0,0,0,0,0.3333333333333333,False,False,ZWY-K43a-01_mptf.conllu,2,0,0
čašm,NOUN,nsubj,0,1,0,1,1,201,4718,awēšān,PRON,nmod,0,1,1,2,0,0,0,0,0.3333333333333333,False,False,ZWY-K43a-01_mptf.conllu,2,0,0
xwāstag,NOUN,obj,0,0,0,1,1,1099,1249,gēhān,NOUN,nmod,0,1,2,1,1,0,0,1,0.6666666666666666,True,False,ZWY-K43a-01_mptf.conllu,1,0,0
kūnmarz,NOUN,obj,0,0,0,1,1,22,833,was,ADV,amod,2,1,2,2,1,0,0,1,0.6666666666666666,False,False,ZWY-K43a-01_mptf.conllu,0,1,0
waran,NOUN,obj,0,0,0,1,1,141,123,abārōn,ADJ,nmod,0,1,2,1,1,0,0,1,1.0,False,False,ZWY-K43a-01_mptf.conllu,1,0,0
āwām,NOUN,obl,0,0,0,1,1,176,174,škeft,ADJ,amod,0,2,2,3,1,1,0,1,0.14285714285714285,False,False,ZWY-K43a-01_mptf.conllu,0,1,0
zamīg,NOUN,obl,0,0,1,1,1,1266,189,spandarmad,PROPN,nmod,0,2,1,2,0,0,1,0,0.5714285714285714,False,False,ZWY-K43a-01_mptf.conllu,1,0,0
margīh,NOUN,nsubj,0,0,0,1,1,174,153,wisp,ADJ,amod,0,2,1,1,0,0,0,0,0.7142857142857143,False,False,ZWY-K43a-01_mptf.conllu,0,1,0
zarduxšt,PROPN,obl,0,0,0,1,1,1746,359,spitāmān,PROPN,nmod,0,2,1,2,0,0,1,0,0.6666666666666666,False,False,ZWY-K43a-01_mptf.conllu,1,0,0
mēnōy,NOUN,dislocated:topic,0,0,0,0,1,1405,657,druwand,ADJ,amod,1,2,2,3,0,0,0,0,0.0,False,False,ZWY-K43a-01_mptf.conllu,0,2,0
mēnōy,NOUN,dislocated:topic,0,0,0,0,1,1405,49,ganāg,ADJ,amod,0,2,2,3,0,0,0,0,0.0,False,False,ZWY-K43a-01_mptf.conllu,0,2,0
zarduxšt,PROPN,obl,0,0,0,1,1,1746,359,spitāmān,PROPN,nmod,0,2,2,1,1,0,1,0,0.6,False,False,ZWY-K43a-01_mptf.conllu,1,0,0
ēmēd,NOUN,obl,0,0,0,1,1,68,2253,tan,NOUN,nmod,0,1,3,3,1,0,0,0,0.75,False,False,ZWY-K43a-01_mptf.conllu,1,0,0
tan,NOUN,nmod,0,0,0,1,1,2253,190,pasēn,ADJ,amod,0,1,2,1,1,0,0,1,0.0,False,False,ZWY-K43a-01_mptf.conllu,0,1,0
bōxtārīh,NOUN,conj,0,0,0,1,1,8,1226,ruwān,NOUN,nmod,0,1,2,2,1,0,0,1,0.0,False,False,ZWY-K43a-01_mptf.conllu,1,0,0
halagī,NOUN,obj,0,1,0,0,1,10,49,dēwēsnān,ADJ,nmod,5,1,3,3,2,0,0,0,1.0,False,False,ZWY-K43a-01_mptf.conllu,1,0,0
zarduxšt,PROPN,vocative,0,0,0,1,1,1746,359,sipitāmān,PROPN,nmod,0,2,1,2,0,0,1,0,0.15384615384615385,False,False,ZWY-K43a-01_mptf.conllu,1,0,0
ohrmazd,PROPN,vocative,0,0,0,1,0,3237,1550,mēnōy,NOUN,nmod,0,1,4,2,1,0,0,0,0.23076923076923078,False,False,ZWY-K43a-01_mptf.conllu,1,0,0
ohrmazd,PROPN,vocative,0,0,0,1,1,3237,1006,dādār,NOUN,appos,2,1,4,2,1,0,0,0,0.23076923076923078,False,True,ZWY-K43a-01_mptf.conllu,1,0,0
mēnōy,NOUN,nmod,0,0,0,0,1,1405,214,abzōnīg,ADJ,amod,0,1,2,1,1,0,0,1,0.0,False,False,ZWY-K43a-01_mptf.conllu,0,1,0
dādār,NOUN,appos,0,0,0,1,1,998,1249,gēhān,NOUN,nmod,0,1,3,1,2,0,0,1,0.0,True,False,ZWY-K43a-01_mptf.conllu,1,0,0
gēhān,NOUN,nmod,0,0,0,1,1,1249,363,astōmandān,ADJ,nmod,0,1,2,2,1,0,0,0,0.0,False,False,ZWY-K43a-01_mptf.conllu,1,0,0
āwām,NOUN,obl,0,0,0,1,1,176,174,škeft,ADJ,amod,0,2,2,3,1,1,0,1,0.5384615384615384,False,False,ZWY-K43a-01_mptf.conllu,0,1,0
dēn,NOUN,nsubj,0,0,0,1,1,2149,64,xwēdōdah,NOUN,nmod,0,1,2,1,1,0,0,1,0.9230769230769231,False,False,ZWY-K43a-01_mptf.conllu,1,0,0
dūdag,NOUN,obl,0,1,0,1,1,181,4718,=šān,PRON,nmod,3,2,1,2,0,0,0,0,1.0,True,False,ZWY-K43a-01_mptf.conllu,1,0,0
zarduxšt,PROPN,obl,0,0,0,1,1,1746,359,spitāmān,PROPN,nmod,0,2,1,2,0,0,1,0,0.25,False,False,ZWY-K43a-01_mptf.conllu,1,0,0
mardān,NOUN,nsubj,1,0,0,1,1,2067,662,pahlom,ADJ,amod,0,1,2,1,1,0,0,1,0.375,False,False,ZWY-K43a-01_mptf.conllu,0,1,0
āwām,NOUN,obl,0,0,0,1,1,176,174,škeft,ADJ,amod,0,2,2,3,1,1,0,1,0.5,False,False,ZWY-K43a-01_mptf.conllu,0,1,0
wištāsp,PROPN,nmod,0,0,0,1,0,233,155,šā,NOUN,appos,0,1,1,1,0,0,0,0,0.0,False,False,ZWY-K43a-01_mptf.conllu,0,0,0
āwām,NOUN,obl,0,0,0,1,1,176,174,škoft,ADJ,amod,0,2,2,3,1,1,0,1,0.5,False,False,ZWY-K43a-01_mptf.conllu,0,1,0
xwadāyīh,NOUN,orphan,0,0,0,1,1,638,235,wištāsp,PROPN,nmod,0,1,2,2,1,0,1,0,0.0,False,False,ZWY-K43a-01_mptf.conllu,1,0,0
wištāsp,PROPN,nmod,0,0,0,1,0,233,155,šā,NOUN,appos,0,1,1,1,0,0,0,0,0.0,False,False,ZWY-K43a-01_mptf.conllu,0,0,0
dwāzdahhōmāst,PROPN,advcl,0,0,0,1,1,35,232,zōhr,NOUN,nmod,2,1,3,4,2,0,0,1,0.0,False,False,ZWY-K43a-01_mptf.conllu,1,0,1
xwadāyīh,NOUN,obl,0,0,0,1,1,638,235,wištāsp,PROPN,nmod,0,1,2,2,1,0,1,0,1.0,False,False,ZWY-K43a-01_mptf.conllu,1,0,0
wištāsp,PROPN,nmod,0,0,0,1,0,233,155,šā,NOUN,nmod,0,1,1,1,0,0,0,0,0.0,False,False,ZWY-K43a-01_mptf.conllu,1,0,0
wehdēn,NOUN,obl,0,1,0,1,1,71,595,mazdēsnān,NOUN,nmod,0,1,2,2,1,0,0,1,0.3333333333333333,False,False,ZWY-K43a-01_mptf.conllu,1,0,0
dēn,NOUN,nsubj,0,0,0,1,1,2149,5,xwēdōdahīh,NOUN,nmod,0,1,2,1,1,0,0,1,0.6666666666666666,False,False,ZWY-K43a-01_mptf.conllu,1,0,0
dūdag,NOUN,obl,0,0,0,1,1,181,18258,=š,PRON,nmod,3,2,1,2,0,0,0,0,1.0,True,False,ZWY-K43a-01_mptf.conllu,1,0,0
zarduxšt,PROPN,vocative,0,0,0,1,1,1746,359,spitāmān,PROPN,nmod,0,2,1,1,0,0,1,0,0.5,False,False,ZWY-K43a-01_mptf.conllu,1,0,0
ohrmazd,PROPN,appos,0,0,0,1,1,3237,3242,ohrmazd,PROPN,appos,0,2,1,1,1,0,1,0,0.0,False,False,ZWY-K43a-01_mptf.conllu,0,0,0
āwām,NOUN,nmod,0,0,0,1,1,176,174,škoft,ADJ,amod,0,2,2,4,1,1,0,1,0.0,False,False,ZWY-K43a-01_mptf.conllu,0,1,0
dušxwadāyīh,NOUN,obl,0,0,0,1,1,9,29,az,NOUN,nmod,0,1,5,2,1,0,0,0,0.2,False,False,ZWY-K43a-01_mptf.conllu,1,0,0
az,NOUN,nmod,0,0,0,1,1,19,129,dahāg,PROPN,appos,0,1,4,1,2,0,1,1,0.0,False,False,ZWY-K43a-01_mptf.conllu,0,0,0
frāsyāb,PROPN,conj:appos,0,0,0,1,1,83,56,tūr,PROPN,nmod,0,1,2,2,1,0,1,1,0.0,False,False,ZWY-K43a-01_mptf.conllu,1,0,0
mardōm,NOUN,nsubj,0,0,0,1,1,2713,179,āwām,NOUN,nmod,3,1,2,1,4,0,0,1,0.4,False,False,ZWY-K43a-01_mptf.conllu,1,0,0
āwām,NOUN,nmod,0,0,0,1,1,176,174,škoft,ADJ,amod,0,2,1,4,0,1,0,0,0.0,False,False,ZWY-K43a-01_mptf.conllu,0,1,0
dušxwadāyīh,NOUN,obl,0,1,0,1,1,9,4718,awēšān,PRON,nmod,0,2,2,3,1,1,0,1,0.2,False,False,ZWY-K43a-01_mptf.conllu,1,0,0
gyāg,NOUN,nsubj,0,0,0,1,1,1299,24,awērān,ADJ,amod,2,1,2,2,1,0,0,1,0.6,False,False,ZWY-K43a-01_mptf.conllu,0,1,0
hazārag,NOUN,nsubj,0,0,0,1,0,136,1925,tō,PRON,nmod,0,1,2,1,1,0,0,1,0.8,False,False,ZWY-K43a-01_mptf.conllu,1,0,0
zarduxšt,PROPN,vocative,0,0,0,1,1,1746,359,spitāmān,PROPN,nmod,0,2,1,1,0,0,1,0,1.0,False,False,ZWY-K43a-01_mptf.conllu,1,0,0
dehān,NOUN,obj,1,0,0,1,1,348,152,ērān,ADJ,amod,0,2,1,2,0,0,0,0,0.125,False,False,ZWY-K43a-01_mptf.conllu,0,1,0
sumb,NOUN,obl,0,0,0,1,1,8,224,asp,NOUN,nmod,0,2,1,3,0,0,0,0,0.25,False,False,ZWY-K43a-01_mptf.conllu,2,0,0
sumb,NOUN,obl,0,1,0,1,1,8,4718,awēšān,PRON,nmod,0,1,1,3,0,0,0,0,0.25,False,False,ZWY-K43a-01_mptf.conllu,2,0,0
drafš,NOUN,nsubj,0,1,0,1,1,33,4718,awēšān,PRON,nmod,0,2,1,1,0,0,0,0,0.375,False,False,ZWY-K43a-01_mptf.conllu,1,0,0
pādoxšāyīh,NOUN,conj,0,0,0,1,1,225,9,sust,ADJ,amod,1,2,2,2,1,0,0,0,0.0,False,False,ZWY-K43a-01_mptf.conllu,0,1,0
zarduxšt,PROPN,vocative,0,0,0,1,1,1746,359,spitāmān,PROPN,nmod,0,2,1,1,0,0,1,0,1.0,False,False,ZWY-K43a-01_mptf.conllu,1,0,0
yazišn,NOUN,obl,0,0,0,1,1,1119,1864,weh,ADJ,nmod,2,1,2,2,2,0,0,0,0.3333333333333333,True,False,ZWY-K43a-01_mptf.conllu,1,0,0
pādāšn,NOUN,conj,0,0,0,1,1,123,1488,ahlāyīh,NOUN,nmod,0,1,1,2,0,0,0,0,0.0,False,False,ZWY-K43a-01_mptf.conllu,1,0,0
hanǰamanīgān,NOUN,obj,1,1,0,1,1,10,132,narān,NOUN,nmod,0,1,3,1,1,0,0,0,0.5,False,False,ZWY-K43a-01_mptf.conllu,1,0,0
nar,NOUN,nsubj,0,1,0,1,1,55,4718,awēšān,PRON,nmod,1,1,1,1,0,0,0,0,1.0,False,False,ZWY-K43a-01_mptf.conllu,1,0,0
dādār,NOUN,vocative,0,0,0,1,1,998,1249,gēhān,NOUN,nmod,0,1,3,1,1,0,0,0,0.42857142857142855,True,False,ZWY-K43a-01_mptf.conllu,1,0,0
gēhān,NOUN,nmod,0,1,0,1,1,1249,363,astōmandān,ADJ,nmod,0,1,2,1,1,0,0,0,0.0,False,False,ZWY-K43a-01_mptf.conllu,1,0,0
dēn,NOUN,obj,0,0,0,1,1,2149,1864,weh,ADJ,amod,0,1,2,3,0,1,0,0,0.7142857142857143,False,False,ZWY-K43a-01_mptf.conllu,1,1,0
dēn,NOUN,obj,0,1,0,1,1,2149,595,mazdēsnān,NOUN,nmod,1,1,2,3,1,1,0,1,0.7142857142857143,False,False,ZWY-K43a-01_mptf.conllu,1,1,0
dēw,NOUN,obj,0,0,0,0,1,1336,19,wizārdwars,ADJ,amod,0,1,2,3,1,1,0,1,1.0,False,False,ZWY-K43a-01_mptf.conllu,0,1,0
āwādagān,NOUN,obl,1,0,0,1,1,38,2910,man,PRON,nmod,0,1,2,1,1,0,0,1,0.5714285714285714,True,False,ZWY-K43a-01_mptf.conllu,1,0,0
āwām,NOUN,obl,0,0,0,1,1,176,174,škoft,ADJ,amod,0,2,1,3,0,0,0,0,0.8571428571428571,False,False,ZWY-K43a-01_mptf.conllu,0,1,0
rāh,NOUN,conj,0,0,0,1,1,587,371,dušox,PROPN,nmod,0,1,2,2,1,0,1,1,0.0,False,False,ZWY-K43a-01_mptf.conllu,1,0,0
zarduxšt,PROPN,vocative,0,0,0,1,1,1746,359,spitāmān,PROPN,nmod,0,2,1,1,0,0,1,0,0.42857142857142855,False,False,ZWY-K43a-01_mptf.conllu,1,0,0
pādixšāyīh,NOUN,obl,0,0,0,1,1,225,21,nišānag,ADJ,nmod,1,2,1,5,0,0,0,0,0.5714285714285714,False,False,ZWY-K43a-01_mptf.conllu,1,1,0
pādixšāyīh,NOUN,obl,0,0,0,1,1,225,1,syāg,ADJ,amod,0,2,1,5,0,0,0,0,0.5714285714285714,False,False,ZWY-K43a-01_mptf.conllu,1,1,0
dehān,NOUN,obl,0,0,0,1,1,348,1,salāmān,PROPN,nmod,0,2,1,2,0,0,1,0,0.7142857142857143,False,False,ZWY-K43a-01_mptf.conllu,1,0,0
druz,NOUN,ccomp,0,0,0,1,1,911,8,šēdaspīh,ADJ,amod,0,1,5,7,2,0,0,1,0.0,False,False,ZWY-K43a-01_mptf.conllu,0,1,0
daxšag,NOUN,acl:relcl,0,1,0,1,1,216,4718,awēšān,PRON,nmod,0,1,2,4,1,0,0,1,0.0,False,False,ZWY-K43a-01_mptf.conllu,1,0,0
zarduxšt,PROPN,vocative,0,0,0,1,1,1746,359,sepitāmān,PROPN,nmod,0,2,1,1,0,0,1,0,0.06666666666666667,False,False,ZWY-K43a-01_mptf.conllu,1,0,0
nišān,NOUN,obj,0,0,0,1,1,91,5,nizm,NOUN,nmod,0,2,1,1,0,0,0,0,0.2,False,False,ZWY-K43a-01_mptf.conllu,1,0,0
nišānag,NOUN,nsubj,0,0,0,1,1,19,90,gōnag,NOUN,amod,0,1,2,2,2,0,0,1,0.4666666666666667,False,False,ZWY-K43a-01_mptf.conllu,0,1,0
būmčandag,NOUN,nsubj,0,0,0,1,1,2,833,was,ADV,amod,0,1,2,1,1,0,0,1,0.5333333333333333,True,False,ZWY-K43a-01_mptf.conllu,0,1,0
tīr,NOUN,obl,0,0,0,1,1,88,3242,ohrmazd,NOUN,nmod,0,1,2,1,1,0,0,1,0.8666666666666667,False,False,ZWY-K43a-01_mptf.conllu,1,0,0
druz,NOUN,nsubj,0,0,0,1,1,911,8,šēdaspīh,ADJ,amod,0,1,3,1,2,0,0,1,0.5,False,False,ZWY-K43a-01_mptf.conllu,0,1,0
drafš,NOUN,obj,0,0,0,1,1,33,40,suxr,ADJ,amod,0,1,2,1,1,0,0,1,1.0,False,False,ZWY-K43a-01_mptf.conllu,0,1,0
rawišn,NOUN,nsubj,0,1,0,1,1,127,4718,=šān,PRON,nmod,0,2,1,1,0,0,0,0,1.0,True,False,ZWY-K43a-01_mptf.conllu,1,0,0
dehān,NOUN,obl,1,0,0,1,1,348,152,ērān,ADJ,amod,0,2,2,5,0,1,0,0,0.5,False,False,ZWY-K43a-01_mptf.conllu,1,2,0
dehān,NOUN,obl,1,0,0,1,1,348,2910,man,PRON,nmod,0,1,2,5,1,1,0,1,0.5,False,False,ZWY-K43a-01_mptf.conllu,1,2,0
dehān,NOUN,obl,1,0,0,1,1,348,256,ohrmazddād,ADJ,amod,1,1,2,5,0,1,0,0,0.5,False,False,ZWY-K43a-01_mptf.conllu,1,2,0
bār,NOUN,obl,0,0,0,1,1,518,11,arand,PROPN,nmod,0,2,1,2,0,0,1,0,1.0,True,False,ZWY-K43a-01_mptf.conllu,1,0,0
rōd,NOUN,obj,0,0,0,1,1,347,2,frāt,PROPN,nmod,0,2,1,1,0,0,1,0,0.2,False,False,ZWY-K43a-01_mptf.conllu,1,0,0
āsūrīgmānišnīh,NOUN,nsubj,0,0,0,1,1,2,18258,=š,PRON,nmod,0,2,1,1,0,0,0,0,0.5,True,False,ZWY-K43a-01_mptf.conllu,1,0,0
mardōm,NOUN,nsubj,0,0,0,1,1,2713,1,āsūrīg,ADJ,amod,0,1,2,1,1,0,0,1,1.0,False,False,ZWY-K43a-01_mptf.conllu,0,1,0
daxmag,NOUN,conj,0,1,0,1,1,3,4718,awēšān,PRON,nmod,0,2,2,3,1,1,0,1,0.0,False,False,ZWY-K43a-01_mptf.conllu,1,0,0
gilistag,NOUN,obj,0,1,0,1,1,32,1338,dēwān,NOUN,nmod,0,1,2,1,1,0,0,1,1.0,True,False,ZWY-K43a-01_mptf.conllu,1,0,0
nišān,NOUN,obj,0,0,0,1,1,91,33,drafš,NOUN,nmod,0,2,1,1,0,0,0,0,1.0,False,False,ZWY-K43a-01_mptf.conllu,1,0,0
spāh,NOUN,nsubj,0,0,0,1,1,89,28,amar,ADJ,amod,0,2,3,2,0,0,0,0,0.2,False,False,ZWY-K43a-01_mptf.conllu,1,1,0
spāh,NOUN,nsubj,0,1,0,1,1,89,1338,dēwān,NOUN,nmod,1,1,3,2,3,0,0,1,0.2,False,False,ZWY-K43a-01_mptf.conllu,1,1,0
dēwān,NOUN,nmod,1,0,0,1,1,1336,19,wizārdwars,ADJ,amod,0,1,2,3,1,1,0,1,0.0,False,False,ZWY-K43a-01_mptf.conllu,0,1,0
dehān,NOUN,obl,1,0,0,1,1,348,152,ērān,ADJ,amod,0,2,2,4,0,0,0,0,0.4,False,False,ZWY-K43a-01_mptf.conllu,1,2,0
dehān,NOUN,obl,1,0,0,1,1,348,2910,man,PRON,nmod,0,1,2,4,1,0,0,1,0.4,False,False,ZWY-K43a-01_mptf.conllu,1,2,0
dehān,NOUN,obl,1,0,0,1,1,348,256,ohrmazddād,ADJ,amod,1,1,2,4,0,0,0,0,0.4,False,False,ZWY-K43a-01_mptf.conllu,1,2,0
maragīh,NOUN,acl:relcl,0,0,0,1,1,7,833,was,ADV,nmod,0,2,2,5,0,0,0,0,0.0,False,False,ZWY-K43a-01_mptf.conllu,1,0,0
dehān,NOUN,obl,1,0,0,1,1,348,152,ērān,ADJ,amod,0,2,1,2,0,0,0,0,0.8,False,False,ZWY-K43a-01_mptf.conllu,0,1,0
asp,NOUN,nmod,0,0,0,1,1,224,224,asp,NOUN,nmod,0,2,1,2,2,0,0,1,0.0,False,False,ZWY-K43a-01_mptf.conllu,1,0,0
turk,PROPN,nsubj,0,0,0,1,1,18,7,dawālkustīg,ADJ,amod,0,1,4,2,1,0,0,1,0.5,False,False,ZWY-K43a-01_mptf.conllu,0,1,0
gyāg,NOUN,obl,0,0,0,1,1,1299,25103,pad,ADP,nmod,1,2,1,2,0,0,0,0,0.5,False,False,ZWY-K43a-01_mptf.conllu,1,0,0
ardīh,NOUN,nsubj,0,0,0,1,1,103,230,wuzurg,ADJ,amod,0,1,2,1,1,0,0,1,0.75,False,False,ZWY-K43a-01_mptf.conllu,0,1,0
zarduxšt,PROPN,vocative,0,0,0,1,1,1746,359,sipitāmān,PROPN,nmod,0,2,1,1,0,0,1,0,1.0,False,False,ZWY-K43a-01_mptf.conllu,1,0,0
xwadāyīh,NOUN,root,0,0,0,1,1,638,2,kāwus,PROPN,nmod,0,1,3,5,1,0,1,1,0.0,False,False,ZWY-K43a-01_mptf.conllu,1,0,0
abāgīh,NOUN,advcl,0,1,0,1,1,53,534,amahraspandān,PROPN,nmod,0,1,1,3,0,0,1,0,0.0,False,False,ZWY-K43a-01_mptf.conllu,1,0,0
tō,PRON,nsubj,0,0,0,0,1,1925,359,sipitāmān,PROPN,nmod,0,1,2,2,0,0,1,0,0.14285714285714285,False,False,ZWY-K43a-01_mptf.conllu,1,0,0
hampursagīh,NOUN,conj,0,0,0,1,0,107,1925,tō,PRON,nmod,0,1,2,3,1,0,0,1,0.0,False,False,ZWY-K43a-01_mptf.conllu,1,0,0
wištāsp,PROPN,conj,0,0,0,1,0,233,155,šā,NOUN,appos,0,1,1,1,0,0,0,0,0.0,False,False,ZWY-K43a-01_mptf.conllu,0,0,0
arzāsip,PROPN,nsubj,0,0,0,1,1,19,2,xešmwišūd,ADJ,amod,0,1,2,1,1,0,0,1,0.5714285714285714,False,False,ZWY-K43a-01_mptf.conllu,0,1,0
kārēzār,NOUN,conj,0,0,0,1,1,29,2158,dēn,NOUN,nmod,0,1,4,6,1,0,0,1,0.0,True,False,ZWY-K43a-01_mptf.conllu,1,0,0
razūr,NOUN,obl,0,0,0,1,1,10,108,spēd,ADJ,amod,0,2,1,3,0,0,0,0,0.8571428571428571,False,False,ZWY-K43a-01_mptf.conllu,0,1,0
hazārag,NOUN,nsubj,0,0,0,1,0,136,1925,tō,PRON,nmod,0,1,2,1,1,0,0,1,0.14285714285714285,False,False,ZWY-K43a-01_mptf.conllu,1,0,0
zarduxšt,PROPN,vocative,0,0,0,1,1,1746,359,spitāmān,PROPN,nmod,0,2,4,1,1,0,1,0,0.2857142857142857,False,False,ZWY-K43a-01_mptf.conllu,1,0,0
dehān,NOUN,nsubj,1,0,0,1,1,348,152,ērān,ADJ,amod,0,2,2,4,0,0,0,0,0.7142857142857143,False,False,ZWY-K43a-01_mptf.conllu,1,2,0
dehān,NOUN,nsubj,1,0,0,1,1,348,2910,man,PRON,nmod,0,1,2,4,1,0,0,1,0.7142857142857143,False,False,ZWY-K43a-01_mptf.conllu,1,2,0
dehān,NOUN,nsubj,1,0,0,1,1,348,256,ohrmazddād,ADJ,amod,1,1,2,4,0,0,0,0,0.7142857142857143,False,False,ZWY-K43a-01_mptf.conllu,1,2,0
ādur,NOUN,xcomp,0,0,0,1,1,168,34,gušnasp,PROPN,nmod,0,1,3,3,0,0,1,0,0.0,False,False,ZWY-K43a-01_mptf.conllu,2,0,0
ādur,NOUN,xcomp,0,0,0,1,1,168,328,war,NOUN,nmod,2,1,3,3,4,0,0,0,0.0,False,False,ZWY-K43a-01_mptf.conllu,2,0,0
war,NOUN,nmod,0,0,0,1,1,328,22,čēčast,PROPN,nmod,0,1,2,4,2,0,1,1,0.0,False,False,ZWY-K43a-01_mptf.conllu,1,3,0
war,NOUN,nmod,0,0,0,1,1,328,44,zafr,ADJ,amod,1,1,2,4,1,0,0,1,0.0,False,False,ZWY-K43a-01_mptf.conllu,1,3,0
war,NOUN,nmod,0,0,0,1,1,328,5,garmāb,ADJ,amod,2,1,2,4,1,0,0,1,0.0,False,False,ZWY-K43a-01_mptf.conllu,1,3,0
war,NOUN,nmod,0,0,0,1,0,328,43,ǰuddēw,ADJ,amod,3,1,2,4,1,0,0,1,0.0,False,False,ZWY-K43a-01_mptf.conllu,1,3,0
dehān,NOUN,obl,1,0,0,1,1,348,152,ērān,ADJ,amod,0,2,2,5,0,1,0,0,0.25,False,False,ZWY-K43a-01_mptf.conllu,1,1,0
dehān,NOUN,obl,1,0,0,1,1,348,256,ohrmazddād,ADJ,nmod,1,1,2,5,1,1,0,1,0.25,False,False,ZWY-K43a-01_mptf.conllu,1,1,0
zarduxšt,PROPN,vocative,0,0,0,1,1,1746,359,spitāmān,PROPN,nmod,0,2,1,1,0,0,1,0,0.5,False,False,ZWY-K43a-01_mptf.conllu,1,0,0
āwādagān,NOUN,iobj,1,0,0,1,1,38,2910,man,PRON,nmod,0,1,2,1,1,0,0,1,0.3333333333333333,True,False,ZWY-K43a-01_mptf.conllu,1,0,0
āwām,NOUN,obl,0,0,0,1,1,176,174,škoft,ADJ,amod,0,2,2,3,1,1,0,1,1.0,False,False,ZWY-K43a-01_mptf.conllu,0,1,0
sar,NOUN,advcl,0,0,0,1,1,700,136,hazārag,NOUN,nmod,0,2,2,4,0,0,0,0,0.0,False,False,ZWY-K43a-01_mptf.conllu,1,1,0
sar,NOUN,advcl,0,0,0,1,1,700,49,zarduxštān,ADJ,amod,0,1,2,4,1,0,0,1,0.0,False,False,ZWY-K43a-01_mptf.conllu,1,1,0
mēnōy,NOUN,nmod,0,0,0,0,1,1405,214,abzōnīg,ADJ,amod,0,1,1,1,0,0,0,0,0.0,False,False,ZWY-K43a-01_mptf.conllu,0,1,0
dādār,NOUN,vocative,0,0,0,1,0,998,1550,mēnōy,NOUN,nmod,1,2,2,1,1,0,0,0,0.5714285714285714,True,False,ZWY-K43a-01_mptf.conllu,1,0,0
gēhān,NOUN,nmod,0,1,0,1,1,1249,363,astōmandān,ADJ,nmod,0,1,2,1,1,0,0,0,0.0,False,False,ZWY-K43a-01_mptf.conllu,1,0,0
dādār,NOUN,vocative,0,0,0,1,1,998,1249,gēhān,NOUN,nmod,2,2,3,1,1,0,0,0,0.7142857142857143,True,False,ZWY-K43a-01_mptf.conllu,1,0,0
zarduxšt,PROPN,vocative,0,0,0,1,1,1746,359,sipitāmān,PROPN,nmod,0,2,1,1,0,0,1,0,0.42857142857142855,False,False,ZWY-K43a-01_mptf.conllu,1,0,0
dēw,NOUN,nsubj,0,0,0,0,1,1336,19,wizārdwars,ADJ,amod,0,1,2,2,1,0,0,1,0.5714285714285714,False,False,ZWY-K43a-01_mptf.conllu,0,2,0
dēw,NOUN,nsubj,0,0,0,0,1,1336,21,xešmtōhmag,ADJ,amod,1,1,2,2,1,0,0,1,0.5714285714285714,False,False,ZWY-K43a-01_mptf.conllu,0,2,0
kust,NOUN,obl,0,0,0,1,1,248,74,xwarāsān,PROPN,nmod,0,1,2,2,1,0,1,1,0.8571428571428571,False,False,ZWY-K43a-01_mptf.conllu,1,0,0
nišān,NOUN,nsubj,0,0,0,1,0,91,63,syā,ADJ,amod,0,1,2,2,1,0,0,1,1.0,False,False,ZWY-K43a-01_mptf.conllu,0,1,0
ōšīdar,PROPN,nsubj,0,0,0,1,1,49,49,zarduxštān,ADJ,amod,0,1,2,1,1,0,0,1,0.25,False,False,ZWY-K43a-01_mptf.conllu,0,1,0
war,NOUN,obl,0,0,0,1,1,328,2,frazdān,PROPN,nmod,0,1,2,2,1,0,1,1,0.5,False,False,ZWY-K43a-01_mptf.conllu,1,0,0
zrēy,NOUN,obl,0,0,0,0,1,287,23,kayānsēh,PROPN,nmod,0,1,1,2,0,0,1,0,0.75,False,False,ZWY-K43a-01_mptf.conllu,1,0,0
hampursīh,NOUN,obl,0,0,0,1,1,18,2910,man,PRON,nmod,0,1,2,2,1,0,0,0,0.4,False,False,ZWY-K43a-01_mptf.conllu,1,0,0
man,PRON,nmod,0,0,0,1,1,2907,3242,ohrmazd,PROPN,appos,0,1,1,1,0,0,1,0,0.0,False,False,ZWY-K43a-01_mptf.conllu,0,0,0
zarduxšt,PROPN,vocative,0,0,0,1,1,1746,359,spitāmān,PROPN,nmod,0,2,1,1,0,0,1,0,0.6,False,False,ZWY-K43a-01_mptf.conllu,1,0,0
kust,NOUN,obl,0,0,0,1,1,248,13,čīnestān,PROPN,nmod,0,1,2,2,1,0,1,1,0.8,False,False,ZWY-K43a-01_mptf.conllu,1,0,0
pid,NOUN,nsubj,0,0,0,1,0,547,18258,ōy,DET,nmod,0,1,2,1,1,0,0,1,0.4,False,False,ZWY-K43a-01_mptf.conllu,1,0,0
kay,PROPN,parataxis,0,0,0,0,1,137,243,tōhmag,NOUN,nmod,2,1,3,3,2,0,0,0,0.0,False,False,ZWY-K43a-01_mptf.conllu,1,0,0
tōhmag,NOUN,nmod,0,0,0,1,1,223,141,kayān,PROPN,nmod,0,2,1,2,0,0,1,0,0.0,False,False,ZWY-K43a-01_mptf.conllu,1,0,0
kāmag,NOUN,nsubj,0,1,0,1,1,317,890,zanān,NOUN,nmod,1,1,2,1,1,0,0,0,1.0,False,False,ZWY-K43a-01_mptf.conllu,1,0,0
kay,PROPN,dislocated:topic,0,0,0,0,1,137,140,dēnīg,ADJ,amod,0,1,1,1,0,0,0,0,0.0,False,False,ZWY-K43a-01_mptf.conllu,0,1,0
wahrām,PROPN,nmod,0,0,0,1,1,168,12,warzāwand,ADJ,amod,0,1,2,1,1,0,0,1,0.0,False,False,ZWY-K43a-01_mptf.conllu,0,1,0
nām,NOUN,nsubj,0,0,0,1,1,528,168,wahrām,PROPN,nmod,1,2,3,1,1,0,1,0,0.6666666666666666,False,False,ZWY-K43a-01_mptf.conllu,1,0,0
ābān,PROPN,ccomp,0,0,0,1,1,51,690,māh,NOUN,nmod,0,1,2,3,0,0,0,0,0.0,False,False,ZWY-K43a-01_mptf.conllu,1,0,0
wād,NOUN,conj,0,0,0,1,1,422,986,rōz,NOUN,nmod,0,1,1,2,0,0,0,0,0.0,False,False,ZWY-K43a-01_mptf.conllu,1,0,0
pidar,NOUN,obl,0,0,0,1,0,547,141,kay,PROPN,nmod,1,1,3,1,1,0,1,0,0.7142857142857143,False,False,ZWY-K43a-01_mptf.conllu,1,0,0
kayagān,NOUN,obl,1,0,0,1,0,27,1,dāhī,NOUN,nmod,0,1,2,2,1,0,0,1,1.0,False,False,ZWY-K43a-01_mptf.conllu,1,0,0
spāh,NOUN,compound:redup,0,0,0,1,1,89,23,hindūgān,ADJ,nmod,0,1,4,1,2,0,0,1,0.0,False,False,ZWY-K43a-01_mptf.conllu,1,0,0
rōd,NOUN,obl,0,0,0,1,1,347,1864,weh,PROPN,nmod,0,2,1,2,0,0,1,0,0.5,False,False,ZWY-K43a-01_mptf.conllu,1,0,0
baxl,PROPN,nmod,0,1,0,1,1,16,411,bahrān,NOUN,nmod,1,1,1,1,0,0,0,0,0.0,False,False,ZWY-K43a-01_mptf.conllu,1,0,0
spitāmān,PROPN,nmod,0,0,0,1,1,356,359,spitāmān,PROPN,nmod,0,2,1,1,1,0,1,0,0.0,False,False,ZWY-K43a-01_mptf.conllu,1,0,0
stārag,NOUN,nsubj,0,0,0,1,1,123,3242,ohrmazd,PROPN,nmod,0,1,2,2,1,0,1,1,0.3333333333333333,False,False,ZWY-K43a-01_mptf.conllu,1,0,0
gund,NOUN,nsubj,0,0,0,1,1,47,28,amar,ADJ,amod,0,2,2,2,1,0,0,0,1.0,False,False,ZWY-K43a-01_mptf.conllu,0,2,0
gund,NOUN,nsubj,0,0,0,1,1,47,13,zēnāwand,ADJ,amod,0,1,2,2,0,0,0,0,1.0,False,False,ZWY-K43a-01_mptf.conllu,0,2,0
war,NOUN,ccomp,0,0,0,1,1,328,30,padišxwārgar,PROPN,nmod,0,1,2,2,1,0,1,1,0.0,False,False,ZWY-K43a-01_mptf.conllu,1,0,0
